1,Bank
101,Merchant
102,Merchant
103,Merchant
104,Merchant
105,Merchant
106,Merchant
107,Merchant
108,Merchant
109,Merchant
110,Merchant
111,Merchant
112,Merchant
113,Merchant
114,Merchant
115,Merchant
116,Merchant
117,Merchant
118,Merchant
119,Merchant
120,Merchant
121,Merchant
122,Merchant
123,Merchant
124,Merchant
125,Merchant
126,Merchant
127,Merchant
128,Merchant
129,Merchant
130,Merchant
131,Merchant
132,Merchant
133,Merchant
134,Merchant
135,Merchant
136,Merchant
137,Merchant
138,Merchant
139,Merchant
140,Merchant
141,Merchant
142,Merchant
143,Merchant
144,Merchant
145,Merchant
146,Merchant
147,Merchant
148,Merchant
149,Merchant
150,Merchant
151,Merchant
152,Merchant
153,Merchant
154,Merchant
155,Merchant
156,Merchant
157,Merchant
158,Merchant
159,Merchant
160,Merchant
161,Merchant
162,Merchant
163,Merchant
164,Merchant
165,Merchant
166,Merchant
167,Merchant
168,Merchant
169,Merchant
170,Merchant
171,Merchant
172,Merchant
173,Merchant
174,Merchant
175,Merchant
176,Merchant
177,Merchant
178,Merchant
179,Merchant
180,Merchant
181,Merchant
182,Merchant
183,Merchant
184,Merchant
185,Merchant
186,Merchant
187,Merchant
188,Merchant
189,Merchant
190,Merchant
191,Merchant
192,Merchant
193,Merchant
194,Merchant
195,Merchant
196,Merchant
197,Merchant
198,Merchant
199,Merchant
200,Merchant
201,Merchant
202,Merchant
203,Merchant
204,Merchant
205,Merchant
206,Merchant
207,Merchant
208,Merchant
209,Merchant
210,Merchant
211,Merchant
212,Merchant
213,Merchant
214,Merchant
215,Merchant
216,Merchant
217,Merchant
218,Merchant
219,Merchant
220,Merchant
221,Merchant
222,Merchant
223,Merchant
224,Merchant
225,Merchant
226,Merchant
227,Merchant
228,Merchant
229,Merchant
230,Merchant
231,Merchant
232,Merchant
233,Merchant
234,Merchant
235,Merchant
236,Merchant
237,Merchant
238,Merchant
239,Merchant
240,Merchant
241,Merchant
242,Merchant
243,Merchant
244,Merchant
245,Merchant
246,Merchant
247,Merchant
248,Merchant
249,Merchant
250,Merchant
251,Merchant
252,Merchant
253,Merchant
254,Merchant
255,Merchant
256,Merchant
257,Merchant
258,Merchant
259,Merchant
260,Merchant
261,Merchant
262,Merchant
263,Merchant
264,Merchant
265,Merchant
266,Merchant
267,Merchant
268,Merchant
269,Merchant
270,Merchant
271,Merchant
272,Merchant
273,Merchant
274,Merchant
275,Merchant
276,Merchant
277,Merchant
278,Merchant
279,Merchant
280,Merchant
281,Merchant
282,Merchant
283,Merchant
284,Merchant
285,Merchant
286,Merchant
287,Merchant
288,Merchant
289,Merchant
290,Merchant
291,Merchant
292,Merchant
293,Merchant
294,Merchant
295,Merchant
296,Merchant
297,Merchant
298,Merchant
299,Merchant
300,Merchant
301,Merchant
302,Merchant
303,Merchant
304,Merchant
305,Merchant
306,Merchant
307,Merchant
308,Merchant
309,Merchant
310,Merchant
311,Merchant
312,Merchant
313,Merchant
314,Merchant
315,Merchant
316,Merchant
317,Merchant
318,Merchant
319,Merchant
320,Merchant
321,Merchant
322,Merchant
323,Merchant
324,Merchant
325,Merchant
326,Merchant
327,Merchant
328,Merchant
329,Merchant
330,Merchant
331,Merchant
332,Merchant
333,Merchant
334,Merchant
335,Merchant
336,Merchant
337,Merchant
338,Merchant
339,Merchant
340,Merchant
341,Merchant
342,Merchant
343,Merchant
344,Merchant
345,Merchant
346,Merchant
347,Merchant
348,Merchant
349,Merchant
350,Merchant
351,Merchant
352,Merchant
353,Merchant
354,Merchant
355,Merchant
356,Merchant
357,Merchant
358,Merchant
359,Merchant
360,Merchant
361,Merchant
362,Merchant
363,Merchant
364,Merchant
365,Merchant
366,Merchant
367,Merchant
368,Merchant
369,Merchant
370,Merchant
371,Merchant
372,Merchant
373,Merchant
374,Merchant
375,Merchant
376,Merchant
377,Merchant
378,Merchant
379,Merchant
380,Merchant
381,Merchant
382,Merchant
383,Merchant
384,Merchant
385,Merchant
386,Merchant
387,Merchant
388,Merchant
389,Merchant
390,Merchant
391,Merchant
392,Merchant
393,Merchant
394,Merchant
395,Merchant
396,Merchant
397,Merchant
398,Merchant
399,Merchant
400,Merchant
401,Merchant
402,Merchant
403,Merchant
404,Merchant
405,Merchant
406,Merchant
407,Merchant
408,Merchant
409,Merchant
410,Merchant
411,Merchant
412,Merchant
413,Merchant
414,Merchant
415,Merchant
416,Merchant
417,Merchant
418,Merchant
419,Merchant
420,Merchant
421,Merchant
422,Merchant
423,Merchant
424,Merchant
425,Merchant
426,Merchant
427,Merchant
428,Merchant
429,Merchant
430,Merchant
431,Merchant
432,Merchant
433,Merchant
434,Merchant
435,Merchant
436,Merchant
437,Merchant
438,Merchant
439,Merchant
440,Merchant
441,Merchant
442,Merchant
443,Merchant
444,Merchant
445,Merchant
446,Merchant
447,Merchant
448,Merchant
449,Merchant
450,Merchant
451,Merchant
452,Merchant
453,Merchant
454,Merchant
455,Merchant
456,Merchant
457,Merchant
458,Merchant
459,Merchant
460,Merchant
461,Merchant
462,Merchant
463,Merchant
464,Merchant
465,Merchant
466,Merchant
467,Merchant
468,Merchant
469,Merchant
470,Merchant
471,Merchant
472,Merchant
473,Merchant
474,Merchant
475,Merchant
476,Merchant
477,Merchant
478,Merchant
479,Merchant
480,Merchant
481,Merchant
482,Merchant
483,Merchant
484,Merchant
485,Merchant
486,Merchant
487,Merchant
488,Merchant
489,Merchant
490,Merchant
491,Merchant
492,Merchant
493,Merchant
494,Merchant
495,Merchant
496,Merchant
497,Merchant
498,Merchant
499,Merchant
500,Merchant
501,Merchant
502,Merchant
503,Merchant
504,Merchant
505,Merchant
506,Merchant
507,Merchant
508,Merchant
509,Merchant
510,Merchant
511,Merchant
512,Merchant
513,Merchant
514,Merchant
515,Merchant
516,Merchant
517,Merchant
518,Merchant
519,Merchant
520,Merchant
521,Merchant
522,Merchant
523,Merchant
524,Merchant
525,Merchant
526,Merchant
527,Merchant
528,Merchant
529,Merchant
530,Merchant
531,Merchant
532,Merchant
533,Merchant
534,Merchant
535,Merchant
536,Merchant
537,Merchant
538,Merchant
539,Merchant
540,Merchant
541,Merchant
542,Merchant
543,Merchant
544,Merchant
545,Merchant
546,Merchant
547,Merchant
548,Merchant
549,Merchant
550,Merchant
551,Merchant
552,Merchant
553,Merchant
554,Merchant
555,Merchant
556,Merchant
557,Merchant
558,Merchant
559,Merchant
560,Merchant
561,Merchant
562,Merchant
563,Merchant
564,Merchant
565,Merchant
566,Merchant
567,Merchant
568,Merchant
569,Merchant
570,Merchant
571,Merchant
572,Merchant
573,Merchant
574,Merchant
575,Merchant
576,Merchant
577,Merchant
578,Merchant
579,Merchant
580,Merchant
581,Merchant
582,Merchant
583,Merchant
584,Merchant
585,Merchant
586,Merchant
587,Merchant
588,Merchant
589,Merchant
590,Merchant
591,Merchant
592,Merchant
593,Merchant
594,Merchant
595,Merchant
596,Merchant
597,Merchant
598,Merchant
599,Merchant
600,Merchant
601,Merchant
602,Merchant
603,Merchant
604,Merchant
605,Merchant
606,Merchant
607,Merchant
608,Merchant
609,Merchant
610,Merchant
611,Merchant
612,Merchant
613,Merchant
614,Merchant
615,Merchant
616,Merchant
617,Merchant
618,Merchant
619,Merchant
620,Merchant
621,Merchant
622,Merchant
623,Merchant
624,Merchant
625,Merchant
626,Merchant
627,Merchant
628,Merchant
629,Merchant
630,Merchant
631,Merchant
632,Merchant
633,Merchant
634,Merchant
635,Merchant
636,Merchant
637,Merchant
638,Merchant
639,Merchant
640,Merchant
641,Merchant
642,Merchant
643,Merchant
644,Merchant
645,Merchant
646,Merchant
647,Merchant
648,Merchant
649,Merchant
650,Merchant
651,Merchant
652,Merchant
653,Merchant
654,Merchant
655,Merchant
656,Merchant
657,Merchant
658,Merchant
659,Merchant
660,Merchant
661,Merchant
662,Merchant
663,Merchant
664,Merchant
665,Merchant
666,Merchant
667,Merchant
668,Merchant
669,Merchant
670,Merchant
671,Merchant
672,Merchant
673,Merchant
674,Merchant
675,Merchant
676,Merchant
677,Merchant
678,Merchant
679,Merchant
680,Merchant
681,Merchant
682,Merchant
683,Merchant
684,Merchant
685,Merchant
686,Merchant
687,Merchant
688,Merchant
689,Merchant
690,Merchant
691,Merchant
692,Merchant
693,Merchant
694,Merchant
695,Merchant
696,Merchant
697,Merchant
698,Merchant
699,Merchant
700,Merchant
701,Merchant
702,Merchant
703,Merchant
704,Merchant
705,Merchant
706,Merchant
707,Merchant
708,Merchant
709,Merchant
710,Merchant
711,Merchant
712,Merchant
713,Merchant
714,Merchant
715,Merchant
716,Merchant
717,Merchant
718,Merchant
719,Merchant
720,Merchant
721,Merchant
722,Merchant
723,Merchant
724,Merchant
725,Merchant
726,Merchant
727,Merchant
728,Merchant
729,Merchant
730,Merchant
731,Merchant
732,Merchant
733,Merchant
734,Merchant
735,Merchant
736,Merchant
737,Merchant
738,Merchant
739,Merchant
740,Merchant
741,Merchant
742,Merchant
743,Merchant
744,Merchant
745,Merchant
746,Merchant
747,Merchant
748,Merchant
749,Merchant
750,Merchant
751,Merchant
752,Merchant
753,Merchant
754,Merchant
755,Merchant
756,Merchant
757,Merchant
758,Merchant
759,Merchant
760,Merchant
761,Merchant
762,Merchant
763,Merchant
764,Merchant
765,Merchant
766,Merchant
767,Merchant
768,Merchant
769,Merchant
770,Merchant
771,Merchant
772,Merchant
773,Merchant
774,Merchant
775,Merchant
776,Merchant
777,Merchant
778,Merchant
779,Merchant
780,Merchant
781,Merchant
782,Merchant
783,Merchant
784,Merchant
785,Merchant
786,Merchant
787,Merchant
788,Merchant
789,Merchant
790,Merchant
791,Merchant
792,Merchant
793,Merchant
1000,Customer
1002,Customer
1003,Customer
1004,Customer
1005,Customer
1007,Customer
1008,Customer
1010,Customer
1011,Customer
1012,Customer
1013,Customer
1014,Customer
1015,Customer
1017,Customer
1018,Customer
1019,Customer
1020,Customer
1021,Customer
1023,Customer
1025,Customer
1026,Customer
1027,Customer
1029,Customer
1031,Customer
1032,Customer
1034,Customer
1036,Customer
1037,Customer
1040,Customer
1041,Customer
1044,Customer
1045,Customer
1046,Customer
1048,Customer
1049,Customer
1050,Customer
1051,Customer
1052,Customer
1053,Customer
1055,Customer
1056,Customer
1057,Customer
1058,Customer
1059,Customer
1060,Customer
1061,Customer
1062,Customer
1063,Customer
1064,Customer
1066,Customer
1068,Customer
1069,Customer
1070,Customer
1071,Customer
1072,Customer
1073,Customer
1074,Customer
1075,Customer
1076,Customer
1077,Customer
1078,Customer
1079,Customer
1080,Customer
1081,Customer
1083,Customer
1084,Customer
1085,Customer
1086,Customer
1087,Customer
1088,Customer
1090,Customer
1091,Customer
1092,Customer
1093,Customer
1094,Customer
1095,Customer
1096,Customer
1098,Customer
1099,Customer
1100,Customer
1101,Customer
1102,Customer
1103,Customer
1104,Customer
1105,Customer
1106,Customer
1107,Customer
1108,Customer
1109,Customer
1110,Customer
1111,Customer
1112,Customer
1113,Customer
1114,Customer
1116,Customer
1117,Customer
1118,Customer
1119,Customer
1120,Customer
1121,Customer
1123,Customer
1124,Customer
1125,Customer
1126,Customer
1127,Customer
1128,Customer
1129,Customer
1130,Customer
1132,Customer
1133,Customer
1134,Customer
1135,Customer
1136,Customer
1137,Customer
1138,Customer
1140,Customer
1141,Customer
1142,Customer
1143,Customer
1144,Customer
1145,Customer
1146,Customer
1147,Customer
1148,Customer
1149,Customer
1150,Customer
1151,Customer
1152,Customer
1153,Customer
1154,Customer
1155,Customer
1156,Customer
1157,Customer
1158,Customer
1159,Customer
1160,Customer
1161,Customer
1162,Customer
1163,Customer
1164,Customer
1165,Customer
1166,Customer
1167,Customer
1168,Customer
1169,Customer
1170,Customer
1171,Customer
1172,Customer
1176,Customer
1179,Customer
1180,Customer
1181,Customer
1183,Customer
1184,Customer
1185,Customer
1186,Customer
1187,Customer
1188,Customer
1189,Customer
1190,Customer
1191,Customer
1192,Customer
1194,Customer
1195,Customer
1196,Customer
1198,Customer
1199,Customer
1202,Customer
1203,Customer
1204,Customer
1205,Customer
1206,Customer
1207,Customer
1208,Customer
1209,Customer
1210,Customer
1211,Customer
1212,Customer
1213,Customer
1214,Customer
1215,Customer
1216,Customer
1217,Customer
1219,Customer
1220,Customer
1221,Customer
1222,Customer
1223,Customer
1224,Customer
1225,Customer
1226,Customer
1227,Customer
1229,Customer
1230,Customer
1231,Customer
1232,Customer
1234,Customer
1235,Customer
1236,Customer
1237,Customer
1238,Customer
1239,Customer
1240,Customer
1241,Customer
1242,Customer
1243,Customer
1244,Customer
1245,Customer
1246,Customer
1247,Customer
1248,Customer
1249,Customer
1250,Customer
1252,Customer
1253,Customer
1254,Customer
1255,Customer
1256,Customer
1257,Customer
1258,Customer
1259,Customer
1260,Customer
1261,Customer
1262,Customer
1263,Customer
1265,Customer
1266,Customer
1267,Customer
1268,Customer
1269,Customer
1270,Customer
1271,Customer
1272,Customer
1273,Customer
1274,Customer
1275,Customer
1276,Customer
1277,Customer
1278,Customer
1279,Customer
1281,Customer
1282,Customer
1283,Customer
1284,Customer
1288,Customer
1289,Customer
1290,Customer
1291,Customer
1292,Customer
1293,Customer
1297,Customer
1299,Customer
1300,Customer
1301,Customer
1303,Customer
1304,Customer
1305,Customer
1307,Customer
1308,Customer
1310,Customer
1313,Customer
1314,Customer
1315,Customer
1316,Customer
1318,Customer
1319,Customer
1320,Customer
1321,Customer
1322,Customer
1323,Customer
1325,Customer
1326,Customer
1327,Customer
1328,Customer
1329,Customer
1333,Customer
1334,Customer
1335,Customer
1336,Customer
1337,Customer
1338,Customer
1339,Customer
1340,Customer
1341,Customer
1342,Customer
1343,Customer
1344,Customer
1346,Customer
1347,Customer
1348,Customer
1349,Customer
1350,Customer
1351,Customer
1352,Customer
1354,Customer
1355,Customer
1356,Customer
1358,Customer
1359,Customer
1360,Customer
1361,Customer
1362,Customer
1363,Customer
1364,Customer
1366,Customer
1367,Customer
1368,Customer
1370,Customer
1371,Customer
1372,Customer
1373,Customer
1374,Customer
1376,Customer
1377,Customer
1378,Customer
1379,Customer
1380,Customer
1381,Customer
1383,Customer
1384,Customer
1387,Customer
1388,Customer
1389,Customer
1390,Customer
1391,Customer
1395,Customer
1396,Customer
1397,Customer
1399,Customer
1400,Customer
1401,Customer
1402,Customer
1403,Customer
1404,Customer
1405,Customer
1406,Customer
1408,Customer
1409,Customer
1410,Customer
1411,Customer
1412,Customer
1413,Customer
1415,Customer
1416,Customer
1417,Customer
1419,Customer
1420,Customer
1421,Customer
1422,Customer
1423,Customer
1424,Customer
1425,Customer
1426,Customer
1427,Customer
1428,Customer
1429,Customer
1430,Customer
1431,Customer
1432,Customer
1433,Customer
1435,Customer
1436,Customer
1438,Customer
1440,Customer
1441,Customer
1442,Customer
1443,Customer
1444,Customer
1445,Customer
1446,Customer
1448,Customer
1449,Customer
1451,Customer
1452,Customer
1453,Customer
1454,Customer
1455,Customer
1456,Customer
1457,Customer
1458,Customer
1460,Customer
1461,Customer
1462,Customer
1465,Customer
1466,Customer
1468,Customer
1469,Customer
1470,Customer
1471,Customer
1473,Customer
1474,Customer
1475,Customer
1476,Customer
1477,Customer
1478,Customer
1479,Customer
1480,Customer
1481,Customer
1483,Customer
1484,Customer
1485,Customer
1486,Customer
1487,Customer
1488,Customer
1489,Customer
1490,Customer
1491,Customer
1492,Customer
1494,Customer
1495,Customer
1496,Customer
1497,Customer
1498,Customer
1499,Customer
1500,Customer
1501,Customer
1503,Customer
1504,Customer
1506,Customer
1507,Customer
1508,Customer
1510,Customer
1513,Customer
1514,Customer
1515,Customer
1516,Customer
1517,Customer
1518,Customer
1520,Customer
1522,Customer
1523,Customer
1524,Customer
1525,Customer
1526,Customer
1527,Customer
1528,Customer
1530,Customer
1531,Customer
1532,Customer
1533,Customer
1534,Customer
1535,Customer
1536,Customer
1537,Customer
1538,Customer
1539,Customer
1540,Customer
1541,Customer
1542,Customer
1544,Customer
1545,Customer
1546,Customer
1547,Customer
1548,Customer
1549,Customer
1551,Customer
1552,Customer
1553,Customer
1554,Customer
1555,Customer
1558,Customer
1559,Customer
1560,Customer
1561,Customer
1563,Customer
1564,Customer
1565,Customer
1566,Customer
1568,Customer
1569,Customer
1570,Customer
1571,Customer
1572,Customer
1573,Customer
1574,Customer
1575,Customer
1576,Customer
1577,Customer
1578,Customer
1579,Customer
1580,Customer
1581,Customer
1584,Customer
1586,Customer
1587,Customer
1589,Customer
1590,Customer
1591,Customer
1592,Customer
1593,Customer
1594,Customer
1595,Customer
1597,Customer
1598,Customer
1599,Customer
1601,Customer
1603,Customer
1606,Customer
1608,Customer
1609,Customer
1611,Customer
1612,Customer
1613,Customer
1614,Customer
1615,Customer
1616,Customer
1617,Customer
1618,Customer
1619,Customer
1620,Customer
1621,Customer
1630,Customer
1631,Customer
1633,Customer
1634,Customer
1635,Customer
1637,Customer
1639,Customer
1640,Customer
1641,Customer
1642,Customer
1643,Customer
1644,Customer
1646,Customer
1647,Customer
1649,Customer
1650,Customer
1652,Customer
1653,Customer
1654,Customer
1655,Customer
1656,Customer
1657,Customer
1658,Customer
1659,Customer
1661,Customer
1663,Customer
1664,Customer
1666,Customer
1667,Customer
1669,Customer
1671,Customer
1672,Customer
1675,Customer
1677,Customer
1678,Customer
1681,Customer
1682,Customer
1683,Customer
1685,Customer
1686,Customer
1687,Customer
1688,Customer
1690,Customer
1692,Customer
1693,Customer
1694,Customer
1695,Customer
1696,Customer
1697,Customer
1698,Customer
1699,Customer
1700,Customer
1701,Customer
1702,Customer
1703,Customer
1704,Customer
1705,Customer
1706,Customer
1707,Customer
1708,Customer
1709,Customer
1710,Customer
1711,Customer
1713,Customer
1715,Customer
1718,Customer
1719,Customer
1721,Customer
1723,Customer
1724,Customer
1726,Customer
1728,Customer
1731,Customer
1732,Customer
1733,Customer
1735,Customer
1737,Customer
1738,Customer
1740,Customer
1742,Customer
1743,Customer
1744,Customer
1745,Customer
1748,Customer
1749,Customer
1750,Customer
1752,Customer
1753,Customer
1754,Customer
1755,Customer
1756,Customer
1757,Customer
1758,Customer
1759,Customer
1760,Customer
1761,Customer
1763,Customer
1764,Customer
1765,Customer
1766,Customer
1767,Customer
1768,Customer
1769,Customer
1770,Customer
1771,Customer
1772,Customer
1774,Customer
1776,Customer
1778,Customer
1779,Customer
1780,Customer
1781,Customer
1783,Customer
1784,Customer
1785,Customer
1790,Customer
1792,Customer
1793,Customer
1794,Customer
1795,Customer
1796,Customer
1797,Customer
1798,Customer
1800,Customer
1801,Customer
1802,Customer
1803,Customer
1805,Customer
1807,Customer
1808,Customer
1809,Customer
1810,Customer
1811,Customer
1813,Customer
1814,Customer
1815,Customer
1816,Customer
1817,Customer
1818,Customer
1819,Customer
1820,Customer
1821,Customer
1822,Customer
1823,Customer
1826,Customer
1828,Customer
1830,Customer
1831,Customer
1832,Customer
1834,Customer
1835,Customer
1836,Customer
1839,Customer
1840,Customer
1841,Customer
1842,Customer
1843,Customer
1844,Customer
1845,Customer
1848,Customer
1849,Customer
1850,Customer
1851,Customer
1852,Customer
1854,Customer
1856,Customer
1858,Customer
1859,Customer
1860,Customer
1861,Customer
1862,Customer
1864,Customer
1865,Customer
1866,Customer
1867,Customer
1868,Customer
1869,Customer
1870,Customer
1872,Customer
1874,Customer
1875,Customer
1879,Customer
1880,Customer
1881,Customer
1882,Customer
1883,Customer
1884,Customer
1885,Customer
1886,Customer
1887,Customer
1888,Customer
1890,Customer
1892,Customer
1893,Customer
1894,Customer
1895,Customer
1896,Customer
1899,Customer
1900,Customer
1901,Customer
1902,Customer
1903,Customer
1904,Customer
1906,Customer
1907,Customer
1908,Customer
1909,Customer
1910,Customer
1913,Customer
1914,Customer
1916,Customer
1917,Customer
1918,Customer
1919,Customer
1920,Customer
1922,Customer
1923,Customer
1924,Customer
1925,Customer
1926,Customer
1927,Customer
1929,Customer
1930,Customer
1932,Customer
1933,Customer
1934,Customer
1935,Customer
1936,Customer
1937,Customer
1938,Customer
1939,Customer
1940,Customer
1941,Customer
1942,Customer
1943,Customer
1944,Customer
1945,Customer
1947,Customer
1948,Customer
1950,Customer
1951,Customer
1952,Customer
1953,Customer
1955,Customer
1956,Customer
1957,Customer
1958,Customer
1959,Customer
1960,Customer
1961,Customer
1962,Customer
1963,Customer
1964,Customer
1965,Customer
1968,Customer
1969,Customer
1972,Customer
1974,Customer
1975,Customer
1976,Customer
1979,Customer
1980,Customer
1981,Customer
1982,Customer
1983,Customer
1984,Customer
1986,Customer
1987,Customer
1989,Customer
1990,Customer
1991,Customer
1992,Customer
1993,Customer
1994,Customer
1995,Customer
1996,Customer
1997,Customer
1998,Customer
1999,Customer
2000,Customer
2001,Customer
2002,Customer
2005,Customer
2006,Customer
2007,Customer
2009,Customer
2010,Customer
2011,Customer
2012,Customer
2013,Customer
2014,Customer
2017,Customer
2018,Customer
2019,Customer
2020,Customer
2022,Customer
2023,Customer
2026,Customer
2027,Customer
2028,Customer
2031,Customer
2032,Customer
2033,Customer
2034,Customer
2035,Customer
2036,Customer
2038,Customer
2039,Customer
2040,Customer
2041,Customer
2043,Customer
2044,Customer
2045,Customer
2046,Customer
2048,Customer
2050,Customer
2051,Customer
2052,Customer
2053,Customer
2054,Customer
2055,Customer
2057,Customer
2058,Customer
2059,Customer
2060,Customer
2061,Customer
2063,Customer
2064,Customer
2065,Customer
2067,Customer
2068,Customer
2069,Customer
2071,Customer
2073,Customer
2074,Customer
2075,Customer
2076,Customer
2077,Customer
2080,Customer
2081,Customer
2082,Customer
2083,Customer
2084,Customer
2086,Customer
2087,Customer
2088,Customer
2089,Customer
2090,Customer
2091,Customer
2092,Customer
2093,Customer
2094,Customer
2095,Customer
2097,Customer
2098,Customer
2099,Customer
2100,Customer
2101,Customer
2102,Customer
2103,Customer
2104,Customer
2105,Customer
2106,Customer
2107,Customer
2108,Customer
2109,Customer
2110,Customer
2111,Customer
2113,Customer
2114,Customer
2115,Customer
2116,Customer
2117,Customer
2118,Customer
2119,Customer
2120,Customer
2121,Customer
2122,Customer
2123,Customer
2124,Customer
2125,Customer
2126,Customer
2128,Customer
2129,Customer
2130,Customer
2131,Customer
2132,Customer
2133,Customer
2134,Customer
2135,Customer
2136,Customer
2137,Customer
2139,Customer
2140,Customer
2141,Customer
2142,Customer
2143,Customer
2144,Customer
2145,Customer
2147,Customer
2148,Customer
2150,Customer
2151,Customer
2152,Customer
2154,Customer
2155,Customer
2156,Customer
2158,Customer
2161,Customer
2162,Customer
2163,Customer
2164,Customer
2165,Customer
2166,Customer
2167,Customer
2168,Customer
2169,Customer
2170,Customer
2171,Customer
2172,Customer
2173,Customer
2174,Customer
2175,Customer
2177,Customer
2178,Customer
2179,Customer
2183,Customer
2184,Customer
2185,Customer
2186,Customer
2187,Customer
2188,Customer
2190,Customer
2191,Customer
2192,Customer
2193,Customer
2195,Customer
2196,Customer
2198,Customer
2199,Customer
2200,Customer
2203,Customer
2204,Customer
2205,Customer
2206,Customer
2207,Customer
2208,Customer
2209,Customer
2210,Customer
2211,Customer
2212,Customer
2213,Customer
2214,Customer
2215,Customer
2216,Customer
2217,Customer
2218,Customer
2219,Customer
2220,Customer
2221,Customer
2222,Customer
2224,Customer
2227,Customer
2228,Customer
2229,Customer
2230,Customer
2231,Customer
2233,Customer
2235,Customer
2236,Customer
2237,Customer
2238,Customer
2239,Customer
2241,Customer
2242,Customer
2245,Customer
2246,Customer
2247,Customer
2248,Customer
2249,Customer
2250,Customer
2252,Customer
2253,Customer
2255,Customer
2256,Customer
2257,Customer
2258,Customer
2260,Customer
2261,Customer
2262,Customer
2263,Customer
2264,Customer
2265,Customer
2266,Customer
2267,Customer
2268,Customer
2270,Customer
2272,Customer
2274,Customer
2275,Customer
2276,Customer
2277,Customer
2278,Customer
2279,Customer
2280,Customer
2281,Customer
2284,Customer
2285,Customer
2286,Customer
2287,Customer
2290,Customer
2291,Customer
2294,Customer
2295,Customer
2296,Customer
2297,Customer
2298,Customer
2299,Customer
2300,Customer
2302,Customer
2303,Customer
2306,Customer
2307,Customer
2308,Customer
2309,Customer
2312,Customer
2315,Customer
2316,Customer
2317,Customer
2318,Customer
2319,Customer
2320,Customer
2321,Customer
2322,Customer
2323,Customer
2325,Customer
2326,Customer
2328,Customer
2329,Customer
2330,Customer
2331,Customer
2333,Customer
2334,Customer
2336,Customer
2337,Customer
2338,Customer
2339,Customer
2340,Customer
2341,Customer
2343,Customer
2344,Customer
2345,Customer
2347,Customer
2348,Customer
2349,Customer
2350,Customer
2351,Customer
2352,Customer
2353,Customer
2355,Customer
2356,Customer
2359,Customer
2360,Customer
2361,Customer
2362,Customer
2363,Customer
2364,Customer
2365,Customer
2366,Customer
2367,Customer
2368,Customer
2369,Customer
2371,Customer
2372,Customer
2373,Customer
2374,Customer
2375,Customer
2376,Customer
2378,Customer
2379,Customer
2380,Customer
2382,Customer
2384,Customer
2385,Customer
2386,Customer
2389,Customer
2390,Customer
2391,Customer
2392,Customer
2393,Customer
2394,Customer
2395,Customer
2396,Customer
2397,Customer
2399,Customer
2400,Customer
2401,Customer
2402,Customer
2403,Customer
2404,Customer
2405,Customer
2407,Customer
2408,Customer
2409,Customer
2410,Customer
2411,Customer
2412,Customer
2414,Customer
2415,Customer
2416,Customer
2417,Customer
2418,Customer
2420,Customer
2421,Customer
2422,Customer
2424,Customer
2425,Customer
2426,Customer
2427,Customer
2428,Customer
2429,Customer
2430,Customer
2431,Customer
2433,Customer
2434,Customer
2435,Customer
2436,Customer
2438,Customer
2439,Customer
2440,Customer
2441,Customer
2443,Customer
2444,Customer
2446,Customer
2447,Customer
2448,Customer
2449,Customer
2450,Customer
2451,Customer
2453,Customer
2454,Customer
2455,Customer
2457,Customer
2458,Customer
2459,Customer
2460,Customer
2461,Customer
2462,Customer
2464,Customer
2466,Customer
2467,Customer
2468,Customer
2469,Customer
2470,Customer
2471,Customer
2472,Customer
2473,Customer
2474,Customer
2475,Customer
2477,Customer
2478,Customer
2479,Customer
2480,Customer
2481,Customer
2482,Customer
2483,Customer
2484,Customer
2488,Customer
2489,Customer
2491,Customer
2492,Customer
2493,Customer
2494,Customer
2496,Customer
2497,Customer
2498,Customer
2499,Customer
2501,Customer
2502,Customer
2503,Customer
2504,Customer
2505,Customer
2506,Customer
2507,Customer
2508,Customer
2509,Customer
2510,Customer
2511,Customer
2513,Customer
2514,Customer
2516,Customer
2517,Customer
2518,Customer
2519,Customer
2520,Customer
2522,Customer
2523,Customer
2524,Customer
2525,Customer
2526,Customer
2528,Customer
2530,Customer
2531,Customer
2533,Customer
2534,Customer
2536,Customer
2537,Customer
2538,Customer
2539,Customer
2540,Customer
2541,Customer
2542,Customer
2543,Customer
2544,Customer
2545,Customer
2547,Customer
2548,Customer
2551,Customer
2552,Customer
2553,Customer
2554,Customer
2555,Customer
2557,Customer
2558,Customer
2559,Customer
2560,Customer
2561,Customer
2562,Customer
2563,Customer
2564,Customer
2566,Customer
2567,Customer
2568,Customer
2569,Customer
2570,Customer
2573,Customer
2574,Customer
2575,Customer
2576,Customer
2577,Customer
2578,Customer
2579,Customer
2580,Customer
2581,Customer
2582,Customer
2585,Customer
2586,Customer
2587,Customer
2588,Customer
2589,Customer
2590,Customer
2591,Customer
2592,Customer
2593,Customer
2594,Customer
2595,Customer
2596,Customer
2597,Customer
2598,Customer
2599,Customer
2600,Customer
2601,Customer
2602,Customer
2603,Customer
2604,Customer
2605,Customer
2609,Customer
2610,Customer
2611,Customer
2612,Customer
2613,Customer
2614,Customer
2616,Customer
2617,Customer
2618,Customer
2619,Customer
2620,Customer
2621,Customer
2622,Customer
2624,Customer
2629,Customer
2630,Customer
2631,Customer
2634,Customer
2636,Customer
2637,Customer
2638,Customer
2639,Customer
2640,Customer
2641,Customer
2642,Customer
2643,Customer
2644,Customer
2645,Customer
2646,Customer
2647,Customer
2648,Customer
2649,Customer
2650,Customer
2651,Customer
2652,Customer
2653,Customer
2654,Customer
2655,Customer
2657,Customer
2658,Customer
2659,Customer
2660,Customer
2661,Customer
2662,Customer
2664,Customer
2666,Customer
2668,Customer
2669,Customer
2670,Customer
2671,Customer
2672,Customer
2675,Customer
2676,Customer
2677,Customer
2678,Customer
2680,Customer
2681,Customer
2682,Customer
2684,Customer
2686,Customer
2687,Customer
2688,Customer
2689,Customer
2690,Customer
2691,Customer
2692,Customer
2694,Customer
2695,Customer
2700,Customer
2701,Customer
2702,Customer
2703,Customer
2704,Customer
2705,Customer
2706,Customer
2707,Customer
2709,Customer
2710,Customer
2712,Customer
2713,Customer
2714,Customer
2716,Customer
2717,Customer
2718,Customer
2719,Customer
2720,Customer
2721,Customer
2722,Customer
2723,Customer
2724,Customer
2725,Customer
2726,Customer
2727,Customer
2729,Customer
2730,Customer
2731,Customer
2732,Customer
2733,Customer
2734,Customer
2735,Customer
2736,Customer
2738,Customer
2740,Customer
2741,Customer
2742,Customer
2743,Customer
2744,Customer
2745,Customer
2746,Customer
2747,Customer
2748,Customer
2749,Customer
2750,Customer
2751,Customer
2752,Customer
2753,Customer
2754,Customer
2756,Customer
2757,Customer
2758,Customer
2759,Customer
2760,Customer
2761,Customer
2762,Customer
2763,Customer
2764,Customer
2765,Customer
2766,Customer
2767,Customer
2769,Customer
2770,Customer
2772,Customer
2774,Customer
2775,Customer
2776,Customer
2777,Customer
2778,Customer
2779,Customer
2780,Customer
2783,Customer
2784,Customer
2785,Customer
2787,Customer
2788,Customer
2789,Customer
2790,Customer
2791,Customer
2793,Customer
2794,Customer
2795,Customer
2796,Customer
2797,Customer
2798,Customer
2799,Customer
2800,Customer
2801,Customer
2804,Customer
2805,Customer
2807,Customer
2808,Customer
2811,Customer
2812,Customer
2813,Customer
2816,Customer
2817,Customer
2818,Customer
2820,Customer
2821,Customer
2823,Customer
2824,Customer
2826,Customer
2827,Customer
2829,Customer
2830,Customer
2831,Customer
2833,Customer
2835,Customer
2836,Customer
2838,Customer
2839,Customer
2840,Customer
2841,Customer
2842,Customer
2843,Customer
2844,Customer
2845,Customer
2846,Customer
2849,Customer
2850,Customer
2851,Customer
2852,Customer
2853,Customer
2854,Customer
2857,Customer
2858,Customer
2859,Customer
2860,Customer
2861,Customer
2862,Customer
2864,Customer
2865,Customer
2866,Customer
2868,Customer
2869,Customer
2872,Customer
2873,Customer
2874,Customer
2876,Customer
2877,Customer
2878,Customer
2879,Customer
2881,Customer
2883,Customer
2885,Customer
2886,Customer
2887,Customer
2888,Customer
2889,Customer
2890,Customer
2893,Customer
2894,Customer
2895,Customer
2896,Customer
2897,Customer
2901,Customer
2902,Customer
2903,Customer
2904,Customer
2905,Customer
2906,Customer
2907,Customer
2910,Customer
2911,Customer
2912,Customer
2913,Customer
2914,Customer
2915,Customer
2916,Customer
2918,Customer
2919,Customer
2920,Customer
2923,Customer
2925,Customer
2926,Customer
2928,Customer
2929,Customer
2932,Customer
2933,Customer
2934,Customer
2935,Customer
2936,Customer
2937,Customer
2938,Customer
2939,Customer
2940,Customer
2941,Customer
2942,Customer
2944,Customer
2945,Customer
2947,Customer
2948,Customer
2949,Customer
2950,Customer
2951,Customer
2952,Customer
2953,Customer
2955,Customer
2956,Customer
2957,Customer
2958,Customer
2960,Customer
2961,Customer
2962,Customer
2963,Customer
2964,Customer
2965,Customer
2966,Customer
2969,Customer
2970,Customer
2971,Customer
2972,Customer
2973,Customer
2974,Customer
2975,Customer
2976,Customer
2977,Customer
2978,Customer
2979,Customer
2980,Customer
2981,Customer
2983,Customer
2984,Customer
2985,Customer
2986,Customer
2987,Customer
2989,Customer
2991,Customer
2992,Customer
2993,Customer
2996,Customer
2998,Customer
2999,Customer
3000,Customer
3001,Customer
3002,Customer
3003,Customer
3005,Customer
3006,Customer
3008,Customer
3009,Customer
3010,Customer
3012,Customer
3013,Customer
3014,Customer
3015,Customer
3016,Customer
3020,Customer
3021,Customer
3022,Customer
3023,Customer
3024,Customer
3025,Customer
3026,Customer
3027,Customer
3028,Customer
3030,Customer
3032,Customer
3034,Customer
3035,Customer
3036,Customer
3037,Customer
3039,Customer
3041,Customer
3043,Customer
3044,Customer
3045,Customer
3046,Customer
3048,Customer
3049,Customer
3050,Customer
3052,Customer
3053,Customer
3054,Customer
3056,Customer
3057,Customer
3058,Customer
3059,Customer
3060,Customer
3061,Customer
3065,Customer
3066,Customer
3067,Customer
3068,Customer
3069,Customer
3070,Customer
3071,Customer
3074,Customer
3075,Customer
3076,Customer
3078,Customer
3079,Customer
3080,Customer
3081,Customer
3082,Customer
3083,Customer
3085,Customer
3086,Customer
3087,Customer
3088,Customer
3089,Customer
3090,Customer
3091,Customer
3092,Customer
3093,Customer
3094,Customer
3096,Customer
3098,Customer
3099,Customer
3100,Customer
3102,Customer
3106,Customer
3107,Customer
3108,Customer
3109,Customer
3112,Customer
3113,Customer
3114,Customer
3115,Customer
3117,Customer
3118,Customer
3120,Customer
3122,Customer
3123,Customer
3127,Customer
3128,Customer
3129,Customer
3131,Customer
3132,Customer
3133,Customer
3135,Customer
3137,Customer
3138,Customer
3139,Customer
3142,Customer
3143,Customer
3144,Customer
3145,Customer
3146,Customer
3147,Customer
3148,Customer
3149,Customer
3151,Customer
3153,Customer
3154,Customer
3155,Customer
3156,Customer
3157,Customer
3159,Customer
3161,Customer
3162,Customer
3164,Customer
3166,Customer
3167,Customer
3170,Customer
3172,Customer
3175,Customer
3176,Customer
3178,Customer
3179,Customer
3180,Customer
3181,Customer
3183,Customer
3185,Customer
3186,Customer
3187,Customer
3188,Customer
3189,Customer
3190,Customer
3192,Customer
3193,Customer
3194,Customer
3195,Customer
3196,Customer
3197,Customer
3198,Customer
3199,Customer
3200,Customer
3201,Customer
3203,Customer
3204,Customer
3206,Customer
3207,Customer
3208,Customer
3210,Customer
3213,Customer
3214,Customer
3216,Customer
3217,Customer
3219,Customer
3222,Customer
3223,Customer
3224,Customer
3225,Customer
3226,Customer
3227,Customer
3228,Customer
3230,Customer
3232,Customer
3233,Customer
3234,Customer
3235,Customer
3236,Customer
3237,Customer
3239,Customer
3241,Customer
3242,Customer
3243,Customer
3245,Customer
3246,Customer
3247,Customer
3248,Customer
3249,Customer
3250,Customer
3251,Customer
3252,Customer
3253,Customer
3255,Customer
3256,Customer
3258,Customer
3259,Customer
3260,Customer
3261,Customer
3262,Customer
3264,Customer
3265,Customer
3267,Customer
3268,Customer
3269,Customer
3270,Customer
3271,Customer
3272,Customer
3274,Customer
3275,Customer
3276,Customer
3277,Customer
3278,Customer
3279,Customer
3280,Customer
3281,Customer
3283,Customer
3284,Customer
3285,Customer
3286,Customer
3287,Customer
3289,Customer
3290,Customer
3292,Customer
3293,Customer
3294,Customer
3295,Customer
3296,Customer
3297,Customer
3298,Customer
3299,Customer
3300,Customer
3301,Customer
3302,Customer
3303,Customer
3304,Customer
3305,Customer
3306,Customer
3307,Customer
3308,Customer
3309,Customer
3310,Customer
3311,Customer
3312,Customer
3313,Customer
3314,Customer
3315,Customer
3316,Customer
3318,Customer
3320,Customer
3321,Customer
3322,Customer
3323,Customer
3324,Customer
3325,Customer
3326,Customer
3327,Customer
3328,Customer
3330,Customer
3331,Customer
3332,Customer
3333,Customer
3334,Customer
3335,Customer
3336,Customer
3337,Customer
3338,Customer
3339,Customer
3341,Customer
3342,Customer
3343,Customer
3345,Customer
3348,Customer
3351,Customer
3353,Customer
3354,Customer
3355,Customer
3356,Customer
3358,Customer
3359,Customer
3360,Customer
3361,Customer
3362,Customer
3363,Customer
3364,Customer
3366,Customer
3369,Customer
3370,Customer
3372,Customer
3374,Customer
3375,Customer
3376,Customer
3377,Customer
3378,Customer
3379,Customer
3380,Customer
3381,Customer
3383,Customer
3385,Customer
3387,Customer
3388,Customer
3389,Customer
3392,Customer
3393,Customer
3394,Customer
3395,Customer
3396,Customer
3398,Customer
3399,Customer
3400,Customer
3401,Customer
3402,Customer
3403,Customer
3404,Customer
3405,Customer
3407,Customer
3408,Customer
3409,Customer
3411,Customer
3412,Customer
3413,Customer
3414,Customer
3416,Customer
3418,Customer
3420,Customer
3422,Customer
3424,Customer
3426,Customer
3427,Customer
3428,Customer
3429,Customer
3430,Customer
3431,Customer
3432,Customer
3433,Customer
3434,Customer
3435,Customer
3438,Customer
3440,Customer
3441,Customer
3442,Customer
3443,Customer
3444,Customer
3445,Customer
3447,Customer
3448,Customer
3449,Customer
3450,Customer
3451,Customer
3452,Customer
3453,Customer
3454,Customer
3455,Customer
3456,Customer
3457,Customer
3458,Customer
3459,Customer
3461,Customer
3463,Customer
3464,Customer
3465,Customer
3466,Customer
3467,Customer
3468,Customer
3469,Customer
3470,Customer
3471,Customer
3472,Customer
3473,Customer
3474,Customer
3475,Customer
3477,Customer
3479,Customer
3480,Customer
3481,Customer
3482,Customer
3483,Customer
3484,Customer
3487,Customer
3488,Customer
3489,Customer
3490,Customer
3491,Customer
3492,Customer
3493,Customer
3494,Customer
3495,Customer
3496,Customer
3497,Customer
3499,Customer
3500,Customer
3501,Customer
3503,Customer
3504,Customer
3505,Customer
3508,Customer
3509,Customer
3510,Customer
3511,Customer
3513,Customer
3514,Customer
3516,Customer
3517,Customer
3518,Customer
3519,Customer
3521,Customer
3522,Customer
3523,Customer
3524,Customer
3525,Customer
3526,Customer
3527,Customer
3528,Customer
3529,Customer
3530,Customer
3531,Customer
3532,Customer
3533,Customer
3534,Customer
3535,Customer
3536,Customer
3537,Customer
3538,Customer
3539,Customer
3540,Customer
3541,Customer
3542,Customer
3543,Customer
3544,Customer
3545,Customer
3546,Customer
3547,Customer
3548,Customer
3549,Customer
3550,Customer
3551,Customer
3552,Customer
3553,Customer
3554,Customer
3556,Customer
3557,Customer
3558,Customer
3559,Customer
3560,Customer
3561,Customer
3562,Customer
3564,Customer
3565,Customer
3567,Customer
3568,Customer
3570,Customer
3571,Customer
3572,Customer
3573,Customer
3574,Customer
3575,Customer
3576,Customer
3577,Customer
3579,Customer
3580,Customer
3581,Customer
3582,Customer
3583,Customer
3584,Customer
3585,Customer
3586,Customer
3587,Customer
3588,Customer
3589,Customer
3590,Customer
3591,Customer
3592,Customer
3594,Customer
3595,Customer
3596,Customer
3597,Customer
3598,Customer
3601,Customer
3602,Customer
3604,Customer
3605,Customer
3606,Customer
3607,Customer
3608,Customer
3609,Customer
3610,Customer
3611,Customer
3613,Customer
3614,Customer
3615,Customer
3616,Customer
3617,Customer
3618,Customer
3620,Customer
3621,Customer
3622,Customer
3624,Customer
3625,Customer
3627,Customer
3628,Customer
3629,Customer
3631,Customer
3632,Customer
3633,Customer
3634,Customer
3637,Customer
3638,Customer
3639,Customer
3640,Customer
3641,Customer
3642,Customer
3643,Customer
3644,Customer
3645,Customer
3646,Customer
3647,Customer
3648,Customer
3649,Customer
3650,Customer
3651,Customer
3652,Customer
3653,Customer
3654,Customer
3656,Customer
3657,Customer
3659,Customer
3660,Customer
3661,Customer
3662,Customer
3665,Customer
3666,Customer
3667,Customer
3671,Customer
3672,Customer
3673,Customer
3675,Customer
3677,Customer
3678,Customer
3679,Customer
3680,Customer
3681,Customer
3682,Customer
3683,Customer
3684,Customer
3686,Customer
3687,Customer
3690,Customer
3691,Customer
3692,Customer
3694,Customer
3695,Customer
3696,Customer
3697,Customer
3698,Customer
3701,Customer
3702,Customer
3703,Customer
3704,Customer
3706,Customer
3707,Customer
3708,Customer
3709,Customer
3712,Customer
3713,Customer
3714,Customer
3715,Customer
3716,Customer
3717,Customer
3718,Customer
3719,Customer
3721,Customer
3722,Customer
3723,Customer
3724,Customer
3726,Customer
3727,Customer
3728,Customer
3732,Customer
3733,Customer
3734,Customer
3735,Customer
3736,Customer
3737,Customer
3738,Customer
3739,Customer
3740,Customer
3741,Customer
3745,Customer
3747,Customer
3750,Customer
3751,Customer
3752,Customer
3753,Customer
3757,Customer
3758,Customer
3759,Customer
3760,Customer
3761,Customer
3762,Customer
3763,Customer
3764,Customer
3765,Customer
3767,Customer
3768,Customer
3769,Customer
3770,Customer
3771,Customer
3772,Customer
3773,Customer
3774,Customer
3775,Customer
3776,Customer
3778,Customer
3780,Customer
3781,Customer
3782,Customer
3783,Customer
3784,Customer
3785,Customer
3786,Customer
3787,Customer
3789,Customer
3791,Customer
3792,Customer
3793,Customer
3794,Customer
3799,Customer
3800,Customer
3801,Customer
3806,Customer
3808,Customer
3810,Customer
3811,Customer
3812,Customer
3813,Customer
3816,Customer
3817,Customer
3819,Customer
3820,Customer
3821,Customer
3822,Customer
3823,Customer
3824,Customer
3826,Customer
3827,Customer
3828,Customer
3829,Customer
3831,Customer
3833,Customer
3834,Customer
3838,Customer
3839,Customer
3842,Customer
3844,Customer
3845,Customer
3846,Customer
3848,Customer
3849,Customer
3850,Customer
3851,Customer
3852,Customer
3853,Customer
3854,Customer
3855,Customer
3856,Customer
3857,Customer
3858,Customer
3861,Customer
3862,Customer
3865,Customer
3866,Customer
3867,Customer
3868,Customer
3869,Customer
3870,Customer
3871,Customer
3872,Customer
3874,Customer
3876,Customer
3877,Customer
3878,Customer
3879,Customer
3880,Customer
3881,Customer
3882,Customer
3883,Customer
3884,Customer
3885,Customer
3886,Customer
3887,Customer
3889,Customer
3890,Customer
3891,Customer
3892,Customer
3893,Customer
3894,Customer
3896,Customer
3897,Customer
3898,Customer
3899,Customer
3900,Customer
3901,Customer
3903,Customer
3904,Customer
3905,Customer
3906,Customer
3907,Customer
3908,Customer
3909,Customer
3911,Customer
3913,Customer
3914,Customer
3915,Customer
3917,Customer
3918,Customer
3919,Customer
3920,Customer
3921,Customer
3922,Customer
3923,Customer
3925,Customer
3927,Customer
3929,Customer
3930,Customer
3933,Customer
3934,Customer
3935,Customer
3936,Customer
3937,Customer
3938,Customer
3939,Customer
3940,Customer
3944,Customer
3945,Customer
3947,Customer
3949,Customer
3950,Customer
3951,Customer
3953,Customer
3955,Customer
3956,Customer
3957,Customer
3958,Customer
3960,Customer
3962,Customer
3963,Customer
3965,Customer
3966,Customer
3967,Customer
3969,Customer
3971,Customer
3972,Customer
3973,Customer
3976,Customer
3977,Customer
3978,Customer
3980,Customer
3981,Customer
3983,Customer
3984,Customer
3985,Customer
3986,Customer
3988,Customer
3989,Customer
3990,Customer
3991,Customer
3993,Customer
3994,Customer
3995,Customer
3996,Customer
3997,Customer
3999,Customer
4002,Customer
4003,Customer
4004,Customer
4005,Customer
4006,Customer
4007,Customer
4008,Customer
4009,Customer
4010,Customer
4011,Customer
4012,Customer
4013,Customer
4014,Customer
4015,Customer
4016,Customer
4017,Customer
4018,Customer
4019,Customer
4020,Customer
4022,Customer
4023,Customer
4024,Customer
4025,Customer
4026,Customer
4027,Customer
4028,Customer
4029,Customer
4030,Customer
4031,Customer
4032,Customer
4033,Customer
4034,Customer
4035,Customer
4036,Customer
4037,Customer
4038,Customer
4039,Customer
4040,Customer
4041,Customer
4043,Customer
4044,Customer
4046,Customer
4049,Customer
4050,Customer
4053,Customer
4054,Customer
4055,Customer
4056,Customer
4057,Customer
4058,Customer
4060,Customer
4061,Customer
4062,Customer
4063,Customer
4064,Customer
4065,Customer
4066,Customer
4067,Customer
4068,Customer
4069,Customer
4071,Customer
4073,Customer
4074,Customer
4075,Customer
4076,Customer
4077,Customer
4080,Customer
4081,Customer
4083,Customer
4087,Customer
4088,Customer
4090,Customer
4091,Customer
4092,Customer
4093,Customer
4094,Customer
4095,Customer
4096,Customer
4097,Customer
4098,Customer
4099,Customer
4100,Customer
4101,Customer
4105,Customer
4107,Customer
4108,Customer
4110,Customer
4111,Customer
4112,Customer
4113,Customer
4115,Customer
4116,Customer
4119,Customer
4120,Customer
4121,Customer
4122,Customer
4123,Customer
4124,Customer
4125,Customer
4126,Customer
4127,Customer
4132,Customer
4133,Customer
4134,Customer
4136,Customer
4137,Customer
4139,Customer
4140,Customer
4141,Customer
4142,Customer
4143,Customer
4144,Customer
4146,Customer
4147,Customer
4148,Customer
4149,Customer
4152,Customer
4153,Customer
4155,Customer
4159,Customer
4161,Customer
4162,Customer
4163,Customer
4164,Customer
4165,Customer
4166,Customer
4167,Customer
4168,Customer
4169,Customer
4170,Customer
4172,Customer
4173,Customer
4174,Customer
4176,Customer
4177,Customer
4178,Customer
4181,Customer
4182,Customer
4183,Customer
4185,Customer
4186,Customer
4187,Customer
4188,Customer
4189,Customer
4190,Customer
4191,Customer
4194,Customer
4196,Customer
4197,Customer
4199,Customer
4200,Customer
4201,Customer
4202,Customer
4203,Customer
4205,Customer
4207,Customer
4208,Customer
4209,Customer
4210,Customer
4211,Customer
4212,Customer
4214,Customer
4216,Customer
4217,Customer
4218,Customer
4219,Customer
4220,Customer
4222,Customer
4223,Customer
4224,Customer
4225,Customer
4226,Customer
4227,Customer
4228,Customer
4229,Customer
4230,Customer
4232,Customer
4233,Customer
4234,Customer
4235,Customer
4236,Customer
4237,Customer
4238,Customer
4239,Customer
4240,Customer
4241,Customer
4242,Customer
4243,Customer
4245,Customer
4246,Customer
4247,Customer
4248,Customer
4250,Customer
4251,Customer
4253,Customer
4255,Customer
4256,Customer
4258,Customer
4259,Customer
4260,Customer
4261,Customer
4262,Customer
4264,Customer
4265,Customer
4266,Customer
4267,Customer
4269,Customer
4270,Customer
4271,Customer
4272,Customer
4274,Customer
4276,Customer
4278,Customer
4279,Customer
4280,Customer
4282,Customer
4283,Customer
4284,Customer
4285,Customer
4286,Customer
4287,Customer
4288,Customer
4289,Customer
4290,Customer
4292,Customer
4293,Customer
4294,Customer
4296,Customer
4297,Customer
4298,Customer
4299,Customer
4301,Customer
4302,Customer
4303,Customer
4304,Customer
4305,Customer
4306,Customer
4307,Customer
4308,Customer
4309,Customer
4310,Customer
4311,Customer
4314,Customer
4315,Customer
4317,Customer
4318,Customer
4319,Customer
4320,Customer
4323,Customer
4325,Customer
4326,Customer
4327,Customer
4328,Customer
4329,Customer
4330,Customer
4332,Customer
4334,Customer
4336,Customer
4337,Customer
4338,Customer
4339,Customer
4342,Customer
4343,Customer
4344,Customer
4345,Customer
4346,Customer
4347,Customer
4349,Customer
4350,Customer
4351,Customer
4352,Customer
4354,Customer
4355,Customer
4356,Customer
4357,Customer
4358,Customer
4360,Customer
4361,Customer
4363,Customer
4365,Customer
4367,Customer
4368,Customer
4369,Customer
4370,Customer
4371,Customer
4372,Customer
4373,Customer
4374,Customer
4377,Customer
4378,Customer
4379,Customer
4380,Customer
4381,Customer
4382,Customer
4383,Customer
4384,Customer
4385,Customer
4386,Customer
4387,Customer
4388,Customer
4392,Customer
4393,Customer
4395,Customer
4396,Customer
4397,Customer
4399,Customer
4400,Customer
4403,Customer
4404,Customer
4405,Customer
4406,Customer
4407,Customer
4410,Customer
4411,Customer
4412,Customer
4413,Customer
4414,Customer
4415,Customer
4416,Customer
4417,Customer
4418,Customer
4419,Customer
4422,Customer
4423,Customer
4424,Customer
4425,Customer
4426,Customer
4427,Customer
4428,Customer
4429,Customer
4432,Customer
4433,Customer
4435,Customer
4436,Customer
4437,Customer
4438,Customer
4439,Customer
4441,Customer
4443,Customer
4446,Customer
4447,Customer
4448,Customer
4449,Customer
4450,Customer
4453,Customer
4454,Customer
4456,Customer
4457,Customer
4458,Customer
4460,Customer
4461,Customer
4462,Customer
4463,Customer
4464,Customer
4465,Customer
4466,Customer
4467,Customer
4469,Customer
4470,Customer
4471,Customer
4472,Customer
4474,Customer
4475,Customer
4476,Customer
4477,Customer
4478,Customer
4479,Customer
4480,Customer
4481,Customer
4482,Customer
4484,Customer
4486,Customer
4487,Customer
4488,Customer
4489,Customer
4490,Customer
4491,Customer
4492,Customer
4493,Customer
4494,Customer
4496,Customer
4498,Customer
4499,Customer
4500,Customer
4501,Customer
4502,Customer
4504,Customer
4505,Customer
4508,Customer
4509,Customer
4510,Customer
4511,Customer
4512,Customer
4514,Customer
4516,Customer
4518,Customer
4519,Customer
4522,Customer
4523,Customer
4525,Customer
4526,Customer
4527,Customer
4529,Customer
4534,Customer
4536,Customer
4537,Customer
4540,Customer
4541,Customer
4542,Customer
4543,Customer
4544,Customer
4547,Customer
4548,Customer
4551,Customer
4552,Customer
4553,Customer
4554,Customer
4555,Customer
4556,Customer
4557,Customer
4558,Customer
4559,Customer
4561,Customer
4565,Customer
4568,Customer
4570,Customer
4571,Customer
4572,Customer
4573,Customer
4574,Customer
4575,Customer
4576,Customer
4577,Customer
4578,Customer
4579,Customer
4581,Customer
4582,Customer
4583,Customer
4584,Customer
4585,Customer
4586,Customer
4587,Customer
4588,Customer
4589,Customer
4591,Customer
4593,Customer
4594,Customer
4596,Customer
4597,Customer
4598,Customer
4599,Customer
4600,Customer
4601,Customer
4603,Customer
4604,Customer
4605,Customer
4607,Customer
4608,Customer
4610,Customer
4611,Customer
4612,Customer
4613,Customer
4614,Customer
4615,Customer
4616,Customer
4618,Customer
4619,Customer
4620,Customer
4621,Customer
4622,Customer
4623,Customer
4625,Customer
4626,Customer
4628,Customer
4629,Customer
4630,Customer
4631,Customer
4632,Customer
4633,Customer
4634,Customer
4635,Customer
4636,Customer
4637,Customer
4638,Customer
4639,Customer
4640,Customer
4642,Customer
4643,Customer
4644,Customer
4645,Customer
4649,Customer
4650,Customer
4651,Customer
4652,Customer
4653,Customer
4654,Customer
4655,Customer
4656,Customer
4657,Customer
4658,Customer
4660,Customer
4661,Customer
4662,Customer
4663,Customer
4664,Customer
4665,Customer
4666,Customer
4667,Customer
4668,Customer
4669,Customer
4670,Customer
4671,Customer
4672,Customer
4674,Customer
4675,Customer
4676,Customer
4677,Customer
4678,Customer
4679,Customer
4680,Customer
4682,Customer
4683,Customer
4684,Customer
4685,Customer
4686,Customer
4687,Customer
4689,Customer
4690,Customer
4691,Customer
4692,Customer
4693,Customer
4694,Customer
4696,Customer
4697,Customer
4698,Customer
4699,Customer
4700,Customer
4701,Customer
4702,Customer
4703,Customer
4704,Customer
4705,Customer
4706,Customer
4707,Customer
4709,Customer
4710,Customer
4711,Customer
4712,Customer
4713,Customer
4715,Customer
4716,Customer
4719,Customer
4721,Customer
4722,Customer
4723,Customer
4724,Customer
4725,Customer
4726,Customer
4727,Customer
4728,Customer
4729,Customer
4730,Customer
4731,Customer
4732,Customer
4733,Customer
4734,Customer
4735,Customer
4736,Customer
4737,Customer
4738,Customer
4740,Customer
4741,Customer
4742,Customer
4743,Customer
4745,Customer
4746,Customer
4748,Customer
4749,Customer
4751,Customer
4753,Customer
4754,Customer
4756,Customer
4757,Customer
4758,Customer
4759,Customer
4760,Customer
4761,Customer
4763,Customer
4764,Customer
4765,Customer
4766,Customer
4767,Customer
4768,Customer
4769,Customer
4771,Customer
4773,Customer
4775,Customer
4778,Customer
4779,Customer
4781,Customer
4782,Customer
4783,Customer
4784,Customer
4785,Customer
4786,Customer
4787,Customer
4788,Customer
4790,Customer
4791,Customer
4792,Customer
4793,Customer
4794,Customer
4796,Customer
4798,Customer
4799,Customer
4800,Customer
4801,Customer
4802,Customer
4803,Customer
4804,Customer
4805,Customer
4806,Customer
4807,Customer
4808,Customer
4809,Customer
4810,Customer
4812,Customer
4815,Customer
4816,Customer
4817,Customer
4818,Customer
4820,Customer
4821,Customer
4822,Customer
4823,Customer
4824,Customer
4825,Customer
4826,Customer
4828,Customer
4834,Customer
4835,Customer
4836,Customer
4837,Customer
4838,Customer
4839,Customer
4840,Customer
4842,Customer
4843,Customer
4844,Customer
4845,Customer
4846,Customer
4847,Customer
4848,Customer
4850,Customer
4851,Customer
4853,Customer
4857,Customer
4858,Customer
4859,Customer
4861,Customer
4862,Customer
4863,Customer
4864,Customer
4865,Customer
4866,Customer
4867,Customer
4868,Customer
4869,Customer
4870,Customer
4871,Customer
4872,Customer
4874,Customer
4876,Customer
4878,Customer
4880,Customer
4882,Customer
4883,Customer
4884,Customer
4885,Customer
4887,Customer
4889,Customer
4890,Customer
4891,Customer
4892,Customer
4894,Customer
4896,Customer
4897,Customer
4898,Customer
4899,Customer
4901,Customer
4902,Customer
4903,Customer
4904,Customer
4905,Customer
4906,Customer
4907,Customer
4908,Customer
4909,Customer
4910,Customer
4911,Customer
4912,Customer
4914,Customer
4915,Customer
4917,Customer
4919,Customer
4920,Customer
4922,Customer
4923,Customer
4924,Customer
4927,Customer
4928,Customer
4929,Customer
4931,Customer
4932,Customer
4933,Customer
4934,Customer
4935,Customer
4936,Customer
4938,Customer
4939,Customer
4940,Customer
4942,Customer
4943,Customer
4946,Customer
4947,Customer
4948,Customer
4949,Customer
4950,Customer
4951,Customer
4952,Customer
4953,Customer
4954,Customer
4955,Customer
4957,Customer
4958,Customer
4959,Customer
4960,Customer
4961,Customer
4963,Customer
4964,Customer
4965,Customer
4966,Customer
4967,Customer
4969,Customer
4970,Customer
4971,Customer
4973,Customer
4974,Customer
4975,Customer
4977,Customer
4978,Customer
4979,Customer
4981,Customer
4984,Customer
4986,Customer
4987,Customer
4988,Customer
4989,Customer
4991,Customer
4992,Customer
4994,Customer
4995,Customer
4996,Customer
4997,Customer
5001,Customer
5002,Customer
5003,Customer
5004,Customer
5006,Customer
5007,Customer
5009,Customer
5010,Customer
5011,Customer
5012,Customer
5014,Customer
5015,Customer
5017,Customer
5018,Customer
5019,Customer
5020,Customer
5021,Customer
5022,Customer
5024,Customer
5025,Customer
5026,Customer
5027,Customer
5029,Customer
5030,Customer
5031,Customer
5032,Customer
5033,Customer
5034,Customer
5036,Customer
5037,Customer
5038,Customer
5039,Customer
5040,Customer
5041,Customer
5043,Customer
5044,Customer
5045,Customer
5046,Customer
5047,Customer
5048,Customer
5049,Customer
5050,Customer
5051,Customer
5052,Customer
5053,Customer
5054,Customer
5055,Customer
5056,Customer
5057,Customer
5058,Customer
5061,Customer
5062,Customer
5063,Customer
5064,Customer
5066,Customer
5068,Customer
5069,Customer
5070,Customer
5071,Customer
5073,Customer
5074,Customer
5075,Customer
5076,Customer
5077,Customer
5078,Customer
5081,Customer
5084,Customer
5086,Customer
5088,Customer
5089,Customer
5090,Customer
5091,Customer
5092,Customer
5094,Customer
5096,Customer
5097,Customer
5098,Customer
5099,Customer
5100,Customer
5102,Customer
5103,Customer
5104,Customer
5105,Customer
5106,Customer
5108,Customer
5109,Customer
5110,Customer
5111,Customer
5112,Customer
5113,Customer
5114,Customer
5115,Customer
5116,Customer
5117,Customer
5119,Customer
5120,Customer
5121,Customer
5122,Customer
5123,Customer
5124,Customer
5125,Customer
5126,Customer
5127,Customer
5128,Customer
5130,Customer
5131,Customer
5132,Customer
5134,Customer
5135,Customer
5137,Customer
5138,Customer
5139,Customer
5140,Customer
5141,Customer
5142,Customer
5143,Customer
5144,Customer
5145,Customer
5147,Customer
5149,Customer
5150,Customer
5152,Customer
5153,Customer
5154,Customer
5155,Customer
5156,Customer
5157,Customer
5158,Customer
5161,Customer
5163,Customer
5164,Customer
5165,Customer
5166,Customer
5167,Customer
5168,Customer
5169,Customer
5170,Customer
5173,Customer
5175,Customer
5177,Customer
5178,Customer
5179,Customer
5180,Customer
5181,Customer
5182,Customer
5183,Customer
5184,Customer
5186,Customer
5187,Customer
5188,Customer
5189,Customer
5190,Customer
5191,Customer
5193,Customer
5195,Customer
5196,Customer
5197,Customer
5198,Customer
5199,Customer
5200,Customer
5201,Customer
5203,Customer
5204,Customer
5205,Customer
5206,Customer
5207,Customer
5209,Customer
5211,Customer
5212,Customer
5214,Customer
5215,Customer
5216,Customer
5217,Customer
5218,Customer
5219,Customer
5222,Customer
5223,Customer
5224,Customer
5225,Customer
5226,Customer
5227,Customer
5229,Customer
5230,Customer
5231,Customer
5232,Customer
5233,Customer
5234,Customer
5237,Customer
5238,Customer
5239,Customer
5240,Customer
5242,Customer
5243,Customer
5247,Customer
5248,Customer
5249,Customer
5250,Customer
5251,Customer
5252,Customer
5253,Customer
5254,Customer
5255,Customer
5256,Customer
5258,Customer
5260,Customer
5261,Customer
5264,Customer
5265,Customer
5267,Customer
5268,Customer
5269,Customer
5270,Customer
5271,Customer
5272,Customer
5274,Customer
5276,Customer
5278,Customer
5279,Customer
5280,Customer
5282,Customer
5283,Customer
5284,Customer
5285,Customer
5286,Customer
5287,Customer
5288,Customer
5289,Customer
5290,Customer
5291,Customer
5292,Customer
5293,Customer
5294,Customer
5295,Customer
5297,Customer
5300,Customer
5301,Customer
5302,Customer
5303,Customer
5304,Customer
5305,Customer
5306,Customer
5307,Customer
5308,Customer
5309,Customer
5310,Customer
5312,Customer
5315,Customer
5317,Customer
5318,Customer
5320,Customer
5321,Customer
5323,Customer
5324,Customer
5327,Customer
5328,Customer
5329,Customer
5330,Customer
5331,Customer
5332,Customer
5333,Customer
5334,Customer
5335,Customer
5336,Customer
5337,Customer
5338,Customer
5339,Customer
5340,Customer
5341,Customer
5343,Customer
5345,Customer
5346,Customer
5347,Customer
5348,Customer
5349,Customer
5350,Customer
5353,Customer
5354,Customer
5355,Customer
5356,Customer
5358,Customer
5359,Customer
5360,Customer
5361,Customer
5362,Customer
5363,Customer
5364,Customer
5365,Customer
5366,Customer
5367,Customer
5368,Customer
5369,Customer
5370,Customer
5371,Customer
5372,Customer
5373,Customer
5374,Customer
5375,Customer
5376,Customer
5377,Customer
5379,Customer
5380,Customer
5381,Customer
5382,Customer
5383,Customer
5384,Customer
5385,Customer
5387,Customer
5388,Customer
5390,Customer
5392,Customer
5393,Customer
5394,Customer
5395,Customer
5396,Customer
5397,Customer
5398,Customer
5399,Customer
5401,Customer
5402,Customer
5403,Customer
5404,Customer
5405,Customer
5407,Customer
5408,Customer
5409,Customer
5410,Customer
5411,Customer
5412,Customer
5413,Customer
5414,Customer
5415,Customer
5416,Customer
5417,Customer
5418,Customer
5419,Customer
5420,Customer
5421,Customer
5422,Customer
5424,Customer
5425,Customer
5426,Customer
5427,Customer
5428,Customer
5429,Customer
5430,Customer
5431,Customer
5432,Customer
5433,Customer
5434,Customer
5435,Customer
5436,Customer
5437,Customer
5438,Customer
5441,Customer
5442,Customer
5443,Customer
5445,Customer
5446,Customer
5447,Customer
5448,Customer
5449,Customer
5450,Customer
5451,Customer
5452,Customer
5453,Customer
5454,Customer
5455,Customer
5457,Customer
5458,Customer
5459,Customer
5460,Customer
5461,Customer
5462,Customer
5463,Customer
5464,Customer
5465,Customer
5466,Customer
5468,Customer
5469,Customer
5470,Customer
5473,Customer
5474,Customer
5475,Customer
5476,Customer
5479,Customer
5481,Customer
5482,Customer
5483,Customer
5484,Customer
5486,Customer
5488,Customer
5489,Customer
5491,Customer
5492,Customer
5493,Customer
5494,Customer
5495,Customer
5496,Customer
5497,Customer
5498,Customer
5499,Customer
5500,Customer
5501,Customer
5502,Customer
5503,Customer
5504,Customer
5505,Customer
5507,Customer
5508,Customer
5510,Customer
5511,Customer
5512,Customer
5513,Customer
5514,Customer
5515,Customer
5516,Customer
5517,Customer
5519,Customer
5520,Customer
5521,Customer
5524,Customer
5527,Customer
5528,Customer
5529,Customer
5530,Customer
5531,Customer
5532,Customer
5534,Customer
5535,Customer
5538,Customer
5539,Customer
5541,Customer
5542,Customer
5543,Customer
5544,Customer
5545,Customer
5546,Customer
5548,Customer
5549,Customer
5550,Customer
5551,Customer
5552,Customer
5553,Customer
5555,Customer
5556,Customer
5559,Customer
5560,Customer
5562,Customer
5563,Customer
5564,Customer
5565,Customer
5566,Customer
5567,Customer
5568,Customer
5570,Customer
5571,Customer
5572,Customer
5573,Customer
5574,Customer
5575,Customer
5576,Customer
5577,Customer
5578,Customer
5579,Customer
5580,Customer
5581,Customer
5583,Customer
5584,Customer
5585,Customer
5586,Customer
5587,Customer
5588,Customer
5589,Customer
5590,Customer
5592,Customer
5594,Customer
5595,Customer
5596,Customer
5597,Customer
5598,Customer
5599,Customer
5600,Customer
5603,Customer
5604,Customer
5605,Customer
5606,Customer
5607,Customer
5608,Customer
5610,Customer
5611,Customer
5612,Customer
5614,Customer
5616,Customer
5617,Customer
5618,Customer
5619,Customer
5620,Customer
5621,Customer
5623,Customer
5624,Customer
5625,Customer
5627,Customer
5628,Customer
5629,Customer
5630,Customer
5631,Customer
5632,Customer
5634,Customer
5635,Customer
5637,Customer
5638,Customer
5639,Customer
5640,Customer
5641,Customer
5643,Customer
5644,Customer
5645,Customer
5646,Customer
5647,Customer
5649,Customer
5650,Customer
5651,Customer
5653,Customer
5654,Customer
5655,Customer
5656,Customer
5657,Customer
5660,Customer
5661,Customer
5662,Customer
5663,Customer
5665,Customer
5667,Customer
5668,Customer
5669,Customer
5671,Customer
5672,Customer
5673,Customer
5674,Customer
5675,Customer
5676,Customer
5679,Customer
5680,Customer
5682,Customer
5683,Customer
5684,Customer
5685,Customer
5686,Customer
5689,Customer
5690,Customer
5691,Customer
5692,Customer
5694,Customer
5695,Customer
5696,Customer
5697,Customer
5699,Customer
5702,Customer
5703,Customer
5704,Customer
5705,Customer
5707,Customer
5708,Customer
5709,Customer
5710,Customer
5711,Customer
5713,Customer
5714,Customer
5716,Customer
5717,Customer
5718,Customer
5720,Customer
5721,Customer
5722,Customer
5723,Customer
5724,Customer
5725,Customer
5726,Customer
5727,Customer
5728,Customer
5729,Customer
5731,Customer
5732,Customer
5733,Customer
5734,Customer
5735,Customer
5736,Customer
5737,Customer
5738,Customer
5740,Customer
5741,Customer
5744,Customer
5745,Customer
5746,Customer
5747,Customer
5748,Customer
5749,Customer
5750,Customer
5751,Customer
5752,Customer
5753,Customer
5754,Customer
5755,Customer
5756,Customer
5757,Customer
5758,Customer
5759,Customer
5760,Customer
5761,Customer
5762,Customer
5763,Customer
5764,Customer
5766,Customer
5767,Customer
5768,Customer
5769,Customer
5770,Customer
5772,Customer
5773,Customer
5774,Customer
5775,Customer
5776,Customer
5777,Customer
5778,Customer
5780,Customer
5781,Customer
5783,Customer
5784,Customer
5786,Customer
5787,Customer
5788,Customer
5789,Customer
5790,Customer
5793,Customer
5794,Customer
5796,Customer
5797,Customer
5799,Customer
5800,Customer
5801,Customer
5803,Customer
5806,Customer
5807,Customer
5808,Customer
5809,Customer
5810,Customer
5811,Customer
5812,Customer
5813,Customer
5814,Customer
5817,Customer
5818,Customer
5820,Customer
5821,Customer
5822,Customer
5824,Customer
5827,Customer
5828,Customer
5829,Customer
5830,Customer
5831,Customer
5832,Customer
5833,Customer
5835,Customer
5836,Customer
5837,Customer
5839,Customer
5840,Customer
5841,Customer
5843,Customer
5844,Customer
5846,Customer
5847,Customer
5848,Customer
5849,Customer
5850,Customer
5851,Customer
5852,Customer
5853,Customer
5855,Customer
5857,Customer
5858,Customer
5859,Customer
5860,Customer
5861,Customer
5862,Customer
5863,Customer
5864,Customer
5865,Customer
5867,Customer
5869,Customer
5870,Customer
5871,Customer
5872,Customer
5873,Customer
5875,Customer
5877,Customer
5878,Customer
5879,Customer
5880,Customer
5881,Customer
5882,Customer
5883,Customer
5888,Customer
5889,Customer
5890,Customer
5891,Customer
5894,Customer
5895,Customer
5896,Customer
5897,Customer
5898,Customer
5900,Customer
5901,Customer
5902,Customer
5903,Customer
5904,Customer
5905,Customer
5909,Customer
5910,Customer
5912,Customer
5914,Customer
5916,Customer
5917,Customer
5918,Customer
5919,Customer
5920,Customer
5922,Customer
5924,Customer
5925,Customer
5926,Customer
5928,Customer
5929,Customer
5930,Customer
5932,Customer
5934,Customer
5935,Customer
5936,Customer
5938,Customer
5939,Customer
5940,Customer
5941,Customer
5942,Customer
5943,Customer
5944,Customer
5945,Customer
5946,Customer
5949,Customer
5950,Customer
5951,Customer
5952,Customer
5953,Customer
5954,Customer
5955,Customer
5956,Customer
5957,Customer
5958,Customer
5961,Customer
5962,Customer
5963,Customer
5964,Customer
5965,Customer
5966,Customer
5967,Customer
5968,Customer
5969,Customer
5970,Customer
5971,Customer
5972,Customer
5973,Customer
5974,Customer
5975,Customer
5977,Customer
5978,Customer
5981,Customer
5982,Customer
5983,Customer
5984,Customer
5985,Customer
5986,Customer
5987,Customer
5989,Customer
5990,Customer
5991,Customer
5992,Customer
5993,Customer
5994,Customer
5995,Customer
5996,Customer
5998,Customer
5999,Customer
6000,Customer
6001,Customer
6002,Customer
6003,Customer
6004,Customer
6006,Customer
6007,Customer
6008,Customer
6009,Customer
6010,Customer
6011,Customer
6012,Customer
6013,Customer
6014,Customer
6015,Customer
6016,Customer
6017,Customer
6020,Customer
6021,Customer
6022,Customer
6023,Customer
6024,Customer
6025,Customer
6026,Customer
6027,Customer
6030,Customer
6031,Customer
6032,Customer
6033,Customer
6034,Customer
6036,Customer
6037,Customer
6038,Customer
6040,Customer
6041,Customer
6042,Customer
6044,Customer
6046,Customer
6047,Customer
6049,Customer
6050,Customer
6052,Customer
6053,Customer
6054,Customer
6056,Customer
6057,Customer
6058,Customer
6061,Customer
6062,Customer
6063,Customer
6067,Customer
6068,Customer
6069,Customer
6071,Customer
6072,Customer
6073,Customer
6074,Customer
6075,Customer
6076,Customer
6077,Customer
6078,Customer
6079,Customer
6080,Customer
6081,Customer
6082,Customer
6083,Customer
6084,Customer
6085,Customer
6086,Customer
6087,Customer
6088,Customer
6089,Customer
6090,Customer
6091,Customer
6092,Customer
6093,Customer
6095,Customer
6096,Customer
6097,Customer
6098,Customer
6099,Customer
6100,Customer
6101,Customer
6103,Customer
6105,Customer
6106,Customer
6107,Customer
6108,Customer
6109,Customer
6110,Customer
6112,Customer
6113,Customer
6115,Customer
6116,Customer
6117,Customer
6118,Customer
6119,Customer
6121,Customer
6122,Customer
6123,Customer
6124,Customer
6126,Customer
6128,Customer
6129,Customer
6130,Customer
6131,Customer
6132,Customer
6133,Customer
6135,Customer
6136,Customer
6137,Customer
6138,Customer
6140,Customer
6141,Customer
6142,Customer
6143,Customer
6144,Customer
6145,Customer
6146,Customer
6147,Customer
6150,Customer
6152,Customer
6153,Customer
6155,Customer
6156,Customer
6157,Customer
6158,Customer
6160,Customer
6161,Customer
6162,Customer
6164,Customer
6165,Customer
6166,Customer
6167,Customer
6168,Customer
6169,Customer
6170,Customer
6172,Customer
6173,Customer
6174,Customer
6176,Customer
6177,Customer
6179,Customer
6180,Customer
6181,Customer
6182,Customer
6183,Customer
6184,Customer
6185,Customer
6186,Customer
6188,Customer
6189,Customer
6190,Customer
6191,Customer
6193,Customer
6195,Customer
6196,Customer
6197,Customer
6198,Customer
6199,Customer
6200,Customer
6201,Customer
6202,Customer
6204,Customer
6205,Customer
6206,Customer
6207,Customer
6208,Customer
6209,Customer
6210,Customer
6212,Customer
6213,Customer
6215,Customer
6218,Customer
6219,Customer
6220,Customer
6221,Customer
6222,Customer
6223,Customer
6224,Customer
6225,Customer
6226,Customer
6227,Customer
6229,Customer
6230,Customer
6232,Customer
6235,Customer
6237,Customer
6239,Customer
6240,Customer
6241,Customer
6242,Customer
6245,Customer
6246,Customer
6247,Customer
6250,Customer
6251,Customer
6253,Customer
6254,Customer
6255,Customer
6256,Customer
6258,Customer
6259,Customer
6260,Customer
6261,Customer
6262,Customer
6263,Customer
6264,Customer
6265,Customer
6266,Customer
6267,Customer
6268,Customer
6270,Customer
6271,Customer
6272,Customer
6273,Customer
6274,Customer
6275,Customer
6276,Customer
6277,Customer
6279,Customer
6280,Customer
6281,Customer
6283,Customer
6284,Customer
6285,Customer
6286,Customer
6287,Customer
6288,Customer
6289,Customer
6292,Customer
6293,Customer
6295,Customer
6296,Customer
6298,Customer
6299,Customer
6300,Customer
6302,Customer
6303,Customer
6304,Customer
6305,Customer
6306,Customer
6307,Customer
6308,Customer
6309,Customer
6311,Customer
6314,Customer
6315,Customer
6317,Customer
6318,Customer
6319,Customer
6320,Customer
6321,Customer
6322,Customer
6323,Customer
6325,Customer
6326,Customer
6328,Customer
6329,Customer
6330,Customer
6331,Customer
6332,Customer
6333,Customer
6334,Customer
6335,Customer
6336,Customer
6338,Customer
6339,Customer
6340,Customer
6341,Customer
6342,Customer
6343,Customer
6344,Customer
6345,Customer
6346,Customer
6347,Customer
6349,Customer
6350,Customer
6351,Customer
6353,Customer
6354,Customer
6355,Customer
6356,Customer
6357,Customer
6359,Customer
6360,Customer
6361,Customer
6362,Customer
6363,Customer
6364,Customer
6366,Customer
6367,Customer
6369,Customer
6370,Customer
6371,Customer
6372,Customer
6374,Customer
6375,Customer
6376,Customer
6377,Customer
6378,Customer
6379,Customer
6380,Customer
6381,Customer
6383,Customer
6384,Customer
6385,Customer
6386,Customer
6388,Customer
6389,Customer
6390,Customer
6391,Customer
6392,Customer
6393,Customer
6394,Customer
6396,Customer
6397,Customer
6399,Customer
6401,Customer
6402,Customer
6404,Customer
6405,Customer
6406,Customer
6407,Customer
6408,Customer
6409,Customer
6410,Customer
6411,Customer
6412,Customer
6413,Customer
6414,Customer
6415,Customer
6416,Customer
6417,Customer
6418,Customer
6419,Customer
6420,Customer
6422,Customer
6424,Customer
6425,Customer
6426,Customer
6427,Customer
6428,Customer
6429,Customer
6430,Customer
6431,Customer
6432,Customer
6433,Customer
6434,Customer
6435,Customer
6436,Customer
6437,Customer
6440,Customer
6441,Customer
6442,Customer
6443,Customer
6445,Customer
6446,Customer
6447,Customer
6448,Customer
6449,Customer
6450,Customer
6451,Customer
6452,Customer
6454,Customer
6455,Customer
6456,Customer
6457,Customer
6458,Customer
6459,Customer
6462,Customer
6463,Customer
6464,Customer
6465,Customer
6466,Customer
6467,Customer
6468,Customer
6469,Customer
6470,Customer
6472,Customer
6473,Customer
6474,Customer
6478,Customer
6479,Customer
6480,Customer
6481,Customer
6482,Customer
6483,Customer
6484,Customer
6485,Customer
6486,Customer
6487,Customer
6489,Customer
6490,Customer
6492,Customer
6493,Customer
6495,Customer
6496,Customer
6497,Customer
6498,Customer
6499,Customer
6500,Customer
6502,Customer
6504,Customer
6506,Customer
6507,Customer
6508,Customer
6510,Customer
6511,Customer
6512,Customer
6513,Customer
6515,Customer
6516,Customer
6517,Customer
6518,Customer
6519,Customer
6520,Customer
6521,Customer
6523,Customer
6524,Customer
6525,Customer
6526,Customer
6527,Customer
6528,Customer
6529,Customer
6530,Customer
6532,Customer
6533,Customer
6534,Customer
6535,Customer
6536,Customer
6537,Customer
6538,Customer
6541,Customer
6542,Customer
6543,Customer
6544,Customer
6545,Customer
6546,Customer
6547,Customer
6548,Customer
6549,Customer
6551,Customer
6552,Customer
6553,Customer
6554,Customer
6556,Customer
6559,Customer
6562,Customer
6563,Customer
6564,Customer
6565,Customer
6566,Customer
6567,Customer
6569,Customer
6570,Customer
6572,Customer
6573,Customer
6574,Customer
6575,Customer
6576,Customer
6577,Customer
6579,Customer
6580,Customer
6582,Customer
6583,Customer
6584,Customer
6585,Customer
6587,Customer
6589,Customer
6590,Customer
6591,Customer
6592,Customer
6593,Customer
6594,Customer
6596,Customer
6597,Customer
6598,Customer
6599,Customer
6602,Customer
6603,Customer
6604,Customer
6605,Customer
6607,Customer
6609,Customer
6610,Customer
6612,Customer
6613,Customer
6614,Customer
6616,Customer
6617,Customer
6619,Customer
6620,Customer
6622,Customer
6623,Customer
6624,Customer
6625,Customer
6627,Customer
6628,Customer
6629,Customer
6630,Customer
6632,Customer
6633,Customer
6634,Customer
6635,Customer
6636,Customer
6639,Customer
6640,Customer
6641,Customer
6643,Customer
6644,Customer
6645,Customer
6647,Customer
6648,Customer
6649,Customer
6650,Customer
6651,Customer
6653,Customer
6654,Customer
6656,Customer
6657,Customer
6658,Customer
6660,Customer
6661,Customer
6663,Customer
6664,Customer
6665,Customer
6666,Customer
6667,Customer
6668,Customer
6670,Customer
6672,Customer
6673,Customer
6674,Customer
6675,Customer
6676,Customer
6677,Customer
6678,Customer
6679,Customer
6680,Customer
6681,Customer
6682,Customer
6684,Customer
6686,Customer
6687,Customer
6688,Customer
6690,Customer
6691,Customer
6692,Customer
6693,Customer
6694,Customer
6695,Customer
6697,Customer
6699,Customer
6702,Customer
6706,Customer
6707,Customer
6708,Customer
6710,Customer
6712,Customer
6713,Customer
6714,Customer
6715,Customer
6717,Customer
6719,Customer
6720,Customer
6721,Customer
6722,Customer
6723,Customer
6724,Customer
6726,Customer
6727,Customer
6728,Customer
6729,Customer
6730,Customer
6731,Customer
6735,Customer
6736,Customer
6737,Customer
6738,Customer
6739,Customer
6740,Customer
6741,Customer
6742,Customer
6743,Customer
6744,Customer
6745,Customer
6746,Customer
6747,Customer
6748,Customer
6749,Customer
6750,Customer
6751,Customer
6753,Customer
6754,Customer
6755,Customer
6756,Customer
6757,Customer
6758,Customer
6759,Customer
6761,Customer
6762,Customer
6763,Customer
6764,Customer
6765,Customer
6766,Customer
6767,Customer
6769,Customer
6770,Customer
6771,Customer
6772,Customer
6775,Customer
6776,Customer
6777,Customer
6778,Customer
6779,Customer
6781,Customer
6782,Customer
6783,Customer
6784,Customer
6785,Customer
6786,Customer
6787,Customer
6788,Customer
6789,Customer
6790,Customer
6792,Customer
6794,Customer
6795,Customer
6796,Customer
6797,Customer
6798,Customer
6799,Customer
6800,Customer
6801,Customer
6802,Customer
6804,Customer
6805,Customer
6806,Customer
6808,Customer
6810,Customer
6811,Customer
6812,Customer
6814,Customer
6815,Customer
6818,Customer
6819,Customer
6820,Customer
6821,Customer
6823,Customer
6824,Customer
6825,Customer
6826,Customer
6827,Customer
6829,Customer
6830,Customer
6831,Customer
6832,Customer
6833,Customer
6835,Customer
6836,Customer
6838,Customer
6840,Customer
6843,Customer
6844,Customer
6846,Customer
6848,Customer
6849,Customer
6850,Customer
6851,Customer
6852,Customer
6853,Customer
6854,Customer
6856,Customer
6857,Customer
6859,Customer
6861,Customer
6862,Customer
6863,Customer
6864,Customer
6865,Customer
6866,Customer
6867,Customer
6868,Customer
6869,Customer
6870,Customer
6871,Customer
6872,Customer
6873,Customer
6874,Customer
6875,Customer
6876,Customer
6877,Customer
6879,Customer
6880,Customer
6881,Customer
6882,Customer
6884,Customer
6885,Customer
6886,Customer
6887,Customer
6888,Customer
6889,Customer
6891,Customer
6892,Customer
6893,Customer
6894,Customer
6895,Customer
6897,Customer
6898,Customer
6900,Customer
6901,Customer
6902,Customer
6904,Customer
6905,Customer
6906,Customer
6907,Customer
6908,Customer
6909,Customer
6910,Customer
6911,Customer
6912,Customer
6913,Customer
6915,Customer
6916,Customer
6917,Customer
6918,Customer
6919,Customer
6920,Customer
6921,Customer
6922,Customer
6923,Customer
6924,Customer
6925,Customer
6926,Customer
6927,Customer
6928,Customer
6929,Customer
6932,Customer
6933,Customer
6934,Customer
6935,Customer
6936,Customer
6938,Customer
6940,Customer
6941,Customer
6943,Customer
6945,Customer
6948,Customer
6949,Customer
6951,Customer
6952,Customer
6953,Customer
6955,Customer
6956,Customer
6957,Customer
6960,Customer
6961,Customer
6962,Customer
6963,Customer
6964,Customer
6966,Customer
6968,Customer
6969,Customer
6970,Customer
6972,Customer
6973,Customer
6974,Customer
6975,Customer
6976,Customer
6977,Customer
6978,Customer
6979,Customer
6980,Customer
6981,Customer
6982,Customer
6983,Customer
6984,Customer
6985,Customer
6988,Customer
6989,Customer
6990,Customer
6991,Customer
6993,Customer
6995,Customer
6999,Customer
7001,Customer
7002,Customer
7003,Customer
7004,Customer
7006,Customer
7007,Customer
7008,Customer
7009,Customer
7011,Customer
7013,Customer
7014,Customer
7015,Customer
7016,Customer
7017,Customer
7019,Customer
7020,Customer
7022,Customer
7024,Customer
7025,Customer
7026,Customer
7027,Customer
7028,Customer
7029,Customer
7030,Customer
7031,Customer
7033,Customer
7034,Customer
7035,Customer
7036,Customer
7037,Customer
7038,Customer
7040,Customer
7041,Customer
7042,Customer
7043,Customer
7046,Customer
7048,Customer
7049,Customer
7050,Customer
7051,Customer
7052,Customer
7055,Customer
7056,Customer
7057,Customer
7058,Customer
7059,Customer
7060,Customer
7061,Customer
7064,Customer
7065,Customer
7068,Customer
7071,Customer
7072,Customer
7073,Customer
7074,Customer
7075,Customer
7077,Customer
7078,Customer
7079,Customer
7080,Customer
7082,Customer
7083,Customer
7084,Customer
7085,Customer
7086,Customer
7087,Customer
7088,Customer
7089,Customer
7090,Customer
7091,Customer
7092,Customer
7093,Customer
7094,Customer
7095,Customer
7096,Customer
7097,Customer
7099,Customer
7100,Customer
7102,Customer
7103,Customer
7104,Customer
7106,Customer
7108,Customer
7109,Customer
7110,Customer
7112,Customer
7116,Customer
7117,Customer
7118,Customer
7119,Customer
7120,Customer
7121,Customer
7122,Customer
7123,Customer
7124,Customer
7125,Customer
7126,Customer
7128,Customer
7129,Customer
7130,Customer
7132,Customer
7133,Customer
7134,Customer
7135,Customer
7137,Customer
7139,Customer
7140,Customer
7141,Customer
7142,Customer
7143,Customer
7144,Customer
7146,Customer
7147,Customer
7148,Customer
7149,Customer
7150,Customer
7151,Customer
7152,Customer
7153,Customer
7154,Customer
7155,Customer
7156,Customer
7158,Customer
7159,Customer
7160,Customer
7161,Customer
7162,Customer
7163,Customer
7164,Customer
7166,Customer
7167,Customer
7170,Customer
7172,Customer
7173,Customer
7174,Customer
7175,Customer
7176,Customer
7177,Customer
7178,Customer
7181,Customer
7183,Customer
7185,Customer
7187,Customer
7188,Customer
7189,Customer
7190,Customer
7191,Customer
7192,Customer
7193,Customer
7195,Customer
7196,Customer
7197,Customer
7198,Customer
7199,Customer
7201,Customer
7202,Customer
7203,Customer
7206,Customer
7208,Customer
7209,Customer
7210,Customer
7213,Customer
7215,Customer
7216,Customer
7218,Customer
7220,Customer
7221,Customer
7223,Customer
7224,Customer
7226,Customer
7227,Customer
7228,Customer
7229,Customer
7231,Customer
7232,Customer
7233,Customer
7235,Customer
7237,Customer
7240,Customer
7241,Customer
7242,Customer
7243,Customer
7245,Customer
7246,Customer
7247,Customer
7248,Customer
7249,Customer
7250,Customer
7251,Customer
7254,Customer
7255,Customer
7257,Customer
7258,Customer
7259,Customer
7260,Customer
7261,Customer
7262,Customer
7263,Customer
7264,Customer
7265,Customer
7266,Customer
7267,Customer
7268,Customer
7269,Customer
7270,Customer
7271,Customer
7272,Customer
7273,Customer
7274,Customer
7276,Customer
7277,Customer
7278,Customer
7280,Customer
7281,Customer
7283,Customer
7284,Customer
7286,Customer
7287,Customer
7288,Customer
7289,Customer
7291,Customer
7292,Customer
7293,Customer
7295,Customer
7296,Customer
7297,Customer
7298,Customer
7299,Customer
7300,Customer
7301,Customer
7302,Customer
7303,Customer
7304,Customer
7305,Customer
7309,Customer
7310,Customer
7311,Customer
7313,Customer
7314,Customer
7316,Customer
7317,Customer
7319,Customer
7320,Customer
7321,Customer
7322,Customer
7323,Customer
7324,Customer
7325,Customer
7326,Customer
7327,Customer
7328,Customer
7329,Customer
7330,Customer
7331,Customer
7332,Customer
7334,Customer
7335,Customer
7338,Customer
7339,Customer
7340,Customer
7341,Customer
7342,Customer
7343,Customer
7344,Customer
7346,Customer
7347,Customer
7349,Customer
7351,Customer
7352,Customer
7353,Customer
7355,Customer
7356,Customer
7357,Customer
7358,Customer
7360,Customer
7361,Customer
7362,Customer
7363,Customer
7366,Customer
7367,Customer
7369,Customer
7370,Customer
7373,Customer
7375,Customer
7376,Customer
7377,Customer
7381,Customer
7382,Customer
7383,Customer
7384,Customer
7386,Customer
7387,Customer
7388,Customer
7389,Customer
7390,Customer
7391,Customer
7392,Customer
7393,Customer
7395,Customer
7396,Customer
7397,Customer
7398,Customer
7399,Customer
7400,Customer
7401,Customer
7402,Customer
7405,Customer
7406,Customer
7407,Customer
7408,Customer
7410,Customer
7411,Customer
7412,Customer
7414,Customer
7415,Customer
7417,Customer
7418,Customer
7419,Customer
7420,Customer
7421,Customer
7422,Customer
7423,Customer
7424,Customer
7427,Customer
7430,Customer
7431,Customer
7434,Customer
7436,Customer
7437,Customer
7438,Customer
7439,Customer
7441,Customer
7442,Customer
7443,Customer
7444,Customer
7445,Customer
7446,Customer
7448,Customer
7449,Customer
7450,Customer
7451,Customer
7452,Customer
7453,Customer
7455,Customer
7456,Customer
7457,Customer
7458,Customer
7460,Customer
7461,Customer
7462,Customer
7463,Customer
7464,Customer
7466,Customer
7467,Customer
7468,Customer
7469,Customer
7470,Customer
7471,Customer
7472,Customer
7473,Customer
7474,Customer
7475,Customer
7476,Customer
7477,Customer
7478,Customer
7479,Customer
7481,Customer
7484,Customer
7485,Customer
7486,Customer
7487,Customer
7488,Customer
7489,Customer
7490,Customer
7491,Customer
7492,Customer
7493,Customer
7495,Customer
7496,Customer
7497,Customer
7499,Customer
7500,Customer
7501,Customer
7502,Customer
7503,Customer
7504,Customer
7505,Customer
7506,Customer
7508,Customer
7509,Customer
7512,Customer
7513,Customer
7515,Customer
7516,Customer
7517,Customer
7519,Customer
7520,Customer
7521,Customer
7522,Customer
7523,Customer
7524,Customer
7526,Customer
7527,Customer
7528,Customer
7529,Customer
7530,Customer
7531,Customer
7534,Customer
7535,Customer
7536,Customer
7539,Customer
7540,Customer
7541,Customer
7544,Customer
7545,Customer
7546,Customer
7547,Customer
7549,Customer
7550,Customer
7551,Customer
7553,Customer
7554,Customer
7555,Customer
7557,Customer
7558,Customer
7559,Customer
7560,Customer
7561,Customer
7562,Customer
7563,Customer
7564,Customer
7565,Customer
7566,Customer
7567,Customer
7568,Customer
7570,Customer
7571,Customer
7572,Customer
7573,Customer
7575,Customer
7576,Customer
7577,Customer
7578,Customer
7579,Customer
7580,Customer
7582,Customer
7583,Customer
7584,Customer
7585,Customer
7586,Customer
7589,Customer
7590,Customer
7591,Customer
7594,Customer
7595,Customer
7596,Customer
7598,Customer
7599,Customer
7600,Customer
7602,Customer
7603,Customer
7605,Customer
7606,Customer
7607,Customer
7608,Customer
7610,Customer
7611,Customer
7612,Customer
7613,Customer
7614,Customer
7615,Customer
7617,Customer
7618,Customer
7619,Customer
7621,Customer
7622,Customer
7623,Customer
7624,Customer
7625,Customer
7626,Customer
7627,Customer
7628,Customer
7629,Customer
7631,Customer
7632,Customer
7633,Customer
7634,Customer
7635,Customer
7637,Customer
7638,Customer
7639,Customer
7640,Customer
7641,Customer
7642,Customer
7643,Customer
7644,Customer
7645,Customer
7647,Customer
7648,Customer
7649,Customer
7651,Customer
7653,Customer
7654,Customer
7655,Customer
7656,Customer
7658,Customer
7659,Customer
7662,Customer
7663,Customer
7664,Customer
7665,Customer
7667,Customer
7668,Customer
7670,Customer
7671,Customer
7672,Customer
7673,Customer
7674,Customer
7676,Customer
7679,Customer
7680,Customer
7682,Customer
7684,Customer
7685,Customer
7686,Customer
7687,Customer
7688,Customer
7690,Customer
7691,Customer
7692,Customer
7693,Customer
7694,Customer
7695,Customer
7696,Customer
7697,Customer
7698,Customer
7699,Customer
7700,Customer
7701,Customer
7702,Customer
7704,Customer
7705,Customer
7706,Customer
7708,Customer
7710,Customer
7711,Customer
7712,Customer
7714,Customer
7715,Customer
7716,Customer
7718,Customer
7719,Customer
7720,Customer
7722,Customer
7723,Customer
7724,Customer
7725,Customer
7726,Customer
7727,Customer
7728,Customer
7729,Customer
7730,Customer
7731,Customer
7732,Customer
7733,Customer
7734,Customer
7735,Customer
7737,Customer
7738,Customer
7739,Customer
7741,Customer
7743,Customer
7744,Customer
7745,Customer
7746,Customer
7747,Customer
7750,Customer
7752,Customer
7754,Customer
7755,Customer
7756,Customer
7757,Customer
7759,Customer
7761,Customer
7762,Customer
7764,Customer
7765,Customer
7767,Customer
7768,Customer
7769,Customer
7771,Customer
7772,Customer
7773,Customer
7774,Customer
7776,Customer
7777,Customer
7778,Customer
7780,Customer
7781,Customer
7782,Customer
7783,Customer
7785,Customer
7786,Customer
7788,Customer
7790,Customer
7791,Customer
7792,Customer
7793,Customer
7794,Customer
7796,Customer
7797,Customer
7798,Customer
7799,Customer
7800,Customer
7803,Customer
7804,Customer
7805,Customer
7806,Customer
7807,Customer
7808,Customer
7809,Customer
7810,Customer
7811,Customer
7812,Customer
7813,Customer
7814,Customer
7815,Customer
7816,Customer
7817,Customer
7819,Customer
7820,Customer
7821,Customer
7822,Customer
7823,Customer
7824,Customer
7825,Customer
7826,Customer
7828,Customer
7829,Customer
7830,Customer
7832,Customer
7833,Customer
7835,Customer
7836,Customer
7837,Customer
7838,Customer
7839,Customer
7842,Customer
7843,Customer
7845,Customer
7846,Customer
7847,Customer
7849,Customer
7850,Customer
7851,Customer
7852,Customer
7853,Customer
7854,Customer
7855,Customer
7856,Customer
7857,Customer
7858,Customer
7859,Customer
7860,Customer
7861,Customer
7862,Customer
7863,Customer
7864,Customer
7865,Customer
7867,Customer
7870,Customer
7871,Customer
7872,Customer
7873,Customer
7874,Customer
7876,Customer
7877,Customer
7879,Customer
7881,Customer
7882,Customer
7884,Customer
7885,Customer
7886,Customer
7888,Customer
7889,Customer
7890,Customer
7891,Customer
7892,Customer
7894,Customer
7895,Customer
7896,Customer
7897,Customer
7898,Customer
7899,Customer
7900,Customer
7901,Customer
7903,Customer
7904,Customer
7905,Customer
7906,Customer
7907,Customer
7908,Customer
7909,Customer
7910,Customer
7911,Customer
7912,Customer
7914,Customer
7915,Customer
7916,Customer
7917,Customer
7918,Customer
7919,Customer
7920,Customer
7921,Customer
7922,Customer
7924,Customer
7925,Customer
7927,Customer
7928,Customer
7929,Customer
7930,Customer
7931,Customer
7932,Customer
7933,Customer
7934,Customer
7935,Customer
7936,Customer
7938,Customer
7939,Customer
7940,Customer
7943,Customer
7945,Customer
7946,Customer
7949,Customer
7950,Customer
7951,Customer
7952,Customer
7954,Customer
7955,Customer
7956,Customer
7957,Customer
7959,Customer
7960,Customer
7961,Customer
7962,Customer
7964,Customer
7965,Customer
7966,Customer
7968,Customer
7969,Customer
7970,Customer
7971,Customer
7973,Customer
7975,Customer
7976,Customer
7979,Customer
7980,Customer
7981,Customer
7982,Customer
7983,Customer
7984,Customer
7985,Customer
7986,Customer
7987,Customer
7989,Customer
7991,Customer
7993,Customer
7995,Customer
7996,Customer
7997,Customer
7998,Customer
7999,Customer
8000,Customer
8002,Customer
8003,Customer
8004,Customer
8006,Customer
8008,Customer
8010,Customer
8011,Customer
8012,Customer
8014,Customer
8015,Customer
8016,Customer
8017,Customer
8018,Customer
8019,Customer
8020,Customer
8021,Customer
8022,Customer
8023,Customer
8024,Customer
8025,Customer
8026,Customer
8027,Customer
8028,Customer
8030,Customer
8031,Customer
8033,Customer
8035,Customer
8036,Customer
8037,Customer
8038,Customer
8041,Customer
8042,Customer
8043,Customer
8045,Customer
8046,Customer
8047,Customer
8048,Customer
8049,Customer
8050,Customer
8052,Customer
8053,Customer
8054,Customer
8055,Customer
8056,Customer
8057,Customer
8059,Customer
8060,Customer
8061,Customer
8062,Customer
8063,Customer
8064,Customer
8066,Customer
8067,Customer
8068,Customer
8070,Customer
8071,Customer
8072,Customer
8073,Customer
8075,Customer
8077,Customer
8078,Customer
8079,Customer
8081,Customer
8082,Customer
8083,Customer
8084,Customer
8085,Customer
8086,Customer
8087,Customer
8088,Customer
8089,Customer
8090,Customer
8091,Customer
8092,Customer
8094,Customer
8096,Customer
8097,Customer
8098,Customer
8100,Customer
8101,Customer
8102,Customer
8103,Customer
8104,Customer
8105,Customer
8106,Customer
8107,Customer
8108,Customer
8109,Customer
8110,Customer
8112,Customer
8113,Customer
8114,Customer
8115,Customer
8117,Customer
8118,Customer
8119,Customer
8120,Customer
8122,Customer
8123,Customer
8124,Customer
8125,Customer
8126,Customer
8127,Customer
8129,Customer
8130,Customer
8131,Customer
8132,Customer
8134,Customer
8135,Customer
8137,Customer
8138,Customer
8139,Customer
8140,Customer
8141,Customer
8144,Customer
8145,Customer
8146,Customer
8147,Customer
8148,Customer
8149,Customer
8150,Customer
8151,Customer
8152,Customer
8153,Customer
8154,Customer
8155,Customer
8157,Customer
8158,Customer
8160,Customer
8162,Customer
8163,Customer
8165,Customer
8167,Customer
8169,Customer
8170,Customer
8171,Customer
8172,Customer
8173,Customer
8174,Customer
8175,Customer
8176,Customer
8177,Customer
8180,Customer
8182,Customer
8183,Customer
8184,Customer
8185,Customer
8186,Customer
8188,Customer
8189,Customer
8190,Customer
8191,Customer
8192,Customer
8193,Customer
8194,Customer
8196,Customer
8197,Customer
8198,Customer
8199,Customer
8200,Customer
8203,Customer
8205,Customer
8206,Customer
8207,Customer
8209,Customer
8210,Customer
8211,Customer
8212,Customer
8213,Customer
8214,Customer
8215,Customer
8216,Customer
8217,Customer
8218,Customer
8219,Customer
8222,Customer
8223,Customer
8224,Customer
8225,Customer
8226,Customer
8227,Customer
8228,Customer
8231,Customer
8232,Customer
8233,Customer
8234,Customer
8235,Customer
8236,Customer
8237,Customer
8238,Customer
8240,Customer
8241,Customer
8242,Customer
8243,Customer
8244,Customer
8245,Customer
8246,Customer
8248,Customer
8249,Customer
8250,Customer
8251,Customer
8252,Customer
8254,Customer
8256,Customer
8257,Customer
8258,Customer
8260,Customer
8261,Customer
8262,Customer
8263,Customer
8264,Customer
8265,Customer
8266,Customer
8267,Customer
8268,Customer
8269,Customer
8270,Customer
8271,Customer
8272,Customer
8274,Customer
8275,Customer
8276,Customer
8277,Customer
8279,Customer
8280,Customer
8281,Customer
8282,Customer
8284,Customer
8285,Customer
8286,Customer
8287,Customer
8288,Customer
8289,Customer
8292,Customer
8293,Customer
8295,Customer
8296,Customer
8297,Customer
8298,Customer
8299,Customer
8300,Customer
8301,Customer
8303,Customer
8304,Customer
8305,Customer
8306,Customer
8307,Customer
8308,Customer
8309,Customer
8311,Customer
8312,Customer
8313,Customer
8314,Customer
8315,Customer
8316,Customer
8317,Customer
8318,Customer
8320,Customer
8321,Customer
8322,Customer
8323,Customer
8324,Customer
8325,Customer
8326,Customer
8328,Customer
8329,Customer
8330,Customer
8331,Customer
8332,Customer
8333,Customer
8334,Customer
8335,Customer
8336,Customer
8337,Customer
8338,Customer
8340,Customer
8341,Customer
8342,Customer
8343,Customer
8345,Customer
8346,Customer
8347,Customer
8348,Customer
8350,Customer
8351,Customer
8353,Customer
8354,Customer
8355,Customer
8356,Customer
8357,Customer
8358,Customer
8361,Customer
8362,Customer
8363,Customer
8364,Customer
8365,Customer
8367,Customer
8368,Customer
8370,Customer
8371,Customer
8372,Customer
8373,Customer
8377,Customer
8378,Customer
8379,Customer
8380,Customer
8381,Customer
8382,Customer
8385,Customer
8386,Customer
8387,Customer
8389,Customer
8390,Customer
8391,Customer
8392,Customer
8393,Customer
8394,Customer
8395,Customer
8397,Customer
8399,Customer
8400,Customer
8401,Customer
8402,Customer
8403,Customer
8404,Customer
8405,Customer
8406,Customer
8407,Customer
8408,Customer
8409,Customer
8410,Customer
8411,Customer
8412,Customer
8413,Customer
8415,Customer
8416,Customer
8418,Customer
8419,Customer
8421,Customer
8422,Customer
8424,Customer
8426,Customer
8427,Customer
8429,Customer
8430,Customer
8431,Customer
8433,Customer
8437,Customer
8438,Customer
8439,Customer
8442,Customer
8445,Customer
8446,Customer
8448,Customer
8449,Customer
8450,Customer
8451,Customer
8452,Customer
8453,Customer
8454,Customer
8455,Customer
8456,Customer
8457,Customer
8458,Customer
8459,Customer
8460,Customer
8461,Customer
8462,Customer
8463,Customer
8464,Customer
8466,Customer
8468,Customer
8469,Customer
8470,Customer
8471,Customer
8472,Customer
8473,Customer
8474,Customer
8475,Customer
8476,Customer
8478,Customer
8479,Customer
8480,Customer
8481,Customer
8483,Customer
8485,Customer
8486,Customer
8487,Customer
8488,Customer
8490,Customer
8491,Customer
8492,Customer
8494,Customer
8495,Customer
8497,Customer
8499,Customer
8500,Customer
8501,Customer
8503,Customer
8504,Customer
8505,Customer
8506,Customer
8507,Customer
8509,Customer
8510,Customer
8511,Customer
8512,Customer
8515,Customer
8516,Customer
8517,Customer
8518,Customer
8519,Customer
8520,Customer
8522,Customer
8523,Customer
8524,Customer
8525,Customer
8528,Customer
8529,Customer
8530,Customer
8531,Customer
8532,Customer
8533,Customer
8534,Customer
8535,Customer
8536,Customer
8538,Customer
8539,Customer
8541,Customer
8542,Customer
8544,Customer
8545,Customer
8546,Customer
8547,Customer
8548,Customer
8549,Customer
8550,Customer
8551,Customer
8552,Customer
8553,Customer
8554,Customer
8556,Customer
8557,Customer
8560,Customer
8561,Customer
8563,Customer
8564,Customer
8566,Customer
8567,Customer
8568,Customer
8569,Customer
8570,Customer
8572,Customer
8574,Customer
8575,Customer
8576,Customer
8577,Customer
8578,Customer
8579,Customer
8580,Customer
8581,Customer
8582,Customer
8583,Customer
8584,Customer
8585,Customer
8586,Customer
8587,Customer
8588,Customer
8590,Customer
8591,Customer
8593,Customer
8594,Customer
8596,Customer
8597,Customer
8598,Customer
8599,Customer
8601,Customer
8603,Customer
8604,Customer
8605,Customer
8606,Customer
8608,Customer
8610,Customer
8611,Customer
8612,Customer
8613,Customer
8614,Customer
8615,Customer
8616,Customer
8617,Customer
8618,Customer
8619,Customer
8620,Customer
8623,Customer
8624,Customer
8625,Customer
8626,Customer
8627,Customer
8628,Customer
8629,Customer
8631,Customer
8632,Customer
8633,Customer
8634,Customer
8635,Customer
8636,Customer
8637,Customer
8638,Customer
8639,Customer
8640,Customer
8641,Customer
8642,Customer
8643,Customer
8644,Customer
8646,Customer
8647,Customer
8648,Customer
8650,Customer
8651,Customer
8652,Customer
8653,Customer
8654,Customer
8655,Customer
8656,Customer
8657,Customer
8658,Customer
8659,Customer
8661,Customer
8663,Customer
8664,Customer
8665,Customer
8666,Customer
8667,Customer
8668,Customer
8669,Customer
8670,Customer
8671,Customer
8673,Customer
8674,Customer
8675,Customer
8676,Customer
8677,Customer
8678,Customer
8679,Customer
8680,Customer
8682,Customer
8683,Customer
8684,Customer
8685,Customer
8687,Customer
8689,Customer
8691,Customer
8692,Customer
8693,Customer
8694,Customer
8695,Customer
8696,Customer
8697,Customer
8699,Customer
8700,Customer
8701,Customer
8702,Customer
8704,Customer
8705,Customer
8706,Customer
8707,Customer
8708,Customer
8709,Customer
8711,Customer
8713,Customer
8714,Customer
8716,Customer
8717,Customer
8718,Customer
8720,Customer
8721,Customer
8723,Customer
8724,Customer
8725,Customer
8726,Customer
8727,Customer
8729,Customer
8730,Customer
8732,Customer
8734,Customer
8735,Customer
8736,Customer
8738,Customer
8739,Customer
8740,Customer
8741,Customer
8742,Customer
8743,Customer
8745,Customer
8746,Customer
8747,Customer
8751,Customer
8752,Customer
8753,Customer
8754,Customer
8756,Customer
8757,Customer
8758,Customer
8759,Customer
8761,Customer
8762,Customer
8763,Customer
8765,Customer
8767,Customer
8768,Customer
8769,Customer
8770,Customer
8771,Customer
8772,Customer
8773,Customer
8774,Customer
8776,Customer
8777,Customer
8778,Customer
8779,Customer
8780,Customer
8781,Customer
8783,Customer
8784,Customer
8787,Customer
8788,Customer
8789,Customer
8790,Customer
8791,Customer
8792,Customer
8793,Customer
8794,Customer
8795,Customer
8796,Customer
8797,Customer
8800,Customer
8802,Customer
8803,Customer
8804,Customer
8805,Customer
8806,Customer
8807,Customer
8808,Customer
8809,Customer
8810,Customer
8812,Customer
8813,Customer
8817,Customer
8819,Customer
8820,Customer
8821,Customer
8822,Customer
8824,Customer
8825,Customer
8826,Customer
8827,Customer
8829,Customer
8830,Customer
8831,Customer
8832,Customer
8833,Customer
8834,Customer
8835,Customer
8836,Customer
8837,Customer
8838,Customer
8839,Customer
8841,Customer
8843,Customer
8844,Customer
8845,Customer
8846,Customer
8847,Customer
8848,Customer
8849,Customer
8850,Customer
8851,Customer
8852,Customer
8853,Customer
8854,Customer
8855,Customer
8856,Customer
8857,Customer
8860,Customer
8861,Customer
8862,Customer
8863,Customer
8864,Customer
8866,Customer
8868,Customer
8869,Customer
8870,Customer
8875,Customer
8876,Customer
8878,Customer
8880,Customer
8881,Customer
8882,Customer
8883,Customer
8886,Customer
8887,Customer
8888,Customer
8889,Customer
8890,Customer
8891,Customer
8892,Customer
8893,Customer
8895,Customer
8896,Customer
8897,Customer
8898,Customer
8900,Customer
8901,Customer
8902,Customer
8903,Customer
8904,Customer
8905,Customer
8906,Customer
8910,Customer
8912,Customer
8913,Customer
8915,Customer
8916,Customer
8917,Customer
8918,Customer
8919,Customer
8920,Customer
8921,Customer
8924,Customer
8925,Customer
8926,Customer
8928,Customer
8930,Customer
8931,Customer
8932,Customer
8934,Customer
8935,Customer
8938,Customer
8939,Customer
8940,Customer
8941,Customer
8942,Customer
8943,Customer
8944,Customer
8946,Customer
8947,Customer
8948,Customer
8949,Customer
8950,Customer
8951,Customer
8954,Customer
8955,Customer
8957,Customer
8958,Customer
8962,Customer
8964,Customer
8965,Customer
8967,Customer
8968,Customer
8970,Customer
8971,Customer
8973,Customer
8974,Customer
8975,Customer
8976,Customer
8977,Customer
8978,Customer
8979,Customer
8981,Customer
8982,Customer
8983,Customer
8984,Customer
8985,Customer
8986,Customer
8988,Customer
8989,Customer
8990,Customer
8991,Customer
8992,Customer
8993,Customer
8994,Customer
8996,Customer
8997,Customer
8998,Customer
8999,Customer
9000,Customer
9001,Customer
9002,Customer
9003,Customer
9004,Customer
9008,Customer
9009,Customer
9010,Customer
9011,Customer
9012,Customer
9013,Customer
9014,Customer
9016,Customer
9017,Customer
9018,Customer
9019,Customer
9020,Customer
9021,Customer
9023,Customer
9024,Customer
9025,Customer
9027,Customer
9028,Customer
9029,Customer
9030,Customer
9031,Customer
9032,Customer
9033,Customer
9036,Customer
9038,Customer
9039,Customer
9040,Customer
9041,Customer
9042,Customer
9043,Customer
9044,Customer
9045,Customer
9046,Customer
9047,Customer
9049,Customer
9050,Customer
9051,Customer
9052,Customer
9053,Customer
9054,Customer
9055,Customer
9056,Customer
9057,Customer
9058,Customer
9060,Customer
9061,Customer
9062,Customer
9063,Customer
9064,Customer
9065,Customer
9066,Customer
9067,Customer
9068,Customer
9069,Customer
9070,Customer
9071,Customer
9072,Customer
9073,Customer
9074,Customer
9075,Customer
9076,Customer
9078,Customer
9079,Customer
9080,Customer
9081,Customer
9082,Customer
9083,Customer
9084,Customer
9086,Customer
9088,Customer
9091,Customer
9092,Customer
9093,Customer
9095,Customer
9096,Customer
9098,Customer
9099,Customer
9100,Customer
9102,Customer
9103,Customer
9104,Customer
9105,Customer
9106,Customer
9107,Customer
9108,Customer
9109,Customer
9110,Customer
9113,Customer
9114,Customer
9115,Customer
9118,Customer
9121,Customer
9122,Customer
9123,Customer
9124,Customer
9125,Customer
9126,Customer
9127,Customer
9129,Customer
9130,Customer
9131,Customer
9132,Customer
9133,Customer
9134,Customer
9135,Customer
9136,Customer
9137,Customer
9139,Customer
9140,Customer
9141,Customer
9142,Customer
9143,Customer
9144,Customer
9145,Customer
9146,Customer
9147,Customer
9150,Customer
9151,Customer
9152,Customer
9154,Customer
9155,Customer
9158,Customer
9160,Customer
9161,Customer
9162,Customer
9163,Customer
9164,Customer
9165,Customer
9167,Customer
9168,Customer
9169,Customer
9170,Customer
9172,Customer
9173,Customer
9174,Customer
9175,Customer
9176,Customer
9177,Customer
9178,Customer
9179,Customer
9180,Customer
9181,Customer
9182,Customer
9183,Customer
9184,Customer
9186,Customer
9187,Customer
9189,Customer
9190,Customer
9191,Customer
9192,Customer
9193,Customer
9194,Customer
9195,Customer
9196,Customer
9197,Customer
9198,Customer
9199,Customer
9200,Customer
9201,Customer
9202,Customer
9204,Customer
9206,Customer
9207,Customer
9209,Customer
9210,Customer
9211,Customer
9212,Customer
9213,Customer
9214,Customer
9215,Customer
9218,Customer
9219,Customer
9220,Customer
9221,Customer
9223,Customer
9225,Customer
9226,Customer
9227,Customer
9228,Customer
9231,Customer
9232,Customer
9233,Customer
9234,Customer
9235,Customer
9236,Customer
9237,Customer
9238,Customer
9239,Customer
9241,Customer
9242,Customer
9243,Customer
9244,Customer
9245,Customer
9247,Customer
9248,Customer
9249,Customer
9250,Customer
9251,Customer
9252,Customer
9253,Customer
9255,Customer
9257,Customer
9258,Customer
9259,Customer
9260,Customer
9261,Customer
9263,Customer
9264,Customer
9266,Customer
9269,Customer
9270,Customer
9271,Customer
9272,Customer
9273,Customer
9275,Customer
9276,Customer
9277,Customer
9278,Customer
9280,Customer
9281,Customer
9282,Customer
9283,Customer
9284,Customer
9286,Customer
9287,Customer
9288,Customer
9289,Customer
9290,Customer
9291,Customer
9292,Customer
9293,Customer
9294,Customer
9295,Customer
9296,Customer
9297,Customer
9298,Customer
9299,Customer
9300,Customer
9301,Customer
9302,Customer
9304,Customer
9305,Customer
9306,Customer
9308,Customer
9309,Customer
9310,Customer
9311,Customer
9312,Customer
9313,Customer
9314,Customer
9315,Customer
9316,Customer
9317,Customer
9318,Customer
9322,Customer
9323,Customer
9324,Customer
9325,Customer
9326,Customer
9327,Customer
9328,Customer
9329,Customer
9330,Customer
9332,Customer
9333,Customer
9334,Customer
9336,Customer
9337,Customer
9338,Customer
9340,Customer
9341,Customer
9342,Customer
9343,Customer
9344,Customer
9346,Customer
9348,Customer
9349,Customer
9350,Customer
9352,Customer
9353,Customer
9354,Customer
9355,Customer
9356,Customer
9357,Customer
9359,Customer
9361,Customer
9362,Customer
9363,Customer
9364,Customer
9365,Customer
9366,Customer
9367,Customer
9368,Customer
9369,Customer
9370,Customer
9372,Customer
9373,Customer
9374,Customer
9375,Customer
9376,Customer
9377,Customer
9378,Customer
9381,Customer
9384,Customer
9386,Customer
9388,Customer
9389,Customer
9390,Customer
9391,Customer
9392,Customer
9393,Customer
9395,Customer
9396,Customer
9397,Customer
9399,Customer
9400,Customer
9401,Customer
9402,Customer
9403,Customer
9404,Customer
9405,Customer
9406,Customer
9407,Customer
9409,Customer
9410,Customer
9411,Customer
9413,Customer
9414,Customer
9415,Customer
9416,Customer
9418,Customer
9419,Customer
9420,Customer
9421,Customer
9422,Customer
9423,Customer
9424,Customer
9426,Customer
9429,Customer
9431,Customer
9432,Customer
9434,Customer
9435,Customer
9437,Customer
9438,Customer
9442,Customer
9443,Customer
9445,Customer
9446,Customer
9447,Customer
9448,Customer
9449,Customer
9450,Customer
9451,Customer
9453,Customer
9454,Customer
9455,Customer
9457,Customer
9458,Customer
9459,Customer
9460,Customer
9461,Customer
9463,Customer
9466,Customer
9468,Customer
9469,Customer
9470,Customer
9471,Customer
9472,Customer
9473,Customer
9475,Customer
9477,Customer
9478,Customer
9479,Customer
9480,Customer
9481,Customer
9482,Customer
9483,Customer
9484,Customer
9485,Customer
9486,Customer
9487,Customer
9488,Customer
9489,Customer
9490,Customer
9491,Customer
9493,Customer
9494,Customer
9495,Customer
9496,Customer
9497,Customer
9498,Customer
9499,Customer
9501,Customer
9503,Customer
9504,Customer
9507,Customer
9509,Customer
9510,Customer
9511,Customer
9512,Customer
9513,Customer
9514,Customer
9515,Customer
9516,Customer
9517,Customer
9518,Customer
9519,Customer
9520,Customer
9521,Customer
9523,Customer
9526,Customer
9527,Customer
9528,Customer
9531,Customer
9532,Customer
9533,Customer
9534,Customer
9535,Customer
9536,Customer
9537,Customer
9538,Customer
9539,Customer
9542,Customer
9543,Customer
9544,Customer
9545,Customer
9547,Customer
9548,Customer
9549,Customer
9551,Customer
9553,Customer
9554,Customer
9556,Customer
9558,Customer
9560,Customer
9561,Customer
9562,Customer
9564,Customer
9565,Customer
9568,Customer
9569,Customer
9570,Customer
9573,Customer
9574,Customer
9575,Customer
9576,Customer
9578,Customer
9579,Customer
9580,Customer
9582,Customer
9584,Customer
9586,Customer
9587,Customer
9588,Customer
9589,Customer
9590,Customer
9591,Customer
9592,Customer
9594,Customer
9595,Customer
9596,Customer
9597,Customer
9598,Customer
9600,Customer
9601,Customer
9602,Customer
9603,Customer
9604,Customer
9605,Customer
9607,Customer
9608,Customer
9609,Customer
9610,Customer
9611,Customer
9612,Customer
9614,Customer
9615,Customer
9616,Customer
9617,Customer
9618,Customer
9620,Customer
9621,Customer
9622,Customer
9625,Customer
9626,Customer
9628,Customer
9629,Customer
9630,Customer
9632,Customer
9633,Customer
9634,Customer
9635,Customer
9636,Customer
9638,Customer
9639,Customer
9640,Customer
9642,Customer
9643,Customer
9644,Customer
9645,Customer
9648,Customer
9649,Customer
9651,Customer
9653,Customer
9654,Customer
9655,Customer
9656,Customer
9659,Customer
9660,Customer
9664,Customer
9665,Customer
9666,Customer
9667,Customer
9668,Customer
9669,Customer
9670,Customer
9671,Customer
9672,Customer
9673,Customer
9676,Customer
9678,Customer
9679,Customer
9681,Customer
9682,Customer
9683,Customer
9685,Customer
9686,Customer
9687,Customer
9689,Customer
9690,Customer
9691,Customer
9692,Customer
9693,Customer
9694,Customer
9695,Customer
9696,Customer
9697,Customer
9698,Customer
9699,Customer
9700,Customer
9701,Customer
9702,Customer
9703,Customer
9705,Customer
9706,Customer
9707,Customer
9708,Customer
9710,Customer
9711,Customer
9712,Customer
9713,Customer
9714,Customer
9715,Customer
9716,Customer
9718,Customer
9719,Customer
9720,Customer
9721,Customer
9722,Customer
9723,Customer
9724,Customer
9725,Customer
9729,Customer
9730,Customer
9731,Customer
9732,Customer
9733,Customer
9734,Customer
9735,Customer
9736,Customer
9737,Customer
9738,Customer
9739,Customer
9740,Customer
9743,Customer
9744,Customer
9745,Customer
9746,Customer
9747,Customer
9748,Customer
9750,Customer
9751,Customer
9752,Customer
9753,Customer
9754,Customer
9755,Customer
9757,Customer
9759,Customer
9760,Customer
9761,Customer
9762,Customer
9763,Customer
9765,Customer
9766,Customer
9767,Customer
9768,Customer
9769,Customer
9770,Customer
9771,Customer
9772,Customer
9773,Customer
9776,Customer
9777,Customer
9778,Customer
9779,Customer
9780,Customer
9781,Customer
9782,Customer
9784,Customer
9785,Customer
9786,Customer
9787,Customer
9788,Customer
9789,Customer
9790,Customer
9792,Customer
9794,Customer
9795,Customer
9796,Customer
9798,Customer
9799,Customer
9800,Customer
9801,Customer
9802,Customer
9803,Customer
9806,Customer
9807,Customer
9808,Customer
9809,Customer
9810,Customer
9811,Customer
9813,Customer
9814,Customer
9816,Customer
9817,Customer
9818,Customer
9820,Customer
9821,Customer
9823,Customer
9824,Customer
9825,Customer
9826,Customer
9827,Customer
9828,Customer
9829,Customer
9830,Customer
9831,Customer
9833,Customer
9834,Customer
9835,Customer
9836,Customer
9837,Customer
9838,Customer
9839,Customer
9840,Customer
9842,Customer
9845,Customer
9846,Customer
9849,Customer
9850,Customer
9852,Customer
9853,Customer
9854,Customer
9855,Customer
9856,Customer
9858,Customer
9859,Customer
9860,Customer
9861,Customer
9862,Customer
9863,Customer
9864,Customer
9865,Customer
9867,Customer
9868,Customer
9869,Customer
9870,Customer
9871,Customer
9873,Customer
9874,Customer
9876,Customer
9877,Customer
9879,Customer
9881,Customer
9882,Customer
9884,Customer
9885,Customer
9887,Customer
9889,Customer
9890,Customer
9891,Customer
9894,Customer
9895,Customer
9896,Customer
9898,Customer
9899,Customer
9900,Customer
9902,Customer
9903,Customer
9904,Customer
9905,Customer
9906,Customer
9907,Customer
9908,Customer
9909,Customer
9910,Customer
9911,Customer
9912,Customer
9913,Customer
9915,Customer
9916,Customer
9917,Customer
9918,Customer
9920,Customer
9921,Customer
9922,Customer
9923,Customer
9924,Customer
9925,Customer
9926,Customer
9927,Customer
9928,Customer
9929,Customer
9933,Customer
9935,Customer
9936,Customer
9937,Customer
9938,Customer
9939,Customer
9940,Customer
9941,Customer
9942,Customer
9943,Customer
9944,Customer
9947,Customer
9948,Customer
9951,Customer
9952,Customer
9953,Customer
9954,Customer
9955,Customer
9957,Customer
9962,Customer
9963,Customer
9965,Customer
9966,Customer
9968,Customer
9969,Customer
9970,Customer
9971,Customer
9972,Customer
9973,Customer
9975,Customer
9976,Customer
9977,Customer
9978,Customer
9979,Customer
9980,Customer
9981,Customer
9982,Customer
9983,Customer
9984,Customer
9985,Customer
9986,Customer
9989,Customer
9991,Customer
9992,Customer
9993,Customer
9994,Customer
9995,Customer
9996,Customer
9997,Customer
9998,Customer
9999,Customer
10000,Customer
10001,Customer
10002,Customer
10003,Customer
10004,Customer
10005,Customer
10006,Customer
10007,Customer
10009,Customer
10010,Customer
10012,Customer
10013,Customer
10015,Customer
10016,Customer
10018,Customer
10019,Customer
10020,Customer
10021,Customer
10022,Customer
10023,Customer
10027,Customer
10032,Customer
10033,Customer
10034,Customer
10035,Customer
10036,Customer
10037,Customer
10039,Customer
10040,Customer
10041,Customer
10042,Customer
10043,Customer
10044,Customer
10045,Customer
10046,Customer
10047,Customer
10048,Customer
10049,Customer
10052,Customer
10055,Customer
10057,Customer
10059,Customer
10060,Customer
10061,Customer
10062,Customer
10063,Customer
10064,Customer
10065,Customer
10066,Customer
10069,Customer
10070,Customer
10071,Customer
10072,Customer
10073,Customer
10075,Customer
10076,Customer
10077,Customer
10078,Customer
10080,Customer
10081,Customer
10082,Customer
10083,Customer
10084,Customer
10085,Customer
10086,Customer
10087,Customer
10088,Customer
10089,Customer
10090,Customer
10091,Customer
10092,Customer
10093,Customer
10095,Customer
10096,Customer
10097,Customer
10099,Customer
10101,Customer
10102,Customer
10103,Customer
10104,Customer
10106,Customer
10108,Customer
10109,Customer
10110,Customer
10111,Customer
10112,Customer
10113,Customer
10115,Customer
10118,Customer
10119,Customer
10120,Customer
10121,Customer
10123,Customer
10124,Customer
10125,Customer
10126,Customer
10127,Customer
10128,Customer
10129,Customer
10130,Customer
10132,Customer
10133,Customer
10134,Customer
10135,Customer
10136,Customer
10138,Customer
10140,Customer
10141,Customer
10142,Customer
10143,Customer
10144,Customer
10145,Customer
10147,Customer
10148,Customer
10150,Customer
10152,Customer
10153,Customer
10154,Customer
10155,Customer
10156,Customer
10159,Customer
10161,Customer
10162,Customer
10164,Customer
10165,Customer
10166,Customer
10167,Customer
10168,Customer
10169,Customer
10170,Customer
10172,Customer
10173,Customer
10174,Customer
10175,Customer
10176,Customer
10177,Customer
10178,Customer
10180,Customer
10182,Customer
10185,Customer
10186,Customer
10187,Customer
10188,Customer
10189,Customer
10191,Customer
10192,Customer
10193,Customer
10194,Customer
10195,Customer
10197,Customer
10198,Customer
10199,Customer
10200,Customer
10201,Customer
10202,Customer
10204,Customer
10207,Customer
10208,Customer
10212,Customer
10213,Customer
10214,Customer
10216,Customer
10217,Customer
10218,Customer
10219,Customer
10220,Customer
10221,Customer
10222,Customer
10223,Customer
10224,Customer
10226,Customer
10227,Customer
10229,Customer
10231,Customer
10234,Customer
10235,Customer
10237,Customer
10238,Customer
10239,Customer
10240,Customer
10242,Customer
10244,Customer
10245,Customer
10247,Customer
10248,Customer
10250,Customer
10251,Customer
10252,Customer
10253,Customer
10254,Customer
10256,Customer
10257,Customer
10258,Customer
10260,Customer
10261,Customer
10262,Customer
10263,Customer
10264,Customer
10266,Customer
10267,Customer
10268,Customer
10269,Customer
10270,Customer
10271,Customer
10273,Customer
10274,Customer
10275,Customer
10276,Customer
10277,Customer
10278,Customer
10279,Customer
10281,Customer
10282,Customer
10284,Customer
10286,Customer
10287,Customer
10288,Customer
10289,Customer
10290,Customer
10291,Customer
10294,Customer
10295,Customer
10297,Customer
10298,Customer
10299,Customer
10301,Customer
10302,Customer
10303,Customer
10304,Customer
10305,Customer
10306,Customer
10308,Customer
10311,Customer
10312,Customer
10316,Customer
10318,Customer
10319,Customer
10324,Customer
10325,Customer
10326,Customer
10327,Customer
10328,Customer
10330,Customer
10331,Customer
10332,Customer
10333,Customer
10334,Customer
10335,Customer
10336,Customer
10337,Customer
10338,Customer
10340,Customer
10341,Customer
10342,Customer
10343,Customer
10345,Customer
10346,Customer
10347,Customer
10348,Customer
10351,Customer
10353,Customer
10354,Customer
10356,Customer
10357,Customer
10358,Customer
10359,Customer
10360,Customer
10361,Customer
10362,Customer
10363,Customer
10364,Customer
10365,Customer
10366,Customer
10367,Customer
10368,Customer
10369,Customer
10370,Customer
10371,Customer
10372,Customer
10374,Customer
10375,Customer
10376,Customer
10377,Customer
10380,Customer
10381,Customer
10383,Customer
10384,Customer
10385,Customer
10386,Customer
10387,Customer
10392,Customer
10393,Customer
10394,Customer
10395,Customer
10396,Customer
10398,Customer
10400,Customer
10404,Customer
10405,Customer
10406,Customer
10407,Customer
10408,Customer
10409,Customer
10410,Customer
10411,Customer
10412,Customer
10413,Customer
10414,Customer
10415,Customer
10416,Customer
10417,Customer
10418,Customer
10420,Customer
10421,Customer
10422,Customer
10423,Customer
10427,Customer
10428,Customer
10429,Customer
10430,Customer
10433,Customer
10434,Customer
10435,Customer
10436,Customer
10438,Customer
10439,Customer
10440,Customer
10441,Customer
10444,Customer
10445,Customer
10446,Customer
10448,Customer
10449,Customer
10450,Customer
10451,Customer
10453,Customer
10455,Customer
10457,Customer
10458,Customer
10459,Customer
10460,Customer
10461,Customer
10463,Customer
10464,Customer
10466,Customer
10467,Customer
10468,Customer
10469,Customer
10470,Customer
10471,Customer
10472,Customer
10473,Customer
10475,Customer
10476,Customer
10477,Customer
10478,Customer
10479,Customer
10480,Customer
10481,Customer
10483,Customer
10484,Customer
10486,Customer
10487,Customer
10488,Customer
10489,Customer
10490,Customer
10491,Customer
10492,Customer
10493,Customer
10495,Customer
10496,Customer
10498,Customer
10499,Customer
10500,Customer
10502,Customer
10504,Customer
10505,Customer
10506,Customer
10508,Customer
10509,Customer
10510,Customer
10511,Customer
10512,Customer
10513,Customer
10514,Customer
10515,Customer
10516,Customer
10518,Customer
10519,Customer
10520,Customer
10521,Customer
10522,Customer
10524,Customer
10525,Customer
10526,Customer
10528,Customer
10529,Customer
10531,Customer
10532,Customer
10534,Customer
10536,Customer
10537,Customer
10538,Customer
10539,Customer
10540,Customer
10542,Customer
10543,Customer
10544,Customer
10547,Customer
10549,Customer
10551,Customer
10552,Customer
10553,Customer
10554,Customer
10555,Customer
10556,Customer
10557,Customer
10558,Customer
10559,Customer
10560,Customer
10561,Customer
10562,Customer
10563,Customer
10564,Customer
10565,Customer
10566,Customer
10567,Customer
10569,Customer
10570,Customer
10572,Customer
10574,Customer
10575,Customer
10576,Customer
10577,Customer
10579,Customer
10580,Customer
10581,Customer
10583,Customer
10584,Customer
10585,Customer
10586,Customer
10587,Customer
10588,Customer
10589,Customer
10590,Customer
10591,Customer
10592,Customer
10593,Customer
10594,Customer
10595,Customer
10596,Customer
10597,Customer
10598,Customer
10599,Customer
10600,Customer
10601,Customer
10603,Customer
10604,Customer
10606,Customer
10607,Customer
10608,Customer
10609,Customer
10610,Customer
10613,Customer
10614,Customer
10615,Customer
10616,Customer
10617,Customer
10618,Customer
10619,Customer
10620,Customer
10621,Customer
10622,Customer
10623,Customer
10624,Customer
10626,Customer
10627,Customer
10628,Customer
10629,Customer
10630,Customer
10632,Customer
10633,Customer
10634,Customer
10635,Customer
10636,Customer
10639,Customer
10640,Customer
10641,Customer
10643,Customer
10644,Customer
10645,Customer
10646,Customer
10647,Customer
10648,Customer
10649,Customer
10650,Customer
10651,Customer
10652,Customer
10654,Customer
10655,Customer
10656,Customer
10657,Customer
10658,Customer
10659,Customer
10660,Customer
10661,Customer
10662,Customer
10663,Customer
10664,Customer
10666,Customer
10667,Customer
10668,Customer
10669,Customer
10670,Customer
10671,Customer
10672,Customer
10675,Customer
10676,Customer
10677,Customer
10678,Customer
10679,Customer
10681,Customer
10682,Customer
10683,Customer
10685,Customer
10686,Customer
10687,Customer
10689,Customer
10690,Customer
10691,Customer
10693,Customer
10694,Customer
10695,Customer
10696,Customer
10697,Customer
10699,Customer
10701,Customer
10702,Customer
10705,Customer
10706,Customer
10707,Customer
10709,Customer
10710,Customer
10711,Customer
10712,Customer
10713,Customer
10714,Customer
10716,Customer
10717,Customer
10718,Customer
10721,Customer
10722,Customer
10723,Customer
10725,Customer
10726,Customer
10727,Customer
10728,Customer
10729,Customer
10730,Customer
10732,Customer
10733,Customer
10737,Customer
10738,Customer
10739,Customer
10741,Customer
10742,Customer
10743,Customer
10744,Customer
10745,Customer
10747,Customer
10748,Customer
10749,Customer
10750,Customer
10751,Customer
10752,Customer
10753,Customer
10754,Customer
10755,Customer
10757,Customer
10759,Customer
10760,Customer
10761,Customer
10762,Customer
10763,Customer
10764,Customer
10765,Customer
10766,Customer
10767,Customer
10769,Customer
10770,Customer
10771,Customer
10772,Customer
10773,Customer
10774,Customer
10775,Customer
10776,Customer
10779,Customer
10780,Customer
10782,Customer
10783,Customer
10784,Customer
10785,Customer
10786,Customer
10787,Customer
10788,Customer
10789,Customer
10790,Customer
10791,Customer
10792,Customer
10793,Customer
10794,Customer
10795,Customer
10796,Customer
10797,Customer
10798,Customer
10801,Customer
10802,Customer
10803,Customer
10804,Customer
10805,Customer
10807,Customer
10808,Customer
10813,Customer
10814,Customer
10816,Customer
10817,Customer
10818,Customer
10819,Customer
10820,Customer
10821,Customer
10822,Customer
10823,Customer
10824,Customer
10827,Customer
10829,Customer
10830,Customer
10831,Customer
10832,Customer
10833,Customer
10835,Customer
10836,Customer
10838,Customer
10839,Customer
10840,Customer
10841,Customer
10842,Customer
10843,Customer
10844,Customer
10845,Customer
10846,Customer
10847,Customer
10848,Customer
10849,Customer
10852,Customer
10853,Customer
10854,Customer
10855,Customer
10856,Customer
10859,Customer
10861,Customer
10862,Customer
10863,Customer
10864,Customer
10865,Customer
10866,Customer
10870,Customer
10871,Customer
10873,Customer
10876,Customer
10878,Customer
10880,Customer
10881,Customer
10882,Customer
10883,Customer
10884,Customer
10887,Customer
10888,Customer
10891,Customer
10892,Customer
10893,Customer
10895,Customer
10896,Customer
10897,Customer
10899,Customer
10900,Customer
10901,Customer
10902,Customer
10903,Customer
10904,Customer
10905,Customer
10906,Customer
10907,Customer
10908,Customer
10909,Customer
10910,Customer
10911,Customer
10912,Customer
10913,Customer
10914,Customer
10915,Customer
10916,Customer
10917,Customer
10919,Customer
10920,Customer
10921,Customer
10922,Customer
10923,Customer
10924,Customer
10926,Customer
10928,Customer
10929,Customer
10932,Customer
10933,Customer
10934,Customer
10937,Customer
10938,Customer
10939,Customer
10941,Customer
10942,Customer
10943,Customer
10944,Customer
10945,Customer
10946,Customer
10947,Customer
10948,Customer
10949,Customer
10950,Customer
10951,Customer
10952,Customer
10953,Customer
10954,Customer
10955,Customer
10957,Customer
10958,Customer
10960,Customer
10961,Customer
10962,Customer
10963,Customer
10965,Customer
10966,Customer
10967,Customer
10968,Customer
10969,Customer
10971,Customer
10972,Customer
10973,Customer
10974,Customer
10975,Customer
10976,Customer
10977,Customer
10979,Customer
10980,Customer
10981,Customer
10984,Customer
10985,Customer
10986,Customer
10987,Customer
10988,Customer
10989,Customer
10990,Customer
10991,Customer
10992,Customer
10993,Customer
10994,Customer
10996,Customer
10997,Customer
11000,Customer
11001,Customer
11002,Customer
11003,Customer
11004,Customer
11006,Customer
11007,Customer
11008,Customer
11009,Customer
11012,Customer
11015,Customer
11016,Customer
11017,Customer
11018,Customer
11019,Customer
11020,Customer
11022,Customer
11023,Customer
11024,Customer
11027,Customer
11028,Customer
11029,Customer
11030,Customer
11031,Customer
11033,Customer
11034,Customer
11038,Customer
11039,Customer
11040,Customer
11041,Customer
11045,Customer
11046,Customer
11048,Customer
11049,Customer
11050,Customer
11051,Customer
11052,Customer
11054,Customer
11056,Customer
11058,Customer
11059,Customer
11060,Customer
11061,Customer
11063,Customer
11064,Customer
11065,Customer
11068,Customer
11069,Customer
11070,Customer
11071,Customer
11073,Customer
11075,Customer
11076,Customer
11077,Customer
11079,Customer
11080,Customer
11081,Customer
11082,Customer
11084,Customer
11085,Customer
11086,Customer
11087,Customer
11088,Customer
11090,Customer
11091,Customer
11092,Customer
11093,Customer
11094,Customer
11096,Customer
11097,Customer
11098,Customer
11099,Customer
11100,Customer
11102,Customer
11103,Customer
11107,Customer
11109,Customer
11110,Customer
11111,Customer
11112,Customer
11113,Customer
11114,Customer
11115,Customer
11116,Customer
11120,Customer
11121,Customer
11122,Customer
11124,Customer
11125,Customer
11126,Customer
11128,Customer
11129,Customer
11131,Customer
11132,Customer
11133,Customer
11134,Customer
11135,Customer
11136,Customer
11137,Customer
11138,Customer
11139,Customer
11140,Customer
11141,Customer
11142,Customer
11143,Customer
11144,Customer
11145,Customer
11146,Customer
11147,Customer
11148,Customer
11149,Customer
11150,Customer
11152,Customer
11153,Customer
11154,Customer
11155,Customer
11156,Customer
11157,Customer
11158,Customer
11160,Customer
11162,Customer
11163,Customer
11164,Customer
11165,Customer
11166,Customer
11169,Customer
11170,Customer
11173,Customer
11174,Customer
11176,Customer
11177,Customer
11178,Customer
11179,Customer
11180,Customer
11181,Customer
11182,Customer
11183,Customer
11184,Customer
11185,Customer
11187,Customer
11188,Customer
11189,Customer
11190,Customer
11191,Customer
11192,Customer
11193,Customer
11194,Customer
11196,Customer
11197,Customer
11198,Customer
11199,Customer
11200,Customer
11204,Customer
11206,Customer
11207,Customer
11208,Customer
11209,Customer
11210,Customer
11211,Customer
11212,Customer
11213,Customer
11214,Customer
11217,Customer
11219,Customer
11220,Customer
11221,Customer
11222,Customer
11223,Customer
11224,Customer
11225,Customer
11226,Customer
11227,Customer
11228,Customer
11229,Customer
11231,Customer
11232,Customer
11234,Customer
11235,Customer
11236,Customer
11237,Customer
11238,Customer
11239,Customer
11240,Customer
11241,Customer
11242,Customer
11244,Customer
11246,Customer
11247,Customer
11248,Customer
11249,Customer
11250,Customer
11251,Customer
11252,Customer
11254,Customer
11255,Customer
11256,Customer
11257,Customer
11260,Customer
11261,Customer
11262,Customer
11263,Customer
11264,Customer
11266,Customer
11267,Customer
11268,Customer
11269,Customer
11270,Customer
11271,Customer
11272,Customer
11273,Customer
11274,Customer
11275,Customer
11277,Customer
11278,Customer
11279,Customer
11280,Customer
11281,Customer
11282,Customer
11283,Customer
11284,Customer
11285,Customer
11286,Customer
11287,Customer
11288,Customer
11290,Customer
11291,Customer
11292,Customer
11293,Customer
11294,Customer
11295,Customer
11296,Customer
11298,Customer
11299,Customer
11300,Customer
11302,Customer
11303,Customer
11304,Customer
11306,Customer
11307,Customer
11308,Customer
11310,Customer
11311,Customer
11312,Customer
11314,Customer
11316,Customer
11317,Customer
11318,Customer
11319,Customer
11320,Customer
11321,Customer
11322,Customer
11324,Customer
11325,Customer
11327,Customer
11328,Customer
11329,Customer
11330,Customer
11331,Customer
11332,Customer
11333,Customer
11334,Customer
11335,Customer
11336,Customer
11337,Customer
11338,Customer
11339,Customer
11340,Customer
11341,Customer
11342,Customer
11343,Customer
11344,Customer
11345,Customer
11346,Customer
11347,Customer
11348,Customer
11350,Customer
11352,Customer
11354,Customer
11355,Customer
11356,Customer
11357,Customer
11358,Customer
11359,Customer
11363,Customer
11365,Customer
11366,Customer
11369,Customer
11371,Customer
11372,Customer
11374,Customer
11375,Customer
11376,Customer
11377,Customer
11378,Customer
11380,Customer
11381,Customer
11382,Customer
11384,Customer
11385,Customer
11386,Customer
11387,Customer
11389,Customer
11390,Customer
11391,Customer
11392,Customer
11393,Customer
11394,Customer
11395,Customer
11396,Customer
11397,Customer
11398,Customer
11399,Customer
11400,Customer
11401,Customer
11402,Customer
11403,Customer
11404,Customer
11405,Customer
11406,Customer
11409,Customer
11410,Customer
11412,Customer
11413,Customer
11414,Customer
11415,Customer
11416,Customer
11417,Customer
11418,Customer
11420,Customer
11421,Customer
11422,Customer
11423,Customer
11424,Customer
11425,Customer
11427,Customer
11428,Customer
11429,Customer
11430,Customer
11431,Customer
11432,Customer
11433,Customer
11434,Customer
11435,Customer
11436,Customer
11438,Customer
11439,Customer
11441,Customer
11443,Customer
11444,Customer
11445,Customer
11446,Customer
11447,Customer
11449,Customer
11450,Customer
11451,Customer
11452,Customer
11454,Customer
11455,Customer
11456,Customer
11457,Customer
11458,Customer
11460,Customer
11461,Customer
11462,Customer
11463,Customer
11464,Customer
11465,Customer
11468,Customer
11469,Customer
11470,Customer
11471,Customer
11472,Customer
11473,Customer
11474,Customer
11475,Customer
11477,Customer
11479,Customer
11480,Customer
11481,Customer
11482,Customer
11483,Customer
11486,Customer
11487,Customer
11488,Customer
11491,Customer
11492,Customer
11493,Customer
11495,Customer
11496,Customer
11497,Customer
11498,Customer
11499,Customer
11500,Customer
11501,Customer
11502,Customer
11503,Customer
11504,Customer
11505,Customer
11509,Customer
11510,Customer
11511,Customer
11513,Customer
11515,Customer
11516,Customer
11517,Customer
11519,Customer
11520,Customer
11521,Customer
11522,Customer
11523,Customer
11524,Customer
11525,Customer
11528,Customer
11529,Customer
11530,Customer
11531,Customer
11532,Customer
11533,Customer
11534,Customer
11535,Customer
11536,Customer
11537,Customer
11538,Customer
11539,Customer
11541,Customer
11542,Customer
11543,Customer
11544,Customer
11545,Customer
11546,Customer
11547,Customer
11548,Customer
11549,Customer
11550,Customer
11551,Customer
11552,Customer
11553,Customer
11554,Customer
11555,Customer
11556,Customer
11558,Customer
11559,Customer
11563,Customer
11566,Customer
11568,Customer
11569,Customer
11570,Customer
11573,Customer
11574,Customer
11575,Customer
11576,Customer
11577,Customer
11578,Customer
11579,Customer
11580,Customer
11583,Customer
11584,Customer
11585,Customer
11586,Customer
11587,Customer
11588,Customer
11590,Customer
11591,Customer
11593,Customer
11594,Customer
11595,Customer
11597,Customer
11599,Customer
11600,Customer
11601,Customer
11602,Customer
11603,Customer
11604,Customer
11608,Customer
11609,Customer
11611,Customer
11613,Customer
11614,Customer
11616,Customer
11617,Customer
11619,Customer
11620,Customer
11622,Customer
11623,Customer
11625,Customer
11626,Customer
11628,Customer
11629,Customer
11631,Customer
11632,Customer
11633,Customer
11635,Customer
11636,Customer
11637,Customer
11638,Customer
11639,Customer
11640,Customer
11641,Customer
11644,Customer
11646,Customer
11647,Customer
11648,Customer
11649,Customer
11650,Customer
11652,Customer
11653,Customer
11654,Customer
11655,Customer
11656,Customer
11657,Customer
11658,Customer
11659,Customer
11660,Customer
11661,Customer
11662,Customer
11663,Customer
11665,Customer
11666,Customer
11667,Customer
11669,Customer
11670,Customer
11673,Customer
11674,Customer
11675,Customer
11676,Customer
11677,Customer
11679,Customer
11680,Customer
11681,Customer
11682,Customer
11683,Customer
11684,Customer
11685,Customer
11686,Customer
11687,Customer
11689,Customer
11690,Customer
11691,Customer
11693,Customer
11694,Customer
11695,Customer
11696,Customer
11697,Customer
11698,Customer
11699,Customer
11700,Customer
11701,Customer
11702,Customer
11703,Customer
11704,Customer
11705,Customer
11706,Customer
11707,Customer
11708,Customer
11709,Customer
11710,Customer
11711,Customer
11712,Customer
11713,Customer
11714,Customer
11715,Customer
11716,Customer
11718,Customer
11719,Customer
11720,Customer
11721,Customer
11724,Customer
11725,Customer
11727,Customer
11729,Customer
11730,Customer
11731,Customer
11732,Customer
11733,Customer
11734,Customer
11737,Customer
11739,Customer
11740,Customer
11741,Customer
11742,Customer
11743,Customer
11744,Customer
11745,Customer
11746,Customer
11747,Customer
11748,Customer
11750,Customer
11752,Customer
11753,Customer
11754,Customer
11755,Customer
11756,Customer
11757,Customer
11758,Customer
11759,Customer
11760,Customer
11762,Customer
11764,Customer
11766,Customer
11767,Customer
11768,Customer
11769,Customer
11770,Customer
11771,Customer
11772,Customer
11773,Customer
11774,Customer
11775,Customer
11776,Customer
11777,Customer
11779,Customer
11782,Customer
11783,Customer
11784,Customer
11785,Customer
11786,Customer
11787,Customer
11788,Customer
11789,Customer
11790,Customer
11791,Customer
11792,Customer
11794,Customer
11795,Customer
11796,Customer
11797,Customer
11798,Customer
11799,Customer
11802,Customer
11803,Customer
11805,Customer
11806,Customer
11807,Customer
11808,Customer
11809,Customer
11810,Customer
11811,Customer
11812,Customer
11814,Customer
11815,Customer
11816,Customer
11817,Customer
11818,Customer
11819,Customer
11820,Customer
11821,Customer
11822,Customer
11823,Customer
11824,Customer
11825,Customer
11826,Customer
11827,Customer
11830,Customer
11831,Customer
11832,Customer
11833,Customer
11834,Customer
11835,Customer
11836,Customer
11837,Customer
11838,Customer
11840,Customer
11841,Customer
11842,Customer
11843,Customer
11844,Customer
11845,Customer
11846,Customer
11848,Customer
11850,Customer
11851,Customer
11852,Customer
11853,Customer
11854,Customer
11855,Customer
11856,Customer
11857,Customer
11858,Customer
11859,Customer
11860,Customer
11861,Customer
11862,Customer
11865,Customer
11866,Customer
11867,Customer
11868,Customer
11870,Customer
11871,Customer
11872,Customer
11873,Customer
11874,Customer
11875,Customer
11876,Customer
11877,Customer
11878,Customer
11880,Customer
11881,Customer
11882,Customer
11883,Customer
11884,Customer
11885,Customer
11886,Customer
11888,Customer
11890,Customer
11891,Customer
11894,Customer
11895,Customer
11898,Customer
11900,Customer
11901,Customer
11902,Customer
11903,Customer
11905,Customer
11907,Customer
11908,Customer
11909,Customer
11911,Customer
11912,Customer
11913,Customer
11914,Customer
11915,Customer
11916,Customer
11917,Customer
11918,Customer
11919,Customer
11921,Customer
11922,Customer
11923,Customer
11924,Customer
11925,Customer
11927,Customer
11928,Customer
11929,Customer
11930,Customer
11932,Customer
11933,Customer
11934,Customer
11935,Customer
11937,Customer
11938,Customer
11940,Customer
11941,Customer
11942,Customer
11943,Customer
11944,Customer
11945,Customer
11947,Customer
11948,Customer
11950,Customer
11952,Customer
11953,Customer
11955,Customer
11956,Customer
11957,Customer
11958,Customer
11959,Customer
11960,Customer
11962,Customer
11963,Customer
11964,Customer
11965,Customer
11966,Customer
11968,Customer
11970,Customer
11971,Customer
11972,Customer
11973,Customer
11974,Customer
11977,Customer
11979,Customer
11980,Customer
11981,Customer
11984,Customer
11985,Customer
11987,Customer
11988,Customer
11989,Customer
11990,Customer
11992,Customer
11993,Customer
11994,Customer
11995,Customer
11996,Customer
11998,Customer
11999,Customer
12001,Customer
12002,Customer
12005,Customer
12006,Customer
12008,Customer
12009,Customer
12010,Customer
12013,Customer
12014,Customer
12015,Customer
12018,Customer
12019,Customer
12020,Customer
12021,Customer
12022,Customer
12023,Customer
12024,Customer
12025,Customer
12026,Customer
12027,Customer
12028,Customer
12030,Customer
12032,Customer
12033,Customer
12035,Customer
12036,Customer
12039,Customer
12040,Customer
12041,Customer
12042,Customer
12043,Customer
12044,Customer
12045,Customer
12046,Customer
12047,Customer
12049,Customer
12051,Customer
12052,Customer
12053,Customer
12054,Customer
12055,Customer
12057,Customer
12058,Customer
12060,Customer
12061,Customer
12063,Customer
12064,Customer
12065,Customer
12067,Customer
12069,Customer
12070,Customer
12071,Customer
12073,Customer
12074,Customer
12075,Customer
12077,Customer
12078,Customer
12079,Customer
12080,Customer
12081,Customer
12082,Customer
12083,Customer
12084,Customer
12085,Customer
12088,Customer
12089,Customer
12091,Customer
12092,Customer
12093,Customer
12094,Customer
12095,Customer
12097,Customer
12098,Customer
12099,Customer
12101,Customer
12102,Customer
12104,Customer
12105,Customer
12106,Customer
12107,Customer
12108,Customer
12109,Customer
12110,Customer
12111,Customer
12112,Customer
12113,Customer
12115,Customer
12116,Customer
12117,Customer
12118,Customer
12119,Customer
12120,Customer
12122,Customer
12123,Customer
12124,Customer
12125,Customer
12126,Customer
12127,Customer
12129,Customer
12133,Customer
12135,Customer
12136,Customer
12137,Customer
12138,Customer
12139,Customer
12141,Customer
12143,Customer
12144,Customer
12145,Customer
12146,Customer
12147,Customer
12148,Customer
12149,Customer
12150,Customer
12151,Customer
12152,Customer
12153,Customer
12154,Customer
12155,Customer
12156,Customer
12157,Customer
12159,Customer
12162,Customer
12163,Customer
12164,Customer
12165,Customer
12166,Customer
12167,Customer
12168,Customer
12169,Customer
12170,Customer
12171,Customer
12172,Customer
12174,Customer
12175,Customer
12176,Customer
12177,Customer
12178,Customer
12180,Customer
12181,Customer
12182,Customer
12183,Customer
12184,Customer
12185,Customer
12187,Customer
12188,Customer
12189,Customer
12190,Customer
12192,Customer
12193,Customer
12194,Customer
12195,Customer
12196,Customer
12197,Customer
12200,Customer
12203,Customer
12204,Customer
12205,Customer
12206,Customer
12207,Customer
12208,Customer
12209,Customer
12210,Customer
12211,Customer
12212,Customer
12214,Customer
12215,Customer
12217,Customer
12218,Customer
12219,Customer
12220,Customer
12221,Customer
12222,Customer
12223,Customer
12224,Customer
12225,Customer
12226,Customer
12227,Customer
12229,Customer
12230,Customer
12231,Customer
12232,Customer
12235,Customer
12236,Customer
12237,Customer
12238,Customer
12239,Customer
12240,Customer
12242,Customer
12243,Customer
12244,Customer
12245,Customer
12246,Customer
12247,Customer
12249,Customer
12251,Customer
12252,Customer
12253,Customer
12254,Customer
12255,Customer
12257,Customer
12258,Customer
12259,Customer
12260,Customer
12261,Customer
12262,Customer
12263,Customer
12265,Customer
12266,Customer
12269,Customer
12270,Customer
12271,Customer
12272,Customer
12273,Customer
12275,Customer
12276,Customer
12277,Customer
12278,Customer
12279,Customer
12281,Customer
12282,Customer
12284,Customer
12285,Customer
12286,Customer
12287,Customer
12288,Customer
12289,Customer
12290,Customer
12291,Customer
12292,Customer
12294,Customer
12295,Customer
12296,Customer
12297,Customer
12299,Customer
12301,Customer
12302,Customer
12303,Customer
12305,Customer
12306,Customer
12307,Customer
12308,Customer
12310,Customer
12311,Customer
12312,Customer
12313,Customer
12314,Customer
12315,Customer
12316,Customer
12317,Customer
12318,Customer
12319,Customer
12320,Customer
12321,Customer
12322,Customer
12323,Customer
12324,Customer
12325,Customer
12326,Customer
12328,Customer
12329,Customer
12331,Customer
12332,Customer
12333,Customer
12334,Customer
12335,Customer
12336,Customer
12338,Customer
12339,Customer
12341,Customer
12342,Customer
12344,Customer
12345,Customer
12346,Customer
12348,Customer
12349,Customer
12350,Customer
12351,Customer
12354,Customer
12357,Customer
12360,Customer
12361,Customer
12362,Customer
12363,Customer
12364,Customer
12365,Customer
12366,Customer
12367,Customer
12368,Customer
12371,Customer
12372,Customer
12373,Customer
12374,Customer
12375,Customer
12376,Customer
12377,Customer
12378,Customer
12379,Customer
12382,Customer
12384,Customer
12385,Customer
12386,Customer
12387,Customer
12388,Customer
12389,Customer
12391,Customer
12392,Customer
12393,Customer
12394,Customer
12395,Customer
12398,Customer
12399,Customer
12400,Customer
12401,Customer
12402,Customer
12404,Customer
12405,Customer
12406,Customer
12407,Customer
12409,Customer
12410,Customer
12411,Customer
12412,Customer
12415,Customer
12416,Customer
12417,Customer
12418,Customer
12421,Customer
12423,Customer
12424,Customer
12425,Customer
12426,Customer
12427,Customer
12428,Customer
12429,Customer
12430,Customer
12431,Customer
12432,Customer
12433,Customer
12434,Customer
12436,Customer
12437,Customer
12438,Customer
12439,Customer
12440,Customer
12441,Customer
12442,Customer
12443,Customer
12444,Customer
12446,Customer
12447,Customer
12448,Customer
12450,Customer
12451,Customer
12452,Customer
12453,Customer
12455,Customer
12457,Customer
12458,Customer
12459,Customer
12460,Customer
12461,Customer
12462,Customer
12464,Customer
12465,Customer
12466,Customer
12467,Customer
12469,Customer
12470,Customer
12471,Customer
12472,Customer
12473,Customer
12476,Customer
12477,Customer
12478,Customer
12479,Customer
12480,Customer
12481,Customer
12482,Customer
12483,Customer
12484,Customer
12485,Customer
12486,Customer
12487,Customer
12488,Customer
12491,Customer
12492,Customer
12493,Customer
12494,Customer
12495,Customer
12496,Customer
12497,Customer
12498,Customer
12500,Customer
12501,Customer
12502,Customer
12504,Customer
12505,Customer
12506,Customer
12507,Customer
12508,Customer
12509,Customer
12511,Customer
12512,Customer
12513,Customer
12514,Customer
12515,Customer
12516,Customer
12518,Customer
12519,Customer
12520,Customer
12521,Customer
12522,Customer
12523,Customer
12524,Customer
12525,Customer
12526,Customer
12527,Customer
12528,Customer
12529,Customer
12530,Customer
12531,Customer
12532,Customer
12534,Customer
12535,Customer
12539,Customer
12540,Customer
12541,Customer
12542,Customer
12543,Customer
12544,Customer
12545,Customer
12546,Customer
12548,Customer
12549,Customer
12550,Customer
12552,Customer
12553,Customer
12556,Customer
12557,Customer
12558,Customer
12559,Customer
12560,Customer
12561,Customer
12562,Customer
12564,Customer
12565,Customer
12566,Customer
12567,Customer
12569,Customer
12570,Customer
12571,Customer
12572,Customer
12573,Customer
12574,Customer
12575,Customer
12578,Customer
12579,Customer
12580,Customer
12581,Customer
12582,Customer
12584,Customer
12585,Customer
12586,Customer
12587,Customer
12590,Customer
12592,Customer
12593,Customer
12594,Customer
12595,Customer
12596,Customer
12597,Customer
12598,Customer
12599,Customer
12600,Customer
12601,Customer
12602,Customer
12604,Customer
12605,Customer
12606,Customer
12607,Customer
12609,Customer
12610,Customer
12611,Customer
12612,Customer
12613,Customer
12614,Customer
12615,Customer
12616,Customer
12618,Customer
12621,Customer
12623,Customer
12624,Customer
12626,Customer
12628,Customer
12630,Customer
12631,Customer
12632,Customer
12633,Customer
12634,Customer
12636,Customer
12639,Customer
12640,Customer
12642,Customer
12643,Customer
12644,Customer
12646,Customer
12648,Customer
12651,Customer
12653,Customer
12655,Customer
12658,Customer
12659,Customer
12660,Customer
12661,Customer
12663,Customer
12664,Customer
12666,Customer
12667,Customer
12668,Customer
12669,Customer
12671,Customer
12673,Customer
12674,Customer
12675,Customer
12677,Customer
12678,Customer
12680,Customer
12683,Customer
12684,Customer
12685,Customer
12686,Customer
12687,Customer
12688,Customer
12689,Customer
12691,Customer
12692,Customer
12693,Customer
12694,Customer
12695,Customer
12696,Customer
12697,Customer
12698,Customer
12701,Customer
12702,Customer
12703,Customer
12704,Customer
12707,Customer
12708,Customer
12709,Customer
12710,Customer
12711,Customer
12715,Customer
12717,Customer
12718,Customer
12719,Customer
12720,Customer
12722,Customer
12723,Customer
12724,Customer
12726,Customer
12727,Customer
12730,Customer
12731,Customer
12732,Customer
12734,Customer
12735,Customer
12736,Customer
12737,Customer
12739,Customer
12741,Customer
12742,Customer
12743,Customer
12744,Customer
12745,Customer
12747,Customer
12748,Customer
12749,Customer
12750,Customer
12751,Customer
12752,Customer
12753,Customer
12754,Customer
12755,Customer
12757,Customer
12758,Customer
12760,Customer
12761,Customer
12762,Customer
12764,Customer
12765,Customer
12766,Customer
12767,Customer
12768,Customer
12769,Customer
12771,Customer
12772,Customer
12773,Customer
12774,Customer
12776,Customer
12778,Customer
12779,Customer
12780,Customer
12781,Customer
12783,Customer
12784,Customer
12785,Customer
12786,Customer
12787,Customer
12788,Customer
12789,Customer
12791,Customer
12794,Customer
12795,Customer
12796,Customer
12797,Customer
12798,Customer
12800,Customer
12802,Customer
12803,Customer
12804,Customer
12806,Customer
12807,Customer
12809,Customer
12810,Customer
12811,Customer
12812,Customer
12813,Customer
12814,Customer
12815,Customer
12816,Customer
12817,Customer
12818,Customer
12820,Customer
12821,Customer
12822,Customer
12823,Customer
12824,Customer
12826,Customer
12828,Customer
12829,Customer
12830,Customer
12831,Customer
12832,Customer
12833,Customer
12835,Customer
12836,Customer
12837,Customer
12838,Customer
12839,Customer
12841,Customer
12842,Customer
12843,Customer
12845,Customer
12846,Customer
12847,Customer
12848,Customer
12849,Customer
12850,Customer
12851,Customer
12852,Customer
12855,Customer
12856,Customer
12857,Customer
12859,Customer
12860,Customer
12861,Customer
12862,Customer
12863,Customer
12864,Customer
12865,Customer
12866,Customer
12867,Customer
12868,Customer
12869,Customer
12871,Customer
12872,Customer
12873,Customer
12874,Customer
12875,Customer
12877,Customer
12878,Customer
12879,Customer
12881,Customer
12882,Customer
12883,Customer
12884,Customer
12885,Customer
12886,Customer
12887,Customer
12888,Customer
12889,Customer
12890,Customer
12891,Customer
12892,Customer
12893,Customer
12894,Customer
12895,Customer
12896,Customer
12897,Customer
12898,Customer
12899,Customer
12900,Customer
12902,Customer
12903,Customer
12904,Customer
12905,Customer
12906,Customer
12907,Customer
12908,Customer
12909,Customer
12911,Customer
12912,Customer
12913,Customer
12914,Customer
12915,Customer
12916,Customer
12917,Customer
12918,Customer
12919,Customer
12920,Customer
12921,Customer
12922,Customer
12923,Customer
12924,Customer
12925,Customer
12926,Customer
12927,Customer
12928,Customer
12929,Customer
12930,Customer
12932,Customer
12933,Customer
12936,Customer
12937,Customer
12939,Customer
12941,Customer
12942,Customer
12943,Customer
12944,Customer
12945,Customer
12947,Customer
12949,Customer
12950,Customer
12952,Customer
12953,Customer
12954,Customer
12955,Customer
12956,Customer
12959,Customer
12962,Customer
12966,Customer
12968,Customer
12969,Customer
12970,Customer
12972,Customer
12973,Customer
12974,Customer
12977,Customer
12978,Customer
12979,Customer
12980,Customer
12981,Customer
12982,Customer
12983,Customer
12985,Customer
12986,Customer
12987,Customer
12988,Customer
12989,Customer
12990,Customer
12991,Customer
12993,Customer
12994,Customer
12995,Customer
12997,Customer
12998,Customer
12999,Customer
13001,Customer
13002,Customer
13003,Customer
13004,Customer
13005,Customer
13006,Customer
13008,Customer
13009,Customer
13010,Customer
13011,Customer
13012,Customer
13014,Customer
13015,Customer
13016,Customer
13018,Customer
13019,Customer
13020,Customer
13021,Customer
13022,Customer
13023,Customer
13024,Customer
13027,Customer
13028,Customer
13029,Customer
13032,Customer
13033,Customer
13035,Customer
13036,Customer
13037,Customer
13039,Customer
13040,Customer
13042,Customer
13043,Customer
13044,Customer
13045,Customer
13046,Customer
13047,Customer
13048,Customer
13049,Customer
13051,Customer
13052,Customer
13053,Customer
13055,Customer
13058,Customer
13060,Customer
13061,Customer
13062,Customer
13063,Customer
13064,Customer
13065,Customer
13066,Customer
13067,Customer
13068,Customer
13070,Customer
13071,Customer
13073,Customer
13074,Customer
13075,Customer
13076,Customer
13077,Customer
13078,Customer
13079,Customer
13080,Customer
13081,Customer
13082,Customer
13083,Customer
13085,Customer
13086,Customer
13087,Customer
13088,Customer
13091,Customer
13092,Customer
13093,Customer
13094,Customer
13095,Customer
13096,Customer
13098,Customer
13099,Customer
13100,Customer
13101,Customer
13102,Customer
13103,Customer
13105,Customer
13106,Customer
13107,Customer
13108,Customer
13109,Customer
13110,Customer
13112,Customer
13114,Customer
13115,Customer
13116,Customer
13119,Customer
13120,Customer
13121,Customer
13122,Customer
13123,Customer
13124,Customer
13125,Customer
13126,Customer
13129,Customer
13130,Customer
13132,Customer
13133,Customer
13134,Customer
13135,Customer
13141,Customer
13143,Customer
13144,Customer
13145,Customer
13146,Customer
13147,Customer
13148,Customer
13149,Customer
13150,Customer
13151,Customer
13152,Customer
13153,Customer
13154,Customer
13158,Customer
13159,Customer
13160,Customer
13161,Customer
13163,Customer
13164,Customer
13168,Customer
13169,Customer
13170,Customer
13171,Customer
13172,Customer
13173,Customer
13175,Customer
13176,Customer
13178,Customer
13179,Customer
13180,Customer
13181,Customer
13183,Customer
13184,Customer
13186,Customer
13188,Customer
13190,Customer
13191,Customer
13192,Customer
13195,Customer
13196,Customer
13197,Customer
13198,Customer
13199,Customer
13200,Customer
13201,Customer
13203,Customer
13204,Customer
13205,Customer
13206,Customer
13208,Customer
13209,Customer
13211,Customer
13213,Customer
13214,Customer
13215,Customer
13216,Customer
13217,Customer
13219,Customer
13220,Customer
13221,Customer
13222,Customer
13223,Customer
13224,Customer
13225,Customer
13226,Customer
13228,Customer
13229,Customer
13230,Customer
13231,Customer
13232,Customer
13234,Customer
13236,Customer
13237,Customer
13238,Customer
13239,Customer
13240,Customer
13241,Customer
13242,Customer
13243,Customer
13244,Customer
13245,Customer
13246,Customer
13247,Customer
13248,Customer
13250,Customer
13251,Customer
13253,Customer
13254,Customer
13255,Customer
13256,Customer
13258,Customer
13260,Customer
13264,Customer
13265,Customer
13266,Customer
13267,Customer
13268,Customer
13270,Customer
13271,Customer
13272,Customer
13273,Customer
13274,Customer
13275,Customer
13276,Customer
13278,Customer
13279,Customer
13280,Customer
13281,Customer
13282,Customer
13283,Customer
13284,Customer
13285,Customer
13286,Customer
13287,Customer
13288,Customer
13289,Customer
13290,Customer
13291,Customer
13293,Customer
13294,Customer
13295,Customer
13296,Customer
13297,Customer
13298,Customer
13299,Customer
13300,Customer
13301,Customer
13302,Customer
13305,Customer
13306,Customer
13307,Customer
13308,Customer
13309,Customer
13314,Customer
13315,Customer
13316,Customer
13317,Customer
13318,Customer
13320,Customer
13322,Customer
13323,Customer
13327,Customer
13329,Customer
13331,Customer
13332,Customer
13333,Customer
13334,Customer
13335,Customer
13336,Customer
13338,Customer
13339,Customer
13340,Customer
13341,Customer
13342,Customer
13343,Customer
13344,Customer
13346,Customer
13347,Customer
13349,Customer
13354,Customer
13355,Customer
13356,Customer
13357,Customer
13358,Customer
13359,Customer
13360,Customer
13361,Customer
13363,Customer
13364,Customer
13365,Customer
13366,Customer
13367,Customer
13368,Customer
13370,Customer
13371,Customer
13372,Customer
13373,Customer
13374,Customer
13376,Customer
13377,Customer
13378,Customer
13379,Customer
13380,Customer
13384,Customer
13385,Customer
13386,Customer
13387,Customer
13388,Customer
13390,Customer
13391,Customer
13392,Customer
13396,Customer
13397,Customer
13398,Customer
13399,Customer
13401,Customer
13402,Customer
13403,Customer
13404,Customer
13407,Customer
13408,Customer
13409,Customer
13411,Customer
13412,Customer
13413,Customer
13415,Customer
13416,Customer
13417,Customer
13418,Customer
13420,Customer
13421,Customer
13423,Customer
13426,Customer
13428,Customer
13429,Customer
13430,Customer
13431,Customer
13432,Customer
13433,Customer
13434,Customer
13435,Customer
13436,Customer
13440,Customer
13441,Customer
13442,Customer
13443,Customer
13444,Customer
13446,Customer
13448,Customer
13449,Customer
13450,Customer
13451,Customer
13452,Customer
13453,Customer
13454,Customer
13455,Customer
13456,Customer
13457,Customer
13458,Customer
13459,Customer
13460,Customer
13461,Customer
13462,Customer
13464,Customer
13465,Customer
13466,Customer
13468,Customer
13469,Customer
13470,Customer
13471,Customer
13473,Customer
13474,Customer
13475,Customer
13476,Customer
13478,Customer
13479,Customer
13480,Customer
13481,Customer
13482,Customer
13483,Customer
13486,Customer
13487,Customer
13488,Customer
13489,Customer
13490,Customer
13491,Customer
13492,Customer
13493,Customer
13494,Customer
13495,Customer
13496,Customer
13497,Customer
13498,Customer
13499,Customer
13500,Customer
13501,Customer
13504,Customer
13505,Customer
13506,Customer
13507,Customer
13508,Customer
13509,Customer
13510,Customer
13512,Customer
13514,Customer
13515,Customer
13516,Customer
13517,Customer
13518,Customer
13519,Customer
13520,Customer
13522,Customer
13523,Customer
13526,Customer
13527,Customer
13528,Customer
13530,Customer
13531,Customer
13532,Customer
13533,Customer
13534,Customer
13535,Customer
13537,Customer
13538,Customer
13539,Customer
13540,Customer
13541,Customer
13543,Customer
13544,Customer
13546,Customer
13548,Customer
13549,Customer
13550,Customer
13551,Customer
13553,Customer
13554,Customer
13555,Customer
13556,Customer
13557,Customer
13558,Customer
13559,Customer
13560,Customer
13561,Customer
13562,Customer
13565,Customer
13566,Customer
13567,Customer
13569,Customer
13570,Customer
13572,Customer
13573,Customer
13574,Customer
13575,Customer
13577,Customer
13578,Customer
13579,Customer
13580,Customer
13582,Customer
13583,Customer
13584,Customer
13585,Customer
13586,Customer
13587,Customer
13588,Customer
13590,Customer
13591,Customer
13592,Customer
13594,Customer
13595,Customer
13597,Customer
13600,Customer
13601,Customer
13602,Customer
13603,Customer
13605,Customer
13606,Customer
13607,Customer
13608,Customer
13609,Customer
13610,Customer
13611,Customer
13612,Customer
13613,Customer
13614,Customer
13616,Customer
13617,Customer
13619,Customer
13621,Customer
13622,Customer
13623,Customer
13625,Customer
13626,Customer
13629,Customer
13630,Customer
13635,Customer
13636,Customer
13637,Customer
13638,Customer
13639,Customer
13640,Customer
13641,Customer
13644,Customer
13645,Customer
13648,Customer
13649,Customer
13650,Customer
13652,Customer
13655,Customer
13656,Customer
13657,Customer
13658,Customer
13659,Customer
13660,Customer
13661,Customer
13663,Customer
13665,Customer
13666,Customer
13667,Customer
13668,Customer
13671,Customer
13672,Customer
13673,Customer
13674,Customer
13676,Customer
13677,Customer
13678,Customer
13679,Customer
13680,Customer
13681,Customer
13682,Customer
13683,Customer
13684,Customer
13685,Customer
13686,Customer
13687,Customer
13688,Customer
13689,Customer
13690,Customer
13692,Customer
13693,Customer
13694,Customer
13695,Customer
13698,Customer
13700,Customer
13701,Customer
13702,Customer
13703,Customer
13704,Customer
13705,Customer
13706,Customer
13707,Customer
13708,Customer
13709,Customer
13710,Customer
13711,Customer
13712,Customer
13714,Customer
13715,Customer
13716,Customer
13717,Customer
13718,Customer
13720,Customer
13721,Customer
13722,Customer
13723,Customer
13724,Customer
13725,Customer
13726,Customer
13727,Customer
13728,Customer
13729,Customer
13730,Customer
13731,Customer
13732,Customer
13733,Customer
13734,Customer
13737,Customer
13738,Customer
13739,Customer
13740,Customer
13741,Customer
13743,Customer
13744,Customer
13745,Customer
13746,Customer
13747,Customer
13748,Customer
13749,Customer
13750,Customer
13751,Customer
13752,Customer
13753,Customer
13755,Customer
13756,Customer
13757,Customer
13759,Customer
13760,Customer
13761,Customer
13762,Customer
13765,Customer
13766,Customer
13767,Customer
13768,Customer
13769,Customer
13770,Customer
13772,Customer
13774,Customer
13775,Customer
13776,Customer
13777,Customer
13778,Customer
13780,Customer
13781,Customer
13782,Customer
13783,Customer
13784,Customer
13785,Customer
13786,Customer
13788,Customer
13789,Customer
13791,Customer
13792,Customer
13793,Customer
13794,Customer
13795,Customer
13796,Customer
13797,Customer
13799,Customer
13801,Customer
13802,Customer
13804,Customer
13806,Customer
13807,Customer
13809,Customer
13810,Customer
13811,Customer
13812,Customer
13813,Customer
13814,Customer
13815,Customer
13816,Customer
13817,Customer
13819,Customer
13821,Customer
13823,Customer
13824,Customer
13826,Customer
13827,Customer
13828,Customer
13829,Customer
13831,Customer
13832,Customer
13833,Customer
13834,Customer
13835,Customer
13837,Customer
13838,Customer
13839,Customer
13840,Customer
13841,Customer
13845,Customer
13846,Customer
13847,Customer
13851,Customer
13852,Customer
13853,Customer
13854,Customer
13855,Customer
13856,Customer
13857,Customer
13858,Customer
13859,Customer
13861,Customer
13862,Customer
13864,Customer
13865,Customer
13867,Customer
13869,Customer
13870,Customer
13872,Customer
13873,Customer
13874,Customer
13875,Customer
13878,Customer
13879,Customer
13881,Customer
13882,Customer
13883,Customer
13884,Customer
13885,Customer
13886,Customer
13887,Customer
13888,Customer
13889,Customer
13891,Customer
13893,Customer
13894,Customer
13895,Customer
13896,Customer
13897,Customer
13899,Customer
13900,Customer
13901,Customer
13902,Customer
13903,Customer
13904,Customer
13905,Customer
13906,Customer
13908,Customer
13909,Customer
13911,Customer
13912,Customer
13913,Customer
13914,Customer
13915,Customer
13918,Customer
13920,Customer
13922,Customer
13923,Customer
13925,Customer
13926,Customer
13927,Customer
13928,Customer
13929,Customer
13930,Customer
13931,Customer
13932,Customer
13933,Customer
13934,Customer
13935,Customer
13936,Customer
13937,Customer
13938,Customer
13940,Customer
13942,Customer
13943,Customer
13944,Customer
13947,Customer
13948,Customer
13949,Customer
13951,Customer
13952,Customer
13954,Customer
13956,Customer
13957,Customer
13958,Customer
13959,Customer
13960,Customer
13961,Customer
13962,Customer
13964,Customer
13965,Customer
13966,Customer
13968,Customer
13969,Customer
13973,Customer
13976,Customer
13977,Customer
13979,Customer
13980,Customer
13981,Customer
13982,Customer
13983,Customer
13985,Customer
13986,Customer
13987,Customer
13988,Customer
13989,Customer
13990,Customer
13991,Customer
13992,Customer
13993,Customer
13994,Customer
13995,Customer
13996,Customer
13997,Customer
13998,Customer
13999,Customer
14001,Customer
14004,Customer
14005,Customer
14006,Customer
14007,Customer
14008,Customer
14009,Customer
14010,Customer
14011,Customer
14012,Customer
14013,Customer
14014,Customer
14015,Customer
14016,Customer
14018,Customer
14021,Customer
14022,Customer
14023,Customer
14024,Customer
14025,Customer
14026,Customer
14028,Customer
14030,Customer
14032,Customer
14033,Customer
14034,Customer
14035,Customer
14036,Customer
14037,Customer
14038,Customer
14039,Customer
14040,Customer
14041,Customer
14042,Customer
14045,Customer
14047,Customer
14049,Customer
14050,Customer
14051,Customer
14052,Customer
14053,Customer
14054,Customer
14055,Customer
14056,Customer
14057,Customer
14059,Customer
14060,Customer
14061,Customer
14062,Customer
14063,Customer
14064,Customer
14065,Customer
14066,Customer
14067,Customer
14070,Customer
14071,Customer
14072,Customer
14073,Customer
14075,Customer
14076,Customer
14077,Customer
14078,Customer
14079,Customer
14080,Customer
14082,Customer
14083,Customer
14084,Customer
14085,Customer
14086,Customer
14087,Customer
14088,Customer
14090,Customer
14091,Customer
14092,Customer
14093,Customer
14094,Customer
14096,Customer
14099,Customer
14100,Customer
14101,Customer
14102,Customer
14103,Customer
14105,Customer
14106,Customer
14107,Customer
14110,Customer
14111,Customer
14112,Customer
14113,Customer
14114,Customer
14116,Customer
14117,Customer
14118,Customer
14119,Customer
14120,Customer
14123,Customer
14124,Customer
14126,Customer
14128,Customer
14129,Customer
14130,Customer
14131,Customer
14132,Customer
14133,Customer
14138,Customer
14139,Customer
14140,Customer
14141,Customer
14142,Customer
14143,Customer
14144,Customer
14146,Customer
14147,Customer
14148,Customer
14149,Customer
14150,Customer
14152,Customer
14154,Customer
14156,Customer
14157,Customer
14158,Customer
14159,Customer
14160,Customer
14161,Customer
14162,Customer
14163,Customer
14164,Customer
14165,Customer
14166,Customer
14167,Customer
14168,Customer
14169,Customer
14170,Customer
14171,Customer
14174,Customer
14175,Customer
14176,Customer
14177,Customer
14178,Customer
14179,Customer
14180,Customer
14182,Customer
14183,Customer
14184,Customer
14186,Customer
14187,Customer
14189,Customer
14190,Customer
14191,Customer
14194,Customer
14196,Customer
14197,Customer
14198,Customer
14199,Customer
14201,Customer
14202,Customer
14204,Customer
14205,Customer
14206,Customer
14207,Customer
14208,Customer
14209,Customer
14210,Customer
14211,Customer
14212,Customer
14214,Customer
14215,Customer
14216,Customer
14217,Customer
14221,Customer
14222,Customer
14224,Customer
14226,Customer
14227,Customer
14228,Customer
14229,Customer
14230,Customer
14231,Customer
14233,Customer
14235,Customer
14236,Customer
14237,Customer
14238,Customer
14239,Customer
14240,Customer
14241,Customer
14242,Customer
14243,Customer
14244,Customer
14245,Customer
14246,Customer
14247,Customer
14248,Customer
14249,Customer
14251,Customer
14252,Customer
14253,Customer
14254,Customer
14255,Customer
14256,Customer
14257,Customer
14260,Customer
14261,Customer
14263,Customer
14264,Customer
14265,Customer
14266,Customer
14268,Customer
14269,Customer
14270,Customer
14271,Customer
14272,Customer
14273,Customer
14274,Customer
14276,Customer
14278,Customer
14280,Customer
14283,Customer
14284,Customer
14285,Customer
14286,Customer
14287,Customer
14288,Customer
14289,Customer
14290,Customer
14291,Customer
14292,Customer
14293,Customer
14294,Customer
14295,Customer
14296,Customer
14297,Customer
14298,Customer
14302,Customer
14303,Customer
14304,Customer
14306,Customer
14307,Customer
14308,Customer
14309,Customer
14310,Customer
14312,Customer
14313,Customer
14314,Customer
14315,Customer
14316,Customer
14318,Customer
14320,Customer
14321,Customer
14322,Customer
14323,Customer
14324,Customer
14325,Customer
14326,Customer
14327,Customer
14328,Customer
14329,Customer
14331,Customer
14332,Customer
14333,Customer
14334,Customer
14337,Customer
14338,Customer
14339,Customer
14340,Customer
14342,Customer
14344,Customer
14346,Customer
14347,Customer
14348,Customer
14349,Customer
14350,Customer
14351,Customer
14352,Customer
14353,Customer
14354,Customer
14355,Customer
14356,Customer
14357,Customer
14358,Customer
14360,Customer
14361,Customer
14362,Customer
14365,Customer
14366,Customer
14367,Customer
14368,Customer
14369,Customer
14370,Customer
14371,Customer
14373,Customer
14374,Customer
14377,Customer
14378,Customer
14379,Customer
14381,Customer
14382,Customer
14383,Customer
14385,Customer
14386,Customer
14387,Customer
14388,Customer
14389,Customer
14392,Customer
14393,Customer
14394,Customer
14395,Customer
14396,Customer
14397,Customer
14398,Customer
14399,Customer
14400,Customer
14401,Customer
14402,Customer
14403,Customer
14404,Customer
14405,Customer
14406,Customer
14407,Customer
14408,Customer
14409,Customer
14411,Customer
14412,Customer
14413,Customer
14414,Customer
14415,Customer
14417,Customer
14418,Customer
14419,Customer
14420,Customer
14422,Customer
14423,Customer
14424,Customer
14425,Customer
14426,Customer
14427,Customer
14428,Customer
14429,Customer
14430,Customer
14432,Customer
14433,Customer
14434,Customer
14435,Customer
14438,Customer
14439,Customer
14441,Customer
14442,Customer
14443,Customer
14444,Customer
14447,Customer
14450,Customer
14452,Customer
14453,Customer
14454,Customer
14455,Customer
14457,Customer
14461,Customer
14462,Customer
14463,Customer
14464,Customer
14465,Customer
14466,Customer
14467,Customer
14468,Customer
14469,Customer
14470,Customer
14472,Customer
14473,Customer
14474,Customer
14475,Customer
14476,Customer
14478,Customer
14479,Customer
14480,Customer
14481,Customer
14482,Customer
14483,Customer
14484,Customer
14485,Customer
14486,Customer
14487,Customer
14489,Customer
14490,Customer
14491,Customer
14492,Customer
14493,Customer
14494,Customer
14495,Customer
14496,Customer
14498,Customer
14499,Customer
14500,Customer
14501,Customer
14502,Customer
14503,Customer
14504,Customer
14505,Customer
14507,Customer
14508,Customer
14509,Customer
14510,Customer
14512,Customer
14515,Customer
14516,Customer
14517,Customer
14518,Customer
14519,Customer
14520,Customer
14521,Customer
14522,Customer
14525,Customer
14526,Customer
14527,Customer
14528,Customer
14529,Customer
14530,Customer
14531,Customer
14532,Customer
14533,Customer
14534,Customer
14536,Customer
14537,Customer
14541,Customer
14542,Customer
14543,Customer
14544,Customer
14545,Customer
14546,Customer
14547,Customer
14549,Customer
14550,Customer
14551,Customer
14552,Customer
14554,Customer
14555,Customer
14557,Customer
14559,Customer
14560,Customer
14561,Customer
14563,Customer
14564,Customer
14565,Customer
14566,Customer
14569,Customer
14570,Customer
14572,Customer
14573,Customer
14576,Customer
14577,Customer
14578,Customer
14579,Customer
14581,Customer
14582,Customer
14583,Customer
14584,Customer
14585,Customer
14587,Customer
14589,Customer
14590,Customer
14591,Customer
14592,Customer
14593,Customer
14594,Customer
14595,Customer
14596,Customer
14597,Customer
14599,Customer
14600,Customer
14601,Customer
14602,Customer
14603,Customer
14606,Customer
14607,Customer
14608,Customer
14609,Customer
14611,Customer
14612,Customer
14615,Customer
14616,Customer
14617,Customer
14618,Customer
14619,Customer
14621,Customer
14622,Customer
14623,Customer
14624,Customer
14625,Customer
14626,Customer
14627,Customer
14628,Customer
14631,Customer
14633,Customer
14634,Customer
14635,Customer
14636,Customer
14638,Customer
14640,Customer
14642,Customer
14644,Customer
14645,Customer
14647,Customer
14648,Customer
14649,Customer
14650,Customer
14652,Customer
14653,Customer
14654,Customer
14655,Customer
14656,Customer
14659,Customer
14660,Customer
14662,Customer
14663,Customer
14664,Customer
14665,Customer
14666,Customer
14667,Customer
14669,Customer
14670,Customer
14671,Customer
14672,Customer
14673,Customer
14674,Customer
14675,Customer
14676,Customer
14677,Customer
14678,Customer
14679,Customer
14681,Customer
14682,Customer
14683,Customer
14684,Customer
14685,Customer
14686,Customer
14688,Customer
14689,Customer
14690,Customer
14692,Customer
14693,Customer
14694,Customer
14695,Customer
14696,Customer
14698,Customer
14699,Customer
14700,Customer
14701,Customer
14702,Customer
14704,Customer
14705,Customer
14707,Customer
14708,Customer
14710,Customer
14711,Customer
14713,Customer
14714,Customer
14715,Customer
14716,Customer
14717,Customer
14718,Customer
14719,Customer
14720,Customer
14721,Customer
14722,Customer
14723,Customer
14724,Customer
14726,Customer
14729,Customer
14731,Customer
14732,Customer
14733,Customer
14734,Customer
14735,Customer
14736,Customer
14738,Customer
14739,Customer
14740,Customer
14741,Customer
14742,Customer
14743,Customer
14744,Customer
14745,Customer
14746,Customer
14747,Customer
14748,Customer
14749,Customer
14750,Customer
14751,Customer
14754,Customer
14756,Customer
14757,Customer
14758,Customer
14759,Customer
14762,Customer
14763,Customer
14764,Customer
14766,Customer
14767,Customer
14770,Customer
14771,Customer
14772,Customer
14774,Customer
14775,Customer
14777,Customer
14779,Customer
14780,Customer
14781,Customer
14782,Customer
14783,Customer
14787,Customer
14788,Customer
14789,Customer
14790,Customer
14792,Customer
14793,Customer
14794,Customer
14796,Customer
14797,Customer
14798,Customer
14800,Customer
14801,Customer
14803,Customer
14804,Customer
14807,Customer
14809,Customer
14811,Customer
14814,Customer
14817,Customer
14818,Customer
14819,Customer
14820,Customer
14821,Customer
14822,Customer
14823,Customer
14824,Customer
14825,Customer
14826,Customer
14827,Customer
14828,Customer
14829,Customer
14831,Customer
14832,Customer
14833,Customer
14834,Customer
14836,Customer
14837,Customer
14838,Customer
14840,Customer
14841,Customer
14842,Customer
14843,Customer
14844,Customer
14845,Customer
14846,Customer
14847,Customer
14848,Customer
14849,Customer
14850,Customer
14854,Customer
14855,Customer
14856,Customer
14857,Customer
14858,Customer
14859,Customer
14860,Customer
14861,Customer
14862,Customer
14863,Customer
14864,Customer
14865,Customer
14866,Customer
14867,Customer
14868,Customer
14869,Customer
14870,Customer
14871,Customer
14872,Customer
14873,Customer
14874,Customer
14876,Customer
14877,Customer
14878,Customer
14880,Customer
14881,Customer
14882,Customer
14883,Customer
14884,Customer
14885,Customer
14886,Customer
14887,Customer
14888,Customer
14889,Customer
14890,Customer
14891,Customer
14892,Customer
14893,Customer
14895,Customer
14896,Customer
14897,Customer
14899,Customer
14900,Customer
14901,Customer
14903,Customer
14904,Customer
14905,Customer
14906,Customer
14907,Customer
14908,Customer
14909,Customer
14911,Customer
14912,Customer
14913,Customer
14914,Customer
14916,Customer
14917,Customer
14918,Customer
14919,Customer
14920,Customer
14921,Customer
14923,Customer
14924,Customer
14926,Customer
14927,Customer
14929,Customer
14930,Customer
14931,Customer
14932,Customer
14933,Customer
14934,Customer
14935,Customer
14937,Customer
14939,Customer
14940,Customer
14941,Customer
14942,Customer
14943,Customer
14944,Customer
14945,Customer
14946,Customer
14947,Customer
14950,Customer
14952,Customer
14953,Customer
14954,Customer
14955,Customer
14956,Customer
14957,Customer
14958,Customer
14960,Customer
14961,Customer
14962,Customer
14963,Customer
14965,Customer
14966,Customer
14967,Customer
14968,Customer
14969,Customer
14971,Customer
14972,Customer
14974,Customer
14975,Customer
14977,Customer
14978,Customer
14979,Customer
14980,Customer
14981,Customer
14982,Customer
14983,Customer
14984,Customer
14986,Customer
14987,Customer
14988,Customer
14989,Customer
14990,Customer
14991,Customer
14992,Customer
14993,Customer
14994,Customer
14995,Customer
14996,Customer
14997,Customer
14999,Customer
15001,Customer
15002,Customer
15004,Customer
15005,Customer
15006,Customer
15007,Customer
15008,Customer
15009,Customer
15010,Customer
15011,Customer
15013,Customer
15014,Customer
15015,Customer
15018,Customer
15019,Customer
15020,Customer
15023,Customer
15024,Customer
15026,Customer
15027,Customer
15028,Customer
15029,Customer
15030,Customer
15031,Customer
15032,Customer
15033,Customer
15034,Customer
15035,Customer
15036,Customer
15037,Customer
15039,Customer
15040,Customer
15041,Customer
15042,Customer
15044,Customer
15045,Customer
15046,Customer
15047,Customer
15048,Customer
15050,Customer
15051,Customer
15052,Customer
15053,Customer
15054,Customer
15055,Customer
15057,Customer
15058,Customer
15059,Customer
15060,Customer
15061,Customer
15062,Customer
15063,Customer
15064,Customer
15065,Customer
15067,Customer
15068,Customer
15069,Customer
15071,Customer
15072,Customer
15073,Customer
15074,Customer
15075,Customer
15076,Customer
15078,Customer
15079,Customer
15081,Customer
15082,Customer
15084,Customer
15085,Customer
15086,Customer
15087,Customer
15088,Customer
15089,Customer
15090,Customer
15091,Customer
15092,Customer
15094,Customer
15096,Customer
15097,Customer
15099,Customer
15100,Customer
15101,Customer
15103,Customer
15104,Customer
15105,Customer
15106,Customer
15107,Customer
15108,Customer
15109,Customer
15110,Customer
15111,Customer
15112,Customer
15113,Customer
15114,Customer
15115,Customer
15116,Customer
15117,Customer
15118,Customer
15119,Customer
15120,Customer
15121,Customer
15123,Customer
15124,Customer
15126,Customer
15127,Customer
15128,Customer
15129,Customer
15130,Customer
15131,Customer
15132,Customer
15133,Customer
15134,Customer
15135,Customer
15137,Customer
15138,Customer
15139,Customer
15140,Customer
15141,Customer
15142,Customer
15143,Customer
15144,Customer
15145,Customer
15146,Customer
15147,Customer
15148,Customer
15150,Customer
15152,Customer
15155,Customer
15156,Customer
15158,Customer
15159,Customer
15161,Customer
15162,Customer
15163,Customer
15165,Customer
15166,Customer
15167,Customer
15169,Customer
15171,Customer
15173,Customer
15175,Customer
15176,Customer
15178,Customer
15179,Customer
15180,Customer
15181,Customer
15183,Customer
15184,Customer
15185,Customer
15186,Customer
15187,Customer
15189,Customer
15190,Customer
15191,Customer
15192,Customer
15193,Customer
15194,Customer
15195,Customer
15196,Customer
15197,Customer
15198,Customer
15199,Customer
15200,Customer
15201,Customer
15202,Customer
15204,Customer
15206,Customer
15207,Customer
15208,Customer
15210,Customer
15211,Customer
15212,Customer
15213,Customer
15214,Customer
15215,Customer
15217,Customer
15218,Customer
15219,Customer
15222,Customer
15223,Customer
15224,Customer
15225,Customer
15226,Customer
15227,Customer
15228,Customer
15229,Customer
15230,Customer
15231,Customer
15232,Customer
15233,Customer
15235,Customer
15236,Customer
15237,Customer
15238,Customer
15239,Customer
15240,Customer
15241,Customer
15242,Customer
15243,Customer
15244,Customer
15247,Customer
15249,Customer
15250,Customer
15251,Customer
15253,Customer
15254,Customer
15255,Customer
15257,Customer
15258,Customer
15259,Customer
15260,Customer
15263,Customer
15264,Customer
15265,Customer
15266,Customer
15267,Customer
15268,Customer
15269,Customer
15270,Customer
15271,Customer
15272,Customer
15274,Customer
15275,Customer
15276,Customer
15277,Customer
15278,Customer
15279,Customer
15281,Customer
15282,Customer
15283,Customer
15284,Customer
15285,Customer
15286,Customer
15288,Customer
15289,Customer
15290,Customer
15291,Customer
15293,Customer
15295,Customer
15297,Customer
15299,Customer
15300,Customer
15302,Customer
15303,Customer
15304,Customer
15305,Customer
15306,Customer
15308,Customer
15310,Customer
15312,Customer
15313,Customer
15314,Customer
15315,Customer
15316,Customer
15317,Customer
15318,Customer
15319,Customer
15322,Customer
15323,Customer
15324,Customer
15325,Customer
15326,Customer
15327,Customer
15328,Customer
15329,Customer
15330,Customer
15331,Customer
15332,Customer
15333,Customer
15334,Customer
15335,Customer
15336,Customer
15338,Customer
15339,Customer
15340,Customer
15341,Customer
15342,Customer
15343,Customer
15346,Customer
15347,Customer
15349,Customer
15350,Customer
15351,Customer
15352,Customer
15353,Customer
15354,Customer
15355,Customer
15356,Customer
15357,Customer
15358,Customer
15360,Customer
15362,Customer
15363,Customer
15364,Customer
15365,Customer
15366,Customer
15367,Customer
15368,Customer
15369,Customer
15373,Customer
15375,Customer
15377,Customer
15378,Customer
15379,Customer
15381,Customer
15383,Customer
15385,Customer
15388,Customer
15390,Customer
15391,Customer
15394,Customer
15395,Customer
15396,Customer
15399,Customer
15400,Customer
15401,Customer
15402,Customer
15403,Customer
15405,Customer
15406,Customer
15407,Customer
15408,Customer
15409,Customer
15411,Customer
15413,Customer
15414,Customer
15415,Customer
15416,Customer
15417,Customer
15418,Customer
15420,Customer
15421,Customer
15423,Customer
15425,Customer
15426,Customer
15427,Customer
15428,Customer
15429,Customer
15430,Customer
15431,Customer
15432,Customer
15433,Customer
15435,Customer
15437,Customer
15439,Customer
15440,Customer
15441,Customer
15442,Customer
15446,Customer
15447,Customer
15448,Customer
15449,Customer
15451,Customer
15452,Customer
15453,Customer
15454,Customer
15455,Customer
15456,Customer
15457,Customer
15458,Customer
15459,Customer
15460,Customer
15461,Customer
15462,Customer
15463,Customer
15464,Customer
15465,Customer
15466,Customer
15467,Customer
15468,Customer
15470,Customer
15472,Customer
15473,Customer
15474,Customer
15475,Customer
15476,Customer
15477,Customer
15478,Customer
15479,Customer
15480,Customer
15481,Customer
15482,Customer
15483,Customer
15484,Customer
15487,Customer
15490,Customer
15491,Customer
15492,Customer
15494,Customer
15495,Customer
15496,Customer
15497,Customer
15498,Customer
15499,Customer
15500,Customer
15501,Customer
15502,Customer
15503,Customer
15505,Customer
15506,Customer
15507,Customer
15509,Customer
15512,Customer
15513,Customer
15514,Customer
15516,Customer
15518,Customer
15519,Customer
15520,Customer
15521,Customer
15525,Customer
15526,Customer
15527,Customer
15528,Customer
15529,Customer
15530,Customer
15531,Customer
15532,Customer
15533,Customer
15535,Customer
15536,Customer
15537,Customer
15538,Customer
15539,Customer
15540,Customer
15541,Customer
15544,Customer
15545,Customer
15546,Customer
15547,Customer
15548,Customer
15549,Customer
15550,Customer
15551,Customer
15552,Customer
15553,Customer
15554,Customer
15555,Customer
15556,Customer
15559,Customer
15560,Customer
15561,Customer
15563,Customer
15564,Customer
15565,Customer
15566,Customer
15567,Customer
15568,Customer
15569,Customer
15570,Customer
15571,Customer
15572,Customer
15573,Customer
15574,Customer
15575,Customer
15578,Customer
15580,Customer
15584,Customer
15585,Customer
15586,Customer
15587,Customer
15588,Customer
15589,Customer
15590,Customer
15591,Customer
15592,Customer
15593,Customer
15594,Customer
15595,Customer
15596,Customer
15597,Customer
15598,Customer
15599,Customer
15601,Customer
15602,Customer
15605,Customer
15606,Customer
15607,Customer
15609,Customer
15610,Customer
15611,Customer
15612,Customer
15614,Customer
15615,Customer
15616,Customer
15617,Customer
15618,Customer
15619,Customer
15623,Customer
15624,Customer
15626,Customer
15627,Customer
15628,Customer
15629,Customer
15632,Customer
15633,Customer
15634,Customer
15635,Customer
15636,Customer
15637,Customer
15639,Customer
15640,Customer
15641,Customer
15642,Customer
15643,Customer
15644,Customer
15645,Customer
15646,Customer
15647,Customer
15648,Customer
15649,Customer
15650,Customer
15651,Customer
15652,Customer
15653,Customer
15654,Customer
15655,Customer
15656,Customer
15658,Customer
15659,Customer
15660,Customer
15661,Customer
15662,Customer
15663,Customer
15665,Customer
15666,Customer
15669,Customer
15670,Customer
15671,Customer
15672,Customer
15673,Customer
15674,Customer
15675,Customer
15676,Customer
15678,Customer
15679,Customer
15680,Customer
15681,Customer
15682,Customer
15684,Customer
15685,Customer
15686,Customer
15687,Customer
15688,Customer
15689,Customer
15690,Customer
15691,Customer
15693,Customer
15694,Customer
15695,Customer
15696,Customer
15697,Customer
15699,Customer
15700,Customer
15701,Customer
15702,Customer
15703,Customer
15704,Customer
15705,Customer
15706,Customer
15707,Customer
15709,Customer
15710,Customer
15712,Customer
15713,Customer
15714,Customer
15716,Customer
15717,Customer
15720,Customer
15721,Customer
15722,Customer
15723,Customer
15724,Customer
15725,Customer
15726,Customer
15727,Customer
15728,Customer
15729,Customer
15730,Customer
15731,Customer
15733,Customer
15734,Customer
15735,Customer
15737,Customer
15738,Customer
15740,Customer
15741,Customer
15743,Customer
15744,Customer
15745,Customer
15746,Customer
15747,Customer
15749,Customer
15752,Customer
15754,Customer
15757,Customer
15758,Customer
15759,Customer
15761,Customer
15762,Customer
15763,Customer
15764,Customer
15765,Customer
15766,Customer
15767,Customer
15769,Customer
15770,Customer
15771,Customer
15772,Customer
15773,Customer
15774,Customer
15775,Customer
15776,Customer
15777,Customer
15778,Customer
15779,Customer
15780,Customer
15781,Customer
15782,Customer
15783,Customer
15784,Customer
15785,Customer
15786,Customer
15787,Customer
15789,Customer
15790,Customer
15792,Customer
15793,Customer
15794,Customer
15796,Customer
15798,Customer
15799,Customer
15801,Customer
15802,Customer
15803,Customer
15808,Customer
15809,Customer
15810,Customer
15811,Customer
15812,Customer
15815,Customer
15816,Customer
15817,Customer
15818,Customer
15819,Customer
15820,Customer
15821,Customer
15823,Customer
15826,Customer
15827,Customer
15828,Customer
15829,Customer
15831,Customer
15835,Customer
15836,Customer
15838,Customer
15840,Customer
15841,Customer
15842,Customer
15843,Customer
15846,Customer
15849,Customer
15850,Customer
15851,Customer
15852,Customer
15854,Customer
15855,Customer
15856,Customer
15857,Customer
15858,Customer
15861,Customer
15863,Customer
15864,Customer
15868,Customer
15869,Customer
15870,Customer
15871,Customer
15874,Customer
15875,Customer
15876,Customer
15877,Customer
15878,Customer
15879,Customer
15880,Customer
15881,Customer
15882,Customer
15883,Customer
15884,Customer
15885,Customer
15886,Customer
15887,Customer
15888,Customer
15889,Customer
15890,Customer
15891,Customer
15892,Customer
15894,Customer
15895,Customer
15896,Customer
15897,Customer
15898,Customer
15899,Customer
15900,Customer
15901,Customer
15902,Customer
15903,Customer
15904,Customer
15905,Customer
15906,Customer
15907,Customer
15909,Customer
15912,Customer
15913,Customer
15914,Customer
15915,Customer
15916,Customer
15917,Customer
15918,Customer
15919,Customer
15920,Customer
15924,Customer
15925,Customer
15926,Customer
15927,Customer
15928,Customer
15930,Customer
15931,Customer
15932,Customer
15933,Customer
15934,Customer
15935,Customer
15939,Customer
15940,Customer
15941,Customer
15943,Customer
15944,Customer
15945,Customer
15946,Customer
15947,Customer
15948,Customer
15952,Customer
15953,Customer
15957,Customer
15958,Customer
15959,Customer
15961,Customer
15962,Customer
15964,Customer
15965,Customer
15967,Customer
15968,Customer
15969,Customer
15970,Customer
15971,Customer
15972,Customer
15973,Customer
15974,Customer
15977,Customer
15978,Customer
15979,Customer
15981,Customer
15985,Customer
15986,Customer
15987,Customer
15989,Customer
15991,Customer
15992,Customer
15993,Customer
15994,Customer
15996,Customer
15997,Customer
15998,Customer
15999,Customer
16000,Customer
16002,Customer
16003,Customer
16004,Customer
16005,Customer
16006,Customer
16007,Customer
16008,Customer
16011,Customer
16013,Customer
16014,Customer
16015,Customer
16016,Customer
16017,Customer
16018,Customer
16019,Customer
16020,Customer
16021,Customer
16022,Customer
16023,Customer
16024,Customer
16025,Customer
16026,Customer
16027,Customer
16029,Customer
16031,Customer
16032,Customer
16033,Customer
16035,Customer
16036,Customer
16038,Customer
16039,Customer
16040,Customer
16041,Customer
16042,Customer
16043,Customer
16044,Customer
16045,Customer
16046,Customer
16047,Customer
16049,Customer
16050,Customer
16052,Customer
16053,Customer
16054,Customer
16055,Customer
16056,Customer
16057,Customer
16058,Customer
16059,Customer
16060,Customer
16061,Customer
16062,Customer
16064,Customer
16066,Customer
16067,Customer
16068,Customer
16069,Customer
16070,Customer
16071,Customer
16074,Customer
16075,Customer
16076,Customer
16080,Customer
16081,Customer
16082,Customer
16084,Customer
16087,Customer
16088,Customer
16089,Customer
16090,Customer
16091,Customer
16092,Customer
16093,Customer
16094,Customer
16095,Customer
16096,Customer
16097,Customer
16098,Customer
16100,Customer
16101,Customer
16102,Customer
16104,Customer
16105,Customer
16106,Customer
16107,Customer
16108,Customer
16109,Customer
16110,Customer
16111,Customer
16113,Customer
16114,Customer
16115,Customer
16116,Customer
16117,Customer
16119,Customer
16122,Customer
16123,Customer
16125,Customer
16126,Customer
16129,Customer
16130,Customer
16133,Customer
16134,Customer
16136,Customer
16137,Customer
16138,Customer
16139,Customer
16140,Customer
16141,Customer
16142,Customer
16144,Customer
16146,Customer
16147,Customer
16148,Customer
16149,Customer
16152,Customer
16153,Customer
16154,Customer
16155,Customer
16156,Customer
16157,Customer
16158,Customer
16159,Customer
16160,Customer
16161,Customer
16162,Customer
16163,Customer
16164,Customer
16165,Customer
16166,Customer
16167,Customer
16168,Customer
16169,Customer
16170,Customer
16172,Customer
16173,Customer
16175,Customer
16176,Customer
16177,Customer
16179,Customer
16180,Customer
16181,Customer
16182,Customer
16184,Customer
16185,Customer
16186,Customer
16188,Customer
16190,Customer
16191,Customer
16192,Customer
16193,Customer
16194,Customer
16195,Customer
16196,Customer
16197,Customer
16198,Customer
16199,Customer
16200,Customer
16201,Customer
16202,Customer
16203,Customer
16204,Customer
16205,Customer
16206,Customer
16208,Customer
16209,Customer
16210,Customer
16211,Customer
16213,Customer
16214,Customer
16215,Customer
16216,Customer
16217,Customer
16218,Customer
16220,Customer
16222,Customer
16223,Customer
16227,Customer
16228,Customer
16231,Customer
16233,Customer
16234,Customer
16235,Customer
16236,Customer
16238,Customer
16241,Customer
16242,Customer
16243,Customer
16244,Customer
16245,Customer
16246,Customer
16247,Customer
16248,Customer
16249,Customer
16250,Customer
16251,Customer
16252,Customer
16253,Customer
16256,Customer
16257,Customer
16259,Customer
16261,Customer
16262,Customer
16263,Customer
16264,Customer
16265,Customer
16266,Customer
16267,Customer
16268,Customer
16269,Customer
16271,Customer
16272,Customer
16273,Customer
16275,Customer
16276,Customer
16277,Customer
16278,Customer
16280,Customer
16281,Customer
16282,Customer
16283,Customer
16284,Customer
16285,Customer
16286,Customer
16287,Customer
16288,Customer
16289,Customer
16291,Customer
16292,Customer
16293,Customer
16294,Customer
16295,Customer
16297,Customer
16298,Customer
16299,Customer
16300,Customer
16301,Customer
16302,Customer
16303,Customer
16304,Customer
16305,Customer
16308,Customer
16309,Customer
16310,Customer
16311,Customer
16312,Customer
16313,Customer
16314,Customer
16315,Customer
16316,Customer
16317,Customer
16318,Customer
16319,Customer
16320,Customer
16321,Customer
16322,Customer
16324,Customer
16325,Customer
16326,Customer
16327,Customer
16329,Customer
16331,Customer
16332,Customer
16333,Customer
16334,Customer
16337,Customer
16338,Customer
16339,Customer
16341,Customer
16342,Customer
16343,Customer
16344,Customer
16345,Customer
16346,Customer
16347,Customer
16348,Customer
16350,Customer
16352,Customer
16353,Customer
16355,Customer
16356,Customer
16358,Customer
16359,Customer
16360,Customer
16361,Customer
16362,Customer
16363,Customer
16364,Customer
16365,Customer
16366,Customer
16367,Customer
16368,Customer
16369,Customer
16370,Customer
16371,Customer
16373,Customer
16375,Customer
16377,Customer
16378,Customer
16379,Customer
16382,Customer
16383,Customer
16385,Customer
16387,Customer
16388,Customer
16389,Customer
16390,Customer
16391,Customer
16392,Customer
16393,Customer
16395,Customer
16398,Customer
16400,Customer
16401,Customer
16402,Customer
16403,Customer
16404,Customer
16405,Customer
16406,Customer
16407,Customer
16408,Customer
16409,Customer
16410,Customer
16411,Customer
16413,Customer
16415,Customer
16416,Customer
16417,Customer
16418,Customer
16419,Customer
16422,Customer
16424,Customer
16426,Customer
16427,Customer
16428,Customer
16429,Customer
16430,Customer
16432,Customer
16433,Customer
16434,Customer
16435,Customer
16436,Customer
16437,Customer
16439,Customer
16440,Customer
16441,Customer
16443,Customer
16444,Customer
16445,Customer
16447,Customer
16448,Customer
16449,Customer
16454,Customer
16455,Customer
16456,Customer
16457,Customer
16458,Customer
16459,Customer
16460,Customer
16461,Customer
16462,Customer
16463,Customer
16465,Customer
16466,Customer
16467,Customer
16468,Customer
16469,Customer
16471,Customer
16472,Customer
16473,Customer
16474,Customer
16476,Customer
16477,Customer
16481,Customer
16482,Customer
16483,Customer
16484,Customer
16485,Customer
16486,Customer
16489,Customer
16490,Customer
16491,Customer
16492,Customer
16493,Customer
16494,Customer
16495,Customer
16496,Customer
16497,Customer
16498,Customer
16499,Customer
16500,Customer
16501,Customer
16502,Customer
16503,Customer
16504,Customer
16505,Customer
16506,Customer
16507,Customer
16508,Customer
16509,Customer
16510,Customer
16512,Customer
16513,Customer
16514,Customer
16515,Customer
16516,Customer
16519,Customer
16520,Customer
16522,Customer
16524,Customer
16526,Customer
16527,Customer
16528,Customer
16529,Customer
16530,Customer
16531,Customer
16532,Customer
16533,Customer
16534,Customer
16535,Customer
16537,Customer
16538,Customer
16540,Customer
16542,Customer
16543,Customer
16545,Customer
16546,Customer
16547,Customer
16549,Customer
16550,Customer
16551,Customer
16553,Customer
16555,Customer
16557,Customer
16558,Customer
16559,Customer
16561,Customer
16562,Customer
16563,Customer
16564,Customer
16565,Customer
16566,Customer
16567,Customer
16568,Customer
16569,Customer
16570,Customer
16571,Customer
16572,Customer
16573,Customer
16574,Customer
16575,Customer
16576,Customer
16577,Customer
16579,Customer
16581,Customer
16582,Customer
16584,Customer
16586,Customer
16588,Customer
16589,Customer
16591,Customer
16593,Customer
16594,Customer
16596,Customer
16598,Customer
16599,Customer
16600,Customer
16601,Customer
16602,Customer
16603,Customer
16604,Customer
16605,Customer
16606,Customer
16607,Customer
16609,Customer
16610,Customer
16611,Customer
16612,Customer
16614,Customer
16615,Customer
16616,Customer
16617,Customer
16618,Customer
16620,Customer
16621,Customer
16622,Customer
16623,Customer
16624,Customer
16626,Customer
16627,Customer
16628,Customer
16630,Customer
16632,Customer
16633,Customer
16635,Customer
16636,Customer
16638,Customer
16639,Customer
16640,Customer
16642,Customer
16643,Customer
16644,Customer
16645,Customer
16646,Customer
16647,Customer
16648,Customer
16649,Customer
16650,Customer
16652,Customer
16653,Customer
16654,Customer
16655,Customer
16656,Customer
16657,Customer
16658,Customer
16659,Customer
16663,Customer
16666,Customer
16667,Customer
16668,Customer
16669,Customer
16670,Customer
16671,Customer
16672,Customer
16673,Customer
16674,Customer
16675,Customer
16676,Customer
16677,Customer
16678,Customer
16679,Customer
16680,Customer
16681,Customer
16682,Customer
16683,Customer
16684,Customer
16685,Customer
16686,Customer
16687,Customer
16688,Customer
16690,Customer
16691,Customer
16692,Customer
16694,Customer
16695,Customer
16696,Customer
16697,Customer
16698,Customer
16699,Customer
16700,Customer
16701,Customer
16702,Customer
16703,Customer
16705,Customer
16706,Customer
16707,Customer
16708,Customer
16709,Customer
16710,Customer
16712,Customer
16713,Customer
16715,Customer
16716,Customer
16717,Customer
16718,Customer
16719,Customer
16720,Customer
16721,Customer
16723,Customer
16724,Customer
16725,Customer
16726,Customer
16727,Customer
16728,Customer
16731,Customer
16732,Customer
16733,Customer
16734,Customer
16735,Customer
16736,Customer
16740,Customer
16741,Customer
16742,Customer
16743,Customer
16744,Customer
16746,Customer
16747,Customer
16748,Customer
16749,Customer
16750,Customer
16751,Customer
16752,Customer
16754,Customer
16755,Customer
16758,Customer
16759,Customer
16760,Customer
16762,Customer
16763,Customer
16764,Customer
16766,Customer
16767,Customer
16768,Customer
16769,Customer
16770,Customer
16771,Customer
16772,Customer
16773,Customer
16774,Customer
16775,Customer
16776,Customer
16777,Customer
16778,Customer
16779,Customer
16780,Customer
16782,Customer
16783,Customer
16784,Customer
16785,Customer
16786,Customer
16787,Customer
16788,Customer
16789,Customer
16790,Customer
16791,Customer
16792,Customer
16793,Customer
16794,Customer
16795,Customer
16796,Customer
16797,Customer
16798,Customer
16800,Customer
16801,Customer
16803,Customer
16804,Customer
16805,Customer
16806,Customer
16807,Customer
16809,Customer
16810,Customer
16811,Customer
16812,Customer
16813,Customer
16814,Customer
16816,Customer
16819,Customer
16820,Customer
16821,Customer
16823,Customer
16825,Customer
16826,Customer
16827,Customer
16828,Customer
16829,Customer
16831,Customer
16832,Customer
16834,Customer
16836,Customer
16837,Customer
16838,Customer
16839,Customer
16840,Customer
16841,Customer
16843,Customer
16844,Customer
16845,Customer
16846,Customer
16847,Customer
16848,Customer
16849,Customer
16851,Customer
16852,Customer
16853,Customer
16854,Customer
16856,Customer
16857,Customer
16858,Customer
16859,Customer
16860,Customer
16861,Customer
16865,Customer
16868,Customer
16869,Customer
16870,Customer
16871,Customer
16872,Customer
16873,Customer
16874,Customer
16875,Customer
16878,Customer
16880,Customer
16881,Customer
16882,Customer
16883,Customer
16884,Customer
16885,Customer
16887,Customer
16888,Customer
16889,Customer
16891,Customer
16892,Customer
16894,Customer
16895,Customer
16896,Customer
16897,Customer
16899,Customer
16901,Customer
16902,Customer
16904,Customer
16905,Customer
16907,Customer
16908,Customer
16910,Customer
16912,Customer
16913,Customer
16914,Customer
16915,Customer
16916,Customer
16917,Customer
16919,Customer
16920,Customer
16921,Customer
16922,Customer
16923,Customer
16924,Customer
16925,Customer
16927,Customer
16928,Customer
16929,Customer
16930,Customer
16931,Customer
16932,Customer
16933,Customer
16934,Customer
16935,Customer
16936,Customer
16938,Customer
16939,Customer
16941,Customer
16942,Customer
16943,Customer
16944,Customer
16947,Customer
16949,Customer
16951,Customer
16952,Customer
16954,Customer
16955,Customer
16956,Customer
16957,Customer
16958,Customer
16959,Customer
16960,Customer
16961,Customer
16962,Customer
16963,Customer
16964,Customer
16965,Customer
16966,Customer
16967,Customer
16968,Customer
16970,Customer
16973,Customer
16974,Customer
16976,Customer
16977,Customer
16980,Customer
16981,Customer
16982,Customer
16983,Customer
16984,Customer
16986,Customer
16987,Customer
16988,Customer
16989,Customer
16990,Customer
16991,Customer
16992,Customer
16993,Customer
16996,Customer
16997,Customer
16998,Customer
17000,Customer
17001,Customer
17002,Customer
17004,Customer
17005,Customer
17006,Customer
17008,Customer
17009,Customer
17012,Customer
17014,Customer
17016,Customer
17017,Customer
17018,Customer
17019,Customer
17020,Customer
17021,Customer
17022,Customer
17025,Customer
17026,Customer
17027,Customer
17028,Customer
17029,Customer
17030,Customer
17031,Customer
17033,Customer
17034,Customer
17035,Customer
17036,Customer
17037,Customer
17038,Customer
17039,Customer
17040,Customer
17041,Customer
17042,Customer
17043,Customer
17044,Customer
17045,Customer
17047,Customer
17048,Customer
17050,Customer
17051,Customer
17052,Customer
17053,Customer
17054,Customer
17055,Customer
17056,Customer
17057,Customer
17058,Customer
17059,Customer
17060,Customer
17061,Customer
17062,Customer
17063,Customer
17065,Customer
17066,Customer
17067,Customer
17068,Customer
17069,Customer
17070,Customer
17072,Customer
17073,Customer
17074,Customer
17076,Customer
17077,Customer
17078,Customer
17079,Customer
17080,Customer
17081,Customer
17082,Customer
17083,Customer
17085,Customer
17086,Customer
17087,Customer
17088,Customer
17089,Customer
17090,Customer
17091,Customer
17092,Customer
17094,Customer
17095,Customer
17096,Customer
17097,Customer
17098,Customer
17100,Customer
17101,Customer
17103,Customer
17104,Customer
17105,Customer
17106,Customer
17108,Customer
17109,Customer
17110,Customer
17112,Customer
17114,Customer
17115,Customer
17116,Customer
17117,Customer
17118,Customer
17120,Customer
17121,Customer
17123,Customer
17124,Customer
17128,Customer
17129,Customer
17130,Customer
17131,Customer
17132,Customer
17133,Customer
17135,Customer
17136,Customer
17137,Customer
17138,Customer
17139,Customer
17141,Customer
17142,Customer
17143,Customer
17144,Customer
17145,Customer
17148,Customer
17149,Customer
17150,Customer
17151,Customer
17152,Customer
17153,Customer
17154,Customer
17155,Customer
17156,Customer
17157,Customer
17159,Customer
17160,Customer
17161,Customer
17162,Customer
17163,Customer
17164,Customer
17166,Customer
17167,Customer
17168,Customer
17169,Customer
17170,Customer
17171,Customer
17173,Customer
17174,Customer
17176,Customer
17177,Customer
17178,Customer
17179,Customer
17180,Customer
17181,Customer
17184,Customer
17186,Customer
17188,Customer
17189,Customer
17191,Customer
17192,Customer
17193,Customer
17194,Customer
17195,Customer
17196,Customer
17197,Customer
17198,Customer
17199,Customer
17201,Customer
17202,Customer
17203,Customer
17204,Customer
17205,Customer
17207,Customer
17209,Customer
17210,Customer
17211,Customer
17212,Customer
17213,Customer
17214,Customer
17215,Customer
17216,Customer
17217,Customer
17218,Customer
17219,Customer
17222,Customer
17224,Customer
17225,Customer
17226,Customer
17228,Customer
17229,Customer
17230,Customer
17231,Customer
17232,Customer
17234,Customer
17235,Customer
17236,Customer
17238,Customer
17239,Customer
17240,Customer
17241,Customer
17242,Customer
17243,Customer
17244,Customer
17245,Customer
17246,Customer
17247,Customer
17248,Customer
17249,Customer
17252,Customer
17254,Customer
17255,Customer
17256,Customer
17257,Customer
17258,Customer
17259,Customer
17261,Customer
17262,Customer
17265,Customer
17266,Customer
17268,Customer
17269,Customer
17270,Customer
17271,Customer
17272,Customer
17273,Customer
17274,Customer
17275,Customer
17276,Customer
17278,Customer
17281,Customer
17282,Customer
17283,Customer
17284,Customer
17286,Customer
17288,Customer
17289,Customer
17290,Customer
17291,Customer
17293,Customer
17294,Customer
17295,Customer
17296,Customer
17297,Customer
17299,Customer
17300,Customer
17301,Customer
17302,Customer
17303,Customer
17305,Customer
17306,Customer
17307,Customer
17308,Customer
17310,Customer
17311,Customer
17312,Customer
17313,Customer
17314,Customer
17315,Customer
17317,Customer
17318,Customer
17319,Customer
17321,Customer
17322,Customer
17324,Customer
17325,Customer
17326,Customer
17327,Customer
17328,Customer
17329,Customer
17330,Customer
17332,Customer
17333,Customer
17334,Customer
17335,Customer
17337,Customer
17338,Customer
17339,Customer
17340,Customer
17341,Customer
17342,Customer
17343,Customer
17345,Customer
17346,Customer
17347,Customer
17348,Customer
17349,Customer
17350,Customer
17352,Customer
17353,Customer
17354,Customer
17355,Customer
17356,Customer
17357,Customer
17358,Customer
17359,Customer
17360,Customer
17361,Customer
17362,Customer
17363,Customer
17364,Customer
17365,Customer
17366,Customer
17367,Customer
17368,Customer
17369,Customer
17370,Customer
17371,Customer
17374,Customer
17375,Customer
17376,Customer
17377,Customer
17378,Customer
17380,Customer
17381,Customer
17382,Customer
17383,Customer
17385,Customer
17386,Customer
17387,Customer
17388,Customer
17389,Customer
17390,Customer
17391,Customer
17392,Customer
17394,Customer
17395,Customer
17397,Customer
17399,Customer
17402,Customer
17403,Customer
17404,Customer
17406,Customer
17407,Customer
17409,Customer
17411,Customer
17413,Customer
17414,Customer
17418,Customer
17419,Customer
17420,Customer
17421,Customer
17422,Customer
17423,Customer
17424,Customer
17426,Customer
17427,Customer
17428,Customer
17432,Customer
17434,Customer
17435,Customer
17436,Customer
17437,Customer
17438,Customer
17439,Customer
17440,Customer
17441,Customer
17442,Customer
17443,Customer
17444,Customer
17445,Customer
17446,Customer
17447,Customer
17449,Customer
17450,Customer
17451,Customer
17452,Customer
17453,Customer
17454,Customer
17456,Customer
17457,Customer
17458,Customer
17460,Customer
17461,Customer
17462,Customer
17463,Customer
17464,Customer
17465,Customer
17466,Customer
17467,Customer
17469,Customer
17470,Customer
17472,Customer
17473,Customer
17474,Customer
17475,Customer
17476,Customer
17477,Customer
17478,Customer
17480,Customer
17481,Customer
17483,Customer
17484,Customer
17485,Customer
17486,Customer
17487,Customer
17488,Customer
17489,Customer
17490,Customer
17491,Customer
17492,Customer
17493,Customer
17495,Customer
17496,Customer
17497,Customer
17499,Customer
17500,Customer
17501,Customer
17502,Customer
17503,Customer
17504,Customer
17505,Customer
17506,Customer
17507,Customer
17508,Customer
17509,Customer
17510,Customer
17512,Customer
17514,Customer
17515,Customer
17516,Customer
17518,Customer
17519,Customer
17521,Customer
17522,Customer
17523,Customer
17524,Customer
17525,Customer
17526,Customer
17527,Customer
17528,Customer
17529,Customer
17532,Customer
17534,Customer
17535,Customer
17536,Customer
17537,Customer
17540,Customer
17541,Customer
17542,Customer
17543,Customer
17544,Customer
17545,Customer
17547,Customer
17548,Customer
17549,Customer
17550,Customer
17551,Customer
17553,Customer
17555,Customer
17557,Customer
17558,Customer
17560,Customer
17561,Customer
17562,Customer
17565,Customer
17566,Customer
17570,Customer
17571,Customer
17573,Customer
17575,Customer
17578,Customer
17579,Customer
17580,Customer
17583,Customer
17584,Customer
17585,Customer
17586,Customer
17587,Customer
17588,Customer
17589,Customer
17590,Customer
17591,Customer
17595,Customer
17599,Customer
17600,Customer
17601,Customer
17602,Customer
17605,Customer
17606,Customer
17608,Customer
17609,Customer
17611,Customer
17612,Customer
17613,Customer
17615,Customer
17616,Customer
17618,Customer
17619,Customer
17620,Customer
17621,Customer
17622,Customer
17623,Customer
17624,Customer
17625,Customer
17626,Customer
17627,Customer
17629,Customer
17630,Customer
17631,Customer
17633,Customer
17634,Customer
17635,Customer
17636,Customer
17637,Customer
17638,Customer
17639,Customer
17640,Customer
17641,Customer
17642,Customer
17643,Customer
17644,Customer
17645,Customer
17646,Customer
17647,Customer
17649,Customer
17650,Customer
17651,Customer
17653,Customer
17654,Customer
17655,Customer
17656,Customer
17659,Customer
17660,Customer
17661,Customer
17662,Customer
17664,Customer
17665,Customer
17666,Customer
17668,Customer
17669,Customer
17671,Customer
17672,Customer
17673,Customer
17674,Customer
17675,Customer
17676,Customer
17677,Customer
17678,Customer
17679,Customer
17680,Customer
17682,Customer
17683,Customer
17684,Customer
17685,Customer
17687,Customer
17688,Customer
17689,Customer
17690,Customer
17693,Customer
17694,Customer
17695,Customer
17697,Customer
17698,Customer
17699,Customer
17701,Customer
17702,Customer
17703,Customer
17704,Customer
17706,Customer
17707,Customer
17708,Customer
17710,Customer
17711,Customer
17713,Customer
17715,Customer
17716,Customer
17717,Customer
17718,Customer
17719,Customer
17721,Customer
17722,Customer
17723,Customer
17724,Customer
17727,Customer
17728,Customer
17729,Customer
17730,Customer
17731,Customer
17732,Customer
17733,Customer
17734,Customer
17735,Customer
17736,Customer
17738,Customer
17739,Customer
17740,Customer
17741,Customer
17742,Customer
17743,Customer
17744,Customer
17746,Customer
17747,Customer
17748,Customer
17749,Customer
17750,Customer
17753,Customer
17754,Customer
17757,Customer
17758,Customer
17761,Customer
17762,Customer
17764,Customer
17765,Customer
17766,Customer
17768,Customer
17769,Customer
17770,Customer
17771,Customer
17772,Customer
17773,Customer
17774,Customer
17775,Customer
17776,Customer
17777,Customer
17778,Customer
17779,Customer
17781,Customer
17782,Customer
17783,Customer
17786,Customer
17789,Customer
17790,Customer
17791,Customer
17792,Customer
17793,Customer
17794,Customer
17795,Customer
17796,Customer
17797,Customer
17799,Customer
17800,Customer
17801,Customer
17802,Customer
17805,Customer
17806,Customer
17807,Customer
17808,Customer
17809,Customer
17810,Customer
17812,Customer
17813,Customer
17814,Customer
17815,Customer
17816,Customer
17817,Customer
17818,Customer
17819,Customer
17820,Customer
17822,Customer
17823,Customer
17825,Customer
17826,Customer
17827,Customer
17829,Customer
17830,Customer
17833,Customer
17834,Customer
17835,Customer
17836,Customer
17837,Customer
17838,Customer
17839,Customer
17840,Customer
17841,Customer
17842,Customer
17844,Customer
17845,Customer
17846,Customer
17848,Customer
17850,Customer
17851,Customer
17852,Customer
17853,Customer
17854,Customer
17855,Customer
17856,Customer
17858,Customer
17859,Customer
17860,Customer
17861,Customer
17862,Customer
17863,Customer
17864,Customer
17866,Customer
17867,Customer
17868,Customer
17869,Customer
17873,Customer
17875,Customer
17876,Customer
17877,Customer
17878,Customer
17880,Customer
17881,Customer
17882,Customer
17883,Customer
17884,Customer
17885,Customer
17886,Customer
17888,Customer
17889,Customer
17890,Customer
17891,Customer
17893,Customer
17894,Customer
17896,Customer
17899,Customer
17900,Customer
17901,Customer
17902,Customer
17904,Customer
17905,Customer
17906,Customer
17907,Customer
17908,Customer
17910,Customer
17911,Customer
17912,Customer
17913,Customer
17914,Customer
17916,Customer
17917,Customer
17918,Customer
17919,Customer
17921,Customer
17923,Customer
17924,Customer
17925,Customer
17926,Customer
17928,Customer
17929,Customer
17931,Customer
17933,Customer
17934,Customer
17935,Customer
17937,Customer
17939,Customer
17940,Customer
17942,Customer
17943,Customer
17945,Customer
17948,Customer
17950,Customer
17951,Customer
17952,Customer
17953,Customer
17954,Customer
17955,Customer
17958,Customer
17959,Customer
17961,Customer
17962,Customer
17963,Customer
17965,Customer
17966,Customer
17967,Customer
17968,Customer
17969,Customer
17970,Customer
17971,Customer
17972,Customer
17974,Customer
17975,Customer
17976,Customer
17978,Customer
17979,Customer
17980,Customer
17981,Customer
17982,Customer
17983,Customer
17986,Customer
17988,Customer
17989,Customer
17991,Customer
17993,Customer
17994,Customer
17995,Customer
17996,Customer
17997,Customer
17999,Customer
18000,Customer
18002,Customer
18003,Customer
18004,Customer
18005,Customer
18008,Customer
18009,Customer
18010,Customer
18012,Customer
18013,Customer
18014,Customer
18015,Customer
18016,Customer
18021,Customer
18022,Customer
18023,Customer
18025,Customer
18026,Customer
18027,Customer
18028,Customer
18029,Customer
18032,Customer
18033,Customer
18035,Customer
18036,Customer
18037,Customer
18038,Customer
18039,Customer
18040,Customer
18042,Customer
18043,Customer
18044,Customer
18046,Customer
18047,Customer
18048,Customer
18049,Customer
18054,Customer
18055,Customer
18056,Customer
18057,Customer
18058,Customer
18059,Customer
18061,Customer
18062,Customer
18063,Customer
18064,Customer
18065,Customer
18067,Customer
18068,Customer
18069,Customer
18070,Customer
18072,Customer
18073,Customer
18074,Customer
18075,Customer
18076,Customer
18078,Customer
18079,Customer
18080,Customer
18081,Customer
18082,Customer
18083,Customer
18086,Customer
18087,Customer
18088,Customer
18089,Customer
18090,Customer
18091,Customer
18092,Customer
18094,Customer
18095,Customer
18098,Customer
18099,Customer
18100,Customer
18101,Customer
18103,Customer
18104,Customer
18105,Customer
18107,Customer
18109,Customer
18110,Customer
18111,Customer
18112,Customer
18114,Customer
18115,Customer
18117,Customer
18118,Customer
18119,Customer
18120,Customer
18121,Customer
18123,Customer
18124,Customer
18125,Customer
18126,Customer
18127,Customer
18128,Customer
18129,Customer
18130,Customer
18131,Customer
18134,Customer
18135,Customer
18136,Customer
18138,Customer
18139,Customer
18140,Customer
18141,Customer
18142,Customer
18143,Customer
18144,Customer
18145,Customer
18147,Customer
18148,Customer
18149,Customer
18150,Customer
18151,Customer
18152,Customer
18154,Customer
18155,Customer
18157,Customer
18158,Customer
18159,Customer
18160,Customer
18162,Customer
18163,Customer
18164,Customer
18165,Customer
18166,Customer
18167,Customer
18168,Customer
18169,Customer
18170,Customer
18171,Customer
18172,Customer
18173,Customer
18174,Customer
18175,Customer
18176,Customer
18178,Customer
18179,Customer
18180,Customer
18182,Customer
18183,Customer
18185,Customer
18186,Customer
18187,Customer
18188,Customer
18189,Customer
18190,Customer
18191,Customer
18192,Customer
18193,Customer
18194,Customer
18195,Customer
18196,Customer
18197,Customer
18199,Customer
18200,Customer
18201,Customer
18202,Customer
18203,Customer
18204,Customer
18208,Customer
18209,Customer
18210,Customer
18212,Customer
18213,Customer
18215,Customer
18216,Customer
18217,Customer
18218,Customer
18219,Customer
18222,Customer
18223,Customer
18225,Customer
18227,Customer
18228,Customer
18229,Customer
18231,Customer
18232,Customer
18233,Customer
18234,Customer
18235,Customer
18236,Customer
18237,Customer
18238,Customer
18239,Customer
18240,Customer
18241,Customer
18242,Customer
18244,Customer
18245,Customer
18247,Customer
18249,Customer
18253,Customer
18254,Customer
18255,Customer
18256,Customer
18257,Customer
18258,Customer
18259,Customer
18260,Customer
18261,Customer
18262,Customer
18263,Customer
18264,Customer
18265,Customer
18266,Customer
18267,Customer
18268,Customer
18270,Customer
18271,Customer
18272,Customer
18273,Customer
18275,Customer
18276,Customer
18280,Customer
18282,Customer
18285,Customer
18286,Customer
18287,Customer
18288,Customer
18289,Customer
18291,Customer
18293,Customer
18294,Customer
18295,Customer
18296,Customer
18297,Customer
18298,Customer
18299,Customer
18302,Customer
18304,Customer
18305,Customer
18306,Customer
18307,Customer
18309,Customer
18311,Customer
18312,Customer
18313,Customer
18314,Customer
18315,Customer
18317,Customer
18318,Customer
18319,Customer
18321,Customer
18322,Customer
18323,Customer
18325,Customer
18328,Customer
18329,Customer
18331,Customer
18333,Customer
18334,Customer
18335,Customer
18336,Customer
18337,Customer
18339,Customer
18341,Customer
18342,Customer
18344,Customer
18345,Customer
18346,Customer
18347,Customer
18349,Customer
18351,Customer
18352,Customer
18354,Customer
18355,Customer
18356,Customer
18357,Customer
18358,Customer
18359,Customer
18360,Customer
18362,Customer
18363,Customer
18364,Customer
18365,Customer
18366,Customer
18367,Customer
18368,Customer
18369,Customer
18370,Customer
18371,Customer
18373,Customer
18374,Customer
18375,Customer
18378,Customer
18380,Customer
18381,Customer
18382,Customer
18384,Customer
18385,Customer
18386,Customer
18387,Customer
18388,Customer
18390,Customer
18391,Customer
18393,Customer
18395,Customer
18396,Customer
18397,Customer
18400,Customer
18401,Customer
18402,Customer
18403,Customer
18404,Customer
18405,Customer
18406,Customer
18407,Customer
18408,Customer
18409,Customer
18411,Customer
18412,Customer
18414,Customer
18416,Customer
18418,Customer
18419,Customer
18420,Customer
18421,Customer
18422,Customer
18423,Customer
18424,Customer
18426,Customer
18427,Customer
18428,Customer
18429,Customer
18430,Customer
18431,Customer
18432,Customer
18435,Customer
18436,Customer
18437,Customer
18438,Customer
18439,Customer
18440,Customer
18441,Customer
18444,Customer
18445,Customer
18447,Customer
18448,Customer
18451,Customer
18452,Customer
18453,Customer
18455,Customer
18457,Customer
18458,Customer
18459,Customer
18462,Customer
18463,Customer
18464,Customer
18465,Customer
18466,Customer
18467,Customer
18468,Customer
18470,Customer
18471,Customer
18473,Customer
18475,Customer
18476,Customer
18477,Customer
18478,Customer
18479,Customer
18480,Customer
18481,Customer
18482,Customer
18483,Customer
18484,Customer
18485,Customer
18486,Customer
18487,Customer
18490,Customer
18491,Customer
18492,Customer
18493,Customer
18494,Customer
18495,Customer
18496,Customer
18497,Customer
18498,Customer
18499,Customer
18500,Customer
18501,Customer
18503,Customer
18504,Customer
18505,Customer
18507,Customer
18508,Customer
18509,Customer
18510,Customer
18511,Customer
18512,Customer
18513,Customer
18514,Customer
18515,Customer
18516,Customer
18520,Customer
18523,Customer
18524,Customer
18525,Customer
18526,Customer
18527,Customer
18528,Customer
18529,Customer
18536,Customer
18537,Customer
18538,Customer
18539,Customer
18540,Customer
18541,Customer
18542,Customer
18543,Customer
18544,Customer
18545,Customer
18547,Customer
18548,Customer
18551,Customer
18552,Customer
18554,Customer
18555,Customer
18556,Customer
18558,Customer
18559,Customer
18561,Customer
18562,Customer
18563,Customer
18564,Customer
18565,Customer
18566,Customer
18567,Customer
18568,Customer
18569,Customer
18570,Customer
18571,Customer
18572,Customer
18573,Customer
18575,Customer
18577,Customer
18581,Customer
18582,Customer
18583,Customer
18585,Customer
18586,Customer
18587,Customer
18588,Customer
18589,Customer
18590,Customer
18591,Customer
18592,Customer
18593,Customer
18594,Customer
18597,Customer
18598,Customer
18601,Customer
18603,Customer
18604,Customer
18605,Customer
18606,Customer
18607,Customer
18608,Customer
18609,Customer
18610,Customer
18611,Customer
18613,Customer
18614,Customer
18615,Customer
18616,Customer
18618,Customer
18619,Customer
18622,Customer
18623,Customer
18624,Customer
18625,Customer
18627,Customer
18628,Customer
18629,Customer
18630,Customer
18631,Customer
18632,Customer
18633,Customer
18634,Customer
18635,Customer
18636,Customer
18637,Customer
18640,Customer
18641,Customer
18642,Customer
18643,Customer
18644,Customer
18645,Customer
18646,Customer
18647,Customer
18649,Customer
18650,Customer
18651,Customer
18652,Customer
18654,Customer
18655,Customer
18657,Customer
18658,Customer
18659,Customer
18662,Customer
18663,Customer
18664,Customer
18665,Customer
18666,Customer
18669,Customer
18670,Customer
18671,Customer
18672,Customer
18673,Customer
18674,Customer
18675,Customer
18676,Customer
18677,Customer
18678,Customer
18681,Customer
18683,Customer
18684,Customer
18685,Customer
18686,Customer
18688,Customer
18689,Customer
18692,Customer
18694,Customer
18697,Customer
18698,Customer
18699,Customer
18701,Customer
18702,Customer
18703,Customer
18704,Customer
18705,Customer
18707,Customer
18709,Customer
18710,Customer
18711,Customer
18712,Customer
18713,Customer
18714,Customer
18715,Customer
18716,Customer
18717,Customer
18718,Customer
18719,Customer
18720,Customer
18721,Customer
18723,Customer
18724,Customer
18725,Customer
18727,Customer
18729,Customer
18730,Customer
18731,Customer
18732,Customer
18733,Customer
18734,Customer
18736,Customer
18737,Customer
18738,Customer
18740,Customer
18741,Customer
18742,Customer
18743,Customer
18744,Customer
18745,Customer
18748,Customer
18749,Customer
18751,Customer
18752,Customer
18754,Customer
18755,Customer
18756,Customer
18757,Customer
18758,Customer
18759,Customer
18760,Customer
18761,Customer
18762,Customer
18767,Customer
18769,Customer
18770,Customer
18771,Customer
18772,Customer
18773,Customer
18774,Customer
18775,Customer
18782,Customer
18783,Customer
18784,Customer
18790,Customer
18792,Customer
18793,Customer
18794,Customer
18797,Customer
18798,Customer
18799,Customer
18800,Customer
18801,Customer
18802,Customer
18804,Customer
18805,Customer
18807,Customer
18808,Customer
18809,Customer
18810,Customer
18811,Customer
18812,Customer
18813,Customer
18814,Customer
18815,Customer
18816,Customer
18818,Customer
18819,Customer
18820,Customer
18821,Customer
18822,Customer
18825,Customer
18826,Customer
18830,Customer
18831,Customer
18832,Customer
18834,Customer
18835,Customer
18836,Customer
18837,Customer
18838,Customer
18839,Customer
18841,Customer
18842,Customer
18843,Customer
18845,Customer
18846,Customer
18847,Customer
18848,Customer
18849,Customer
18850,Customer
18853,Customer
18854,Customer
18855,Customer
18856,Customer
18858,Customer
18859,Customer
18861,Customer
18862,Customer
18863,Customer
18864,Customer
18865,Customer
18866,Customer
18867,Customer
18869,Customer
18870,Customer
18871,Customer
18872,Customer
18873,Customer
18874,Customer
18875,Customer
18876,Customer
18877,Customer
18880,Customer
18881,Customer
18883,Customer
18884,Customer
18885,Customer
18886,Customer
18887,Customer
18888,Customer
18889,Customer
18890,Customer
18892,Customer
18895,Customer
18896,Customer
18897,Customer
18900,Customer
18901,Customer
18902,Customer
18903,Customer
18905,Customer
18906,Customer
18908,Customer
18909,Customer
18910,Customer
18911,Customer
18912,Customer
18914,Customer
18917,Customer
18918,Customer
18919,Customer
18920,Customer
18921,Customer
18922,Customer
18923,Customer
18924,Customer
18926,Customer
18928,Customer
18929,Customer
18930,Customer
18931,Customer
18932,Customer
18933,Customer
18934,Customer
18935,Customer
18936,Customer
18937,Customer
18939,Customer
18940,Customer
18941,Customer
18943,Customer
18944,Customer
18945,Customer
18946,Customer
18948,Customer
18949,Customer
18950,Customer
18952,Customer
18953,Customer
18954,Customer
18955,Customer
18956,Customer
18957,Customer
18958,Customer
18959,Customer
18962,Customer
18963,Customer
18966,Customer
18967,Customer
18968,Customer
18969,Customer
18970,Customer
18971,Customer
18972,Customer
18974,Customer
18977,Customer
18978,Customer
18979,Customer
18980,Customer
18981,Customer
18982,Customer
18983,Customer
18985,Customer
18986,Customer
18987,Customer
18988,Customer
18989,Customer
18990,Customer
18991,Customer
18992,Customer
18993,Customer
18994,Customer
18995,Customer
18996,Customer
18997,Customer
18998,Customer
18999,Customer
19000,Customer
19003,Customer
19004,Customer
19007,Customer
19008,Customer
19009,Customer
19010,Customer
19011,Customer
19012,Customer
19013,Customer
19015,Customer
19016,Customer
19017,Customer
19018,Customer
19021,Customer
19022,Customer
19023,Customer
19024,Customer
19025,Customer
19026,Customer
19027,Customer
19028,Customer
19030,Customer
19031,Customer
19032,Customer
19034,Customer
19035,Customer
19036,Customer
19037,Customer
19040,Customer
19041,Customer
19042,Customer
19043,Customer
19044,Customer
19045,Customer
19047,Customer
19049,Customer
19051,Customer
19053,Customer
19054,Customer
19055,Customer
19057,Customer
19058,Customer
19059,Customer
19060,Customer
19061,Customer
19062,Customer
19063,Customer
19064,Customer
19066,Customer
19067,Customer
19069,Customer
19070,Customer
19071,Customer
19072,Customer
19074,Customer
19075,Customer
19078,Customer
19079,Customer
19080,Customer
19082,Customer
19083,Customer
19084,Customer
19085,Customer
19086,Customer
19087,Customer
19088,Customer
19090,Customer
19091,Customer
19092,Customer
19093,Customer
19094,Customer
19095,Customer
19096,Customer
19097,Customer
19098,Customer
19099,Customer
19100,Customer
19101,Customer
19102,Customer
19103,Customer
19105,Customer
19107,Customer
19108,Customer
19109,Customer
19110,Customer
19111,Customer
19112,Customer
19113,Customer
19114,Customer
19115,Customer
19116,Customer
19117,Customer
19120,Customer
19122,Customer
19123,Customer
19124,Customer
19126,Customer
19128,Customer
19129,Customer
19130,Customer
19132,Customer
19134,Customer
19136,Customer
19137,Customer
19139,Customer
19140,Customer
19141,Customer
19142,Customer
19143,Customer
19144,Customer
19147,Customer
19148,Customer
19149,Customer
19150,Customer
19151,Customer
19152,Customer
19154,Customer
19155,Customer
19156,Customer
19160,Customer
19161,Customer
19162,Customer
19164,Customer
19166,Customer
19167,Customer
19168,Customer
19169,Customer
19170,Customer
19172,Customer
19173,Customer
19174,Customer
19176,Customer
19177,Customer
19178,Customer
19179,Customer
19180,Customer
19181,Customer
19182,Customer
19183,Customer
19184,Customer
19185,Customer
19186,Customer
19187,Customer
19188,Customer
19189,Customer
19190,Customer
19191,Customer
19192,Customer
19193,Customer
19194,Customer
19195,Customer
19196,Customer
19197,Customer
19198,Customer
19199,Customer
19201,Customer
19202,Customer
19203,Customer
19204,Customer
19205,Customer
19207,Customer
19208,Customer
19210,Customer
19212,Customer
19213,Customer
19216,Customer
19217,Customer
19219,Customer
19221,Customer
19222,Customer
19224,Customer
19225,Customer
19226,Customer
19227,Customer
19228,Customer
19229,Customer
19230,Customer
19231,Customer
19232,Customer
19233,Customer
19234,Customer
19235,Customer
19237,Customer
19241,Customer
19242,Customer
19243,Customer
19244,Customer
19245,Customer
19247,Customer
19249,Customer
19250,Customer
19251,Customer
19252,Customer
19254,Customer
19255,Customer
19256,Customer
19257,Customer
19258,Customer
19259,Customer
19260,Customer
19261,Customer
19262,Customer
19263,Customer
19264,Customer
19266,Customer
19267,Customer
19268,Customer
19269,Customer
19270,Customer
19271,Customer
19272,Customer
19273,Customer
19274,Customer
19275,Customer
19276,Customer
19277,Customer
19278,Customer
19279,Customer
19280,Customer
19281,Customer
19282,Customer
19283,Customer
19284,Customer
19286,Customer
19287,Customer
19289,Customer
19290,Customer
19291,Customer
19292,Customer
19293,Customer
19294,Customer
19295,Customer
19296,Customer
19297,Customer
19298,Customer
19299,Customer
19301,Customer
19302,Customer
19303,Customer
19304,Customer
19305,Customer
19307,Customer
19309,Customer
19310,Customer
19311,Customer
19312,Customer
19314,Customer
19315,Customer
19316,Customer
19317,Customer
19318,Customer
19319,Customer
19320,Customer
19322,Customer
19323,Customer
19324,Customer
19325,Customer
19326,Customer
19327,Customer
19328,Customer
19329,Customer
19330,Customer
19331,Customer
19333,Customer
19334,Customer
19336,Customer
19337,Customer
19338,Customer
19339,Customer
19341,Customer
19342,Customer
19343,Customer
19344,Customer
19345,Customer
19346,Customer
19347,Customer
19348,Customer
19349,Customer
19350,Customer
19351,Customer
19352,Customer
19353,Customer
19354,Customer
19356,Customer
19357,Customer
19358,Customer
19359,Customer
19361,Customer
19363,Customer
19364,Customer
19365,Customer
19366,Customer
19367,Customer
19370,Customer
19371,Customer
19372,Customer
19374,Customer
19375,Customer
19378,Customer
19379,Customer
19380,Customer
19381,Customer
19382,Customer
19384,Customer
19385,Customer
19386,Customer
19387,Customer
19388,Customer
19389,Customer
19390,Customer
19391,Customer
19392,Customer
19394,Customer
19398,Customer
19399,Customer
19400,Customer
19401,Customer
19402,Customer
19403,Customer
19404,Customer
19405,Customer
19406,Customer
19407,Customer
19408,Customer
19409,Customer
19410,Customer
19413,Customer
19414,Customer
19416,Customer
19419,Customer
19420,Customer
19422,Customer
19423,Customer
19424,Customer
19425,Customer
19426,Customer
19427,Customer
19428,Customer
19430,Customer
19431,Customer
19432,Customer
19433,Customer
19434,Customer
19436,Customer
19437,Customer
19439,Customer
19440,Customer
19441,Customer
19442,Customer
19443,Customer
19444,Customer
19445,Customer
19446,Customer
19447,Customer
19448,Customer
19450,Customer
19451,Customer
19452,Customer
19453,Customer
19454,Customer
19455,Customer
19456,Customer
19457,Customer
19458,Customer
19459,Customer
19460,Customer
19462,Customer
19463,Customer
19464,Customer
19465,Customer
19466,Customer
19467,Customer
19468,Customer
19469,Customer
19471,Customer
19472,Customer
19473,Customer
19474,Customer
19475,Customer
19476,Customer
19477,Customer
19478,Customer
19479,Customer
19481,Customer
19482,Customer
19484,Customer
19486,Customer
19487,Customer
19488,Customer
19489,Customer
19490,Customer
19491,Customer
19492,Customer
19493,Customer
19494,Customer
19495,Customer
19496,Customer
19497,Customer
19498,Customer
19499,Customer
19500,Customer
19501,Customer
19503,Customer
19504,Customer
19507,Customer
19508,Customer
19511,Customer
19512,Customer
19513,Customer
19514,Customer
19516,Customer
19517,Customer
19518,Customer
19519,Customer
19520,Customer
19521,Customer
19522,Customer
19523,Customer
19524,Customer
19525,Customer
19526,Customer
19527,Customer
19530,Customer
19531,Customer
19532,Customer
19534,Customer
19535,Customer
19536,Customer
19538,Customer
19539,Customer
19540,Customer
19542,Customer
19543,Customer
19545,Customer
19546,Customer
19548,Customer
19550,Customer
19551,Customer
19552,Customer
19554,Customer
19555,Customer
19556,Customer
19557,Customer
19561,Customer
19562,Customer
19564,Customer
19565,Customer
19568,Customer
19570,Customer
19571,Customer
19572,Customer
19573,Customer
19575,Customer
19576,Customer
19577,Customer
19580,Customer
19581,Customer
19582,Customer
19583,Customer
19584,Customer
19585,Customer
19587,Customer
19589,Customer
19590,Customer
19592,Customer
19594,Customer
19596,Customer
19597,Customer
19598,Customer
19600,Customer
19601,Customer
19604,Customer
19605,Customer
19607,Customer
19608,Customer
19609,Customer
19610,Customer
19611,Customer
19612,Customer
19613,Customer
19614,Customer
19615,Customer
19616,Customer
19617,Customer
19618,Customer
19621,Customer
19623,Customer
19625,Customer
19626,Customer
19627,Customer
19631,Customer
19633,Customer
19635,Customer
19636,Customer
19637,Customer
19638,Customer
19639,Customer
19640,Customer
19641,Customer
19642,Customer
19643,Customer
19647,Customer
19648,Customer
19649,Customer
19651,Customer
19652,Customer
19653,Customer
19654,Customer
19655,Customer
19656,Customer
19657,Customer
19658,Customer
19659,Customer
19661,Customer
19662,Customer
19663,Customer
19664,Customer
19665,Customer
19666,Customer
19667,Customer
19668,Customer
19669,Customer
19670,Customer
19671,Customer
19673,Customer
19674,Customer
19675,Customer
19676,Customer
19677,Customer
19678,Customer
19679,Customer
19680,Customer
19681,Customer
19682,Customer
19683,Customer
19684,Customer
19685,Customer
19686,Customer
19687,Customer
19688,Customer
19689,Customer
19690,Customer
19692,Customer
19694,Customer
19695,Customer
19696,Customer
19697,Customer
19698,Customer
19699,Customer
19700,Customer
19702,Customer
19704,Customer
19705,Customer
19706,Customer
19707,Customer
19709,Customer
19710,Customer
19711,Customer
19713,Customer
19714,Customer
19715,Customer
19716,Customer
19717,Customer
19718,Customer
19720,Customer
19721,Customer
19722,Customer
19723,Customer
19724,Customer
19725,Customer
19726,Customer
19728,Customer
19729,Customer
19731,Customer
19732,Customer
19734,Customer
19735,Customer
19737,Customer
19738,Customer
19739,Customer
19740,Customer
19741,Customer
19742,Customer
19743,Customer
19744,Customer
19745,Customer
19746,Customer
19747,Customer
19750,Customer
19751,Customer
19752,Customer
19753,Customer
19755,Customer
19756,Customer
19757,Customer
19758,Customer
19759,Customer
19760,Customer
19761,Customer
19762,Customer
19764,Customer
19765,Customer
19766,Customer
19767,Customer
19768,Customer
19770,Customer
19771,Customer
19772,Customer
19773,Customer
19774,Customer
19775,Customer
19776,Customer
19777,Customer
19779,Customer
19780,Customer
19781,Customer
19782,Customer
19784,Customer
19786,Customer
19787,Customer
19791,Customer
19792,Customer
19793,Customer
19795,Customer
19796,Customer
19797,Customer
19798,Customer
19799,Customer
19800,Customer
19802,Customer
19804,Customer
19805,Customer
19806,Customer
19807,Customer
19808,Customer
19809,Customer
19812,Customer
19814,Customer
19817,Customer
19819,Customer
19820,Customer
19822,Customer
19823,Customer
19824,Customer
19825,Customer
19826,Customer
19827,Customer
19828,Customer
19829,Customer
19830,Customer
19834,Customer
19837,Customer
19838,Customer
19840,Customer
19841,Customer
19842,Customer
19843,Customer
19844,Customer
19846,Customer
19847,Customer
19848,Customer
19849,Customer
19850,Customer
19851,Customer
19852,Customer
19853,Customer
19855,Customer
19856,Customer
19857,Customer
19858,Customer
19859,Customer
19861,Customer
19862,Customer
19864,Customer
19865,Customer
19866,Customer
19867,Customer
19868,Customer
19870,Customer
19872,Customer
19873,Customer
19874,Customer
19876,Customer
19877,Customer
19878,Customer
19879,Customer
19880,Customer
19881,Customer
19883,Customer
19884,Customer
19885,Customer
19887,Customer
19888,Customer
19891,Customer
19893,Customer
19894,Customer
19896,Customer
19898,Customer
19899,Customer
19900,Customer
19901,Customer
19902,Customer
19903,Customer
19904,Customer
19905,Customer
19907,Customer
19909,Customer
19910,Customer
19911,Customer
19912,Customer
19914,Customer
19915,Customer
19916,Customer
19917,Customer
19918,Customer
19919,Customer
19920,Customer
19921,Customer
19922,Customer
19923,Customer
19924,Customer
19925,Customer
19926,Customer
19927,Customer
19929,Customer
19930,Customer
19931,Customer
19932,Customer
19933,Customer
19934,Customer
19935,Customer
19936,Customer
19938,Customer
19939,Customer
19940,Customer
19941,Customer
19942,Customer
19944,Customer
19945,Customer
19947,Customer
19948,Customer
19949,Customer
19950,Customer
19953,Customer
19954,Customer
19955,Customer
19956,Customer
19957,Customer
19958,Customer
19959,Customer
19960,Customer
19963,Customer
19964,Customer
19965,Customer
19966,Customer
19967,Customer
19968,Customer
19970,Customer
19971,Customer
19972,Customer
19973,Customer
19975,Customer
19976,Customer
19977,Customer
19978,Customer
19979,Customer
19980,Customer
19981,Customer
19984,Customer
19985,Customer
19986,Customer
19987,Customer
19988,Customer
19989,Customer
19990,Customer
19992,Customer
19993,Customer
19994,Customer
19995,Customer
19998,Customer
19999,Customer
20000,Customer
20001,Customer
20002,Customer
20004,Customer
20005,Customer
20006,Customer
20007,Customer
20008,Customer
20010,Customer
20011,Customer
20012,Customer
20013,Customer
20014,Customer
20015,Customer
20017,Customer
20018,Customer
20019,Customer
20021,Customer
20022,Customer
20023,Customer
20024,Customer
20025,Customer
20026,Customer
20027,Customer
20028,Customer
20029,Customer
20032,Customer
20033,Customer
20035,Customer
20036,Customer
20037,Customer
20038,Customer
20039,Customer
20040,Customer
20041,Customer
20042,Customer
20043,Customer
20044,Customer
20046,Customer
20050,Customer
20052,Customer
20053,Customer
20054,Customer
20055,Customer
20057,Customer
20058,Customer
20059,Customer
20060,Customer
20061,Customer
20062,Customer
20063,Customer
20066,Customer
20067,Customer
20068,Customer
20069,Customer
20071,Customer
20072,Customer
20073,Customer
20074,Customer
20075,Customer
20076,Customer
20078,Customer
20079,Customer
20080,Customer
20081,Customer
20084,Customer
20085,Customer
20086,Customer
20087,Customer
20088,Customer
20089,Customer
20090,Customer
20091,Customer
20092,Customer
20094,Customer
20095,Customer
20096,Customer
20097,Customer
20098,Customer
20100,Customer
20101,Customer
20102,Customer
20103,Customer
20104,Customer
20105,Customer
20106,Customer
20107,Customer
20108,Customer
20109,Customer
20110,Customer
20111,Customer
20112,Customer
20113,Customer
20114,Customer
20116,Customer
20119,Customer
20120,Customer
20121,Customer
20122,Customer
20124,Customer
20125,Customer
20126,Customer
20127,Customer
20129,Customer
20130,Customer
20131,Customer
20132,Customer
20133,Customer
20135,Customer
20136,Customer
20137,Customer
20138,Customer
20139,Customer
20140,Customer
20141,Customer
20142,Customer
20143,Customer
20144,Customer
20147,Customer
20148,Customer
20149,Customer
20150,Customer
20151,Customer
20152,Customer
20155,Customer
20156,Customer
20157,Customer
20158,Customer
20159,Customer
20160,Customer
20161,Customer
20162,Customer
20163,Customer
20165,Customer
20166,Customer
20167,Customer
20168,Customer
20170,Customer
20171,Customer
20172,Customer
20174,Customer
20175,Customer
20176,Customer
20177,Customer
20178,Customer
20179,Customer
20180,Customer
20181,Customer
20182,Customer
20184,Customer
20186,Customer
20187,Customer
20188,Customer
20189,Customer
20190,Customer
20191,Customer
20192,Customer
20193,Customer
20194,Customer
20196,Customer
20197,Customer
20199,Customer
20200,Customer
20201,Customer
20202,Customer
20203,Customer
20204,Customer
20205,Customer
20206,Customer
20207,Customer
20208,Customer
20209,Customer
20210,Customer
20211,Customer
20212,Customer
20213,Customer
20215,Customer
20216,Customer
20217,Customer
20218,Customer
20220,Customer
20221,Customer
20222,Customer
20224,Customer
20226,Customer
20227,Customer
20228,Customer
20229,Customer
20230,Customer
20231,Customer
20232,Customer
20233,Customer
20234,Customer
20235,Customer
20236,Customer
20237,Customer
20238,Customer
20239,Customer
20240,Customer
20241,Customer
20242,Customer
20243,Customer
20244,Customer
20246,Customer
20247,Customer
20248,Customer
20249,Customer
20251,Customer
20252,Customer
20253,Customer
20254,Customer
20255,Customer
20256,Customer
20257,Customer
20258,Customer
20260,Customer
20261,Customer
20262,Customer
20264,Customer
20265,Customer
20266,Customer
20267,Customer
20268,Customer
20269,Customer
20270,Customer
20271,Customer
20272,Customer
20273,Customer
20274,Customer
20275,Customer
20276,Customer
20277,Customer
20279,Customer
20280,Customer
20281,Customer
20283,Customer
20285,Customer
20286,Customer
20287,Customer
20288,Customer
20289,Customer
20290,Customer
20291,Customer
20293,Customer
20294,Customer
20295,Customer
20296,Customer
20297,Customer
20298,Customer
20300,Customer
20301,Customer
20304,Customer
20305,Customer
20307,Customer
20308,Customer
20309,Customer
20310,Customer
20312,Customer
20313,Customer
20314,Customer
20315,Customer
20316,Customer
20317,Customer
20318,Customer
20319,Customer
20320,Customer
20322,Customer
20323,Customer
20325,Customer
20328,Customer
20329,Customer
20330,Customer
20334,Customer
20336,Customer
20339,Customer
20340,Customer
20341,Customer
20342,Customer
20343,Customer
20345,Customer
20346,Customer
20349,Customer
20350,Customer
20351,Customer
20352,Customer
20353,Customer
20355,Customer
20356,Customer
20358,Customer
20360,Customer
20362,Customer
20364,Customer
20365,Customer
20366,Customer
20367,Customer
20368,Customer
20370,Customer
20372,Customer
20373,Customer
20374,Customer
20375,Customer
20376,Customer
20378,Customer
20379,Customer
20380,Customer
20382,Customer
20383,Customer
20384,Customer
20385,Customer
20386,Customer
20387,Customer
20388,Customer
20389,Customer
20391,Customer
20392,Customer
20393,Customer
20394,Customer
20395,Customer
20397,Customer
20398,Customer
20399,Customer
20400,Customer
20401,Customer
20402,Customer
20404,Customer
20405,Customer
20406,Customer
20407,Customer
20409,Customer
20410,Customer
20411,Customer
20413,Customer
20414,Customer
20415,Customer
20416,Customer
20418,Customer
20419,Customer
20420,Customer
20421,Customer
20423,Customer
20424,Customer
20425,Customer
20426,Customer
20427,Customer
20428,Customer
20429,Customer
20430,Customer
20431,Customer
20432,Customer
20435,Customer
20436,Customer
20437,Customer
20439,Customer
20440,Customer
20441,Customer
20442,Customer
20444,Customer
20446,Customer
20447,Customer
20449,Customer
20450,Customer
20452,Customer
20453,Customer
20454,Customer
20456,Customer
20457,Customer
20459,Customer
20460,Customer
20461,Customer
20463,Customer
20465,Customer
20466,Customer
20467,Customer
20468,Customer
20469,Customer
20470,Customer
20472,Customer
20474,Customer
20475,Customer
20476,Customer
20477,Customer
20478,Customer
20479,Customer
20480,Customer
20481,Customer
20482,Customer
20483,Customer
20484,Customer
20486,Customer
20487,Customer
20489,Customer
20491,Customer
20493,Customer
20495,Customer
20496,Customer
20497,Customer
20499,Customer
20500,Customer
20501,Customer
20503,Customer
20504,Customer
20506,Customer
20507,Customer
20508,Customer
20509,Customer
20511,Customer
20512,Customer
20513,Customer
20516,Customer
20519,Customer
20521,Customer
20522,Customer
20523,Customer
20524,Customer
20525,Customer
20526,Customer
20527,Customer
20528,Customer
20529,Customer
20532,Customer
20533,Customer
20534,Customer
20535,Customer
20536,Customer
20537,Customer
20539,Customer
20541,Customer
20542,Customer
20543,Customer
20544,Customer
20547,Customer
20548,Customer
20549,Customer
20550,Customer
20551,Customer
20552,Customer
20553,Customer
20554,Customer
20555,Customer
20556,Customer
20557,Customer
20558,Customer
20559,Customer
20560,Customer
20561,Customer
20562,Customer
20563,Customer
20564,Customer
20566,Customer
20567,Customer
20568,Customer
20570,Customer
20571,Customer
20572,Customer
20573,Customer
20575,Customer
20576,Customer
20577,Customer
20578,Customer
20581,Customer
20582,Customer
20583,Customer
20584,Customer
20585,Customer
20586,Customer
20587,Customer
20588,Customer
20590,Customer
20591,Customer
20593,Customer
20594,Customer
20595,Customer
20597,Customer
20598,Customer
20599,Customer
20601,Customer
20603,Customer
20605,Customer
20606,Customer
20607,Customer
20609,Customer
20610,Customer
20611,Customer
20613,Customer
20615,Customer
20617,Customer
20619,Customer
20620,Customer
20622,Customer
20624,Customer
20625,Customer
20627,Customer
20628,Customer
20629,Customer
20630,Customer
20631,Customer
20632,Customer
20633,Customer
20636,Customer
20638,Customer
20639,Customer
20640,Customer
20641,Customer
20642,Customer
20644,Customer
20645,Customer
20646,Customer
20647,Customer
20648,Customer
20649,Customer
20650,Customer
20651,Customer
20653,Customer
20654,Customer
20655,Customer
20657,Customer
20658,Customer
20659,Customer
20660,Customer
20661,Customer
20662,Customer
20663,Customer
20665,Customer
20666,Customer
20669,Customer
20670,Customer
20671,Customer
20672,Customer
20673,Customer
20674,Customer
20675,Customer
20676,Customer
20677,Customer
20678,Customer
20679,Customer
20680,Customer
20682,Customer
20683,Customer
20684,Customer
20685,Customer
20686,Customer
20687,Customer
20688,Customer
20689,Customer
20690,Customer
20692,Customer
20693,Customer
20694,Customer
20695,Customer
20696,Customer
20698,Customer
20699,Customer
20700,Customer
20701,Customer
20703,Customer
20704,Customer
20705,Customer
20706,Customer
20707,Customer
20708,Customer
20709,Customer
20710,Customer
20712,Customer
20714,Customer
20715,Customer
20716,Customer
20717,Customer
20718,Customer
20719,Customer
20720,Customer
20721,Customer
20722,Customer
20723,Customer
20725,Customer
20726,Customer
20727,Customer
20729,Customer
20730,Customer
20731,Customer
20732,Customer
20733,Customer
20734,Customer
20736,Customer
20737,Customer
20738,Customer
20740,Customer
20743,Customer
20745,Customer
20747,Customer
20748,Customer
20750,Customer
20751,Customer
20752,Customer
20753,Customer
20754,Customer
20755,Customer
20756,Customer
20757,Customer
20758,Customer
20759,Customer
20760,Customer
20761,Customer
20763,Customer
20764,Customer
20766,Customer
20767,Customer
20769,Customer
20770,Customer
20771,Customer
20772,Customer
20773,Customer
20774,Customer
20775,Customer
20776,Customer
20777,Customer
20778,Customer
20779,Customer
20781,Customer
20782,Customer
20783,Customer
20784,Customer
20785,Customer
20786,Customer
20787,Customer
20788,Customer
20789,Customer
20790,Customer
20791,Customer
20792,Customer
20793,Customer
20794,Customer
20795,Customer
20796,Customer
20797,Customer
20798,Customer
20799,Customer
20802,Customer
20803,Customer
20805,Customer
20807,Customer
20809,Customer
20810,Customer
20812,Customer
20813,Customer
20814,Customer
20815,Customer
20817,Customer
20818,Customer
20819,Customer
20821,Customer
20822,Customer
20824,Customer
20827,Customer
20828,Customer
20830,Customer
20831,Customer
20832,Customer
20833,Customer
20834,Customer
20837,Customer
20838,Customer
20841,Customer
20842,Customer
20843,Customer
20844,Customer
20846,Customer
20847,Customer
20849,Customer
20850,Customer
20851,Customer
20852,Customer
20853,Customer
20854,Customer
20855,Customer
20856,Customer
20857,Customer
20859,Customer
20860,Customer
20861,Customer
20862,Customer
20863,Customer
20865,Customer
20867,Customer
20868,Customer
20869,Customer
20870,Customer
20871,Customer
20873,Customer
20874,Customer
20875,Customer
20876,Customer
20877,Customer
20878,Customer
20880,Customer
20881,Customer
20882,Customer
20883,Customer
20884,Customer
20885,Customer
20887,Customer
20889,Customer
20890,Customer
20891,Customer
20892,Customer
20893,Customer
20894,Customer
20895,Customer
20897,Customer
20898,Customer
20899,Customer
20901,Customer
20902,Customer
20904,Customer
20905,Customer
20906,Customer
20907,Customer
20908,Customer
20909,Customer
20910,Customer
20911,Customer
20912,Customer
20914,Customer
20916,Customer
20917,Customer
20918,Customer
20919,Customer
20920,Customer
20921,Customer
20922,Customer
20923,Customer
20924,Customer
20925,Customer
20926,Customer
20927,Customer
20928,Customer
20929,Customer
20930,Customer
20931,Customer
20932,Customer
20933,Customer
20934,Customer
20935,Customer
20937,Customer
20938,Customer
20940,Customer
20941,Customer
20942,Customer
20943,Customer
20944,Customer
20945,Customer
20946,Customer
20947,Customer
20949,Customer
20950,Customer
20952,Customer
20953,Customer
20954,Customer
20955,Customer
20956,Customer
20957,Customer
20958,Customer
20960,Customer
20961,Customer
20962,Customer
20963,Customer
20964,Customer
20965,Customer
20966,Customer
20967,Customer
20969,Customer
20971,Customer
20972,Customer
20973,Customer
20974,Customer
20975,Customer
20976,Customer
20977,Customer
20978,Customer
20979,Customer
20980,Customer
20981,Customer
20982,Customer
20983,Customer
20984,Customer
20986,Customer
20987,Customer
20988,Customer
20989,Customer
20990,Customer
20991,Customer
20992,Customer
20993,Customer
20994,Customer
20995,Customer
20996,Customer
20997,Customer
20998,Customer
20999,Customer
21000,Customer
21001,Customer
21002,Customer
21004,Customer
21005,Customer
21007,Customer
21009,Customer
21011,Customer
21013,Customer
21014,Customer
21015,Customer
21016,Customer
21018,Customer
21019,Customer
21020,Customer
21021,Customer
21022,Customer
21023,Customer
21024,Customer
21025,Customer
21027,Customer
21029,Customer
21030,Customer
21032,Customer
21033,Customer
21034,Customer
21037,Customer
21039,Customer
21040,Customer
21041,Customer
21043,Customer
21044,Customer
21045,Customer
21046,Customer
21048,Customer
21049,Customer
21050,Customer
21051,Customer
21052,Customer
21053,Customer
21054,Customer
21055,Customer
21056,Customer
21057,Customer
21058,Customer
21061,Customer
21062,Customer
21066,Customer
21067,Customer
21068,Customer
21069,Customer
21070,Customer
21071,Customer
21073,Customer
21074,Customer
21075,Customer
21076,Customer
21080,Customer
21081,Customer
21082,Customer
21084,Customer
21085,Customer
21086,Customer
21089,Customer
21091,Customer
21092,Customer
21093,Customer
21094,Customer
21096,Customer
21097,Customer
21098,Customer
21099,Customer
21100,Customer
21101,Customer
21102,Customer
21103,Customer
21104,Customer
21105,Customer
21106,Customer
21108,Customer
21109,Customer
21110,Customer
21111,Customer
21112,Customer
21113,Customer
21114,Customer
21115,Customer
21116,Customer
21118,Customer
21119,Customer
21120,Customer
21121,Customer
21122,Customer
21123,Customer
21125,Customer
21126,Customer
21128,Customer
21131,Customer
21132,Customer
21134,Customer
21135,Customer
21136,Customer
21137,Customer
21138,Customer
21139,Customer
21140,Customer
21141,Customer
21142,Customer
21143,Customer
21144,Customer
21145,Customer
21146,Customer
21147,Customer
21149,Customer
21151,Customer
21154,Customer
21156,Customer
21157,Customer
21158,Customer
21159,Customer
21160,Customer
21161,Customer
21164,Customer
21167,Customer
21168,Customer
21169,Customer
21170,Customer
21171,Customer
21172,Customer
21173,Customer
21175,Customer
21177,Customer
21178,Customer
21179,Customer
21180,Customer
21182,Customer
21183,Customer
21184,Customer
21185,Customer
21186,Customer
21187,Customer
21188,Customer
21189,Customer
21190,Customer
21191,Customer
21193,Customer
21194,Customer
21195,Customer
21197,Customer
21198,Customer
21199,Customer
21200,Customer
21201,Customer
21202,Customer
21204,Customer
21206,Customer
21207,Customer
21208,Customer
21209,Customer
21211,Customer
21212,Customer
21213,Customer
21214,Customer
21215,Customer
21216,Customer
21217,Customer
21218,Customer
21219,Customer
21220,Customer
21221,Customer
21222,Customer
21223,Customer
21225,Customer
21227,Customer
21228,Customer
21230,Customer
21231,Customer
21232,Customer
21233,Customer
21235,Customer
21236,Customer
21237,Customer
21238,Customer
21239,Customer
21240,Customer
21241,Customer
21242,Customer
21244,Customer
21245,Customer
21246,Customer
21247,Customer
21248,Customer
21249,Customer
21250,Customer
21253,Customer
21254,Customer
21255,Customer
21256,Customer
21258,Customer
21259,Customer
21260,Customer
21262,Customer
21263,Customer
21264,Customer
21265,Customer
21266,Customer
21267,Customer
21268,Customer
21269,Customer
21270,Customer
21271,Customer
21272,Customer
21273,Customer
21274,Customer
21276,Customer
21277,Customer
21280,Customer
21281,Customer
21282,Customer
21283,Customer
21284,Customer
21285,Customer
21286,Customer
21287,Customer
21288,Customer
21290,Customer
21291,Customer
21292,Customer
21293,Customer
21294,Customer
21295,Customer
21296,Customer
21298,Customer
21299,Customer
21301,Customer
21303,Customer
21304,Customer
21306,Customer
21307,Customer
21308,Customer
21309,Customer
21310,Customer
21311,Customer
21312,Customer
21313,Customer
21314,Customer
21315,Customer
21316,Customer
21317,Customer
21318,Customer
21319,Customer
21320,Customer
21321,Customer
21322,Customer
21323,Customer
21324,Customer
21326,Customer
21327,Customer
21328,Customer
21329,Customer
21330,Customer
21332,Customer
21333,Customer
21334,Customer
21335,Customer
21336,Customer
21337,Customer
21338,Customer
21339,Customer
21341,Customer
21343,Customer
21344,Customer
21345,Customer
21346,Customer
21347,Customer
21348,Customer
21349,Customer
21351,Customer
21352,Customer
21353,Customer
21355,Customer
21356,Customer
21357,Customer
21358,Customer
21359,Customer
21361,Customer
21362,Customer
21363,Customer
21364,Customer
21365,Customer
21369,Customer
21371,Customer
21373,Customer
21374,Customer
21376,Customer
21377,Customer
21379,Customer
21380,Customer
21381,Customer
21382,Customer
21383,Customer
21386,Customer
21387,Customer
21388,Customer
21389,Customer
21390,Customer
21391,Customer
21392,Customer
21394,Customer
21396,Customer
21397,Customer
21398,Customer
21399,Customer
21402,Customer
21404,Customer
21405,Customer
21407,Customer
21409,Customer
21411,Customer
21412,Customer
21415,Customer
21417,Customer
21418,Customer
21419,Customer
21420,Customer
21421,Customer
21423,Customer
21424,Customer
21425,Customer
21426,Customer
21427,Customer
21428,Customer
21429,Customer
21430,Customer
21431,Customer
21432,Customer
21433,Customer
21435,Customer
21437,Customer
21438,Customer
21439,Customer
21440,Customer
21442,Customer
21443,Customer
21444,Customer
21445,Customer
21448,Customer
21449,Customer
21450,Customer
21451,Customer
21453,Customer
21454,Customer
21455,Customer
21456,Customer
21457,Customer
21458,Customer
21459,Customer
21460,Customer
21461,Customer
21462,Customer
21464,Customer
21465,Customer
21466,Customer
21467,Customer
21469,Customer
21471,Customer
21472,Customer
21474,Customer
21475,Customer
21477,Customer
21478,Customer
21481,Customer
21482,Customer
21483,Customer
21484,Customer
21485,Customer
21486,Customer
21487,Customer
21488,Customer
21489,Customer
21490,Customer
21491,Customer
21493,Customer
21494,Customer
21495,Customer
21496,Customer
21497,Customer
21498,Customer
21499,Customer
21500,Customer
21501,Customer
21504,Customer
21506,Customer
21508,Customer
21509,Customer
21510,Customer
21512,Customer
21513,Customer
21514,Customer
21515,Customer
21516,Customer
21518,Customer
21519,Customer
21521,Customer
21522,Customer
21523,Customer
21524,Customer
21526,Customer
21527,Customer
21528,Customer
21529,Customer
21530,Customer
21531,Customer
21532,Customer
21533,Customer
21534,Customer
21535,Customer
21536,Customer
21537,Customer
21539,Customer
21540,Customer
21541,Customer
21545,Customer
21547,Customer
21548,Customer
21553,Customer
21554,Customer
21555,Customer
21557,Customer
21559,Customer
21560,Customer
21561,Customer
21562,Customer
21563,Customer
21566,Customer
21567,Customer
21568,Customer
21572,Customer
21573,Customer
21574,Customer
21575,Customer
21576,Customer
21577,Customer
21578,Customer
21579,Customer
21580,Customer
21581,Customer
21582,Customer
21583,Customer
21584,Customer
21585,Customer
21586,Customer
21587,Customer
21588,Customer
21590,Customer
21591,Customer
21592,Customer
21593,Customer
21598,Customer
21599,Customer
21600,Customer
21601,Customer
21602,Customer
21603,Customer
21604,Customer
21605,Customer
21607,Customer
21608,Customer
21609,Customer
21610,Customer
21612,Customer
21614,Customer
21615,Customer
21617,Customer
21619,Customer
21620,Customer
21621,Customer
21623,Customer
21626,Customer
21628,Customer
21630,Customer
21632,Customer
21633,Customer
21634,Customer
21635,Customer
21636,Customer
21637,Customer
21639,Customer
21641,Customer
21642,Customer
21643,Customer
21644,Customer
21645,Customer
21646,Customer
21648,Customer
21649,Customer
21650,Customer
21651,Customer
21652,Customer
21654,Customer
21655,Customer
21657,Customer
21658,Customer
21660,Customer
21661,Customer
21663,Customer
21664,Customer
21665,Customer
21666,Customer
21667,Customer
21668,Customer
21669,Customer
21670,Customer
21671,Customer
21672,Customer
21673,Customer
21674,Customer
21675,Customer
21676,Customer
21677,Customer
21678,Customer
21680,Customer
21681,Customer
21682,Customer
21683,Customer
21684,Customer
21685,Customer
21686,Customer
21687,Customer
21688,Customer
21689,Customer
21690,Customer
21691,Customer
21692,Customer
21694,Customer
21695,Customer
21696,Customer
21697,Customer
21698,Customer
21699,Customer
21700,Customer
21701,Customer
21702,Customer
21703,Customer
21704,Customer
21708,Customer
21709,Customer
21710,Customer
21711,Customer
21712,Customer
21713,Customer
21715,Customer
21716,Customer
21719,Customer
21720,Customer
21721,Customer
21722,Customer
21723,Customer
21725,Customer
21726,Customer
21727,Customer
21728,Customer
21729,Customer
21731,Customer
21733,Customer
21734,Customer
21735,Customer
21736,Customer
21737,Customer
21738,Customer
21739,Customer
21740,Customer
21741,Customer
21742,Customer
21743,Customer
21744,Customer
21745,Customer
21746,Customer
21747,Customer
21748,Customer
21749,Customer
21751,Customer
21752,Customer
21754,Customer
21757,Customer
21758,Customer
21759,Customer
21760,Customer
21761,Customer
21763,Customer
21764,Customer
21765,Customer
21766,Customer
21767,Customer
21768,Customer
21769,Customer
21770,Customer
21774,Customer
21775,Customer
21776,Customer
21777,Customer
21778,Customer
21780,Customer
21782,Customer
21783,Customer
21784,Customer
21785,Customer
21786,Customer
21787,Customer
21788,Customer
21789,Customer
21791,Customer
21792,Customer
21793,Customer
21794,Customer
21799,Customer
21801,Customer
21803,Customer
21804,Customer
21805,Customer
21806,Customer
21807,Customer
21808,Customer
21809,Customer
21811,Customer
21812,Customer
21813,Customer
21814,Customer
21815,Customer
21816,Customer
21817,Customer
21818,Customer
21820,Customer
21821,Customer
21822,Customer
21825,Customer
21827,Customer
21829,Customer
21830,Customer
21831,Customer
21832,Customer
21834,Customer
21835,Customer
21836,Customer
21838,Customer
21839,Customer
21841,Customer
21842,Customer
21844,Customer
21847,Customer
21848,Customer
21849,Customer
21850,Customer
21851,Customer
21852,Customer
21853,Customer
21854,Customer
21856,Customer
21857,Customer
21858,Customer
21859,Customer
21862,Customer
21863,Customer
21864,Customer
21865,Customer
21867,Customer
21868,Customer
21869,Customer
21871,Customer
21872,Customer
21874,Customer
21877,Customer
21878,Customer
21879,Customer
21880,Customer
21881,Customer
21883,Customer
21884,Customer
21885,Customer
21886,Customer
21887,Customer
21888,Customer
21890,Customer
21891,Customer
21893,Customer
21894,Customer
21895,Customer
21896,Customer
21897,Customer
21898,Customer
21901,Customer
21902,Customer
21903,Customer
21904,Customer
21905,Customer
21906,Customer
21907,Customer
21908,Customer
21909,Customer
21910,Customer
21912,Customer
21913,Customer
21914,Customer
21915,Customer
21916,Customer
21917,Customer
21919,Customer
21920,Customer
21921,Customer
21922,Customer
21925,Customer
21926,Customer
21927,Customer
21928,Customer
21929,Customer
21931,Customer
21936,Customer
21937,Customer
21938,Customer
21939,Customer
21940,Customer
21941,Customer
21942,Customer
21943,Customer
21944,Customer
21945,Customer
21946,Customer
21947,Customer
21949,Customer
21951,Customer
21952,Customer
21953,Customer
21954,Customer
21955,Customer
21958,Customer
21959,Customer
21960,Customer
21961,Customer
21962,Customer
21963,Customer
21964,Customer
21965,Customer
21966,Customer
21967,Customer
21968,Customer
21970,Customer
21971,Customer
21972,Customer
21973,Customer
21975,Customer
21976,Customer
21977,Customer
21979,Customer
21980,Customer
21982,Customer
21983,Customer
21984,Customer
21986,Customer
21987,Customer
21989,Customer
21990,Customer
21992,Customer
21994,Customer
21995,Customer
21996,Customer
21998,Customer
21999,Customer
22000,Customer
22003,Customer
22004,Customer
22005,Customer
22006,Customer
22007,Customer
22008,Customer
22009,Customer
22010,Customer
22011,Customer
22012,Customer
22013,Customer
22014,Customer
22015,Customer
22016,Customer
22018,Customer
22019,Customer
22021,Customer
22022,Customer
22024,Customer
22025,Customer
22026,Customer
22027,Customer
22029,Customer
22031,Customer
22032,Customer
22034,Customer
22035,Customer
22036,Customer
22037,Customer
22038,Customer
22039,Customer
22040,Customer
22041,Customer
22043,Customer
22044,Customer
22045,Customer
22046,Customer
22048,Customer
22049,Customer
22050,Customer
22051,Customer
22052,Customer
22053,Customer
22055,Customer
22056,Customer
22057,Customer
22058,Customer
22060,Customer
22061,Customer
22062,Customer
22063,Customer
22064,Customer
22065,Customer
22066,Customer
22067,Customer
22068,Customer
22069,Customer
22070,Customer
22071,Customer
22072,Customer
22073,Customer
22074,Customer
22075,Customer
22076,Customer
22077,Customer
22078,Customer
22081,Customer
22083,Customer
22084,Customer
22085,Customer
22086,Customer
22088,Customer
22090,Customer
22091,Customer
22093,Customer
22094,Customer
22096,Customer
22097,Customer
22098,Customer
22099,Customer
22100,Customer
22101,Customer
22102,Customer
22103,Customer
22104,Customer
22105,Customer
22107,Customer
22108,Customer
22109,Customer
22111,Customer
22112,Customer
22113,Customer
22114,Customer
22115,Customer
22117,Customer
22118,Customer
22119,Customer
22121,Customer
22122,Customer
22123,Customer
22124,Customer
22125,Customer
22126,Customer
22127,Customer
22128,Customer
22129,Customer
22131,Customer
22132,Customer
22134,Customer
22135,Customer
22137,Customer
22138,Customer
22139,Customer
22140,Customer
22141,Customer
22142,Customer
22143,Customer
22144,Customer
22145,Customer
22146,Customer
22147,Customer
22148,Customer
22149,Customer
22150,Customer
22151,Customer
22152,Customer
22153,Customer
22155,Customer
22156,Customer
22157,Customer
22158,Customer
22160,Customer
22161,Customer
22162,Customer
22163,Customer
22164,Customer
22165,Customer
22166,Customer
22167,Customer
22168,Customer
22169,Customer
22170,Customer
22171,Customer
22173,Customer
22174,Customer
22175,Customer
22176,Customer
22177,Customer
22178,Customer
22179,Customer
22180,Customer
22181,Customer
22184,Customer
22185,Customer
22186,Customer
22187,Customer
22188,Customer
22190,Customer
22191,Customer
22194,Customer
22195,Customer
22196,Customer
22197,Customer
22198,Customer
22199,Customer
22200,Customer
22203,Customer
22204,Customer
22206,Customer
22207,Customer
22208,Customer
22209,Customer
22213,Customer
22214,Customer
22215,Customer
22216,Customer
22218,Customer
22219,Customer
22220,Customer
22222,Customer
22224,Customer
22225,Customer
22227,Customer
22229,Customer
22230,Customer
22231,Customer
22232,Customer
22233,Customer
22235,Customer
22236,Customer
22237,Customer
22238,Customer
22239,Customer
22240,Customer
22241,Customer
22242,Customer
22243,Customer
22244,Customer
22245,Customer
22246,Customer
22248,Customer
22250,Customer
22251,Customer
22252,Customer
22253,Customer
22254,Customer
22256,Customer
22257,Customer
22258,Customer
22259,Customer
22261,Customer
22262,Customer
22263,Customer
22265,Customer
22266,Customer
22267,Customer
22268,Customer
22269,Customer
22270,Customer
22271,Customer
22272,Customer
22274,Customer
22275,Customer
22277,Customer
22278,Customer
22279,Customer
22280,Customer
22282,Customer
22283,Customer
22284,Customer
22285,Customer
22286,Customer
22287,Customer
22288,Customer
22290,Customer
22291,Customer
22292,Customer
22293,Customer
22295,Customer
22297,Customer
22299,Customer
22301,Customer
22302,Customer
22303,Customer
22304,Customer
22306,Customer
22307,Customer
22309,Customer
22310,Customer
22311,Customer
22312,Customer
22314,Customer
22316,Customer
22317,Customer
22318,Customer
22319,Customer
22321,Customer
22322,Customer
22323,Customer
22325,Customer
22326,Customer
22327,Customer
22329,Customer
22330,Customer
22331,Customer
22332,Customer
22333,Customer
22334,Customer
22335,Customer
22336,Customer
22337,Customer
22338,Customer
22340,Customer
22341,Customer
22342,Customer
22343,Customer
22344,Customer
22345,Customer
22346,Customer
22348,Customer
22349,Customer
22350,Customer
22351,Customer
22352,Customer
22354,Customer
22355,Customer
22356,Customer
22357,Customer
22359,Customer
22360,Customer
22362,Customer
22363,Customer
22364,Customer
22365,Customer
22366,Customer
22368,Customer
22369,Customer
22370,Customer
22371,Customer
22372,Customer
22374,Customer
22376,Customer
22377,Customer
22378,Customer
22379,Customer
22381,Customer
22382,Customer
22383,Customer
22384,Customer
22386,Customer
22387,Customer
22388,Customer
22389,Customer
22391,Customer
22393,Customer
22394,Customer
22395,Customer
22396,Customer
22397,Customer
22398,Customer
22400,Customer
22401,Customer
22403,Customer
22404,Customer
22406,Customer
22407,Customer
22408,Customer
22409,Customer
22410,Customer
22411,Customer
22413,Customer
22415,Customer
22416,Customer
22418,Customer
22419,Customer
22420,Customer
22421,Customer
22422,Customer
22423,Customer
22424,Customer
22425,Customer
22426,Customer
22428,Customer
22429,Customer
22432,Customer
22433,Customer
22436,Customer
22437,Customer
22438,Customer
22439,Customer
22440,Customer
22441,Customer
22442,Customer
22444,Customer
22445,Customer
22446,Customer
22447,Customer
22449,Customer
22450,Customer
22451,Customer
22452,Customer
22453,Customer
22454,Customer
22456,Customer
22457,Customer
22459,Customer
22461,Customer
22463,Customer
22464,Customer
22467,Customer
22468,Customer
22469,Customer
22470,Customer
22471,Customer
22472,Customer
22473,Customer
22475,Customer
22476,Customer
22478,Customer
22479,Customer
22480,Customer
22481,Customer
22482,Customer
22483,Customer
22484,Customer
22485,Customer
22488,Customer
22489,Customer
22490,Customer
22491,Customer
22492,Customer
22493,Customer
22494,Customer
22495,Customer
22497,Customer
22498,Customer
22500,Customer
22501,Customer
22503,Customer
22505,Customer
22506,Customer
22507,Customer
22508,Customer
22509,Customer
22510,Customer
22511,Customer
22512,Customer
22513,Customer
22514,Customer
22516,Customer
22517,Customer
22519,Customer
22520,Customer
22521,Customer
22522,Customer
22523,Customer
22524,Customer
22525,Customer
22526,Customer
22527,Customer
22528,Customer
22529,Customer
22530,Customer
22531,Customer
22532,Customer
22533,Customer
22534,Customer
22536,Customer
22537,Customer
22538,Customer
22540,Customer
22541,Customer
22543,Customer
22544,Customer
22546,Customer
22549,Customer
22550,Customer
22551,Customer
22552,Customer
22553,Customer
22554,Customer
22555,Customer
22557,Customer
22558,Customer
22561,Customer
22562,Customer
22563,Customer
22564,Customer
22567,Customer
22568,Customer
22569,Customer
22570,Customer
22571,Customer
22572,Customer
22573,Customer
22574,Customer
22575,Customer
22576,Customer
22577,Customer
22578,Customer
22580,Customer
22581,Customer
22583,Customer
22585,Customer
22586,Customer
22587,Customer
22588,Customer
22589,Customer
22591,Customer
22592,Customer
22593,Customer
22595,Customer
22596,Customer
22597,Customer
22598,Customer
22599,Customer
22600,Customer
22601,Customer
22602,Customer
22603,Customer
22604,Customer
22605,Customer
22606,Customer
22607,Customer
22608,Customer
22609,Customer
22610,Customer
22612,Customer
22613,Customer
22615,Customer
22616,Customer
22617,Customer
22618,Customer
22619,Customer
22620,Customer
22623,Customer
22624,Customer
22625,Customer
22626,Customer
22627,Customer
22628,Customer
22629,Customer
22630,Customer
22631,Customer
22633,Customer
22634,Customer
22635,Customer
22637,Customer
22638,Customer
22639,Customer
22641,Customer
22642,Customer
22643,Customer
22644,Customer
22645,Customer
22647,Customer
22650,Customer
22651,Customer
22653,Customer
22654,Customer
22655,Customer
22656,Customer
22657,Customer
22658,Customer
22660,Customer
22661,Customer
22662,Customer
22663,Customer
22664,Customer
22665,Customer
22666,Customer
22667,Customer
22668,Customer
22670,Customer
22671,Customer
22672,Customer
22674,Customer
22675,Customer
22678,Customer
22679,Customer
22680,Customer
22681,Customer
22682,Customer
22683,Customer
22684,Customer
22685,Customer
22686,Customer
22689,Customer
22691,Customer
22692,Customer
22693,Customer
22694,Customer
22696,Customer
22697,Customer
22698,Customer
22699,Customer
22700,Customer
22701,Customer
22703,Customer
22705,Customer
22706,Customer
22707,Customer
22708,Customer
22711,Customer
22712,Customer
22713,Customer
22714,Customer
22715,Customer
22717,Customer
22718,Customer
22719,Customer
22720,Customer
22721,Customer
22722,Customer
22724,Customer
22725,Customer
22726,Customer
22727,Customer
22728,Customer
22729,Customer
22730,Customer
22731,Customer
22732,Customer
22734,Customer
22735,Customer
22737,Customer
22738,Customer
22740,Customer
22741,Customer
22743,Customer
22744,Customer
22745,Customer
22746,Customer
22747,Customer
22748,Customer
22749,Customer
22750,Customer
22752,Customer
22753,Customer
22754,Customer
22755,Customer
22756,Customer
22758,Customer
22759,Customer
22762,Customer
22763,Customer
22764,Customer
22768,Customer
22770,Customer
22771,Customer
22773,Customer
22774,Customer
22775,Customer
22776,Customer
22778,Customer
22780,Customer
22783,Customer
22784,Customer
22785,Customer
22786,Customer
22787,Customer
22788,Customer
22789,Customer
22790,Customer
22791,Customer
22792,Customer
22793,Customer
22794,Customer
22796,Customer
22798,Customer
22799,Customer
22800,Customer
22801,Customer
22803,Customer
22804,Customer
22805,Customer
22806,Customer
22807,Customer
22808,Customer
22809,Customer
22810,Customer
22811,Customer
22812,Customer
22813,Customer
22814,Customer
22815,Customer
22816,Customer
22817,Customer
22818,Customer
22819,Customer
22821,Customer
22822,Customer
22823,Customer
22825,Customer
22826,Customer
22827,Customer
22828,Customer
22829,Customer
22830,Customer
22832,Customer
22834,Customer
22835,Customer
22836,Customer
22837,Customer
22838,Customer
22841,Customer
22842,Customer
22843,Customer
22844,Customer
22845,Customer
22848,Customer
22849,Customer
22851,Customer
22852,Customer
22853,Customer
22854,Customer
22855,Customer
22856,Customer
22857,Customer
22858,Customer
22859,Customer
22860,Customer
22861,Customer
22863,Customer
22864,Customer
22866,Customer
22867,Customer
22868,Customer
22872,Customer
22873,Customer
22874,Customer
22875,Customer
22876,Customer
22877,Customer
22878,Customer
22879,Customer
22880,Customer
22883,Customer
22884,Customer
22885,Customer
22887,Customer
22892,Customer
22893,Customer
22895,Customer
22896,Customer
22898,Customer
22899,Customer
22900,Customer
22901,Customer
22903,Customer
22904,Customer
22905,Customer
22906,Customer
22907,Customer
22909,Customer
22910,Customer
22912,Customer
22913,Customer
22915,Customer
22917,Customer
22918,Customer
22919,Customer
22920,Customer
22922,Customer
22926,Customer
22927,Customer
22928,Customer
22930,Customer
22932,Customer
22933,Customer
22934,Customer
22935,Customer
22936,Customer
22939,Customer
22941,Customer
22942,Customer
22943,Customer
22945,Customer
22946,Customer
22947,Customer
22948,Customer
22949,Customer
22950,Customer
22952,Customer
22953,Customer
22954,Customer
22955,Customer
22956,Customer
22958,Customer
22960,Customer
22962,Customer
22963,Customer
22967,Customer
22968,Customer
22969,Customer
22970,Customer
22972,Customer
22973,Customer
22974,Customer
22975,Customer
22976,Customer
22977,Customer
22978,Customer
22979,Customer
22981,Customer
22982,Customer
22984,Customer
22985,Customer
22986,Customer
22987,Customer
22988,Customer
22990,Customer
22991,Customer
22992,Customer
22993,Customer
22994,Customer
22995,Customer
22996,Customer
22997,Customer
22998,Customer
22999,Customer
23000,Customer
23001,Customer
23002,Customer
23003,Customer
23004,Customer
23005,Customer
23007,Customer
23008,Customer
23009,Customer
23012,Customer
23014,Customer
23015,Customer
23016,Customer
23018,Customer
23020,Customer
23021,Customer
23022,Customer
23023,Customer
23024,Customer
23025,Customer
23026,Customer
23027,Customer
23028,Customer
23030,Customer
23032,Customer
23033,Customer
23036,Customer
23037,Customer
23038,Customer
23039,Customer
23040,Customer
23043,Customer
23044,Customer
23045,Customer
23047,Customer
23048,Customer
23049,Customer
23050,Customer
23051,Customer
23052,Customer
23053,Customer
23054,Customer
23055,Customer
23058,Customer
23059,Customer
23060,Customer
23061,Customer
23062,Customer
23064,Customer
23065,Customer
23066,Customer
23067,Customer
23068,Customer
23071,Customer
23072,Customer
23073,Customer
23074,Customer
23075,Customer
23076,Customer
23077,Customer
23078,Customer
23079,Customer
23080,Customer
23081,Customer
23082,Customer
23083,Customer
23084,Customer
23085,Customer
23086,Customer
23087,Customer
23088,Customer
23089,Customer
23090,Customer
23093,Customer
23094,Customer
23095,Customer
23096,Customer
23097,Customer
23098,Customer
23099,Customer
23100,Customer
23101,Customer
23102,Customer
23103,Customer
23105,Customer
23106,Customer
23107,Customer
23108,Customer
23110,Customer
23111,Customer
23112,Customer
23113,Customer
23114,Customer
23115,Customer
23116,Customer
23117,Customer
23120,Customer
23121,Customer
23125,Customer
23126,Customer
23129,Customer
23132,Customer
23134,Customer
23135,Customer
23137,Customer
23138,Customer
23139,Customer
23141,Customer
23142,Customer
23143,Customer
23144,Customer
23146,Customer
23148,Customer
23149,Customer
23150,Customer
23151,Customer
23153,Customer
23155,Customer
23156,Customer
23157,Customer
23158,Customer
23159,Customer
23160,Customer
23161,Customer
23162,Customer
23165,Customer
23168,Customer
23169,Customer
23170,Customer
23171,Customer
23172,Customer
23173,Customer
23174,Customer
23175,Customer
23176,Customer
23178,Customer
23179,Customer
23180,Customer
23181,Customer
23183,Customer
23184,Customer
23188,Customer
23189,Customer
23190,Customer
23191,Customer
23192,Customer
23194,Customer
23196,Customer
23197,Customer
23198,Customer
23200,Customer
23201,Customer
23203,Customer
23204,Customer
23205,Customer
23206,Customer
23207,Customer
23208,Customer
23209,Customer
23210,Customer
23211,Customer
23212,Customer
23213,Customer
23214,Customer
23215,Customer
23216,Customer
23217,Customer
23219,Customer
23220,Customer
23221,Customer
23222,Customer
23225,Customer
23226,Customer
23231,Customer
23232,Customer
23233,Customer
23234,Customer
23236,Customer
23237,Customer
23239,Customer
23240,Customer
23241,Customer
23245,Customer
23246,Customer
23248,Customer
23251,Customer
23253,Customer
23254,Customer
23255,Customer
23256,Customer
23257,Customer
23258,Customer
23260,Customer
23261,Customer
23262,Customer
23263,Customer
23264,Customer
23265,Customer
23266,Customer
23267,Customer
23269,Customer
23270,Customer
23271,Customer
23272,Customer
23275,Customer
23277,Customer
23279,Customer
23280,Customer
23281,Customer
23282,Customer
23283,Customer
23284,Customer
23285,Customer
23286,Customer
23287,Customer
23288,Customer
23289,Customer
23290,Customer
23293,Customer
23294,Customer
23295,Customer
23296,Customer
23297,Customer
23298,Customer
23299,Customer
23300,Customer
23301,Customer
23302,Customer
23303,Customer
23304,Customer
23305,Customer
23306,Customer
23307,Customer
23308,Customer
23309,Customer
23310,Customer
23311,Customer
23312,Customer
23314,Customer
23315,Customer
23316,Customer
23317,Customer
23318,Customer
23319,Customer
23320,Customer
23321,Customer
23322,Customer
23325,Customer
23326,Customer
23327,Customer
23328,Customer
23329,Customer
23330,Customer
23331,Customer
23332,Customer
23334,Customer
23337,Customer
23338,Customer
23339,Customer
23340,Customer
23341,Customer
23342,Customer
23344,Customer
23346,Customer
23347,Customer
23348,Customer
23349,Customer
23350,Customer
23351,Customer
23352,Customer
23353,Customer
23356,Customer
23357,Customer
23358,Customer
23359,Customer
23364,Customer
23365,Customer
23367,Customer
23370,Customer
23371,Customer
23374,Customer
23375,Customer
23378,Customer
23379,Customer
23381,Customer
23382,Customer
23383,Customer
23384,Customer
23385,Customer
23386,Customer
23387,Customer
23388,Customer
23390,Customer
23391,Customer
23392,Customer
23393,Customer
23394,Customer
23395,Customer
23396,Customer
23397,Customer
23399,Customer
23400,Customer
23401,Customer
23402,Customer
23403,Customer
23406,Customer
23407,Customer
23408,Customer
23410,Customer
23411,Customer
23412,Customer
23414,Customer
23415,Customer
23416,Customer
23417,Customer
23420,Customer
23421,Customer
23422,Customer
23423,Customer
23426,Customer
23427,Customer
23429,Customer
23430,Customer
23431,Customer
23434,Customer
23435,Customer
23436,Customer
23437,Customer
23438,Customer
23439,Customer
23441,Customer
23442,Customer
23443,Customer
23444,Customer
23446,Customer
23448,Customer
23449,Customer
23450,Customer
23451,Customer
23452,Customer
23453,Customer
23454,Customer
23455,Customer
23456,Customer
23457,Customer
23459,Customer
23460,Customer
23462,Customer
23463,Customer
23464,Customer
23466,Customer
23467,Customer
23468,Customer
23469,Customer
23470,Customer
23471,Customer
23472,Customer
23475,Customer
23477,Customer
23478,Customer
23479,Customer
23480,Customer
23482,Customer
23483,Customer
23484,Customer
23485,Customer
23486,Customer
23488,Customer
23489,Customer
23491,Customer
23492,Customer
23494,Customer
23495,Customer
23496,Customer
23498,Customer
23499,Customer
23500,Customer
23502,Customer
23503,Customer
23504,Customer
23505,Customer
23507,Customer
23509,Customer
23510,Customer
23511,Customer
23512,Customer
23513,Customer
23514,Customer
23515,Customer
23516,Customer
23517,Customer
23518,Customer
23520,Customer
23521,Customer
23522,Customer
23523,Customer
23525,Customer
23526,Customer
23527,Customer
23528,Customer
23529,Customer
23531,Customer
23532,Customer
23535,Customer
23536,Customer
23537,Customer
23538,Customer
23540,Customer
23541,Customer
23542,Customer
23543,Customer
23544,Customer
23545,Customer
23548,Customer
23550,Customer
23551,Customer
23552,Customer
23553,Customer
23554,Customer
23555,Customer
23556,Customer
23557,Customer
23558,Customer
23559,Customer
23560,Customer
23561,Customer
23562,Customer
23564,Customer
23566,Customer
23569,Customer
23570,Customer
23571,Customer
23572,Customer
23573,Customer
23574,Customer
23576,Customer
23579,Customer
23580,Customer
23581,Customer
23582,Customer
23583,Customer
23584,Customer
23585,Customer
23587,Customer
23589,Customer
23590,Customer
23591,Customer
23592,Customer
23593,Customer
23594,Customer
23595,Customer
23596,Customer
23597,Customer
23598,Customer
23600,Customer
23601,Customer
23602,Customer
23603,Customer
23604,Customer
23605,Customer
23606,Customer
23607,Customer
23608,Customer
23609,Customer
23613,Customer
23616,Customer
23617,Customer
23618,Customer
23620,Customer
23622,Customer
23623,Customer
23624,Customer
23625,Customer
23627,Customer
23628,Customer
23630,Customer
23632,Customer
23633,Customer
23634,Customer
23635,Customer
23636,Customer
23637,Customer
23638,Customer
23639,Customer
23642,Customer
23643,Customer
23644,Customer
23645,Customer
23646,Customer
23647,Customer
23648,Customer
23649,Customer
23650,Customer
23651,Customer
23652,Customer
23653,Customer
23654,Customer
23655,Customer
23656,Customer
23658,Customer
23659,Customer
23660,Customer
23661,Customer
23662,Customer
23663,Customer
23664,Customer
23665,Customer
23666,Customer
23667,Customer
23672,Customer
23674,Customer
23675,Customer
23676,Customer
23677,Customer
23678,Customer
23680,Customer
23681,Customer
23682,Customer
23683,Customer
23684,Customer
23685,Customer
23686,Customer
23689,Customer
23690,Customer
23691,Customer
23692,Customer
23693,Customer
23694,Customer
23695,Customer
23696,Customer
23698,Customer
23699,Customer
23700,Customer
23701,Customer
23704,Customer
23709,Customer
23710,Customer
23711,Customer
23712,Customer
23713,Customer
23714,Customer
23715,Customer
23718,Customer
23719,Customer
23720,Customer
23721,Customer
23722,Customer
23723,Customer
23724,Customer
23726,Customer
23727,Customer
23728,Customer
23729,Customer
23730,Customer
23731,Customer
23732,Customer
23733,Customer
23734,Customer
23735,Customer
23736,Customer
23737,Customer
23738,Customer
23739,Customer
23740,Customer
23741,Customer
23744,Customer
23745,Customer
23746,Customer
23747,Customer
23749,Customer
23750,Customer
23752,Customer
23753,Customer
23755,Customer
23756,Customer
23758,Customer
23759,Customer
23763,Customer
23765,Customer
23766,Customer
23767,Customer
23768,Customer
23770,Customer
23771,Customer
23772,Customer
23773,Customer
23774,Customer
23775,Customer
23776,Customer
23777,Customer
23778,Customer
23779,Customer
23780,Customer
23781,Customer
23782,Customer
23783,Customer
23784,Customer
23785,Customer
23786,Customer
23788,Customer
23789,Customer
23790,Customer
23791,Customer
23792,Customer
23794,Customer
23795,Customer
23796,Customer
23797,Customer
23798,Customer
23799,Customer
23800,Customer
23802,Customer
23803,Customer
23805,Customer
23807,Customer
23809,Customer
23813,Customer
23815,Customer
23817,Customer
23819,Customer
23820,Customer
23821,Customer
23822,Customer
23823,Customer
23824,Customer
23825,Customer
23826,Customer
23827,Customer
23829,Customer
23830,Customer
23831,Customer
23832,Customer
23834,Customer
23835,Customer
23836,Customer
23837,Customer
23838,Customer
23839,Customer
23840,Customer
23841,Customer
23842,Customer
23843,Customer
23844,Customer
23845,Customer
23846,Customer
23848,Customer
23849,Customer
23850,Customer
23852,Customer
23853,Customer
23855,Customer
23856,Customer
23857,Customer
23858,Customer
23859,Customer
23861,Customer
23862,Customer
23863,Customer
23864,Customer
23865,Customer
23867,Customer
23868,Customer
23869,Customer
23871,Customer
23872,Customer
23873,Customer
23874,Customer
23875,Customer
23876,Customer
23878,Customer
23879,Customer
23880,Customer
23881,Customer
23882,Customer
23885,Customer
23886,Customer
23888,Customer
23889,Customer
23890,Customer
23892,Customer
23893,Customer
23895,Customer
23896,Customer
23897,Customer
23898,Customer
23899,Customer
23900,Customer
23902,Customer
23904,Customer
23905,Customer
23909,Customer
23910,Customer
23911,Customer
23912,Customer
23914,Customer
23915,Customer
23916,Customer
23917,Customer
23918,Customer
23919,Customer
23924,Customer
23925,Customer
23926,Customer
23927,Customer
23928,Customer
23929,Customer
23930,Customer
23931,Customer
23932,Customer
23933,Customer
23934,Customer
23935,Customer
23937,Customer
23939,Customer
23942,Customer
23943,Customer
23945,Customer
23947,Customer
23949,Customer
23950,Customer
23951,Customer
23952,Customer
23953,Customer
23955,Customer
23956,Customer
23957,Customer
23958,Customer
23959,Customer
23960,Customer
23961,Customer
23962,Customer
23963,Customer
23964,Customer
23965,Customer
23966,Customer
23967,Customer
23969,Customer
23970,Customer
23971,Customer
23972,Customer
23973,Customer
23975,Customer
23976,Customer
23978,Customer
23979,Customer
23980,Customer
23981,Customer
23982,Customer
23983,Customer
23984,Customer
23986,Customer
23988,Customer
23990,Customer
23992,Customer
23993,Customer
23994,Customer
23995,Customer
23997,Customer
24000,Customer
24001,Customer
24002,Customer
24005,Customer
24006,Customer
24007,Customer
24008,Customer
24009,Customer
24010,Customer
24012,Customer
24013,Customer
24014,Customer
24016,Customer
24019,Customer
24022,Customer
24023,Customer
24024,Customer
24025,Customer
24026,Customer
24027,Customer
24028,Customer
24029,Customer
24031,Customer
24032,Customer
24034,Customer
24035,Customer
24036,Customer
24038,Customer
24040,Customer
24042,Customer
24043,Customer
24044,Customer
24045,Customer
24046,Customer
24047,Customer
24048,Customer
24049,Customer
24051,Customer
24052,Customer
24053,Customer
24055,Customer
24056,Customer
24057,Customer
24058,Customer
24059,Customer
24060,Customer
24061,Customer
24062,Customer
24063,Customer
24064,Customer
24065,Customer
24066,Customer
24067,Customer
24068,Customer
24069,Customer
24071,Customer
24073,Customer
24075,Customer
24077,Customer
24078,Customer
24079,Customer
24080,Customer
24081,Customer
24082,Customer
24083,Customer
24084,Customer
24085,Customer
24086,Customer
24087,Customer
24088,Customer
24090,Customer
24092,Customer
24093,Customer
24094,Customer
24095,Customer
24096,Customer
24097,Customer
24098,Customer
24099,Customer
24100,Customer
24101,Customer
24102,Customer
24105,Customer
24106,Customer
24107,Customer
24108,Customer
24109,Customer
24110,Customer
24111,Customer
24112,Customer
24113,Customer
24114,Customer
24116,Customer
24117,Customer
24118,Customer
24119,Customer
24120,Customer
24121,Customer
24122,Customer
24123,Customer
24126,Customer
24127,Customer
24128,Customer
24129,Customer
24130,Customer
24131,Customer
24132,Customer
24134,Customer
24135,Customer
24137,Customer
24138,Customer
24140,Customer
24141,Customer
24142,Customer
24143,Customer
24145,Customer
24146,Customer
24147,Customer
24148,Customer
24149,Customer
24152,Customer
24153,Customer
24154,Customer
24155,Customer
24156,Customer
24157,Customer
24158,Customer
24161,Customer
24162,Customer
24163,Customer
24164,Customer
24166,Customer
24167,Customer
24170,Customer
24171,Customer
24172,Customer
24173,Customer
24174,Customer
24175,Customer
24176,Customer
24177,Customer
24178,Customer
24179,Customer
24180,Customer
24181,Customer
24184,Customer
24187,Customer
24188,Customer
24190,Customer
24192,Customer
24193,Customer
24195,Customer
24196,Customer
24198,Customer
24199,Customer
24200,Customer
24201,Customer
24202,Customer
24203,Customer
24205,Customer
24207,Customer
24210,Customer
24211,Customer
24213,Customer
24215,Customer
24217,Customer
24218,Customer
24219,Customer
24220,Customer
24223,Customer
24226,Customer
24227,Customer
24228,Customer
24229,Customer
24230,Customer
24232,Customer
24234,Customer
24236,Customer
24237,Customer
24238,Customer
24240,Customer
24243,Customer
24244,Customer
24245,Customer
24246,Customer
24247,Customer
24250,Customer
24251,Customer
24253,Customer
24255,Customer
24256,Customer
24257,Customer
24259,Customer
24260,Customer
24261,Customer
24262,Customer
24263,Customer
24264,Customer
24265,Customer
24266,Customer
24267,Customer
24268,Customer
24269,Customer
24270,Customer
24271,Customer
24272,Customer
24273,Customer
24274,Customer
24275,Customer
24277,Customer
24278,Customer
24280,Customer
24281,Customer
24282,Customer
24283,Customer
24284,Customer
24286,Customer
24287,Customer
24288,Customer
24289,Customer
24291,Customer
24292,Customer
24297,Customer
24298,Customer
24299,Customer
24300,Customer
24302,Customer
24303,Customer
24304,Customer
24305,Customer
24306,Customer
24307,Customer
24308,Customer
24309,Customer
24310,Customer
24311,Customer
24312,Customer
24313,Customer
24315,Customer
24316,Customer
24317,Customer
24318,Customer
24319,Customer
24322,Customer
24323,Customer
24324,Customer
24325,Customer
24326,Customer
24327,Customer
24328,Customer
24329,Customer
24330,Customer
24332,Customer
24333,Customer
24336,Customer
24337,Customer
24338,Customer
24340,Customer
24341,Customer
24342,Customer
24344,Customer
24346,Customer
24347,Customer
24348,Customer
24349,Customer
24351,Customer
24353,Customer
24354,Customer
24356,Customer
24357,Customer
24359,Customer
24361,Customer
24363,Customer
24364,Customer
24365,Customer
24366,Customer
24367,Customer
24368,Customer
24370,Customer
24371,Customer
24372,Customer
24373,Customer
24374,Customer
24375,Customer
24376,Customer
24377,Customer
24380,Customer
24381,Customer
24382,Customer
24383,Customer
24385,Customer
24386,Customer
24387,Customer
24388,Customer
24389,Customer
24391,Customer
24394,Customer
24395,Customer
24396,Customer
24397,Customer
24398,Customer
24400,Customer
24402,Customer
24403,Customer
24404,Customer
24405,Customer
24406,Customer
24407,Customer
24408,Customer
24409,Customer
24410,Customer
24411,Customer
24412,Customer
24413,Customer
24414,Customer
24415,Customer
24416,Customer
24417,Customer
24418,Customer
24419,Customer
24421,Customer
24422,Customer
24423,Customer
24424,Customer
24425,Customer
24426,Customer
24428,Customer
24429,Customer
24432,Customer
24434,Customer
24435,Customer
24436,Customer
24439,Customer
24440,Customer
24441,Customer
24442,Customer
24443,Customer
24444,Customer
24445,Customer
24446,Customer
24447,Customer
24448,Customer
24449,Customer
24450,Customer
24452,Customer
24453,Customer
24454,Customer
24455,Customer
24456,Customer
24459,Customer
24461,Customer
24462,Customer
24464,Customer
24465,Customer
24466,Customer
24468,Customer
24469,Customer
24470,Customer
24471,Customer
24472,Customer
24476,Customer
24477,Customer
24478,Customer
24479,Customer
24480,Customer
24481,Customer
24482,Customer
24483,Customer
24484,Customer
24485,Customer
24486,Customer
24487,Customer
24488,Customer
24490,Customer
24492,Customer
24493,Customer
24494,Customer
24495,Customer
24496,Customer
24497,Customer
24498,Customer
24499,Customer
24500,Customer
24501,Customer
24502,Customer
24503,Customer
24504,Customer
24505,Customer
24509,Customer
24510,Customer
24512,Customer
24513,Customer
24514,Customer
24516,Customer
24517,Customer
24519,Customer
24520,Customer
24521,Customer
24522,Customer
24525,Customer
24527,Customer
24528,Customer
24529,Customer
24531,Customer
24533,Customer
24534,Customer
24535,Customer
24536,Customer
24538,Customer
24539,Customer
24540,Customer
24542,Customer
24543,Customer
24544,Customer
24545,Customer
24546,Customer
24547,Customer
24548,Customer
24549,Customer
24550,Customer
24551,Customer
24552,Customer
24556,Customer
24557,Customer
24558,Customer
24559,Customer
24560,Customer
24561,Customer
24562,Customer
24563,Customer
24564,Customer
24566,Customer
24568,Customer
24569,Customer
24570,Customer
24573,Customer
24574,Customer
24575,Customer
24576,Customer
24577,Customer
24580,Customer
24583,Customer
24584,Customer
24585,Customer
24586,Customer
24587,Customer
24588,Customer
24589,Customer
24590,Customer
24591,Customer
24592,Customer
24593,Customer
24594,Customer
24596,Customer
24597,Customer
24599,Customer
24600,Customer
24601,Customer
24602,Customer
24603,Customer
24604,Customer
24606,Customer
24608,Customer
24609,Customer
24610,Customer
24611,Customer
24613,Customer
24616,Customer
24617,Customer
24618,Customer
24619,Customer
24620,Customer
24621,Customer
24622,Customer
24623,Customer
24624,Customer
24625,Customer
24626,Customer
24627,Customer
24628,Customer
24629,Customer
24630,Customer
24631,Customer
24632,Customer
24633,Customer
24634,Customer
24635,Customer
24638,Customer
24639,Customer
24640,Customer
24641,Customer
24642,Customer
24643,Customer
24645,Customer
24646,Customer
24647,Customer
24648,Customer
24649,Customer
24650,Customer
24651,Customer
24652,Customer
24653,Customer
24654,Customer
24655,Customer
24656,Customer
24658,Customer
24659,Customer
24660,Customer
24661,Customer
24662,Customer
24663,Customer
24664,Customer
24665,Customer
24666,Customer
24667,Customer
24668,Customer
24669,Customer
24670,Customer
24671,Customer
24672,Customer
24673,Customer
24674,Customer
24675,Customer
24676,Customer
24677,Customer
24679,Customer
24680,Customer
24685,Customer
24686,Customer
24687,Customer
24688,Customer
24689,Customer
24690,Customer
24691,Customer
24692,Customer
24694,Customer
24695,Customer
24697,Customer
24698,Customer
24699,Customer
24700,Customer
24702,Customer
24703,Customer
24704,Customer
24705,Customer
24706,Customer
24707,Customer
24708,Customer
24709,Customer
24710,Customer
24711,Customer
24712,Customer
24715,Customer
24716,Customer
24718,Customer
24719,Customer
24720,Customer
24721,Customer
24724,Customer
24725,Customer
24726,Customer
24728,Customer
24729,Customer
24730,Customer
24731,Customer
24733,Customer
24734,Customer
24736,Customer
24737,Customer
24738,Customer
24739,Customer
24740,Customer
24741,Customer
24742,Customer
24743,Customer
24744,Customer
24745,Customer
24746,Customer
24747,Customer
24748,Customer
24749,Customer
24750,Customer
24751,Customer
24752,Customer
24753,Customer
24754,Customer
24756,Customer
24757,Customer
24760,Customer
24761,Customer
24762,Customer
24764,Customer
24765,Customer
24766,Customer
24767,Customer
24768,Customer
24771,Customer
24772,Customer
24773,Customer
24774,Customer
24776,Customer
24777,Customer
24778,Customer
24779,Customer
24780,Customer
24781,Customer
24783,Customer
24784,Customer
24785,Customer
24786,Customer
24788,Customer
24789,Customer
24790,Customer
24792,Customer
24793,Customer
24794,Customer
24795,Customer
24796,Customer
24797,Customer
24798,Customer
24799,Customer
24800,Customer
24802,Customer
24804,Customer
24805,Customer
24807,Customer
24808,Customer
24811,Customer
24813,Customer
24814,Customer
24815,Customer
24817,Customer
24818,Customer
24819,Customer
24821,Customer
24822,Customer
24823,Customer
24824,Customer
24826,Customer
24828,Customer
24830,Customer
24832,Customer
24834,Customer
24835,Customer
24836,Customer
24837,Customer
24838,Customer
24841,Customer
24842,Customer
24843,Customer
24844,Customer
24846,Customer
24847,Customer
24848,Customer
24849,Customer
24850,Customer
24851,Customer
24852,Customer
24853,Customer
24854,Customer
24855,Customer
24856,Customer
24857,Customer
24858,Customer
24859,Customer
24860,Customer
24861,Customer
24862,Customer
24864,Customer
24865,Customer
24866,Customer
24867,Customer
24868,Customer
24870,Customer
24872,Customer
24873,Customer
24874,Customer
24875,Customer
24877,Customer
24878,Customer
24879,Customer
24880,Customer
24881,Customer
24882,Customer
24883,Customer
24884,Customer
24885,Customer
24886,Customer
24887,Customer
24888,Customer
24889,Customer
24890,Customer
24893,Customer
24895,Customer
24896,Customer
24897,Customer
24898,Customer
24899,Customer
24901,Customer
24902,Customer
24903,Customer
24904,Customer
24905,Customer
24907,Customer
24908,Customer
24910,Customer
24911,Customer
24912,Customer
24913,Customer
24914,Customer
24915,Customer
24916,Customer
24918,Customer
24919,Customer
24920,Customer
24921,Customer
24923,Customer
24924,Customer
24925,Customer
24927,Customer
24928,Customer
24931,Customer
24932,Customer
24933,Customer
24934,Customer
24937,Customer
24938,Customer
24942,Customer
24943,Customer
24944,Customer
24945,Customer
24947,Customer
24949,Customer
24951,Customer
24952,Customer
24954,Customer
24955,Customer
24956,Customer
24957,Customer
24958,Customer
24959,Customer
24961,Customer
24965,Customer
24966,Customer
24968,Customer
24969,Customer
24970,Customer
24971,Customer
24974,Customer
24975,Customer
24976,Customer
24977,Customer
24980,Customer
24981,Customer
24982,Customer
24983,Customer
24984,Customer
24985,Customer
24986,Customer
24988,Customer
24989,Customer
24990,Customer
24991,Customer
24992,Customer
24993,Customer
24994,Customer
24996,Customer
24997,Customer
24999,Customer
25000,Customer
25001,Customer
25002,Customer
25005,Customer
25006,Customer
25007,Customer
25008,Customer
25009,Customer
25011,Customer
25012,Customer
25013,Customer
25014,Customer
25016,Customer
25017,Customer
25018,Customer
25019,Customer
25020,Customer
25021,Customer
25023,Customer
25024,Customer
25025,Customer
25026,Customer
25027,Customer
25028,Customer
25029,Customer
25032,Customer
25034,Customer
25035,Customer
25036,Customer
25037,Customer
25038,Customer
25039,Customer
25040,Customer
25042,Customer
25043,Customer
25044,Customer
25045,Customer
25046,Customer
25047,Customer
25048,Customer
25049,Customer
25050,Customer
25052,Customer
25053,Customer
25054,Customer
25056,Customer
25057,Customer
25058,Customer
25059,Customer
25060,Customer
25062,Customer
25065,Customer
25067,Customer
25068,Customer
25069,Customer
25070,Customer
25071,Customer
25072,Customer
25073,Customer
25074,Customer
25075,Customer
25076,Customer
25077,Customer
25078,Customer
25079,Customer
25080,Customer
25081,Customer
25083,Customer
25084,Customer
25085,Customer
25086,Customer
25087,Customer
25088,Customer
25089,Customer
25090,Customer
25091,Customer
25092,Customer
25093,Customer
25094,Customer
25096,Customer
25097,Customer
25098,Customer
25099,Customer
25100,Customer
25101,Customer
25102,Customer
25104,Customer
25105,Customer
25106,Customer
25108,Customer
25111,Customer
25112,Customer
25113,Customer
25114,Customer
25115,Customer
25116,Customer
25117,Customer
25118,Customer
25120,Customer
25121,Customer
25125,Customer
25126,Customer
25127,Customer
25130,Customer
25131,Customer
25132,Customer
25133,Customer
25134,Customer
25135,Customer
25136,Customer
25137,Customer
25138,Customer
25140,Customer
25141,Customer
25142,Customer
25144,Customer
25145,Customer
25147,Customer
25148,Customer
25149,Customer
25150,Customer
25151,Customer
25152,Customer
25154,Customer
25155,Customer
25156,Customer
25157,Customer
25158,Customer
25159,Customer
25160,Customer
25161,Customer
25162,Customer
25163,Customer
25166,Customer
25167,Customer
25169,Customer
25170,Customer
25171,Customer
25173,Customer
25174,Customer
25175,Customer
25176,Customer
25177,Customer
25178,Customer
25179,Customer
25180,Customer
25181,Customer
25182,Customer
25183,Customer
25184,Customer
25185,Customer
25186,Customer
25188,Customer
25189,Customer
25190,Customer
25191,Customer
25192,Customer
25193,Customer
25194,Customer
25197,Customer
25198,Customer
25199,Customer
25200,Customer
25201,Customer
25202,Customer
25203,Customer
25204,Customer
25206,Customer
25208,Customer
25209,Customer
25210,Customer
25211,Customer
25212,Customer
25213,Customer
25215,Customer
25216,Customer
25217,Customer
25219,Customer
25220,Customer
25221,Customer
25222,Customer
25224,Customer
25225,Customer
25226,Customer
25227,Customer
25228,Customer
25229,Customer
25230,Customer
25231,Customer
25232,Customer
25234,Customer
25235,Customer
25236,Customer
25238,Customer
25239,Customer
25240,Customer
25241,Customer
25242,Customer
25243,Customer
25244,Customer
25245,Customer
25246,Customer
25248,Customer
25249,Customer
25250,Customer
25252,Customer
25253,Customer
25255,Customer
25256,Customer
25257,Customer
25258,Customer
25259,Customer
25260,Customer
25262,Customer
25263,Customer
25264,Customer
25265,Customer
25267,Customer
25268,Customer
25269,Customer
25270,Customer
25271,Customer
25273,Customer
25274,Customer
25275,Customer
25276,Customer
25277,Customer
25278,Customer
25279,Customer
25281,Customer
25282,Customer
25283,Customer
25285,Customer
25286,Customer
25287,Customer
25288,Customer
25289,Customer
25290,Customer
25291,Customer
25292,Customer
25293,Customer
25294,Customer
25295,Customer
25297,Customer
25299,Customer
25301,Customer
25302,Customer
25303,Customer
25304,Customer
25305,Customer
25306,Customer
25307,Customer
25308,Customer
25311,Customer
25312,Customer
25313,Customer
25314,Customer
25315,Customer
25316,Customer
25319,Customer
25322,Customer
25323,Customer
25324,Customer
25325,Customer
25326,Customer
25327,Customer
25328,Customer
25329,Customer
25330,Customer
25332,Customer
25333,Customer
25334,Customer
25335,Customer
25336,Customer
25337,Customer
25338,Customer
25339,Customer
25340,Customer
25341,Customer
25342,Customer
25343,Customer
25345,Customer
25346,Customer
25347,Customer
25349,Customer
25350,Customer
25351,Customer
25352,Customer
25353,Customer
25354,Customer
25355,Customer
25356,Customer
25357,Customer
25358,Customer
25359,Customer
25361,Customer
25362,Customer
25363,Customer
25364,Customer
25366,Customer
25367,Customer
25368,Customer
25370,Customer
25371,Customer
25372,Customer
25373,Customer
25374,Customer
25375,Customer
25376,Customer
25379,Customer
25380,Customer
25381,Customer
25383,Customer
25385,Customer
25386,Customer
25387,Customer
25389,Customer
25390,Customer
25391,Customer
25394,Customer
25395,Customer
25396,Customer
25398,Customer
25400,Customer
25401,Customer
25402,Customer
25403,Customer
25404,Customer
25405,Customer
25406,Customer
25407,Customer
25408,Customer
25409,Customer
25410,Customer
25413,Customer
25414,Customer
25415,Customer
25417,Customer
25420,Customer
25421,Customer
25422,Customer
25423,Customer
25424,Customer
25425,Customer
25428,Customer
25429,Customer
25430,Customer
25432,Customer
25433,Customer
25434,Customer
25435,Customer
25436,Customer
25437,Customer
25439,Customer
25440,Customer
25442,Customer
25443,Customer
25444,Customer
25446,Customer
25448,Customer
25449,Customer
25450,Customer
25451,Customer
25453,Customer
25454,Customer
25455,Customer
25456,Customer
25458,Customer
25459,Customer
25460,Customer
25463,Customer
25464,Customer
25465,Customer
25466,Customer
25469,Customer
25471,Customer
25472,Customer
25473,Customer
25474,Customer
25475,Customer
25476,Customer
25477,Customer
25478,Customer
25480,Customer
25481,Customer
25484,Customer
25485,Customer
25486,Customer
25487,Customer
25488,Customer
25489,Customer
25490,Customer
25491,Customer
25492,Customer
25493,Customer
25494,Customer
25495,Customer
25496,Customer
25497,Customer
25498,Customer
25499,Customer
25500,Customer
25501,Customer
25502,Customer
25503,Customer
25504,Customer
25506,Customer
25507,Customer
25508,Customer
25510,Customer
25511,Customer
25512,Customer
25513,Customer
25514,Customer
25515,Customer
25516,Customer
25517,Customer
25518,Customer
25519,Customer
25520,Customer
25521,Customer
25522,Customer
25523,Customer
25525,Customer
25526,Customer
25527,Customer
25529,Customer
25530,Customer
25531,Customer
25532,Customer
25534,Customer
25535,Customer
25536,Customer
25537,Customer
25538,Customer
25539,Customer
25540,Customer
25541,Customer
25543,Customer
25544,Customer
25546,Customer
25549,Customer
25550,Customer
25551,Customer
25552,Customer
25553,Customer
25554,Customer
25556,Customer
25558,Customer
25559,Customer
25560,Customer
25561,Customer
25562,Customer
25564,Customer
25565,Customer
25566,Customer
25567,Customer
25568,Customer
25569,Customer
25570,Customer
25571,Customer
25572,Customer
25573,Customer
25574,Customer
25575,Customer
25576,Customer
25577,Customer
25578,Customer
25579,Customer
25581,Customer
25582,Customer
25583,Customer
25585,Customer
25586,Customer
25587,Customer
25588,Customer
25589,Customer
25591,Customer
25592,Customer
25593,Customer
25595,Customer
25596,Customer
25597,Customer
25599,Customer
25600,Customer
25601,Customer
25603,Customer
25604,Customer
25605,Customer
25606,Customer
25607,Customer
25609,Customer
25610,Customer
25611,Customer
25613,Customer
25614,Customer
25615,Customer
25616,Customer
25617,Customer
25618,Customer
25621,Customer
25622,Customer
25623,Customer
25626,Customer
25628,Customer
25633,Customer
25634,Customer
25635,Customer
25636,Customer
25637,Customer
25638,Customer
25639,Customer
25641,Customer
25642,Customer
25643,Customer
25644,Customer
25645,Customer
25646,Customer
25647,Customer
25649,Customer
25650,Customer
25651,Customer
25652,Customer
25653,Customer
25654,Customer
25657,Customer
25659,Customer
25660,Customer
25661,Customer
25663,Customer
25664,Customer
25665,Customer
25666,Customer
25669,Customer
25670,Customer
25671,Customer
25673,Customer
25674,Customer
25675,Customer
25676,Customer
25678,Customer
25679,Customer
25681,Customer
25684,Customer
25685,Customer
25686,Customer
25687,Customer
25688,Customer
25689,Customer
25690,Customer
25691,Customer
25692,Customer
25695,Customer
25696,Customer
25697,Customer
25698,Customer
25699,Customer
25702,Customer
25703,Customer
25704,Customer
25705,Customer
25706,Customer
25707,Customer
25708,Customer
25709,Customer
25711,Customer
25712,Customer
25713,Customer
25714,Customer
25715,Customer
25717,Customer
25718,Customer
25719,Customer
25721,Customer
25722,Customer
25723,Customer
25724,Customer
25725,Customer
25727,Customer
25728,Customer
25729,Customer
25731,Customer
25732,Customer
25733,Customer
25734,Customer
25735,Customer
25737,Customer
25738,Customer
25739,Customer
25742,Customer
25743,Customer
25744,Customer
25745,Customer
25746,Customer
25747,Customer
25748,Customer
25750,Customer
25751,Customer
25752,Customer
25754,Customer
25755,Customer
25759,Customer
25760,Customer
25761,Customer
25762,Customer
25764,Customer
25765,Customer
25766,Customer
25767,Customer
25768,Customer
25769,Customer
25770,Customer
25771,Customer
25773,Customer
25774,Customer
25775,Customer
25776,Customer
25778,Customer
25780,Customer
25781,Customer
25782,Customer
25783,Customer
25784,Customer
25785,Customer
25786,Customer
25787,Customer
25788,Customer
25789,Customer
25791,Customer
25792,Customer
25793,Customer
25795,Customer
25796,Customer
25798,Customer
25799,Customer
25801,Customer
25802,Customer
25803,Customer
25804,Customer
25805,Customer
25806,Customer
25807,Customer
25808,Customer
25810,Customer
25812,Customer
25815,Customer
25817,Customer
25818,Customer
25820,Customer
25822,Customer
25823,Customer
25826,Customer
25827,Customer
25828,Customer
25829,Customer
25830,Customer
25832,Customer
25833,Customer
25834,Customer
25835,Customer
25836,Customer
25837,Customer
25838,Customer
25839,Customer
25840,Customer
25841,Customer
25842,Customer
25843,Customer
25844,Customer
25845,Customer
25846,Customer
25847,Customer
25848,Customer
25849,Customer
25850,Customer
25851,Customer
25852,Customer
25853,Customer
25855,Customer
25856,Customer
25857,Customer
25858,Customer
25859,Customer
25860,Customer
25861,Customer
25864,Customer
25865,Customer
25866,Customer
25867,Customer
25869,Customer
25870,Customer
25871,Customer
25873,Customer
25874,Customer
25875,Customer
25876,Customer
25877,Customer
25878,Customer
25880,Customer
25881,Customer
25885,Customer
25886,Customer
25889,Customer
25890,Customer
25891,Customer
25893,Customer
25894,Customer
25895,Customer
25896,Customer
25897,Customer
25898,Customer
25899,Customer
25901,Customer
25902,Customer
25903,Customer
25904,Customer
25905,Customer
25906,Customer
25907,Customer
25908,Customer
25909,Customer
25910,Customer
25911,Customer
25912,Customer
25913,Customer
25915,Customer
25916,Customer
25917,Customer
25920,Customer
25924,Customer
25926,Customer
25927,Customer
25928,Customer
25931,Customer
25932,Customer
25933,Customer
25934,Customer
25935,Customer
25936,Customer
25937,Customer
25940,Customer
25941,Customer
25942,Customer
25943,Customer
25944,Customer
25945,Customer
25946,Customer
25947,Customer
25948,Customer
25949,Customer
25950,Customer
25952,Customer
25953,Customer
25955,Customer
25956,Customer
25957,Customer
25958,Customer
25959,Customer
25960,Customer
25962,Customer
25963,Customer
25964,Customer
25966,Customer
25967,Customer
25968,Customer
25969,Customer
25971,Customer
25972,Customer
25973,Customer
25974,Customer
25977,Customer
25978,Customer
25979,Customer
25980,Customer
25981,Customer
25982,Customer
25984,Customer
25986,Customer
25987,Customer
25988,Customer
25989,Customer
25990,Customer
25991,Customer
25993,Customer
25994,Customer
25995,Customer
25996,Customer
25997,Customer
25998,Customer
26000,Customer
26001,Customer
26002,Customer
26004,Customer
26005,Customer
26006,Customer
26007,Customer
26008,Customer
26009,Customer
26010,Customer
26011,Customer
26012,Customer
26013,Customer
26014,Customer
26015,Customer
26016,Customer
26017,Customer
26018,Customer
26019,Customer
26020,Customer
26021,Customer
26023,Customer
26025,Customer
26026,Customer
26027,Customer
26028,Customer
26029,Customer
26030,Customer
26031,Customer
26033,Customer
26034,Customer
26036,Customer
26037,Customer
26038,Customer
26039,Customer
26040,Customer
26041,Customer
26043,Customer
26044,Customer
26045,Customer
26047,Customer
26050,Customer
26051,Customer
26052,Customer
26053,Customer
26055,Customer
26056,Customer
26057,Customer
26058,Customer
26059,Customer
26060,Customer
26061,Customer
26062,Customer
26065,Customer
26066,Customer
26067,Customer
26068,Customer
26069,Customer
26070,Customer
26071,Customer
26072,Customer
26073,Customer
26074,Customer
26075,Customer
26076,Customer
26077,Customer
26078,Customer
26079,Customer
26080,Customer
26082,Customer
26083,Customer
26084,Customer
26085,Customer
26086,Customer
26087,Customer
26090,Customer
26091,Customer
26092,Customer
26093,Customer
26094,Customer
26095,Customer
26096,Customer
26097,Customer
26100,Customer
26101,Customer
26102,Customer
26103,Customer
26105,Customer
26106,Customer
26107,Customer
26108,Customer
26109,Customer
26112,Customer
26113,Customer
26114,Customer
26115,Customer
26116,Customer
26117,Customer
26118,Customer
26119,Customer
26120,Customer
26121,Customer
26122,Customer
26123,Customer
26124,Customer
26125,Customer
26126,Customer
26128,Customer
26129,Customer
26130,Customer
26131,Customer
26133,Customer
26134,Customer
26135,Customer
26136,Customer
26137,Customer
26138,Customer
26139,Customer
26141,Customer
26143,Customer
26144,Customer
26145,Customer
26146,Customer
26147,Customer
26148,Customer
26149,Customer
26150,Customer
26151,Customer
26155,Customer
26156,Customer
26157,Customer
26158,Customer
26159,Customer
26160,Customer
26162,Customer
26163,Customer
26164,Customer
26165,Customer
26166,Customer
26167,Customer
26169,Customer
26170,Customer
26171,Customer
26172,Customer
26174,Customer
26175,Customer
26176,Customer
26177,Customer
26178,Customer
26180,Customer
26181,Customer
26182,Customer
26183,Customer
26185,Customer
26186,Customer
26188,Customer
26189,Customer
26190,Customer
26193,Customer
26195,Customer
26196,Customer
26197,Customer
26198,Customer
26199,Customer
26200,Customer
26201,Customer
26203,Customer
26205,Customer
26206,Customer
26207,Customer
26208,Customer
26209,Customer
26212,Customer
26213,Customer
26214,Customer
26215,Customer
26216,Customer
26218,Customer
26219,Customer
26221,Customer
26222,Customer
26223,Customer
26224,Customer
26225,Customer
26226,Customer
26227,Customer
26228,Customer
26229,Customer
26231,Customer
26233,Customer
26234,Customer
26235,Customer
26236,Customer
26237,Customer
26239,Customer
26240,Customer
26241,Customer
26242,Customer
26243,Customer
26244,Customer
26245,Customer
26248,Customer
26249,Customer
26250,Customer
26254,Customer
26255,Customer
26256,Customer
26257,Customer
26258,Customer
26261,Customer
26263,Customer
26264,Customer
26265,Customer
26266,Customer
26267,Customer
26270,Customer
26271,Customer
26272,Customer
26274,Customer
26275,Customer
26276,Customer
26277,Customer
26279,Customer
26280,Customer
26281,Customer
26284,Customer
26285,Customer
26286,Customer
26287,Customer
26288,Customer
26290,Customer
26291,Customer
26292,Customer
26293,Customer
26294,Customer
26295,Customer
26296,Customer
26298,Customer
26301,Customer
26302,Customer
26303,Customer
26304,Customer
26305,Customer
26306,Customer
26307,Customer
26308,Customer
26309,Customer
26310,Customer
26311,Customer
26318,Customer
26319,Customer
26320,Customer
26321,Customer
26322,Customer
26323,Customer
26325,Customer
26326,Customer
26327,Customer
26328,Customer
26329,Customer
26331,Customer
26332,Customer
26333,Customer
26335,Customer
26337,Customer
26338,Customer
26339,Customer
26340,Customer
26341,Customer
26343,Customer
26344,Customer
26345,Customer
26347,Customer
26349,Customer
26350,Customer
26351,Customer
26352,Customer
26353,Customer
26354,Customer
26355,Customer
26356,Customer
26358,Customer
26360,Customer
26361,Customer
26363,Customer
26364,Customer
26365,Customer
26368,Customer
26369,Customer
26373,Customer
26374,Customer
26376,Customer
26377,Customer
26378,Customer
26379,Customer
26381,Customer
26382,Customer
26383,Customer
26384,Customer
26386,Customer
26387,Customer
26389,Customer
26390,Customer
26391,Customer
26393,Customer
26395,Customer
26396,Customer
26399,Customer
26400,Customer
26401,Customer
26402,Customer
26403,Customer
26404,Customer
26405,Customer
26406,Customer
26407,Customer
26408,Customer
26409,Customer
26410,Customer
26411,Customer
26412,Customer
26413,Customer
26414,Customer
26416,Customer
26417,Customer
26418,Customer
26419,Customer
26420,Customer
26421,Customer
26424,Customer
26425,Customer
26426,Customer
26427,Customer
26428,Customer
26429,Customer
26430,Customer
26431,Customer
26432,Customer
26435,Customer
26437,Customer
26438,Customer
26439,Customer
26440,Customer
26442,Customer
26444,Customer
26445,Customer
26447,Customer
26448,Customer
26449,Customer
26450,Customer
26451,Customer
26453,Customer
26454,Customer
26456,Customer
26457,Customer
26459,Customer
26460,Customer
26462,Customer
26465,Customer
26466,Customer
26467,Customer
26468,Customer
26469,Customer
26471,Customer
26472,Customer
26473,Customer
26474,Customer
26478,Customer
26479,Customer
26480,Customer
26481,Customer
26482,Customer
26484,Customer
26486,Customer
26490,Customer
26491,Customer
26492,Customer
26494,Customer
26495,Customer
26496,Customer
26498,Customer
26499,Customer
26500,Customer
26501,Customer
26503,Customer
26504,Customer
26505,Customer
26506,Customer
26507,Customer
26508,Customer
26509,Customer
26510,Customer
26511,Customer
26513,Customer
26514,Customer
26515,Customer
26516,Customer
26517,Customer
26518,Customer
26519,Customer
26520,Customer
26521,Customer
26523,Customer
26525,Customer
26527,Customer
26528,Customer
26529,Customer
26532,Customer
26533,Customer
26535,Customer
26536,Customer
26537,Customer
26538,Customer
26540,Customer
26543,Customer
26544,Customer
26545,Customer
26547,Customer
26548,Customer
26549,Customer
26550,Customer
26552,Customer
26553,Customer
26554,Customer
26555,Customer
26557,Customer
26558,Customer
26559,Customer
26560,Customer
26561,Customer
26562,Customer
26564,Customer
26565,Customer
26567,Customer
26568,Customer
26569,Customer
26570,Customer
26571,Customer
26572,Customer
26573,Customer
26574,Customer
26575,Customer
26576,Customer
26577,Customer
26578,Customer
26579,Customer
26580,Customer
26581,Customer
26583,Customer
26584,Customer
26585,Customer
26586,Customer
26587,Customer
26588,Customer
26589,Customer
26590,Customer
26592,Customer
26594,Customer
26596,Customer
26597,Customer
26598,Customer
26599,Customer
26600,Customer
26601,Customer
26602,Customer
26606,Customer
26607,Customer
26608,Customer
26609,Customer
26611,Customer
26612,Customer
26613,Customer
26614,Customer
26616,Customer
26618,Customer
26619,Customer
26621,Customer
26622,Customer
26624,Customer
26625,Customer
26626,Customer
26627,Customer
26628,Customer
26629,Customer
26630,Customer
26631,Customer
26632,Customer
26635,Customer
26636,Customer
26638,Customer
26639,Customer
26640,Customer
26641,Customer
26642,Customer
26643,Customer
26644,Customer
26645,Customer
26646,Customer
26648,Customer
26650,Customer
26651,Customer
26652,Customer
26653,Customer
26654,Customer
26655,Customer
26656,Customer
26657,Customer
26658,Customer
26659,Customer
26660,Customer
26661,Customer
26662,Customer
26663,Customer
26664,Customer
26665,Customer
26666,Customer
26667,Customer
26668,Customer
26669,Customer
26670,Customer
26671,Customer
26672,Customer
26673,Customer
26674,Customer
26675,Customer
26677,Customer
26678,Customer
26679,Customer
26680,Customer
26681,Customer
26682,Customer
26683,Customer
26685,Customer
26686,Customer
26688,Customer
26689,Customer
26690,Customer
26691,Customer
26692,Customer
26693,Customer
26694,Customer
26695,Customer
26696,Customer
26697,Customer
26698,Customer
26699,Customer
26700,Customer
26701,Customer
26702,Customer
26704,Customer
26705,Customer
26707,Customer
26708,Customer
26709,Customer
26710,Customer
26711,Customer
26712,Customer
26713,Customer
26714,Customer
26715,Customer
26716,Customer
26717,Customer
26718,Customer
26719,Customer
26720,Customer
26721,Customer
26724,Customer
26727,Customer
26729,Customer
26730,Customer
26731,Customer
26732,Customer
26733,Customer
26736,Customer
26737,Customer
26738,Customer
26739,Customer
26740,Customer
26741,Customer
26742,Customer
26743,Customer
26744,Customer
26745,Customer
26747,Customer
26748,Customer
26749,Customer
26750,Customer
26752,Customer
26753,Customer
26754,Customer
26756,Customer
26758,Customer
26759,Customer
26760,Customer
26761,Customer
26762,Customer
26766,Customer
26769,Customer
26770,Customer
26771,Customer
26772,Customer
26773,Customer
26774,Customer
26776,Customer
26779,Customer
26783,Customer
26784,Customer
26785,Customer
26786,Customer
26787,Customer
26788,Customer
26789,Customer
26790,Customer
26791,Customer
26792,Customer
26793,Customer
26794,Customer
26796,Customer
26797,Customer
26798,Customer
26799,Customer
26800,Customer
26801,Customer
26802,Customer
26803,Customer
26804,Customer
26806,Customer
26808,Customer
26809,Customer
26810,Customer
26811,Customer
26812,Customer
26816,Customer
26817,Customer
26818,Customer
26819,Customer
26820,Customer
26822,Customer
26823,Customer
26824,Customer
26825,Customer
26826,Customer
26827,Customer
26828,Customer
26829,Customer
26830,Customer
26831,Customer
26832,Customer
26834,Customer
26835,Customer
26836,Customer
26837,Customer
26839,Customer
26841,Customer
26842,Customer
26843,Customer
26844,Customer
26846,Customer
26847,Customer
26848,Customer
26849,Customer
26850,Customer
26851,Customer
26852,Customer
26854,Customer
26855,Customer
26856,Customer
26857,Customer
26858,Customer
26859,Customer
26861,Customer
26862,Customer
26863,Customer
26864,Customer
26866,Customer
26867,Customer
26868,Customer
26869,Customer
26870,Customer
26871,Customer
26872,Customer
26873,Customer
26874,Customer
26875,Customer
26876,Customer
26878,Customer
26879,Customer
26880,Customer
26881,Customer
26882,Customer
26883,Customer
26886,Customer
26888,Customer
26889,Customer
26890,Customer
26891,Customer
26892,Customer
26893,Customer
26894,Customer
26895,Customer
26897,Customer
26899,Customer
26900,Customer
26901,Customer
26902,Customer
26903,Customer
26904,Customer
26905,Customer
26906,Customer
26907,Customer
26908,Customer
26909,Customer
26910,Customer
26911,Customer
26912,Customer
26913,Customer
26916,Customer
26917,Customer
26918,Customer
26920,Customer
26922,Customer
26923,Customer
26924,Customer
26925,Customer
26926,Customer
26927,Customer
26928,Customer
26929,Customer
26930,Customer
26931,Customer
26932,Customer
26935,Customer
26936,Customer
26937,Customer
26938,Customer
26939,Customer
26940,Customer
26941,Customer
26942,Customer
26944,Customer
26945,Customer
26946,Customer
26947,Customer
26948,Customer
26949,Customer
26950,Customer
26951,Customer
26952,Customer
26955,Customer
26956,Customer
26957,Customer
26958,Customer
26959,Customer
26961,Customer
26962,Customer
26963,Customer
26964,Customer
26965,Customer
26967,Customer
26968,Customer
26969,Customer
26971,Customer
26972,Customer
26973,Customer
26974,Customer
26975,Customer
26976,Customer
26977,Customer
26979,Customer
26980,Customer
26982,Customer
26983,Customer
26984,Customer
26985,Customer
26986,Customer
26988,Customer
26989,Customer
26990,Customer
26993,Customer
26994,Customer
26995,Customer
26996,Customer
26997,Customer
26998,Customer
26999,Customer
27000,Customer
27004,Customer
27006,Customer
27007,Customer
27008,Customer
27009,Customer
27010,Customer
27011,Customer
27013,Customer
27016,Customer
27017,Customer
27018,Customer
27019,Customer
27020,Customer
27022,Customer
27023,Customer
27024,Customer
27025,Customer
27026,Customer
27028,Customer
27029,Customer
27030,Customer
27031,Customer
27032,Customer
27033,Customer
27035,Customer
27036,Customer
27037,Customer
27038,Customer
27040,Customer
27042,Customer
27044,Customer
27045,Customer
27047,Customer
27049,Customer
27051,Customer
27052,Customer
27053,Customer
27054,Customer
27055,Customer
27056,Customer
27059,Customer
27060,Customer
27061,Customer
27063,Customer
27064,Customer
27065,Customer
27067,Customer
27069,Customer
27071,Customer
27072,Customer
27074,Customer
27075,Customer
27077,Customer
27080,Customer
27081,Customer
27082,Customer
27083,Customer
27085,Customer
27086,Customer
27088,Customer
27089,Customer
27090,Customer
27091,Customer
27092,Customer
27094,Customer
27095,Customer
27098,Customer
27099,Customer
27100,Customer
27101,Customer
27102,Customer
27103,Customer
27105,Customer
27106,Customer
27108,Customer
27109,Customer
27110,Customer
27111,Customer
27113,Customer
27114,Customer
27115,Customer
27116,Customer
27118,Customer
27121,Customer
27122,Customer
27124,Customer
27126,Customer
27127,Customer
27128,Customer
27129,Customer
27130,Customer
27131,Customer
27132,Customer
27134,Customer
27136,Customer
27138,Customer
27139,Customer
27140,Customer
27141,Customer
27142,Customer
27145,Customer
27147,Customer
27149,Customer
27150,Customer
27151,Customer
27152,Customer
27153,Customer
27154,Customer
27155,Customer
27156,Customer
27158,Customer
27159,Customer
27160,Customer
27161,Customer
27162,Customer
27163,Customer
27165,Customer
27166,Customer
27167,Customer
27168,Customer
27169,Customer
27170,Customer
27173,Customer
27174,Customer
27175,Customer
27178,Customer
27180,Customer
27181,Customer
27182,Customer
27183,Customer
27184,Customer
27185,Customer
27186,Customer
27188,Customer
27189,Customer
27190,Customer
27191,Customer
27192,Customer
27194,Customer
27195,Customer
27196,Customer
27198,Customer
27200,Customer
27201,Customer
27204,Customer
27205,Customer
27207,Customer
27208,Customer
27209,Customer
27210,Customer
27212,Customer
27213,Customer
27214,Customer
27215,Customer
27216,Customer
27218,Customer
27219,Customer
27220,Customer
27221,Customer
27222,Customer
27223,Customer
27224,Customer
27226,Customer
27228,Customer
27229,Customer
27230,Customer
27231,Customer
27232,Customer
27233,Customer
27234,Customer
27235,Customer
27236,Customer
27237,Customer
27238,Customer
27239,Customer
27240,Customer
27241,Customer
27242,Customer
27243,Customer
27244,Customer
27245,Customer
27246,Customer
27247,Customer
27249,Customer
27250,Customer
27252,Customer
27253,Customer
27254,Customer
27255,Customer
27256,Customer
27257,Customer
27259,Customer
27260,Customer
27261,Customer
27263,Customer
27264,Customer
27265,Customer
27266,Customer
27267,Customer
27269,Customer
27270,Customer
27271,Customer
27272,Customer
27274,Customer
27275,Customer
27276,Customer
27277,Customer
27278,Customer
27279,Customer
27280,Customer
27281,Customer
27282,Customer
27283,Customer
27284,Customer
27288,Customer
27289,Customer
27290,Customer
27291,Customer
27292,Customer
27294,Customer
27295,Customer
27296,Customer
27297,Customer
27298,Customer
27300,Customer
27301,Customer
27303,Customer
27306,Customer
27307,Customer
27308,Customer
27309,Customer
27313,Customer
27314,Customer
27315,Customer
27316,Customer
27317,Customer
27318,Customer
27319,Customer
27321,Customer
27323,Customer
27324,Customer
27325,Customer
27326,Customer
27327,Customer
27328,Customer
27329,Customer
27330,Customer
27331,Customer
27332,Customer
27333,Customer
27334,Customer
27336,Customer
27337,Customer
27339,Customer
27340,Customer
27341,Customer
27343,Customer
27344,Customer
27345,Customer
27346,Customer
27347,Customer
27348,Customer
27352,Customer
27353,Customer
27354,Customer
27355,Customer
27358,Customer
27359,Customer
27360,Customer
27361,Customer
27362,Customer
27363,Customer
27365,Customer
27367,Customer
27368,Customer
27369,Customer
27370,Customer
27371,Customer
27372,Customer
27373,Customer
27374,Customer
27375,Customer
27376,Customer
27377,Customer
27378,Customer
27380,Customer
27381,Customer
27382,Customer
27383,Customer
27384,Customer
27385,Customer
27386,Customer
27387,Customer
27388,Customer
27389,Customer
27390,Customer
27392,Customer
27393,Customer
27394,Customer
27396,Customer
27397,Customer
27398,Customer
27400,Customer
27401,Customer
27403,Customer
27404,Customer
27406,Customer
27410,Customer
27411,Customer
27412,Customer
27413,Customer
27414,Customer
27415,Customer
27416,Customer
27417,Customer
27418,Customer
27419,Customer
27420,Customer
27421,Customer
27422,Customer
27423,Customer
27424,Customer
27425,Customer
27427,Customer
27429,Customer
27430,Customer
27431,Customer
27432,Customer
27433,Customer
27434,Customer
27435,Customer
27437,Customer
27438,Customer
27439,Customer
27441,Customer
27443,Customer
27444,Customer
27445,Customer
27446,Customer
27447,Customer
27448,Customer
27449,Customer
27450,Customer
27451,Customer
27452,Customer
27453,Customer
27455,Customer
27456,Customer
27457,Customer
27458,Customer
27459,Customer
27460,Customer
27461,Customer
27462,Customer
27463,Customer
27464,Customer
27465,Customer
27467,Customer
27468,Customer
27469,Customer
27470,Customer
27471,Customer
27472,Customer
27474,Customer
27475,Customer
27476,Customer
27477,Customer
27478,Customer
27479,Customer
27480,Customer
27481,Customer
27482,Customer
27483,Customer
27485,Customer
27487,Customer
27488,Customer
27489,Customer
27490,Customer
27491,Customer
27492,Customer
27494,Customer
27495,Customer
27496,Customer
27497,Customer
27498,Customer
27499,Customer
27500,Customer
27502,Customer
27503,Customer
27504,Customer
27505,Customer
27506,Customer
27507,Customer
27508,Customer
27509,Customer
27510,Customer
27511,Customer
27512,Customer
27513,Customer
27514,Customer
27515,Customer
27516,Customer
27517,Customer
27518,Customer
27519,Customer
27520,Customer
27521,Customer
27524,Customer
27525,Customer
27526,Customer
27527,Customer
27528,Customer
27529,Customer
27530,Customer
27531,Customer
27532,Customer
27533,Customer
27534,Customer
27535,Customer
27536,Customer
27537,Customer
27538,Customer
27540,Customer
27541,Customer
27542,Customer
27544,Customer
27545,Customer
27546,Customer
27547,Customer
27548,Customer
27550,Customer
27551,Customer
27553,Customer
27554,Customer
27555,Customer
27556,Customer
27558,Customer
27560,Customer
27563,Customer
27564,Customer
27565,Customer
27567,Customer
27568,Customer
27569,Customer
27570,Customer
27571,Customer
27572,Customer
27574,Customer
27575,Customer
27578,Customer
27582,Customer
27584,Customer
27585,Customer
27586,Customer
27587,Customer
27588,Customer
27591,Customer
27593,Customer
27594,Customer
27596,Customer
27597,Customer
27598,Customer
27599,Customer
27602,Customer
27603,Customer
27606,Customer
27608,Customer
27609,Customer
27610,Customer
27611,Customer
27613,Customer
27614,Customer
27615,Customer
27616,Customer
27617,Customer
27618,Customer
27619,Customer
27620,Customer
27621,Customer
27625,Customer
27626,Customer
27627,Customer
27628,Customer
27629,Customer
27630,Customer
27631,Customer
27632,Customer
27633,Customer
27635,Customer
27637,Customer
27638,Customer
27641,Customer
27642,Customer
27643,Customer
27644,Customer
27645,Customer
27646,Customer
27647,Customer
27649,Customer
27650,Customer
27651,Customer
27654,Customer
27655,Customer
27657,Customer
27658,Customer
27659,Customer
27660,Customer
27661,Customer
27662,Customer
27664,Customer
27665,Customer
27666,Customer
27668,Customer
27669,Customer
27670,Customer
27671,Customer
27672,Customer
27673,Customer
27675,Customer
27676,Customer
27678,Customer
27681,Customer
27682,Customer
27683,Customer
27684,Customer
27685,Customer
27687,Customer
27688,Customer
27689,Customer
27691,Customer
27693,Customer
27694,Customer
27695,Customer
27696,Customer
27697,Customer
27698,Customer
27699,Customer
27700,Customer
27701,Customer
27703,Customer
27706,Customer
27708,Customer
27709,Customer
27710,Customer
27711,Customer
27713,Customer
27716,Customer
27717,Customer
27718,Customer
27719,Customer
27720,Customer
27721,Customer
27722,Customer
27723,Customer
27724,Customer
27725,Customer
27726,Customer
27727,Customer
27728,Customer
27729,Customer
27731,Customer
27732,Customer
27733,Customer
27734,Customer
27735,Customer
27736,Customer
27740,Customer
27741,Customer
27742,Customer
27743,Customer
27744,Customer
27745,Customer
27746,Customer
27747,Customer
27748,Customer
27749,Customer
27750,Customer
27752,Customer
27753,Customer
27754,Customer
27756,Customer
27757,Customer
27758,Customer
27759,Customer
27760,Customer
27761,Customer
27762,Customer
27765,Customer
27766,Customer
27767,Customer
27768,Customer
27769,Customer
27770,Customer
27772,Customer
27773,Customer
27774,Customer
27775,Customer
27776,Customer
27777,Customer
27778,Customer
27779,Customer
27780,Customer
27781,Customer
27782,Customer
27784,Customer
27785,Customer
27786,Customer
27787,Customer
27788,Customer
27789,Customer
27790,Customer
27791,Customer
27792,Customer
27793,Customer
27794,Customer
27795,Customer
27796,Customer
27798,Customer
27801,Customer
27802,Customer
27803,Customer
27804,Customer
27805,Customer
27806,Customer
27807,Customer
27811,Customer
27812,Customer
27813,Customer
27815,Customer
27816,Customer
27817,Customer
27818,Customer
27819,Customer
27820,Customer
27821,Customer
27822,Customer
27823,Customer
27824,Customer
27826,Customer
27827,Customer
27828,Customer
27830,Customer
27831,Customer
27832,Customer
27833,Customer
27834,Customer
27835,Customer
27836,Customer
27837,Customer
27839,Customer
27840,Customer
27842,Customer
27843,Customer
27844,Customer
27846,Customer
27847,Customer
27848,Customer
27849,Customer
27850,Customer
27852,Customer
27855,Customer
27856,Customer
27858,Customer
27860,Customer
27861,Customer
27862,Customer
27863,Customer
27864,Customer
27866,Customer
27869,Customer
27870,Customer
27872,Customer
27873,Customer
27876,Customer
27877,Customer
27878,Customer
27879,Customer
27880,Customer
27881,Customer
27882,Customer
27883,Customer
27885,Customer
27886,Customer
27887,Customer
27888,Customer
27889,Customer
27890,Customer
27891,Customer
27893,Customer
27894,Customer
27896,Customer
27897,Customer
27898,Customer
27899,Customer
27900,Customer
27901,Customer
27902,Customer
27903,Customer
27905,Customer
27909,Customer
27911,Customer
27912,Customer
27913,Customer
27914,Customer
27915,Customer
27916,Customer
27917,Customer
27918,Customer
27920,Customer
27922,Customer
27923,Customer
27924,Customer
27926,Customer
27927,Customer
27932,Customer
27933,Customer
27935,Customer
27936,Customer
27939,Customer
27940,Customer
27941,Customer
27942,Customer
27943,Customer
27944,Customer
27945,Customer
27946,Customer
27947,Customer
27949,Customer
27950,Customer
27951,Customer
27953,Customer
27954,Customer
27955,Customer
27956,Customer
27957,Customer
27958,Customer
27959,Customer
27964,Customer
27965,Customer
27966,Customer
27968,Customer
27969,Customer
27970,Customer
27971,Customer
27972,Customer
27973,Customer
27974,Customer
27975,Customer
27977,Customer
27978,Customer
27984,Customer
27987,Customer
27989,Customer
27991,Customer
27992,Customer
27993,Customer
27994,Customer
27995,Customer
27999,Customer
28000,Customer
28002,Customer
28003,Customer
28004,Customer
28005,Customer
28008,Customer
28010,Customer
28011,Customer
28012,Customer
28013,Customer
28014,Customer
28015,Customer
28016,Customer
28017,Customer
28018,Customer
28019,Customer
28020,Customer
28021,Customer
28022,Customer
28023,Customer
28024,Customer
28025,Customer
28026,Customer
28027,Customer
28028,Customer
28029,Customer
28030,Customer
28032,Customer
28033,Customer
28034,Customer
28035,Customer
28036,Customer
28037,Customer
28039,Customer
28040,Customer
28041,Customer
28042,Customer
28044,Customer
28045,Customer
28046,Customer
28047,Customer
28048,Customer
28049,Customer
28050,Customer
28051,Customer
28052,Customer
28053,Customer
28054,Customer
28055,Customer
28056,Customer
28059,Customer
28061,Customer
28062,Customer
28064,Customer
28065,Customer
28066,Customer
28067,Customer
28068,Customer
28069,Customer
28070,Customer
28071,Customer
28073,Customer
28074,Customer
28075,Customer
28076,Customer
28077,Customer
28078,Customer
28079,Customer
28081,Customer
28082,Customer
28083,Customer
28084,Customer
28086,Customer
28087,Customer
28088,Customer
28089,Customer
28090,Customer
28091,Customer
28092,Customer
28094,Customer
28095,Customer
28097,Customer
28098,Customer
28099,Customer
28100,Customer
28102,Customer
28104,Customer
28106,Customer
28107,Customer
28108,Customer
28109,Customer
28110,Customer
28111,Customer
28113,Customer
28114,Customer
28115,Customer
28116,Customer
28117,Customer
28121,Customer
28122,Customer
28123,Customer
28124,Customer
28126,Customer
28127,Customer
28128,Customer
28129,Customer
28130,Customer
28133,Customer
28134,Customer
28136,Customer
28138,Customer
28139,Customer
28140,Customer
28142,Customer
28143,Customer
28144,Customer
28146,Customer
28147,Customer
28150,Customer
28151,Customer
28152,Customer
28153,Customer
28154,Customer
28156,Customer
28158,Customer
28159,Customer
28160,Customer
28161,Customer
28162,Customer
28164,Customer
28166,Customer
28167,Customer
28170,Customer
28171,Customer
28172,Customer
28173,Customer
28174,Customer
28176,Customer
28177,Customer
28178,Customer
28179,Customer
28180,Customer
28182,Customer
28183,Customer
28184,Customer
28185,Customer
28186,Customer
28187,Customer
28188,Customer
28189,Customer
28190,Customer
28193,Customer
28194,Customer
28195,Customer
28197,Customer
28198,Customer
28199,Customer
28202,Customer
28203,Customer
28205,Customer
28207,Customer
28208,Customer
28210,Customer
28212,Customer
28213,Customer
28214,Customer
28215,Customer
28216,Customer
28217,Customer
28218,Customer
28219,Customer
28220,Customer
28222,Customer
28223,Customer
28224,Customer
28225,Customer
28226,Customer
28228,Customer
28229,Customer
28230,Customer
28231,Customer
28232,Customer
28234,Customer
28236,Customer
28237,Customer
28238,Customer
28239,Customer
28240,Customer
28242,Customer
28243,Customer
28244,Customer
28245,Customer
28246,Customer
28247,Customer
28248,Customer
28249,Customer
28250,Customer
28251,Customer
28252,Customer
28253,Customer
28254,Customer
28255,Customer
28256,Customer
28257,Customer
28258,Customer
28259,Customer
28260,Customer
28261,Customer
28263,Customer
28264,Customer
28265,Customer
28267,Customer
28269,Customer
28271,Customer
28273,Customer
28274,Customer
28275,Customer
28276,Customer
28277,Customer
28278,Customer
28279,Customer
28280,Customer
28282,Customer
28283,Customer
28284,Customer
28286,Customer
28287,Customer
28288,Customer
28289,Customer
28290,Customer
28291,Customer
28293,Customer
28294,Customer
28295,Customer
28296,Customer
28299,Customer
28300,Customer
28301,Customer
28302,Customer
28304,Customer
28305,Customer
28306,Customer
28307,Customer
28308,Customer
28309,Customer
28312,Customer
28314,Customer
28315,Customer
28316,Customer
28317,Customer
28318,Customer
28319,Customer
28320,Customer
28321,Customer
28322,Customer
28323,Customer
28324,Customer
28326,Customer
28327,Customer
28329,Customer
28330,Customer
28331,Customer
28332,Customer
28333,Customer
28334,Customer
28336,Customer
28338,Customer
28339,Customer
28340,Customer
28341,Customer
28342,Customer
28343,Customer
28346,Customer
28347,Customer
28349,Customer
28351,Customer
28352,Customer
28353,Customer
28354,Customer
28355,Customer
28356,Customer
28357,Customer
28358,Customer
28359,Customer
28361,Customer
28362,Customer
28363,Customer
28364,Customer
28365,Customer
28366,Customer
28367,Customer
28369,Customer
28371,Customer
28373,Customer
28374,Customer
28375,Customer
28377,Customer
28379,Customer
28380,Customer
28381,Customer
28382,Customer
28383,Customer
28384,Customer
28386,Customer
28387,Customer
28388,Customer
28389,Customer
28390,Customer
28391,Customer
28392,Customer
28393,Customer
28394,Customer
28395,Customer
28397,Customer
28398,Customer
28399,Customer
28400,Customer
28401,Customer
28402,Customer
28403,Customer
28407,Customer
28408,Customer
28409,Customer
28410,Customer
28411,Customer
28412,Customer
28413,Customer
28415,Customer
28416,Customer
28417,Customer
28418,Customer
28420,Customer
28421,Customer
28423,Customer
28424,Customer
28425,Customer
28427,Customer
28428,Customer
28429,Customer
28431,Customer
28433,Customer
28435,Customer
28436,Customer
28437,Customer
28438,Customer
28439,Customer
28445,Customer
28448,Customer
28449,Customer
28450,Customer
28453,Customer
28456,Customer
28458,Customer
28459,Customer
28460,Customer
28461,Customer
28463,Customer
28464,Customer
28468,Customer
28469,Customer
28470,Customer
28471,Customer
28472,Customer
28473,Customer
28474,Customer
28475,Customer
28476,Customer
28477,Customer
28478,Customer
28479,Customer
28480,Customer
28481,Customer
28483,Customer
28484,Customer
28486,Customer
28487,Customer
28489,Customer
28490,Customer
28492,Customer
28493,Customer
28494,Customer
28495,Customer
28496,Customer
28497,Customer
28498,Customer
28500,Customer
28501,Customer
28502,Customer
28503,Customer
28506,Customer
28508,Customer
28510,Customer
28511,Customer
28512,Customer
28514,Customer
28515,Customer
28516,Customer
28517,Customer
28519,Customer
28520,Customer
28521,Customer
28522,Customer
28523,Customer
28524,Customer
28525,Customer
28526,Customer
28527,Customer
28528,Customer
28529,Customer
28530,Customer
28531,Customer
28532,Customer
28533,Customer
28534,Customer
28535,Customer
28536,Customer
28538,Customer
28539,Customer
28540,Customer
28541,Customer
28542,Customer
28543,Customer
28544,Customer
28545,Customer
28546,Customer
28547,Customer
28548,Customer
28550,Customer
28551,Customer
28552,Customer
28553,Customer
28554,Customer
28555,Customer
28556,Customer
28557,Customer
28558,Customer
28559,Customer
28561,Customer
28562,Customer
28564,Customer
28565,Customer
28566,Customer
28567,Customer
28569,Customer
28570,Customer
28571,Customer
28572,Customer
28573,Customer
28576,Customer
28578,Customer
28579,Customer
28580,Customer
28581,Customer
28582,Customer
28583,Customer
28584,Customer
28585,Customer
28586,Customer
28587,Customer
28590,Customer
28591,Customer
28592,Customer
28594,Customer
28595,Customer
28596,Customer
28597,Customer
28598,Customer
28599,Customer
28600,Customer
28602,Customer
28603,Customer
28604,Customer
28605,Customer
28606,Customer
28607,Customer
28609,Customer
28610,Customer
28611,Customer
28612,Customer
28613,Customer
28614,Customer
28615,Customer
28616,Customer
28617,Customer
28621,Customer
28623,Customer
28625,Customer
28626,Customer
28627,Customer
28628,Customer
28631,Customer
28633,Customer
28634,Customer
28635,Customer
28636,Customer
28638,Customer
28639,Customer
28640,Customer
28642,Customer
28643,Customer
28644,Customer
28645,Customer
28646,Customer
28647,Customer
28648,Customer
28649,Customer
28650,Customer
28651,Customer
28652,Customer
28654,Customer
28655,Customer
28659,Customer
28660,Customer
28661,Customer
28662,Customer
28664,Customer
28665,Customer
28666,Customer
28667,Customer
28668,Customer
28669,Customer
28670,Customer
28671,Customer
28672,Customer
28673,Customer
28674,Customer
28675,Customer
28676,Customer
28677,Customer
28678,Customer
28679,Customer
28681,Customer
28682,Customer
28683,Customer
28685,Customer
28687,Customer
28688,Customer
28689,Customer
28690,Customer
28691,Customer
28692,Customer
28693,Customer
28700,Customer
28701,Customer
28702,Customer
28703,Customer
28704,Customer
28705,Customer
28706,Customer
28707,Customer
28708,Customer
28709,Customer
28710,Customer
28712,Customer
28713,Customer
28714,Customer
28715,Customer
28716,Customer
28719,Customer
28720,Customer
28722,Customer
28723,Customer
28724,Customer
28725,Customer
28726,Customer
28727,Customer
28731,Customer
28732,Customer
28734,Customer
28737,Customer
28738,Customer
28739,Customer
28742,Customer
28743,Customer
28744,Customer
28745,Customer
28746,Customer
28748,Customer
28749,Customer
28751,Customer
28752,Customer
28753,Customer
28755,Customer
28756,Customer
28757,Customer
28758,Customer
28759,Customer
28760,Customer
28761,Customer
28762,Customer
28763,Customer
28764,Customer
28765,Customer
28766,Customer
28768,Customer
28769,Customer
28771,Customer
28772,Customer
28773,Customer
28774,Customer
28775,Customer
28776,Customer
28777,Customer
28778,Customer
28780,Customer
28781,Customer
28783,Customer
28785,Customer
28788,Customer
28789,Customer
28790,Customer
28791,Customer
28792,Customer
28794,Customer
28795,Customer
28797,Customer
28798,Customer
28799,Customer
28800,Customer
28801,Customer
28802,Customer
28803,Customer
28804,Customer
28806,Customer
28808,Customer
28809,Customer
28810,Customer
28811,Customer
28812,Customer
28813,Customer
28814,Customer
28815,Customer
28816,Customer
28820,Customer
28822,Customer
28825,Customer
28826,Customer
28828,Customer
28831,Customer
28834,Customer
28836,Customer
28838,Customer
28839,Customer
28840,Customer
28841,Customer
28842,Customer
28843,Customer
28844,Customer
28845,Customer
28846,Customer
28847,Customer
28849,Customer
28850,Customer
28851,Customer
28852,Customer
28853,Customer
28854,Customer
28856,Customer
28857,Customer
28858,Customer
28859,Customer
28860,Customer
28862,Customer
28863,Customer
28864,Customer
28865,Customer
28866,Customer
28867,Customer
28870,Customer
28871,Customer
28873,Customer
28874,Customer
28875,Customer
28876,Customer
28878,Customer
28879,Customer
28880,Customer
28883,Customer
28884,Customer
28885,Customer
28887,Customer
28889,Customer
28891,Customer
28892,Customer
28894,Customer
28895,Customer
28896,Customer
28897,Customer
28898,Customer
28899,Customer
28900,Customer
28901,Customer
28903,Customer
28904,Customer
28906,Customer
28907,Customer
28909,Customer
28910,Customer
28911,Customer
28912,Customer
28913,Customer
28914,Customer
28915,Customer
28916,Customer
28917,Customer
28918,Customer
28919,Customer
28921,Customer
28922,Customer
28923,Customer
28924,Customer
28925,Customer
28926,Customer
28927,Customer
28928,Customer
28929,Customer
28930,Customer
28931,Customer
28933,Customer
28935,Customer
28936,Customer
28937,Customer
28939,Customer
28940,Customer
28941,Customer
28942,Customer
28943,Customer
28944,Customer
28945,Customer
28947,Customer
28948,Customer
28949,Customer
28950,Customer
28951,Customer
28952,Customer
28953,Customer
28955,Customer
28957,Customer
28958,Customer
28959,Customer
28960,Customer
28961,Customer
28962,Customer
28963,Customer
28964,Customer
28967,Customer
28969,Customer
28971,Customer
28972,Customer
28973,Customer
28974,Customer
28975,Customer
28976,Customer
28977,Customer
28979,Customer
28980,Customer
28981,Customer
28982,Customer
28984,Customer
28985,Customer
28986,Customer
28987,Customer
28988,Customer
28991,Customer
28994,Customer
28995,Customer
28996,Customer
28997,Customer
28998,Customer
28999,Customer
29001,Customer
29002,Customer
29003,Customer
29004,Customer
29005,Customer
29007,Customer
29009,Customer
29010,Customer
29012,Customer
29013,Customer
29014,Customer
29015,Customer
29016,Customer
29017,Customer
29018,Customer
29019,Customer
29020,Customer
29021,Customer
29022,Customer
29023,Customer
29024,Customer
29025,Customer
29026,Customer
29027,Customer
29028,Customer
29031,Customer
29032,Customer
29033,Customer
29034,Customer
29035,Customer
29038,Customer
29039,Customer
29040,Customer
29041,Customer
29043,Customer
29044,Customer
29045,Customer
29046,Customer
29047,Customer
29048,Customer
29050,Customer
29051,Customer
29052,Customer
29053,Customer
29054,Customer
29055,Customer
29056,Customer
29059,Customer
29060,Customer
29061,Customer
29062,Customer
29063,Customer
29064,Customer
29065,Customer
29067,Customer
29069,Customer
29070,Customer
29072,Customer
29073,Customer
29074,Customer
29075,Customer
29076,Customer
29077,Customer
29078,Customer
29079,Customer
29080,Customer
29085,Customer
29086,Customer
29087,Customer
29088,Customer
29089,Customer
29090,Customer
29091,Customer
29092,Customer
29093,Customer
29094,Customer
29096,Customer
29097,Customer
29098,Customer
29099,Customer
29100,Customer
29101,Customer
29103,Customer
29104,Customer
29105,Customer
29106,Customer
29108,Customer
29109,Customer
29112,Customer
29113,Customer
29114,Customer
29116,Customer
29118,Customer
29120,Customer
29121,Customer
29122,Customer
29123,Customer
29124,Customer
29126,Customer
29127,Customer
29128,Customer
29129,Customer
29130,Customer
29131,Customer
29134,Customer
29135,Customer
29136,Customer
29137,Customer
29138,Customer
29139,Customer
29143,Customer
29144,Customer
29145,Customer
29146,Customer
29147,Customer
29149,Customer
29150,Customer
29151,Customer
29152,Customer
29154,Customer
29155,Customer
29156,Customer
29157,Customer
29158,Customer
29159,Customer
29160,Customer
29162,Customer
29163,Customer
29164,Customer
29165,Customer
29168,Customer
29169,Customer
29170,Customer
29171,Customer
29172,Customer
29173,Customer
29174,Customer
29175,Customer
29176,Customer
29177,Customer
29178,Customer
29179,Customer
29180,Customer
29182,Customer
29183,Customer
29184,Customer
29185,Customer
29188,Customer
29189,Customer
29190,Customer
29191,Customer
29192,Customer
29193,Customer
29194,Customer
29195,Customer
29196,Customer
29197,Customer
29198,Customer
29199,Customer
29200,Customer
29201,Customer
29202,Customer
29203,Customer
29206,Customer
29208,Customer
29209,Customer
29210,Customer
29212,Customer
29213,Customer
29214,Customer
29215,Customer
29217,Customer
29218,Customer
29219,Customer
29220,Customer
29223,Customer
29225,Customer
29226,Customer
29227,Customer
29228,Customer
29229,Customer
29230,Customer
29231,Customer
29232,Customer
29233,Customer
29234,Customer
29235,Customer
29236,Customer
29237,Customer
29241,Customer
29242,Customer
29243,Customer
29245,Customer
29246,Customer
29247,Customer
29248,Customer
29250,Customer
29252,Customer
29253,Customer
29254,Customer
29256,Customer
29257,Customer
29258,Customer
29260,Customer
29261,Customer
29262,Customer
29263,Customer
29264,Customer
29265,Customer
29268,Customer
29269,Customer
29270,Customer
29272,Customer
29273,Customer
29274,Customer
29275,Customer
29277,Customer
29279,Customer
29280,Customer
29281,Customer
29282,Customer
29283,Customer
29285,Customer
29286,Customer
29288,Customer
29289,Customer
29290,Customer
29291,Customer
29294,Customer
29295,Customer
29297,Customer
29298,Customer
29299,Customer
29300,Customer
29301,Customer
29302,Customer
29303,Customer
29305,Customer
29306,Customer
29307,Customer
29309,Customer
29311,Customer
29312,Customer
29314,Customer
29315,Customer
29316,Customer
29317,Customer
29318,Customer
29319,Customer
29321,Customer
29322,Customer
29323,Customer
29325,Customer
29326,Customer
29327,Customer
29328,Customer
29329,Customer
29330,Customer
29332,Customer
29333,Customer
29335,Customer
29337,Customer
29338,Customer
29340,Customer
29341,Customer
29343,Customer
29344,Customer
29345,Customer
29346,Customer
29349,Customer
29350,Customer
29355,Customer
29356,Customer
29358,Customer
29359,Customer
29360,Customer
29361,Customer
29362,Customer
29363,Customer
29365,Customer
29367,Customer
29368,Customer
29369,Customer
29370,Customer
29371,Customer
29372,Customer
29373,Customer
29374,Customer
29375,Customer
29376,Customer
29381,Customer
29383,Customer
29384,Customer
29386,Customer
29387,Customer
29390,Customer
29391,Customer
29392,Customer
29393,Customer
29395,Customer
29396,Customer
29397,Customer
29398,Customer
29401,Customer
29403,Customer
29404,Customer
29405,Customer
29406,Customer
29407,Customer
29408,Customer
29410,Customer
29411,Customer
29412,Customer
29413,Customer
29416,Customer
29417,Customer
29419,Customer
29420,Customer
29421,Customer
29422,Customer
29424,Customer
29425,Customer
29426,Customer
29427,Customer
29429,Customer
29430,Customer
29431,Customer
29432,Customer
29433,Customer
29435,Customer
29436,Customer
29437,Customer
29438,Customer
29440,Customer
29441,Customer
29442,Customer
29443,Customer
29444,Customer
29445,Customer
29446,Customer
29447,Customer
29448,Customer
29449,Customer
29450,Customer
29453,Customer
29454,Customer
29455,Customer
29456,Customer
29457,Customer
29458,Customer
29459,Customer
29461,Customer
29462,Customer
29463,Customer
29464,Customer
29465,Customer
29466,Customer
29467,Customer
29468,Customer
29469,Customer
29470,Customer
29471,Customer
29472,Customer
29473,Customer
29474,Customer
29475,Customer
29476,Customer
29477,Customer
29478,Customer
29480,Customer
29481,Customer
29483,Customer
29485,Customer
29486,Customer
29487,Customer
29488,Customer
29490,Customer
29491,Customer
29492,Customer
29493,Customer
29494,Customer
29495,Customer
29496,Customer
29497,Customer
29499,Customer
29500,Customer
29501,Customer
29502,Customer
29503,Customer
29504,Customer
29505,Customer
29506,Customer
29507,Customer
29508,Customer
29509,Customer
29510,Customer
29511,Customer
29512,Customer
29513,Customer
29514,Customer
29515,Customer
29516,Customer
29517,Customer
29518,Customer
29519,Customer
29520,Customer
29521,Customer
29523,Customer
29524,Customer
29525,Customer
29528,Customer
29529,Customer
29530,Customer
29532,Customer
29533,Customer
29535,Customer
29536,Customer
29537,Customer
29539,Customer
29540,Customer
29541,Customer
29542,Customer
29543,Customer
29544,Customer
29547,Customer
29549,Customer
29550,Customer
29551,Customer
29552,Customer
29553,Customer
29554,Customer
29555,Customer
29557,Customer
29558,Customer
29559,Customer
29560,Customer
29561,Customer
29562,Customer
29563,Customer
29565,Customer
29566,Customer
29567,Customer
29568,Customer
29569,Customer
29570,Customer
29571,Customer
29572,Customer
29573,Customer
29574,Customer
29575,Customer
29576,Customer
29577,Customer
29578,Customer
29579,Customer
29580,Customer
29582,Customer
29584,Customer
29585,Customer
29587,Customer
29588,Customer
29589,Customer
29590,Customer
29591,Customer
29592,Customer
29593,Customer
29597,Customer
29598,Customer
29600,Customer
29602,Customer
29603,Customer
29604,Customer
29605,Customer
29606,Customer
29607,Customer
29609,Customer
29610,Customer
29613,Customer
29614,Customer
29615,Customer
29616,Customer
29617,Customer
29619,Customer
29622,Customer
29623,Customer
29625,Customer
29626,Customer
29627,Customer
29628,Customer
29630,Customer
29632,Customer
29633,Customer
29634,Customer
29635,Customer
29636,Customer
29637,Customer
29638,Customer
29639,Customer
29640,Customer
29641,Customer
29642,Customer
29643,Customer
29644,Customer
29645,Customer
29647,Customer
29648,Customer
29649,Customer
29650,Customer
29651,Customer
29652,Customer
29653,Customer
29654,Customer
29656,Customer
29657,Customer
29658,Customer
29659,Customer
29660,Customer
29661,Customer
29662,Customer
29663,Customer
29664,Customer
29665,Customer
29667,Customer
29668,Customer
29669,Customer
29670,Customer
29671,Customer
29672,Customer
29673,Customer
29675,Customer
29676,Customer
29677,Customer
29679,Customer
29680,Customer
29681,Customer
29682,Customer
29684,Customer
29685,Customer
29687,Customer
29688,Customer
29689,Customer
29691,Customer
29692,Customer
29693,Customer
29694,Customer
29695,Customer
29696,Customer
29697,Customer
29698,Customer
29699,Customer
29700,Customer
29701,Customer
29702,Customer
29703,Customer
29704,Customer
29705,Customer
29706,Customer
29707,Customer
29709,Customer
29710,Customer
29712,Customer
29713,Customer
29714,Customer
29715,Customer
29716,Customer
29717,Customer
29718,Customer
29719,Customer
29720,Customer
29721,Customer
29724,Customer
29725,Customer
29726,Customer
29728,Customer
29730,Customer
29732,Customer
29733,Customer
29734,Customer
29736,Customer
29737,Customer
29739,Customer
29740,Customer
29741,Customer
29742,Customer
29743,Customer
29744,Customer
29745,Customer
29746,Customer
29748,Customer
29750,Customer
29751,Customer
29752,Customer
29753,Customer
29754,Customer
29756,Customer
29757,Customer
29759,Customer
29761,Customer
29762,Customer
29764,Customer
29765,Customer
29766,Customer
29767,Customer
29768,Customer
29769,Customer
29770,Customer
29771,Customer
29772,Customer
29774,Customer
29775,Customer
29776,Customer
29779,Customer
29780,Customer
29782,Customer
29783,Customer
29784,Customer
29785,Customer
29786,Customer
29787,Customer
29788,Customer
29789,Customer
29790,Customer
29791,Customer
29793,Customer
29794,Customer
29796,Customer
29797,Customer
29798,Customer
29800,Customer
29802,Customer
29804,Customer
29805,Customer
29806,Customer
29807,Customer
29808,Customer
29809,Customer
29810,Customer
29812,Customer
29813,Customer
29814,Customer
29815,Customer
29818,Customer
29819,Customer
29820,Customer
29821,Customer
29824,Customer
29825,Customer
29826,Customer
29827,Customer
29828,Customer
29829,Customer
29830,Customer
29831,Customer
29832,Customer
29833,Customer
29834,Customer
29836,Customer
29839,Customer
29840,Customer
29841,Customer
29842,Customer
29845,Customer
29846,Customer
29847,Customer
29848,Customer
29849,Customer
29852,Customer
29853,Customer
29855,Customer
29856,Customer
29857,Customer
29858,Customer
29859,Customer
29860,Customer
29861,Customer
29862,Customer
29863,Customer
29865,Customer
29866,Customer
29867,Customer
29869,Customer
29870,Customer
29871,Customer
29872,Customer
29873,Customer
29874,Customer
29875,Customer
29876,Customer
29878,Customer
29879,Customer
29884,Customer
29885,Customer
29886,Customer
29887,Customer
29888,Customer
29889,Customer
29890,Customer
29892,Customer
29893,Customer
29894,Customer
29895,Customer
29896,Customer
29897,Customer
29898,Customer
29899,Customer
29900,Customer
29902,Customer
29904,Customer
29905,Customer
29906,Customer
29910,Customer
29912,Customer
29913,Customer
29914,Customer
29915,Customer
29916,Customer
29917,Customer
29918,Customer
29919,Customer
29920,Customer
29921,Customer
29922,Customer
29923,Customer
29925,Customer
29926,Customer
29927,Customer
29928,Customer
29929,Customer
29930,Customer
29931,Customer
29932,Customer
29933,Customer
29934,Customer
29936,Customer
29937,Customer
29938,Customer
29939,Customer
29940,Customer
29941,Customer
29943,Customer
29944,Customer
29945,Customer
29946,Customer
29947,Customer
29948,Customer
29949,Customer
29950,Customer
29951,Customer
29953,Customer
29954,Customer
29955,Customer
29956,Customer
29957,Customer
29958,Customer
29959,Customer
29961,Customer
29963,Customer
29964,Customer
29965,Customer
29966,Customer
29967,Customer
29968,Customer
29969,Customer
29972,Customer
29974,Customer
29975,Customer
29976,Customer
29977,Customer
29978,Customer
29979,Customer
29980,Customer
29981,Customer
29982,Customer
29983,Customer
29984,Customer
29985,Customer
29987,Customer
29988,Customer
29989,Customer
29992,Customer
29993,Customer
29994,Customer
29995,Customer
29996,Customer
29997,Customer
29998,Customer
29999,Customer
30001,Customer
30003,Customer
30004,Customer
30005,Customer
30007,Customer
30008,Customer
30009,Customer
30010,Customer
30011,Customer
30013,Customer
30014,Customer
30015,Customer
30016,Customer
30017,Customer
30019,Customer
30020,Customer
30021,Customer
30022,Customer
30023,Customer
30024,Customer
30025,Customer
30027,Customer
30029,Customer
30030,Customer
30031,Customer
30033,Customer
30034,Customer
30035,Customer
30036,Customer
30037,Customer
30041,Customer
30042,Customer
30043,Customer
30044,Customer
30045,Customer
30046,Customer
30047,Customer
30048,Customer
30050,Customer
30051,Customer
30052,Customer
30054,Customer
30056,Customer
30057,Customer
30058,Customer
30059,Customer
30060,Customer
30061,Customer
30062,Customer
30063,Customer
30064,Customer
30066,Customer
30068,Customer
30070,Customer
30071,Customer
30073,Customer
30074,Customer
30075,Customer
30076,Customer
30077,Customer
30078,Customer
30079,Customer
30080,Customer
30081,Customer
30083,Customer
30084,Customer
30085,Customer
30086,Customer
30087,Customer
30088,Customer
30089,Customer
30091,Customer
30092,Customer
30094,Customer
30095,Customer
30096,Customer
30098,Customer
30099,Customer
30100,Customer
30102,Customer
30103,Customer
30104,Customer
30105,Customer
30106,Customer
30109,Customer
30110,Customer
30111,Customer
30113,Customer
30115,Customer
30116,Customer
30117,Customer
30118,Customer
30119,Customer
30120,Customer
30121,Customer
30122,Customer
30123,Customer
30124,Customer
30125,Customer
30126,Customer
30127,Customer
30128,Customer
30130,Customer
30132,Customer
30135,Customer
30136,Customer
30137,Customer
30138,Customer
30139,Customer
30140,Customer
30141,Customer
30142,Customer
30143,Customer
30144,Customer
30145,Customer
30146,Customer
30147,Customer
30148,Customer
30149,Customer
30150,Customer
30151,Customer
30152,Customer
30153,Customer
30154,Customer
30155,Customer
30156,Customer
30157,Customer
30158,Customer
30159,Customer
30160,Customer
30161,Customer
30163,Customer
30164,Customer
30165,Customer
30166,Customer
30167,Customer
30168,Customer
30170,Customer
30171,Customer
30172,Customer
30173,Customer
30174,Customer
30176,Customer
30177,Customer
30178,Customer
30179,Customer
30181,Customer
30182,Customer
30183,Customer
30184,Customer
30185,Customer
30186,Customer
30188,Customer
30189,Customer
30190,Customer
30192,Customer
30195,Customer
30196,Customer
30197,Customer
30198,Customer
30200,Customer
30201,Customer
30202,Customer
30203,Customer
30204,Customer
30205,Customer
30206,Customer
30208,Customer
30209,Customer
30210,Customer
30211,Customer
30212,Customer
30213,Customer
30214,Customer
30215,Customer
30217,Customer
30220,Customer
30221,Customer
30223,Customer
30224,Customer
30225,Customer
30226,Customer
30227,Customer
30228,Customer
30229,Customer
30230,Customer
30231,Customer
30232,Customer
30233,Customer
30234,Customer
30235,Customer
30236,Customer
30238,Customer
30242,Customer
30243,Customer
30245,Customer
30246,Customer
30247,Customer
30248,Customer
30249,Customer
30250,Customer
30252,Customer
30253,Customer
30254,Customer
30255,Customer
30256,Customer
30258,Customer
30259,Customer
30261,Customer
30262,Customer
30263,Customer
30264,Customer
30265,Customer
30266,Customer
30267,Customer
30269,Customer
30270,Customer
30271,Customer
30272,Customer
30274,Customer
30275,Customer
30276,Customer
30277,Customer
30279,Customer
30280,Customer
30281,Customer
30282,Customer
30284,Customer
30285,Customer
30287,Customer
30288,Customer
30289,Customer
30290,Customer
30291,Customer
30292,Customer
30294,Customer
30295,Customer
30296,Customer
30297,Customer
30298,Customer
30301,Customer
30302,Customer
30303,Customer
30304,Customer
30305,Customer
30306,Customer
30307,Customer
30308,Customer
30309,Customer
30310,Customer
30311,Customer
30312,Customer
30313,Customer
30315,Customer
30316,Customer
30318,Customer
30320,Customer
30321,Customer
30322,Customer
30323,Customer
30324,Customer
30325,Customer
30326,Customer
30328,Customer
30330,Customer
30331,Customer
30332,Customer
30333,Customer
30334,Customer
30335,Customer
30336,Customer
30337,Customer
30338,Customer
30339,Customer
30341,Customer
30344,Customer
30346,Customer
30347,Customer
30348,Customer
30349,Customer
30350,Customer
30351,Customer
30352,Customer
30353,Customer
30354,Customer
30356,Customer
30357,Customer
30358,Customer
30360,Customer
30363,Customer
30364,Customer
30368,Customer
30369,Customer
30372,Customer
30373,Customer
30375,Customer
30376,Customer
30377,Customer
30378,Customer
30379,Customer
30380,Customer
30381,Customer
30382,Customer
30383,Customer
30387,Customer
30388,Customer
30389,Customer
30390,Customer
30391,Customer
30393,Customer
30394,Customer
30396,Customer
30397,Customer
30399,Customer
30400,Customer
30401,Customer
30402,Customer
30403,Customer
30404,Customer
30405,Customer
30406,Customer
30407,Customer
30409,Customer
30410,Customer
30412,Customer
30415,Customer
30416,Customer
30417,Customer
30419,Customer
30420,Customer
30421,Customer
30422,Customer
30423,Customer
30424,Customer
30428,Customer
30429,Customer
30430,Customer
30431,Customer
30433,Customer
30434,Customer
30435,Customer
30439,Customer
30441,Customer
30442,Customer
30443,Customer
30444,Customer
30445,Customer
30447,Customer
30448,Customer
30450,Customer
30452,Customer
30453,Customer
30454,Customer
30455,Customer
30456,Customer
30458,Customer
30459,Customer
30461,Customer
30462,Customer
30463,Customer
30464,Customer
30465,Customer
30466,Customer
30467,Customer
30468,Customer
30469,Customer
30470,Customer
30471,Customer
30473,Customer
30474,Customer
30475,Customer
30476,Customer
30477,Customer
30478,Customer
30479,Customer
30480,Customer
30482,Customer
30483,Customer
30486,Customer
30487,Customer
30489,Customer
30490,Customer
30491,Customer
30492,Customer
30493,Customer
30495,Customer
30496,Customer
30497,Customer
30498,Customer
30499,Customer
30500,Customer
30502,Customer
30504,Customer
30507,Customer
30508,Customer
30509,Customer
30510,Customer
30512,Customer
30513,Customer
30514,Customer
30516,Customer
30517,Customer
30518,Customer
30519,Customer
30520,Customer
30521,Customer
30524,Customer
30525,Customer
30527,Customer
30529,Customer
30531,Customer
30532,Customer
30533,Customer
30534,Customer
30537,Customer
30539,Customer
30541,Customer
30542,Customer
30543,Customer
30544,Customer
30545,Customer
30546,Customer
30547,Customer
30550,Customer
30552,Customer
30553,Customer
30554,Customer
30555,Customer
30557,Customer
30558,Customer
30559,Customer
30560,Customer
30561,Customer
30562,Customer
30563,Customer
30565,Customer
30566,Customer
30567,Customer
30568,Customer
30571,Customer
30572,Customer
30573,Customer
30574,Customer
30578,Customer
30579,Customer
30580,Customer
30581,Customer
30582,Customer
30584,Customer
30585,Customer
30586,Customer
30588,Customer
30590,Customer
30591,Customer
30592,Customer
30593,Customer
30594,Customer
30595,Customer
30597,Customer
30599,Customer
30600,Customer
30601,Customer
30602,Customer
30603,Customer
30604,Customer
30606,Customer
30607,Customer
30608,Customer
30609,Customer
30610,Customer
30611,Customer
30613,Customer
30614,Customer
30615,Customer
30616,Customer
30617,Customer
30618,Customer
30619,Customer
30620,Customer
30621,Customer
30622,Customer
30623,Customer
30624,Customer
30625,Customer
30626,Customer
30627,Customer
30628,Customer
30629,Customer
30630,Customer
30631,Customer
30632,Customer
30633,Customer
30634,Customer
30636,Customer
30637,Customer
30638,Customer
30639,Customer
30640,Customer
30641,Customer
30642,Customer
30643,Customer
30644,Customer
30646,Customer
30647,Customer
30648,Customer
30649,Customer
30650,Customer
30651,Customer
30653,Customer
30655,Customer
30656,Customer
30657,Customer
30659,Customer
30660,Customer
30661,Customer
30662,Customer
30664,Customer
30666,Customer
30668,Customer
30669,Customer
30670,Customer
30671,Customer
30672,Customer
30674,Customer
30675,Customer
30676,Customer
30677,Customer
30678,Customer
30679,Customer
30680,Customer
30681,Customer
30682,Customer
30683,Customer
30684,Customer
30687,Customer
30688,Customer
30690,Customer
30691,Customer
30692,Customer
30693,Customer
30694,Customer
30695,Customer
30696,Customer
30698,Customer
30699,Customer
30700,Customer
30701,Customer
30702,Customer
30703,Customer
30704,Customer
30706,Customer
30707,Customer
30709,Customer
30710,Customer
30712,Customer
30714,Customer
30715,Customer
30718,Customer
30719,Customer
30720,Customer
30723,Customer
30724,Customer
30725,Customer
30726,Customer
30728,Customer
30729,Customer
30730,Customer
30731,Customer
30732,Customer
30733,Customer
30734,Customer
30735,Customer
30736,Customer
30738,Customer
30739,Customer
30740,Customer
30741,Customer
30743,Customer
30744,Customer
30745,Customer
30746,Customer
30747,Customer
30748,Customer
30750,Customer
30751,Customer
30753,Customer
30754,Customer
30756,Customer
30758,Customer
30759,Customer
30760,Customer
30761,Customer
30762,Customer
30763,Customer
30764,Customer
30765,Customer
30766,Customer
30767,Customer
30768,Customer
30769,Customer
30770,Customer
30771,Customer
30772,Customer
30774,Customer
30775,Customer
30776,Customer
30777,Customer
30779,Customer
30781,Customer
30782,Customer
30784,Customer
30785,Customer
30787,Customer
30788,Customer
30790,Customer
30791,Customer
30792,Customer
30793,Customer
30796,Customer
30797,Customer
30798,Customer
30799,Customer
30800,Customer
30802,Customer
30803,Customer
30804,Customer
30805,Customer
30806,Customer
30807,Customer
30809,Customer
30810,Customer
30811,Customer
30812,Customer
30813,Customer
30814,Customer
30815,Customer
30817,Customer
30818,Customer
30820,Customer
30821,Customer
30822,Customer
30823,Customer
30824,Customer
30825,Customer
30826,Customer
30827,Customer
30829,Customer
30830,Customer
30831,Customer
30833,Customer
30834,Customer
30836,Customer
30837,Customer
30838,Customer
30839,Customer
30840,Customer
30842,Customer
30844,Customer
30845,Customer
30846,Customer
30847,Customer
30851,Customer
30853,Customer
30854,Customer
30855,Customer
30856,Customer
30857,Customer
30858,Customer
30859,Customer
30860,Customer
30861,Customer
30863,Customer
30864,Customer
30865,Customer
30866,Customer
30868,Customer
30870,Customer
30871,Customer
30872,Customer
30873,Customer
30874,Customer
30875,Customer
30876,Customer
30877,Customer
30879,Customer
30880,Customer
30882,Customer
30883,Customer
30884,Customer
30885,Customer
30887,Customer
30888,Customer
30889,Customer
30890,Customer
30892,Customer
30893,Customer
30895,Customer
30896,Customer
30897,Customer
30898,Customer
30899,Customer
30900,Customer
30902,Customer
30903,Customer
30904,Customer
30906,Customer
30907,Customer
30908,Customer
30910,Customer
30911,Customer
30912,Customer
30913,Customer
30917,Customer
30919,Customer
30920,Customer
30921,Customer
30922,Customer
30923,Customer
30924,Customer
30927,Customer
30928,Customer
30929,Customer
30930,Customer
30931,Customer
30932,Customer
30936,Customer
30937,Customer
30938,Customer
30940,Customer
30941,Customer
30944,Customer
30945,Customer
30947,Customer
30948,Customer
30949,Customer
30950,Customer
30952,Customer
30953,Customer
30954,Customer
30955,Customer
30957,Customer
30958,Customer
30959,Customer
30960,Customer
30961,Customer
30962,Customer
30963,Customer
30964,Customer
30965,Customer
30966,Customer
30968,Customer
30970,Customer
30971,Customer
30972,Customer
30975,Customer
30976,Customer
30977,Customer
30978,Customer
30979,Customer
30980,Customer
30981,Customer
30982,Customer
30983,Customer
30984,Customer
30987,Customer
30988,Customer
30989,Customer
30991,Customer
30992,Customer
30993,Customer
30994,Customer
30995,Customer
30997,Customer
30998,Customer
30999,Customer
31000,Customer
31001,Customer
31002,Customer
31003,Customer
31005,Customer
31006,Customer
31007,Customer
31008,Customer
31011,Customer
31012,Customer
31013,Customer
31014,Customer
31015,Customer
31017,Customer
31018,Customer
31019,Customer
31020,Customer
31021,Customer
31022,Customer
31023,Customer
31024,Customer
31025,Customer
31028,Customer
31029,Customer
31030,Customer
31032,Customer
31033,Customer
31035,Customer
31037,Customer
31038,Customer
31039,Customer
31040,Customer
31042,Customer
31043,Customer
31045,Customer
31046,Customer
31047,Customer
31048,Customer
31049,Customer
31050,Customer
31051,Customer
31052,Customer
31053,Customer
31055,Customer
31058,Customer
31059,Customer
31060,Customer
31061,Customer
31062,Customer
31063,Customer
31064,Customer
31065,Customer
31067,Customer
31068,Customer
31069,Customer
31070,Customer
31071,Customer
31072,Customer
31073,Customer
31074,Customer
31075,Customer
31077,Customer
31078,Customer
31079,Customer
31080,Customer
31081,Customer
31082,Customer
31083,Customer
31084,Customer
31085,Customer
31086,Customer
31087,Customer
31088,Customer
31089,Customer
31091,Customer
31092,Customer
31093,Customer
31095,Customer
31097,Customer
31098,Customer
31099,Customer
31100,Customer
31101,Customer
31102,Customer
31103,Customer
31104,Customer
31105,Customer
31106,Customer
31107,Customer
31108,Customer
31109,Customer
31110,Customer
31111,Customer
31114,Customer
31116,Customer
31118,Customer
31119,Customer
31121,Customer
31122,Customer
31123,Customer
31124,Customer
31125,Customer
31126,Customer
31127,Customer
31128,Customer
31130,Customer
31131,Customer
31132,Customer
31133,Customer
31134,Customer
31135,Customer
31136,Customer
31138,Customer
31141,Customer
31142,Customer
31143,Customer
31144,Customer
31145,Customer
31146,Customer
31147,Customer
31149,Customer
31150,Customer
31151,Customer
31152,Customer
31153,Customer
31155,Customer
31156,Customer
31157,Customer
31158,Customer
31160,Customer
31161,Customer
31162,Customer
31166,Customer
31167,Customer
31168,Customer
31169,Customer
31170,Customer
31172,Customer
31175,Customer
31176,Customer
31177,Customer
31178,Customer
31180,Customer
31181,Customer
31182,Customer
31184,Customer
31185,Customer
31186,Customer
31187,Customer
31188,Customer
31189,Customer
31190,Customer
31191,Customer
31193,Customer
31194,Customer
31195,Customer
31196,Customer
31200,Customer
31201,Customer
31203,Customer
31204,Customer
31206,Customer
31207,Customer
31208,Customer
31209,Customer
31212,Customer
31214,Customer
31215,Customer
31216,Customer
31217,Customer
31219,Customer
31221,Customer
31222,Customer
31223,Customer
31224,Customer
31226,Customer
31227,Customer
31228,Customer
31229,Customer
31230,Customer
31231,Customer
31232,Customer
31233,Customer
31234,Customer
31235,Customer
31236,Customer
31237,Customer
31238,Customer
31239,Customer
31240,Customer
31241,Customer
31244,Customer
31246,Customer
31247,Customer
31248,Customer
31249,Customer
31250,Customer
31251,Customer
31252,Customer
31253,Customer
31254,Customer
31255,Customer
31257,Customer
31258,Customer
31260,Customer
31261,Customer
31264,Customer
31265,Customer
31266,Customer
31267,Customer
31268,Customer
31269,Customer
31270,Customer
31271,Customer
31272,Customer
31273,Customer
31274,Customer
31275,Customer
31276,Customer
31277,Customer
31278,Customer
31279,Customer
31280,Customer
31281,Customer
31283,Customer
31285,Customer
31286,Customer
31287,Customer
31288,Customer
31289,Customer
31290,Customer
31291,Customer
31292,Customer
31293,Customer
31294,Customer
31295,Customer
31296,Customer
31297,Customer
31298,Customer
31299,Customer
31300,Customer
31301,Customer
31302,Customer
31303,Customer
31304,Customer
31305,Customer
31307,Customer
31309,Customer
31310,Customer
31311,Customer
31313,Customer
31314,Customer
31315,Customer
31316,Customer
31317,Customer
31318,Customer
31320,Customer
31321,Customer
31323,Customer
31324,Customer
31325,Customer
31329,Customer
31331,Customer
31332,Customer
31333,Customer
31334,Customer
31335,Customer
31336,Customer
31338,Customer
31339,Customer
31340,Customer
31341,Customer
31342,Customer
31343,Customer
31344,Customer
31345,Customer
31346,Customer
31347,Customer
31350,Customer
31351,Customer
31352,Customer
31353,Customer
31354,Customer
31355,Customer
31357,Customer
31358,Customer
31359,Customer
31360,Customer
31361,Customer
31362,Customer
31363,Customer
31364,Customer
31365,Customer
31366,Customer
31367,Customer
31368,Customer
31369,Customer
31370,Customer
31372,Customer
31373,Customer
31374,Customer
31375,Customer
31376,Customer
31377,Customer
31378,Customer
31381,Customer
31382,Customer
31383,Customer
31384,Customer
31385,Customer
31386,Customer
31387,Customer
31388,Customer
31389,Customer
31391,Customer
31397,Customer
31398,Customer
31400,Customer
31401,Customer
31403,Customer
31404,Customer
31406,Customer
31407,Customer
31408,Customer
31409,Customer
31410,Customer
31411,Customer
31414,Customer
31415,Customer
31416,Customer
31417,Customer
31418,Customer
31419,Customer
31420,Customer
31421,Customer
31422,Customer
31424,Customer
31426,Customer
31428,Customer
31429,Customer
31430,Customer
31431,Customer
31433,Customer
31434,Customer
31435,Customer
31436,Customer
31437,Customer
31438,Customer
31439,Customer
31440,Customer
31442,Customer
31443,Customer
31444,Customer
31445,Customer
31447,Customer
31448,Customer
31449,Customer
31450,Customer
31451,Customer
31452,Customer
31453,Customer
31455,Customer
31457,Customer
31458,Customer
31459,Customer
31461,Customer
31462,Customer
31463,Customer
31465,Customer
31466,Customer
31467,Customer
31468,Customer
31469,Customer
31470,Customer
31471,Customer
31472,Customer
31474,Customer
31475,Customer
31478,Customer
31479,Customer
31480,Customer
31481,Customer
31482,Customer
31483,Customer
31485,Customer
31486,Customer
31487,Customer
31490,Customer
31492,Customer
31493,Customer
31494,Customer
31495,Customer
31497,Customer
31498,Customer
31499,Customer
31500,Customer
31501,Customer
31502,Customer
31503,Customer
31504,Customer
31506,Customer
31507,Customer
31508,Customer
31510,Customer
31512,Customer
31513,Customer
31514,Customer
31516,Customer
31517,Customer
31520,Customer
31521,Customer
31522,Customer
31523,Customer
31524,Customer
31525,Customer
31529,Customer
31530,Customer
31532,Customer
31533,Customer
31534,Customer
31535,Customer
31538,Customer
31539,Customer
31540,Customer
31541,Customer
31542,Customer
31543,Customer
31544,Customer
31545,Customer
31546,Customer
31547,Customer
31548,Customer
31549,Customer
31550,Customer
31551,Customer
31552,Customer
31553,Customer
31554,Customer
31555,Customer
31556,Customer
31559,Customer
31561,Customer
31563,Customer
31565,Customer
31566,Customer
31568,Customer
31569,Customer
31570,Customer
31572,Customer
31573,Customer
31574,Customer
31575,Customer
31576,Customer
31578,Customer
31579,Customer
31580,Customer
31581,Customer
31583,Customer
31584,Customer
31585,Customer
31586,Customer
31587,Customer
31588,Customer
31589,Customer
31591,Customer
31592,Customer
31593,Customer
31594,Customer
31595,Customer
31596,Customer
31597,Customer
31598,Customer
31599,Customer
31600,Customer
31601,Customer
31602,Customer
31603,Customer
31604,Customer
31605,Customer
31606,Customer
31609,Customer
31611,Customer
31612,Customer
31613,Customer
31614,Customer
31615,Customer
31616,Customer
31617,Customer
31618,Customer
31619,Customer
31620,Customer
31621,Customer
31622,Customer
31624,Customer
31625,Customer
31627,Customer
31629,Customer
31630,Customer
31631,Customer
31634,Customer
31636,Customer
31637,Customer
31639,Customer
31640,Customer
31641,Customer
31643,Customer
31644,Customer
31646,Customer
31647,Customer
31648,Customer
31649,Customer
31650,Customer
31651,Customer
31652,Customer
31653,Customer
31654,Customer
31655,Customer
31656,Customer
31657,Customer
31658,Customer
31660,Customer
31661,Customer
31662,Customer
31663,Customer
31664,Customer
31665,Customer
31666,Customer
31667,Customer
31668,Customer
31671,Customer
31672,Customer
31673,Customer
31674,Customer
31675,Customer
31676,Customer
31677,Customer
31678,Customer
31679,Customer
31680,Customer
31681,Customer
31682,Customer
31683,Customer
31684,Customer
31687,Customer
31688,Customer
31691,Customer
31692,Customer
31694,Customer
31695,Customer
31696,Customer
31697,Customer
31698,Customer
31699,Customer
31700,Customer
31701,Customer
31703,Customer
31704,Customer
31705,Customer
31706,Customer
31707,Customer
31709,Customer
31711,Customer
31712,Customer
31713,Customer
31714,Customer
31715,Customer
31716,Customer
31719,Customer
31720,Customer
31723,Customer
31724,Customer
31725,Customer
31727,Customer
31728,Customer
31729,Customer
31732,Customer
31733,Customer
31734,Customer
31738,Customer
31739,Customer
31740,Customer
31741,Customer
31743,Customer
31744,Customer
31746,Customer
31747,Customer
31748,Customer
31750,Customer
31751,Customer
31755,Customer
31756,Customer
31757,Customer
31758,Customer
31759,Customer
31761,Customer
31764,Customer
31765,Customer
31766,Customer
31767,Customer
31768,Customer
31769,Customer
31770,Customer
31772,Customer
31774,Customer
31775,Customer
31776,Customer
31777,Customer
31778,Customer
31779,Customer
31781,Customer
31784,Customer
31785,Customer
31786,Customer
31787,Customer
31789,Customer
31790,Customer
31791,Customer
31793,Customer
31794,Customer
31795,Customer
31796,Customer
31798,Customer
31800,Customer
31801,Customer
31803,Customer
31804,Customer
31805,Customer
31806,Customer
31807,Customer
31808,Customer
31810,Customer
31811,Customer
31813,Customer
31814,Customer
31815,Customer
31816,Customer
31817,Customer
31818,Customer
31819,Customer
31820,Customer
31821,Customer
31823,Customer
31824,Customer
31825,Customer
31826,Customer
31827,Customer
31829,Customer
31830,Customer
31831,Customer
31832,Customer
31833,Customer
31834,Customer
31838,Customer
31839,Customer
31840,Customer
31841,Customer
31842,Customer
31843,Customer
31845,Customer
31846,Customer
31847,Customer
31848,Customer
31851,Customer
31852,Customer
31853,Customer
31855,Customer
31856,Customer
31860,Customer
31861,Customer
31862,Customer
31865,Customer
31866,Customer
31867,Customer
31868,Customer
31869,Customer
31873,Customer
31874,Customer
31875,Customer
31876,Customer
31877,Customer
31878,Customer
31879,Customer
31881,Customer
31882,Customer
31883,Customer
31884,Customer
31886,Customer
31887,Customer
31890,Customer
31891,Customer
31892,Customer
31893,Customer
31894,Customer
31896,Customer
31897,Customer
31899,Customer
31901,Customer
31902,Customer
31903,Customer
31904,Customer
31905,Customer
31906,Customer
31907,Customer
31908,Customer
31909,Customer
31910,Customer
31911,Customer
31912,Customer
31913,Customer
31914,Customer
31915,Customer
31916,Customer
31917,Customer
31918,Customer
31919,Customer
31920,Customer
31921,Customer
31922,Customer
31923,Customer
31925,Customer
31926,Customer
31927,Customer
31929,Customer
31932,Customer
31933,Customer
31934,Customer
31935,Customer
31936,Customer
31937,Customer
31939,Customer
31941,Customer
31943,Customer
31944,Customer
31945,Customer
31946,Customer
31947,Customer
31948,Customer
31949,Customer
31950,Customer
31951,Customer
31952,Customer
31953,Customer
31956,Customer
31957,Customer
31958,Customer
31959,Customer
31960,Customer
31961,Customer
31962,Customer
31963,Customer
31964,Customer
31965,Customer
31966,Customer
31967,Customer
31968,Customer
31969,Customer
31970,Customer
31971,Customer
31972,Customer
31973,Customer
31974,Customer
31975,Customer
31976,Customer
31977,Customer
31979,Customer
31980,Customer
31981,Customer
31982,Customer
31983,Customer
31984,Customer
31985,Customer
31988,Customer
31989,Customer
31990,Customer
31991,Customer
31992,Customer
31993,Customer
31995,Customer
31996,Customer
31997,Customer
31998,Customer
31999,Customer
32001,Customer
32002,Customer
32003,Customer
32005,Customer
32007,Customer
32008,Customer
32009,Customer
32010,Customer
32012,Customer
32014,Customer
32016,Customer
32017,Customer
32018,Customer
32020,Customer
32021,Customer
32022,Customer
32024,Customer
32026,Customer
32027,Customer
32029,Customer
32030,Customer
32031,Customer
32032,Customer
32033,Customer
32034,Customer
32035,Customer
32036,Customer
32037,Customer
32038,Customer
32039,Customer
32040,Customer
32041,Customer
32042,Customer
32043,Customer
32044,Customer
32046,Customer
32049,Customer
32050,Customer
32051,Customer
32052,Customer
32053,Customer
32055,Customer
32056,Customer
32057,Customer
32058,Customer
32060,Customer
32061,Customer
32062,Customer
32063,Customer
32064,Customer
32066,Customer
32067,Customer
32068,Customer
32069,Customer
32070,Customer
32072,Customer
32073,Customer
32075,Customer
32076,Customer
32077,Customer
32078,Customer
32079,Customer
32081,Customer
32082,Customer
32083,Customer
32084,Customer
32087,Customer
32089,Customer
32090,Customer
32091,Customer
32092,Customer
32094,Customer
32095,Customer
32096,Customer
32097,Customer
32098,Customer
32099,Customer
32100,Customer
32102,Customer
32103,Customer
32105,Customer
32107,Customer
32108,Customer
32109,Customer
32112,Customer
32113,Customer
32114,Customer
32115,Customer
32116,Customer
32117,Customer
32118,Customer
32119,Customer
32120,Customer
32121,Customer
32122,Customer
32123,Customer
32125,Customer
32126,Customer
32127,Customer
32128,Customer
32129,Customer
32131,Customer
32132,Customer
32133,Customer
32134,Customer
32135,Customer
32137,Customer
32138,Customer
32139,Customer
32140,Customer
32141,Customer
32142,Customer
32143,Customer
32145,Customer
32146,Customer
32147,Customer
32148,Customer
32149,Customer
32150,Customer
32151,Customer
32152,Customer
32153,Customer
32155,Customer
32156,Customer
32157,Customer
32158,Customer
32159,Customer
32160,Customer
32161,Customer
32162,Customer
32163,Customer
32164,Customer
32165,Customer
32166,Customer
32167,Customer
32168,Customer
32169,Customer
32170,Customer
32171,Customer
32173,Customer
32174,Customer
32175,Customer
32176,Customer
32177,Customer
32178,Customer
32180,Customer
32181,Customer
32182,Customer
32183,Customer
32184,Customer
32185,Customer
32187,Customer
32188,Customer
32190,Customer
32192,Customer
32193,Customer
32194,Customer
32197,Customer
32198,Customer
32200,Customer
32201,Customer
32203,Customer
32206,Customer
32207,Customer
32208,Customer
32209,Customer
32210,Customer
32211,Customer
32212,Customer
32213,Customer
32214,Customer
32215,Customer
32217,Customer
32218,Customer
32219,Customer
32221,Customer
32224,Customer
32225,Customer
32226,Customer
32227,Customer
32228,Customer
32230,Customer
32231,Customer
32232,Customer
32233,Customer
32235,Customer
32236,Customer
32237,Customer
32238,Customer
32239,Customer
32241,Customer
32242,Customer
32243,Customer
32244,Customer
32245,Customer
32247,Customer
32248,Customer
32250,Customer
32251,Customer
32252,Customer
32253,Customer
32254,Customer
32255,Customer
32257,Customer
32258,Customer
32259,Customer
32260,Customer
32261,Customer
32262,Customer
32264,Customer
32265,Customer
32266,Customer
32267,Customer
32268,Customer
32270,Customer
32271,Customer
32272,Customer
32273,Customer
32274,Customer
32275,Customer
32277,Customer
32278,Customer
32280,Customer
32282,Customer
32283,Customer
32284,Customer
32285,Customer
32286,Customer
32289,Customer
32290,Customer
32291,Customer
32292,Customer
32293,Customer
32295,Customer
32296,Customer
32297,Customer
32298,Customer
32299,Customer
32300,Customer
32301,Customer
32302,Customer
32303,Customer
32304,Customer
32305,Customer
32306,Customer
32307,Customer
32308,Customer
32309,Customer
32310,Customer
32311,Customer
32312,Customer
32313,Customer
32314,Customer
32315,Customer
32318,Customer
32319,Customer
32322,Customer
32325,Customer
32326,Customer
32327,Customer
32328,Customer
32329,Customer
32330,Customer
32331,Customer
32332,Customer
32333,Customer
32334,Customer
32335,Customer
32336,Customer
32340,Customer
32342,Customer
32343,Customer
32345,Customer
32346,Customer
32347,Customer
32348,Customer
32350,Customer
32352,Customer
32353,Customer
32354,Customer
32355,Customer
32356,Customer
32357,Customer
32358,Customer
32359,Customer
32361,Customer
32362,Customer
32363,Customer
32364,Customer
32365,Customer
32366,Customer
32367,Customer
32368,Customer
32369,Customer
32370,Customer
32371,Customer
32374,Customer
32375,Customer
32376,Customer
32377,Customer
32378,Customer
32379,Customer
32381,Customer
32384,Customer
32385,Customer
32386,Customer
32387,Customer
32388,Customer
32389,Customer
32390,Customer
32391,Customer
32392,Customer
32393,Customer
32394,Customer
32395,Customer
32397,Customer
32398,Customer
32399,Customer
32400,Customer
32401,Customer
32402,Customer
32403,Customer
32405,Customer
32406,Customer
32407,Customer
32409,Customer
32410,Customer
32411,Customer
32414,Customer
32416,Customer
32419,Customer
32420,Customer
32421,Customer
32423,Customer
32424,Customer
32425,Customer
32426,Customer
32427,Customer
32428,Customer
32429,Customer
32430,Customer
32431,Customer
32432,Customer
32433,Customer
32434,Customer
32435,Customer
32437,Customer
32438,Customer
32439,Customer
32440,Customer
32441,Customer
32442,Customer
32444,Customer
32448,Customer
32449,Customer
32450,Customer
32451,Customer
32452,Customer
32453,Customer
32455,Customer
32456,Customer
32457,Customer
32459,Customer
32460,Customer
32466,Customer
32468,Customer
32469,Customer
32470,Customer
32471,Customer
32472,Customer
32473,Customer
32474,Customer
32476,Customer
32477,Customer
32478,Customer
32479,Customer
32480,Customer
32481,Customer
32482,Customer
32483,Customer
32484,Customer
32485,Customer
32487,Customer
32488,Customer
32489,Customer
32491,Customer
32492,Customer
32493,Customer
32494,Customer
32495,Customer
32497,Customer
32499,Customer
32500,Customer
32501,Customer
32502,Customer
32503,Customer
32504,Customer
32505,Customer
32506,Customer
32507,Customer
32509,Customer
32510,Customer
32511,Customer
32512,Customer
32513,Customer
32514,Customer
32516,Customer
32517,Customer
32518,Customer
32519,Customer
32521,Customer
32522,Customer
32523,Customer
32524,Customer
32525,Customer
32527,Customer
32528,Customer
32529,Customer
32530,Customer
32533,Customer
32535,Customer
32536,Customer
32538,Customer
32541,Customer
32542,Customer
32544,Customer
32545,Customer
32546,Customer
32547,Customer
32548,Customer
32549,Customer
32550,Customer
32551,Customer
32552,Customer
32555,Customer
32556,Customer
32557,Customer
32558,Customer
32559,Customer
32560,Customer
32561,Customer
32562,Customer
32563,Customer
32564,Customer
32565,Customer
32566,Customer
32567,Customer
32570,Customer
32571,Customer
32572,Customer
32573,Customer
32574,Customer
32576,Customer
32577,Customer
32578,Customer
32579,Customer
32582,Customer
32583,Customer
32585,Customer
32586,Customer
32587,Customer
32588,Customer
32590,Customer
32593,Customer
32595,Customer
32596,Customer
32597,Customer
32598,Customer
32599,Customer
32600,Customer
32601,Customer
32603,Customer
32606,Customer
32607,Customer
32608,Customer
32609,Customer
32610,Customer
32611,Customer
32612,Customer
32613,Customer
32614,Customer
32615,Customer
32616,Customer
32618,Customer
32619,Customer
32620,Customer
32621,Customer
32622,Customer
32623,Customer
32624,Customer
32626,Customer
32627,Customer
32629,Customer
32630,Customer
32631,Customer
32633,Customer
32635,Customer
32636,Customer
32638,Customer
32639,Customer
32641,Customer
32642,Customer
32643,Customer
32644,Customer
32645,Customer
32647,Customer
32648,Customer
32649,Customer
32650,Customer
32651,Customer
32652,Customer
32653,Customer
32655,Customer
32656,Customer
32657,Customer
32658,Customer
32659,Customer
32660,Customer
32661,Customer
32662,Customer
32665,Customer
32666,Customer
32668,Customer
32669,Customer
32670,Customer
32671,Customer
32672,Customer
32673,Customer
32674,Customer
32675,Customer
32676,Customer
32678,Customer
32680,Customer
32681,Customer
32682,Customer
32683,Customer
32684,Customer
32685,Customer
32687,Customer
32688,Customer
32689,Customer
32690,Customer
32691,Customer
32692,Customer
32693,Customer
32694,Customer
32695,Customer
32697,Customer
32699,Customer
32700,Customer
32701,Customer
32702,Customer
32703,Customer
32704,Customer
32705,Customer
32706,Customer
32707,Customer
32708,Customer
32709,Customer
32711,Customer
32712,Customer
32713,Customer
32714,Customer
32715,Customer
32716,Customer
32717,Customer
32718,Customer
32719,Customer
32721,Customer
32722,Customer
32724,Customer
32725,Customer
32726,Customer
32727,Customer
32728,Customer
32729,Customer
32730,Customer
32731,Customer
32732,Customer
32733,Customer
32734,Customer
32735,Customer
32736,Customer
32737,Customer
32738,Customer
32739,Customer
32740,Customer
32742,Customer
32743,Customer
32744,Customer
32745,Customer
32746,Customer
32747,Customer
32748,Customer
32749,Customer
32750,Customer
32751,Customer
32752,Customer
32753,Customer
32754,Customer
32755,Customer
32758,Customer
32759,Customer
32760,Customer
32761,Customer
32762,Customer
32763,Customer
32764,Customer
32765,Customer
32766,Customer
32767,Customer
32768,Customer
32769,Customer
32770,Customer
32771,Customer
32772,Customer
32773,Customer
32774,Customer
32775,Customer
32776,Customer
32777,Customer
32780,Customer
32781,Customer
32783,Customer
32784,Customer
32785,Customer
32787,Customer
32788,Customer
32789,Customer
32792,Customer
32793,Customer
32794,Customer
32796,Customer
32798,Customer
32799,Customer
32800,Customer
32801,Customer
32802,Customer
32803,Customer
32804,Customer
32805,Customer
32806,Customer
32807,Customer
32808,Customer
32809,Customer
32810,Customer
32811,Customer
32812,Customer
32813,Customer
32815,Customer
32816,Customer
32817,Customer
32818,Customer
32819,Customer
32820,Customer
32821,Customer
32822,Customer
32823,Customer
32824,Customer
32828,Customer
32829,Customer
32830,Customer
32831,Customer
32832,Customer
32833,Customer
32835,Customer
32837,Customer
32838,Customer
32839,Customer
32841,Customer
32842,Customer
32843,Customer
32844,Customer
32845,Customer
32846,Customer
32847,Customer
32848,Customer
32849,Customer
32850,Customer
32851,Customer
32852,Customer
32853,Customer
32855,Customer
32856,Customer
32857,Customer
32858,Customer
32860,Customer
32861,Customer
32863,Customer
32864,Customer
32866,Customer
32867,Customer
32869,Customer
32870,Customer
32871,Customer
32872,Customer
32873,Customer
32874,Customer
32875,Customer
32876,Customer
32877,Customer
32879,Customer
32880,Customer
32881,Customer
32882,Customer
32884,Customer
32885,Customer
32886,Customer
32887,Customer
32888,Customer
32889,Customer
32892,Customer
32893,Customer
32894,Customer
32896,Customer
32897,Customer
32898,Customer
32899,Customer
32901,Customer
32902,Customer
32904,Customer
32905,Customer
32906,Customer
32907,Customer
32908,Customer
32910,Customer
32911,Customer
32913,Customer
32916,Customer
32917,Customer
32918,Customer
32919,Customer
32921,Customer
32922,Customer
32923,Customer
32925,Customer
32926,Customer
32927,Customer
32928,Customer
32929,Customer
32930,Customer
32931,Customer
32933,Customer
32934,Customer
32936,Customer
32937,Customer
32939,Customer
32940,Customer
32941,Customer
32942,Customer
32943,Customer
32944,Customer
32945,Customer
32947,Customer
32948,Customer
32950,Customer
32951,Customer
32952,Customer
32953,Customer
32955,Customer
32956,Customer
32958,Customer
32960,Customer
32961,Customer
32964,Customer
32965,Customer
32966,Customer
32967,Customer
32968,Customer
32969,Customer
32972,Customer
32973,Customer
32974,Customer
32975,Customer
32976,Customer
32977,Customer
32978,Customer
32979,Customer
32980,Customer
32981,Customer
32984,Customer
32985,Customer
32986,Customer
32987,Customer
32988,Customer
32990,Customer
32991,Customer
32992,Customer
32993,Customer
32994,Customer
32995,Customer
32996,Customer
32997,Customer
32998,Customer
32999,Customer
33000,Customer
33002,Customer
33003,Customer
33004,Customer
33005,Customer
33006,Customer
33007,Customer
33008,Customer
33009,Customer
33010,Customer
33011,Customer
33012,Customer
33013,Customer
33015,Customer
33016,Customer
33017,Customer
33020,Customer
33023,Customer
33024,Customer
33025,Customer
33026,Customer
33027,Customer
33028,Customer
33029,Customer
33030,Customer
33031,Customer
33032,Customer
33033,Customer
33035,Customer
33036,Customer
33037,Customer
33039,Customer
33040,Customer
33041,Customer
33043,Customer
33044,Customer
33045,Customer
33046,Customer
33047,Customer
33048,Customer
33049,Customer
33051,Customer
33052,Customer
33053,Customer
33055,Customer
33057,Customer
33059,Customer
33062,Customer
33063,Customer
33065,Customer
33066,Customer
33067,Customer
33068,Customer
33071,Customer
33072,Customer
33074,Customer
33075,Customer
33076,Customer
33077,Customer
33078,Customer
33079,Customer
33080,Customer
33082,Customer
33083,Customer
33084,Customer
33085,Customer
33088,Customer
33089,Customer
33090,Customer
33091,Customer
33092,Customer
33095,Customer
33096,Customer
33097,Customer
33098,Customer
33100,Customer
33101,Customer
33102,Customer
33103,Customer
33104,Customer
33106,Customer
33107,Customer
33108,Customer
33109,Customer
33111,Customer
33112,Customer
33113,Customer
33114,Customer
33115,Customer
33117,Customer
33118,Customer
33119,Customer
33120,Customer
33121,Customer
33123,Customer
33124,Customer
33125,Customer
33128,Customer
33129,Customer
33131,Customer
33132,Customer
33133,Customer
33134,Customer
33135,Customer
33136,Customer
33137,Customer
33138,Customer
33142,Customer
33144,Customer
33146,Customer
33148,Customer
33150,Customer
33151,Customer
33152,Customer
33153,Customer
33154,Customer
33155,Customer
33156,Customer
33157,Customer
33158,Customer
33159,Customer
33160,Customer
33161,Customer
33162,Customer
33163,Customer
33164,Customer
33165,Customer
33166,Customer
33167,Customer
33168,Customer
33169,Customer
33170,Customer
33171,Customer
33172,Customer
33173,Customer
33174,Customer
33175,Customer
33177,Customer
33178,Customer
33179,Customer
33180,Customer
33181,Customer
33183,Customer
33184,Customer
33187,Customer
33188,Customer
33191,Customer
33192,Customer
33194,Customer
33195,Customer
33196,Customer
33198,Customer
33199,Customer
33201,Customer
33202,Customer
33203,Customer
33204,Customer
33205,Customer
33206,Customer
33207,Customer
33209,Customer
33210,Customer
33211,Customer
33212,Customer
33214,Customer
33215,Customer
33216,Customer
33217,Customer
33218,Customer
33219,Customer
33221,Customer
33222,Customer
33223,Customer
33225,Customer
33226,Customer
33227,Customer
33228,Customer
33229,Customer
33230,Customer
33231,Customer
33232,Customer
33233,Customer
33234,Customer
33235,Customer
33236,Customer
33237,Customer
33238,Customer
33240,Customer
33241,Customer
33242,Customer
33243,Customer
33244,Customer
33248,Customer
33249,Customer
33250,Customer
33251,Customer
33252,Customer
33253,Customer
33255,Customer
33256,Customer
33257,Customer
33258,Customer
33259,Customer
33260,Customer
33261,Customer
33263,Customer
33264,Customer
33265,Customer
33266,Customer
33268,Customer
33269,Customer
33270,Customer
33271,Customer
33272,Customer
33273,Customer
33274,Customer
33275,Customer
33276,Customer
33277,Customer
33278,Customer
33279,Customer
33280,Customer
33282,Customer
33283,Customer
33284,Customer
33285,Customer
33287,Customer
33288,Customer
33290,Customer
33292,Customer
33293,Customer
33294,Customer
33295,Customer
33296,Customer
33298,Customer
33299,Customer
33300,Customer
33301,Customer
33302,Customer
33303,Customer
33304,Customer
33305,Customer
33306,Customer
33308,Customer
33309,Customer
33310,Customer
33311,Customer
33312,Customer
33313,Customer
33314,Customer
33315,Customer
33316,Customer
33317,Customer
33318,Customer
33319,Customer
33320,Customer
33321,Customer
33322,Customer
33323,Customer
33324,Customer
33325,Customer
33326,Customer
33329,Customer
33330,Customer
33331,Customer
33332,Customer
33333,Customer
33336,Customer
33337,Customer
33338,Customer
33339,Customer
33342,Customer
33343,Customer
33345,Customer
33347,Customer
33348,Customer
33349,Customer
33351,Customer
33352,Customer
33353,Customer
33354,Customer
33355,Customer
33356,Customer
33357,Customer
33358,Customer
33359,Customer
33360,Customer
33361,Customer
33362,Customer
33364,Customer
33368,Customer
33370,Customer
33371,Customer
33372,Customer
33373,Customer
33374,Customer
33375,Customer
33376,Customer
33377,Customer
33378,Customer
33379,Customer
33380,Customer
33381,Customer
33382,Customer
33383,Customer
33384,Customer
33385,Customer
33386,Customer
33387,Customer
33389,Customer
33390,Customer
33392,Customer
33393,Customer
33394,Customer
33395,Customer
33396,Customer
33398,Customer
33400,Customer
33401,Customer
33402,Customer
33403,Customer
33404,Customer
33405,Customer
33406,Customer
33407,Customer
33408,Customer
33409,Customer
33411,Customer
33412,Customer
33414,Customer
33415,Customer
33416,Customer
33417,Customer
33419,Customer
33420,Customer
33421,Customer
33422,Customer
33423,Customer
33424,Customer
33425,Customer
33427,Customer
33428,Customer
33429,Customer
33430,Customer
33432,Customer
33433,Customer
33434,Customer
33435,Customer
33436,Customer
33437,Customer
33438,Customer
33439,Customer
33440,Customer
33441,Customer
33442,Customer
33443,Customer
33445,Customer
33446,Customer
33447,Customer
33448,Customer
33451,Customer
33452,Customer
33453,Customer
33455,Customer
33456,Customer
33458,Customer
33459,Customer
33460,Customer
33461,Customer
33462,Customer
33463,Customer
33464,Customer
33467,Customer
33468,Customer
33469,Customer
33470,Customer
33472,Customer
33473,Customer
33474,Customer
33475,Customer
33476,Customer
33477,Customer
33478,Customer
33479,Customer
33480,Customer
33481,Customer
33482,Customer
33483,Customer
33485,Customer
33486,Customer
33487,Customer
33488,Customer
33490,Customer
33491,Customer
33492,Customer
33493,Customer
33494,Customer
33497,Customer
33498,Customer
33499,Customer
33500,Customer
33501,Customer
33502,Customer
33503,Customer
33505,Customer
33506,Customer
33507,Customer
33508,Customer
33509,Customer
33510,Customer
33513,Customer
33514,Customer
33515,Customer
33516,Customer
33517,Customer
33518,Customer
33519,Customer
33521,Customer
33522,Customer
33523,Customer
33524,Customer
33526,Customer
33527,Customer
33530,Customer
33532,Customer
33534,Customer
33535,Customer
33537,Customer
33538,Customer
33539,Customer
33540,Customer
33541,Customer
33542,Customer
33543,Customer
33544,Customer
33546,Customer
33547,Customer
33548,Customer
33549,Customer
33551,Customer
33553,Customer
33555,Customer
33556,Customer
33557,Customer
33558,Customer
33559,Customer
33561,Customer
33562,Customer
33563,Customer
33565,Customer
33567,Customer
33570,Customer
33571,Customer
33572,Customer
33573,Customer
33574,Customer
33575,Customer
33576,Customer
33577,Customer
33578,Customer
33579,Customer
33580,Customer
33581,Customer
33582,Customer
33583,Customer
33584,Customer
33585,Customer
33586,Customer
33587,Customer
33588,Customer
33589,Customer
33592,Customer
33593,Customer
33594,Customer
33596,Customer
33597,Customer
33599,Customer
33600,Customer
33601,Customer
33602,Customer
33603,Customer
33604,Customer
33606,Customer
33608,Customer
33610,Customer
33611,Customer
33612,Customer
33613,Customer
33614,Customer
33615,Customer
33617,Customer
33618,Customer
33619,Customer
33620,Customer
33621,Customer
33623,Customer
33625,Customer
33626,Customer
33627,Customer
33628,Customer
33629,Customer
33630,Customer
33631,Customer
33632,Customer
33633,Customer
33634,Customer
33635,Customer
33636,Customer
33637,Customer
33640,Customer
33642,Customer
33643,Customer
33644,Customer
33645,Customer
33647,Customer
33649,Customer
33650,Customer
33651,Customer
33652,Customer
33653,Customer
33655,Customer
33657,Customer
33659,Customer
33660,Customer
33661,Customer
33662,Customer
33663,Customer
33664,Customer
33668,Customer
33669,Customer
33670,Customer
33672,Customer
33673,Customer
33674,Customer
33676,Customer
33677,Customer
33678,Customer
33679,Customer
33680,Customer
33681,Customer
33682,Customer
33683,Customer
33684,Customer
33687,Customer
33688,Customer
33689,Customer
33691,Customer
33692,Customer
33693,Customer
33694,Customer
33695,Customer
33696,Customer
33697,Customer
33698,Customer
33701,Customer
33702,Customer
33705,Customer
33706,Customer
33707,Customer
33708,Customer
33709,Customer
33710,Customer
33711,Customer
33713,Customer
33714,Customer
33715,Customer
33716,Customer
33718,Customer
33719,Customer
33720,Customer
33722,Customer
33723,Customer
33724,Customer
33725,Customer
33726,Customer
33727,Customer
33728,Customer
33729,Customer
33730,Customer
33731,Customer
33732,Customer
33733,Customer
33734,Customer
33736,Customer
33737,Customer
33739,Customer
33740,Customer
33741,Customer
33742,Customer
33743,Customer
33744,Customer
33745,Customer
33746,Customer
33747,Customer
33749,Customer
33750,Customer
33751,Customer
33752,Customer
33754,Customer
33756,Customer
33757,Customer
33758,Customer
33759,Customer
33760,Customer
33762,Customer
33764,Customer
33766,Customer
33768,Customer
33769,Customer
33770,Customer
33771,Customer
33772,Customer
33773,Customer
33775,Customer
33776,Customer
33777,Customer
33780,Customer
33784,Customer
33785,Customer
33787,Customer
33788,Customer
33789,Customer
33790,Customer
33791,Customer
33792,Customer
33793,Customer
33794,Customer
33797,Customer
33798,Customer
33799,Customer
33800,Customer
33801,Customer
33803,Customer
33805,Customer
33806,Customer
33807,Customer
33808,Customer
33810,Customer
33812,Customer
33813,Customer
33815,Customer
33816,Customer
33817,Customer
33818,Customer
33819,Customer
33821,Customer
33822,Customer
33823,Customer
33824,Customer
33825,Customer
33828,Customer
33830,Customer
33831,Customer
33832,Customer
33834,Customer
33835,Customer
33836,Customer
33837,Customer
33838,Customer
33839,Customer
33840,Customer
33842,Customer
33843,Customer
33844,Customer
33845,Customer
33846,Customer
33847,Customer
33848,Customer
33849,Customer
33850,Customer
33851,Customer
33853,Customer
33854,Customer
33855,Customer
33858,Customer
33859,Customer
33861,Customer
33863,Customer
33865,Customer
33866,Customer
33867,Customer
33868,Customer
33869,Customer
33870,Customer
33871,Customer
33873,Customer
33874,Customer
33875,Customer
33877,Customer
33878,Customer
33879,Customer
33880,Customer
33884,Customer
33885,Customer
33887,Customer
33888,Customer
33889,Customer
33890,Customer
33891,Customer
33892,Customer
33893,Customer
33894,Customer
33896,Customer
33897,Customer
33898,Customer
33901,Customer
33902,Customer
33903,Customer
33904,Customer
33905,Customer
33906,Customer
33907,Customer
33908,Customer
33909,Customer
33911,Customer
33912,Customer
33913,Customer
33914,Customer
33915,Customer
33918,Customer
33919,Customer
33920,Customer
33921,Customer
33922,Customer
33924,Customer
33925,Customer
33926,Customer
33927,Customer
33929,Customer
33930,Customer
33931,Customer
33932,Customer
33933,Customer
33934,Customer
33936,Customer
33937,Customer
33939,Customer
33940,Customer
33941,Customer
33942,Customer
33943,Customer
33945,Customer
33947,Customer
33948,Customer
33949,Customer
33950,Customer
33951,Customer
33954,Customer
33955,Customer
33956,Customer
33957,Customer
33958,Customer
33959,Customer
33960,Customer
33961,Customer
33963,Customer
33964,Customer
33965,Customer
33966,Customer
33967,Customer
33968,Customer
33969,Customer
33970,Customer
33971,Customer
33972,Customer
33973,Customer
33974,Customer
33975,Customer
33976,Customer
33977,Customer
33980,Customer
33981,Customer
33982,Customer
33983,Customer
33984,Customer
33985,Customer
33986,Customer
33987,Customer
33988,Customer
33989,Customer
33992,Customer
33993,Customer
33994,Customer
33996,Customer
33997,Customer
33999,Customer
34001,Customer
34002,Customer
34003,Customer
34004,Customer
34005,Customer
34006,Customer
34007,Customer
34008,Customer
34009,Customer
34011,Customer
34012,Customer
34013,Customer
34014,Customer
34015,Customer
34016,Customer
34017,Customer
34018,Customer
34019,Customer
34020,Customer
34021,Customer
34022,Customer
34023,Customer
34024,Customer
34025,Customer
34026,Customer
34027,Customer
34029,Customer
34030,Customer
34031,Customer
34033,Customer
34034,Customer
34035,Customer
34036,Customer
34038,Customer
34039,Customer
34040,Customer
34041,Customer
34042,Customer
34043,Customer
34047,Customer
34048,Customer
34050,Customer
34051,Customer
34052,Customer
34054,Customer
34055,Customer
34056,Customer
34058,Customer
34059,Customer
34061,Customer
34062,Customer
34063,Customer
34064,Customer
34065,Customer
34067,Customer
34068,Customer
34070,Customer
34071,Customer
34072,Customer
34073,Customer
34074,Customer
34075,Customer
34076,Customer
34077,Customer
34078,Customer
34079,Customer
34080,Customer
34082,Customer
34083,Customer
34084,Customer
34085,Customer
34086,Customer
34087,Customer
34091,Customer
34092,Customer
34093,Customer
34094,Customer
34095,Customer
34096,Customer
34098,Customer
34099,Customer
34100,Customer
34101,Customer
34102,Customer
34103,Customer
34104,Customer
34105,Customer
34106,Customer
34107,Customer
34108,Customer
34109,Customer
34110,Customer
34111,Customer
34112,Customer
34113,Customer
34115,Customer
34117,Customer
34118,Customer
34119,Customer
34120,Customer
34121,Customer
34122,Customer
34124,Customer
34125,Customer
34126,Customer
34127,Customer
34128,Customer
34130,Customer
34131,Customer
34132,Customer
34133,Customer
34134,Customer
34135,Customer
34136,Customer
34137,Customer
34138,Customer
34139,Customer
34143,Customer
34144,Customer
34145,Customer
34146,Customer
34148,Customer
34149,Customer
34150,Customer
34151,Customer
34152,Customer
34153,Customer
34154,Customer
34156,Customer
34158,Customer
34159,Customer
34161,Customer
34162,Customer
34163,Customer
34164,Customer
34165,Customer
34166,Customer
34167,Customer
34168,Customer
34169,Customer
34170,Customer
34171,Customer
34172,Customer
34173,Customer
34174,Customer
34175,Customer
34176,Customer
34177,Customer
34178,Customer
34179,Customer
34180,Customer
34181,Customer
34182,Customer
34183,Customer
34184,Customer
34185,Customer
34186,Customer
34187,Customer
34188,Customer
34189,Customer
34190,Customer
34191,Customer
34192,Customer
34193,Customer
34194,Customer
34195,Customer
34196,Customer
34198,Customer
34199,Customer
34200,Customer
34201,Customer
34202,Customer
34205,Customer
34206,Customer
34207,Customer
34208,Customer
34210,Customer
34211,Customer
34212,Customer
34213,Customer
34215,Customer
34216,Customer
34217,Customer
34218,Customer
34219,Customer
34220,Customer
34221,Customer
34223,Customer
34224,Customer
34225,Customer
34226,Customer
34227,Customer
34228,Customer
34229,Customer
34230,Customer
34234,Customer
34235,Customer
34236,Customer
34238,Customer
34240,Customer
34242,Customer
34243,Customer
34245,Customer
34246,Customer
34247,Customer
34250,Customer
34251,Customer
34252,Customer
34253,Customer
34254,Customer
34255,Customer
34257,Customer
34258,Customer
34261,Customer
34262,Customer
34263,Customer
34264,Customer
34265,Customer
34267,Customer
34268,Customer
34269,Customer
34271,Customer
34272,Customer
34274,Customer
34275,Customer
34276,Customer
34277,Customer
34278,Customer
34279,Customer
34280,Customer
34281,Customer
34282,Customer
34284,Customer
34285,Customer
34287,Customer
34289,Customer
34291,Customer
34292,Customer
34294,Customer
34295,Customer
34296,Customer
34298,Customer
34299,Customer
34300,Customer
34302,Customer
34303,Customer
34304,Customer
34305,Customer
34306,Customer
34307,Customer
34308,Customer
34309,Customer
34311,Customer
34313,Customer
34314,Customer
34315,Customer
34316,Customer
34317,Customer
34318,Customer
34319,Customer
34321,Customer
34322,Customer
34324,Customer
34325,Customer
34328,Customer
34329,Customer
34331,Customer
34332,Customer
34334,Customer
34337,Customer
34338,Customer
34339,Customer
34340,Customer
34341,Customer
34342,Customer
34343,Customer
34344,Customer
34345,Customer
34346,Customer
34347,Customer
34348,Customer
34349,Customer
34350,Customer
34351,Customer
34352,Customer
34353,Customer
34355,Customer
34358,Customer
34359,Customer
34360,Customer
34361,Customer
34362,Customer
34363,Customer
34364,Customer
34365,Customer
34366,Customer
34367,Customer
34368,Customer
34370,Customer
34371,Customer
34372,Customer
34374,Customer
34375,Customer
34376,Customer
34378,Customer
34380,Customer
34381,Customer
34382,Customer
34383,Customer
34384,Customer
34385,Customer
34387,Customer
34388,Customer
34390,Customer
34391,Customer
34392,Customer
34393,Customer
34394,Customer
34396,Customer
34397,Customer
34398,Customer
34400,Customer
34401,Customer
34403,Customer
34405,Customer
34406,Customer
34407,Customer
34408,Customer
34409,Customer
34410,Customer
34411,Customer
34412,Customer
34414,Customer
34416,Customer
34417,Customer
34419,Customer
34421,Customer
34422,Customer
34423,Customer
34424,Customer
34425,Customer
34427,Customer
34428,Customer
34429,Customer
34430,Customer
34431,Customer
34432,Customer
34433,Customer
34436,Customer
34437,Customer
34438,Customer
34439,Customer
34441,Customer
34442,Customer
34443,Customer
34444,Customer
34445,Customer
34446,Customer
34447,Customer
34448,Customer
34449,Customer
34450,Customer
34451,Customer
34452,Customer
34454,Customer
34455,Customer
34456,Customer
34457,Customer
34458,Customer
34459,Customer
34460,Customer
34462,Customer
34463,Customer
34465,Customer
34466,Customer
34467,Customer
34468,Customer
34469,Customer
34470,Customer
34471,Customer
34472,Customer
34474,Customer
34475,Customer
34476,Customer
34477,Customer
34478,Customer
34479,Customer
34480,Customer
34481,Customer
34482,Customer
34483,Customer
34485,Customer
34486,Customer
34487,Customer
34488,Customer
34489,Customer
34490,Customer
34491,Customer
34492,Customer
34493,Customer
34494,Customer
34496,Customer
34498,Customer
34499,Customer
34500,Customer
34501,Customer
34502,Customer
34504,Customer
34505,Customer
34506,Customer
34507,Customer
34508,Customer
34509,Customer
34510,Customer
34511,Customer
34512,Customer
34514,Customer
34516,Customer
34517,Customer
34519,Customer
34524,Customer
34525,Customer
34526,Customer
34527,Customer
34528,Customer
34529,Customer
34530,Customer
34532,Customer
34534,Customer
34535,Customer
34536,Customer
34537,Customer
34538,Customer
34540,Customer
34541,Customer
34542,Customer
34543,Customer
34544,Customer
34545,Customer
34546,Customer
34547,Customer
34550,Customer
34552,Customer
34553,Customer
34555,Customer
34556,Customer
34557,Customer
34558,Customer
34559,Customer
34560,Customer
34561,Customer
34562,Customer
34563,Customer
34564,Customer
34565,Customer
34567,Customer
34568,Customer
34569,Customer
34572,Customer
34573,Customer
34576,Customer
34577,Customer
34579,Customer
34580,Customer
34581,Customer
34584,Customer
34586,Customer
34587,Customer
34588,Customer
34589,Customer
34590,Customer
34591,Customer
34592,Customer
34593,Customer
34594,Customer
34595,Customer
34597,Customer
34598,Customer
34599,Customer
34600,Customer
34603,Customer
34604,Customer
34605,Customer
34606,Customer
34608,Customer
34610,Customer
34611,Customer
34614,Customer
34615,Customer
34616,Customer
34617,Customer
34618,Customer
34619,Customer
34621,Customer
34622,Customer
34623,Customer
34624,Customer
34625,Customer
34626,Customer
34628,Customer
34629,Customer
34630,Customer
34631,Customer
34633,Customer
34634,Customer
34635,Customer
34636,Customer
34638,Customer
34639,Customer
34640,Customer
34641,Customer
34642,Customer
34643,Customer
34645,Customer
34646,Customer
34647,Customer
34648,Customer
34649,Customer
34650,Customer
34652,Customer
34653,Customer
34654,Customer
34656,Customer
34658,Customer
34660,Customer
34661,Customer
34663,Customer
34664,Customer
34665,Customer
34666,Customer
34667,Customer
34668,Customer
34669,Customer
34670,Customer
34671,Customer
34672,Customer
34673,Customer
34674,Customer
34675,Customer
34677,Customer
34678,Customer
34679,Customer
34681,Customer
34682,Customer
34683,Customer
34685,Customer
34686,Customer
34688,Customer
34689,Customer
34691,Customer
34692,Customer
34694,Customer
34695,Customer
34696,Customer
34697,Customer
34698,Customer
34699,Customer
34700,Customer
34701,Customer
34702,Customer
34704,Customer
34705,Customer
34706,Customer
34707,Customer
34708,Customer
34709,Customer
34710,Customer
34712,Customer
34713,Customer
34714,Customer
34715,Customer
34717,Customer
34718,Customer
34719,Customer
34720,Customer
34721,Customer
34722,Customer
34723,Customer
34724,Customer
34725,Customer
34726,Customer
34727,Customer
34729,Customer
34730,Customer
34731,Customer
34733,Customer
34735,Customer
34737,Customer
34738,Customer
34741,Customer
34744,Customer
34745,Customer
34746,Customer
34748,Customer
34749,Customer
34751,Customer
34753,Customer
34754,Customer
34755,Customer
34756,Customer
34759,Customer
34760,Customer
34761,Customer
34763,Customer
34764,Customer
34765,Customer
34766,Customer
34767,Customer
34768,Customer
34769,Customer
34770,Customer
34771,Customer
34772,Customer
34773,Customer
34774,Customer
34775,Customer
34776,Customer
34777,Customer
34778,Customer
34779,Customer
34780,Customer
34782,Customer
34783,Customer
34784,Customer
34785,Customer
34786,Customer
34787,Customer
34788,Customer
34789,Customer
34790,Customer
34791,Customer
34792,Customer
34793,Customer
34794,Customer
34795,Customer
34797,Customer
34798,Customer
34800,Customer
34801,Customer
34802,Customer
34803,Customer
34805,Customer
34806,Customer
34807,Customer
34808,Customer
34809,Customer
34810,Customer
34811,Customer
34813,Customer
34814,Customer
34815,Customer
34816,Customer
34817,Customer
34818,Customer
34819,Customer
34820,Customer
34821,Customer
34823,Customer
34824,Customer
34826,Customer
34827,Customer
34828,Customer
34829,Customer
34830,Customer
34831,Customer
34832,Customer
34833,Customer
34834,Customer
34835,Customer
34836,Customer
34839,Customer
34840,Customer
34841,Customer
34842,Customer
34843,Customer
34844,Customer
34845,Customer
34846,Customer
34848,Customer
34849,Customer
34850,Customer
34851,Customer
34852,Customer
34853,Customer
34854,Customer
34855,Customer
34857,Customer
34858,Customer
34859,Customer
34861,Customer
34862,Customer
34863,Customer
34864,Customer
34865,Customer
34866,Customer
34867,Customer
34868,Customer
34869,Customer
34870,Customer
34871,Customer
34872,Customer
34874,Customer
34876,Customer
34877,Customer
34878,Customer
34879,Customer
34880,Customer
34881,Customer
34883,Customer
34884,Customer
34885,Customer
34886,Customer
34888,Customer
34889,Customer
34891,Customer
34892,Customer
34893,Customer
34894,Customer
34895,Customer
34898,Customer
34899,Customer
34900,Customer
34902,Customer
34903,Customer
34905,Customer
34906,Customer
34907,Customer
34908,Customer
34910,Customer
34911,Customer
34915,Customer
34916,Customer
34917,Customer
34918,Customer
34919,Customer
34920,Customer
34921,Customer
34923,Customer
34924,Customer
34925,Customer
34927,Customer
34928,Customer
34929,Customer
34931,Customer
34933,Customer
34934,Customer
34937,Customer
34938,Customer
34940,Customer
34941,Customer
34945,Customer
34946,Customer
34947,Customer
34948,Customer
34949,Customer
34950,Customer
34951,Customer
34952,Customer
34953,Customer
34954,Customer
34955,Customer
34957,Customer
34958,Customer
34959,Customer
34960,Customer
34961,Customer
34962,Customer
34964,Customer
34965,Customer
34966,Customer
34967,Customer
34969,Customer
34970,Customer
34971,Customer
34972,Customer
34973,Customer
34976,Customer
34977,Customer
34978,Customer
34980,Customer
34981,Customer
34982,Customer
34983,Customer
34984,Customer
34985,Customer
34986,Customer
34987,Customer
34988,Customer
34989,Customer
34990,Customer
34991,Customer
34992,Customer
34993,Customer
34995,Customer
34996,Customer
34997,Customer
34998,Customer
35000,Customer
35002,Customer
35004,Customer
35005,Customer
35006,Customer
35008,Customer
35011,Customer
35012,Customer
35013,Customer
35014,Customer
35015,Customer
35016,Customer
35020,Customer
35022,Customer
35024,Customer
35025,Customer
35026,Customer
35029,Customer
35030,Customer
35031,Customer
35032,Customer
35033,Customer
35034,Customer
35035,Customer
35036,Customer
35037,Customer
35038,Customer
35039,Customer
35040,Customer
35041,Customer
35042,Customer
35044,Customer
35045,Customer
35046,Customer
35047,Customer
35049,Customer
35050,Customer
35052,Customer
35054,Customer
35055,Customer
35056,Customer
35057,Customer
35058,Customer
35059,Customer
35060,Customer
35061,Customer
35062,Customer
35064,Customer
35065,Customer
35066,Customer
35067,Customer
35069,Customer
35070,Customer
35071,Customer
35072,Customer
35074,Customer
35075,Customer
35076,Customer
35077,Customer
35078,Customer
35079,Customer
35080,Customer
35081,Customer
35082,Customer
35083,Customer
35084,Customer
35085,Customer
35086,Customer
35088,Customer
35089,Customer
35090,Customer
35091,Customer
35092,Customer
35093,Customer
35094,Customer
35095,Customer
35097,Customer
35098,Customer
35099,Customer
35100,Customer
35101,Customer
35103,Customer
35104,Customer
35105,Customer
35106,Customer
35107,Customer
35108,Customer
35109,Customer
35110,Customer
35111,Customer
35112,Customer
35113,Customer
35114,Customer
35115,Customer
35117,Customer
35118,Customer
35122,Customer
35123,Customer
35124,Customer
35125,Customer
35126,Customer
35127,Customer
35130,Customer
35135,Customer
35136,Customer
35137,Customer
35139,Customer
35141,Customer
35142,Customer
35143,Customer
35145,Customer
35146,Customer
35147,Customer
35148,Customer
35149,Customer
35150,Customer
35151,Customer
35153,Customer
35155,Customer
35156,Customer
35157,Customer
35158,Customer
35160,Customer
35161,Customer
35162,Customer
35163,Customer
35164,Customer
35165,Customer
35166,Customer
35168,Customer
35170,Customer
35171,Customer
35172,Customer
35173,Customer
35174,Customer
35175,Customer
35176,Customer
35177,Customer
35178,Customer
35179,Customer
35180,Customer
35181,Customer
35182,Customer
35183,Customer
35184,Customer
35185,Customer
35186,Customer
35188,Customer
35189,Customer
35190,Customer
35191,Customer
35193,Customer
35194,Customer
35195,Customer
35196,Customer
35197,Customer
35200,Customer
35201,Customer
35204,Customer
35206,Customer
35207,Customer
35208,Customer
35209,Customer
35210,Customer
35211,Customer
35213,Customer
35214,Customer
35215,Customer
35216,Customer
35218,Customer
35220,Customer
35221,Customer
35222,Customer
35223,Customer
35224,Customer
35225,Customer
35226,Customer
35227,Customer
35228,Customer
35229,Customer
35230,Customer
35231,Customer
35232,Customer
35233,Customer
35234,Customer
35235,Customer
35236,Customer
35237,Customer
35238,Customer
35239,Customer
35240,Customer
35241,Customer
35242,Customer
35243,Customer
35245,Customer
35246,Customer
35247,Customer
35249,Customer
35250,Customer
35251,Customer
35253,Customer
35254,Customer
35255,Customer
35256,Customer
35257,Customer
35258,Customer
35259,Customer
35260,Customer
35262,Customer
35264,Customer
35266,Customer
35267,Customer
35269,Customer
35271,Customer
35272,Customer
35273,Customer
35274,Customer
35276,Customer
35278,Customer
35280,Customer
35281,Customer
35282,Customer
35284,Customer
35285,Customer
35286,Customer
35288,Customer
35289,Customer
35290,Customer
35291,Customer
35292,Customer
35293,Customer
35294,Customer
35295,Customer
35296,Customer
35297,Customer
35298,Customer
35299,Customer
35300,Customer
35302,Customer
35304,Customer
35305,Customer
35306,Customer
35307,Customer
35308,Customer
35309,Customer
35310,Customer
35312,Customer
35314,Customer
35315,Customer
35320,Customer
35321,Customer
35322,Customer
35323,Customer
35324,Customer
35325,Customer
35326,Customer
35327,Customer
35328,Customer
35329,Customer
35330,Customer
35331,Customer
35335,Customer
35336,Customer
35337,Customer
35338,Customer
35339,Customer
35340,Customer
35342,Customer
35344,Customer
35345,Customer
35346,Customer
35348,Customer
35350,Customer
35351,Customer
35352,Customer
35353,Customer
35354,Customer
35355,Customer
35356,Customer
35361,Customer
35362,Customer
35363,Customer
35364,Customer
35365,Customer
35366,Customer
35367,Customer
35368,Customer
35369,Customer
35370,Customer
35371,Customer
35372,Customer
35373,Customer
35374,Customer
35375,Customer
35377,Customer
35378,Customer
35380,Customer
35381,Customer
35384,Customer
35385,Customer
35386,Customer
35387,Customer
35388,Customer
35389,Customer
35390,Customer
35392,Customer
35393,Customer
35394,Customer
35395,Customer
35396,Customer
35397,Customer
35398,Customer
35399,Customer
35400,Customer
35402,Customer
35403,Customer
35404,Customer
35405,Customer
35406,Customer
35407,Customer
35408,Customer
35410,Customer
35411,Customer
35412,Customer
35413,Customer
35414,Customer
35415,Customer
35416,Customer
35417,Customer
35418,Customer
35419,Customer
35420,Customer
35421,Customer
35422,Customer
35423,Customer
35424,Customer
35426,Customer
35427,Customer
35428,Customer
35430,Customer
35431,Customer
35432,Customer
35434,Customer
35435,Customer
35436,Customer
35437,Customer
35438,Customer
35440,Customer
35441,Customer
35442,Customer
35443,Customer
35444,Customer
35445,Customer
35447,Customer
35448,Customer
35449,Customer
35450,Customer
35451,Customer
35452,Customer
35453,Customer
35454,Customer
35455,Customer
35458,Customer
35459,Customer
35460,Customer
35461,Customer
35462,Customer
35463,Customer
35464,Customer
35465,Customer
35469,Customer
35470,Customer
35472,Customer
35473,Customer
35476,Customer
35477,Customer
35478,Customer
35479,Customer
35480,Customer
35481,Customer
35483,Customer
35485,Customer
35486,Customer
35487,Customer
35488,Customer
35489,Customer
35491,Customer
35493,Customer
35495,Customer
35496,Customer
35497,Customer
35499,Customer
35500,Customer
35501,Customer
35502,Customer
35504,Customer
35505,Customer
35509,Customer
35510,Customer
35512,Customer
35513,Customer
35514,Customer
35515,Customer
35516,Customer
35518,Customer
35519,Customer
35520,Customer
35521,Customer
35522,Customer
35524,Customer
35525,Customer
35526,Customer
35527,Customer
35528,Customer
35529,Customer
35530,Customer
35531,Customer
35532,Customer
35533,Customer
35534,Customer
35535,Customer
35537,Customer
35538,Customer
35539,Customer
35541,Customer
35542,Customer
35543,Customer
35544,Customer
35545,Customer
35546,Customer
35547,Customer
35548,Customer
35549,Customer
35550,Customer
35551,Customer
35552,Customer
35553,Customer
35554,Customer
35555,Customer
35556,Customer
35557,Customer
35558,Customer
35559,Customer
35561,Customer
35563,Customer
35564,Customer
35565,Customer
35566,Customer
35567,Customer
35568,Customer
35569,Customer
35571,Customer
35572,Customer
35573,Customer
35574,Customer
35575,Customer
35577,Customer
35578,Customer
35579,Customer
35580,Customer
35581,Customer
35582,Customer
35583,Customer
35588,Customer
35589,Customer
35591,Customer
35592,Customer
35593,Customer
35594,Customer
35596,Customer
35599,Customer
35600,Customer
35601,Customer
35603,Customer
35604,Customer
35605,Customer
35606,Customer
35607,Customer
35609,Customer
35611,Customer
35612,Customer
35613,Customer
35615,Customer
35616,Customer
35617,Customer
35618,Customer
35619,Customer
35620,Customer
35621,Customer
35622,Customer
35623,Customer
35625,Customer
35626,Customer
35627,Customer
35628,Customer
35629,Customer
35630,Customer
35632,Customer
35633,Customer
35634,Customer
35635,Customer
35639,Customer
35640,Customer
35642,Customer
35643,Customer
35645,Customer
35646,Customer
35647,Customer
35648,Customer
35649,Customer
35650,Customer
35651,Customer
35652,Customer
35653,Customer
35654,Customer
35655,Customer
35656,Customer
35657,Customer
35658,Customer
35659,Customer
35660,Customer
35661,Customer
35662,Customer
35663,Customer
35664,Customer
35667,Customer
35668,Customer
35670,Customer
35671,Customer
35673,Customer
35674,Customer
35679,Customer
35680,Customer
35681,Customer
35682,Customer
35683,Customer
35684,Customer
35685,Customer
35686,Customer
35687,Customer
35689,Customer
35691,Customer
35692,Customer
35693,Customer
35694,Customer
35696,Customer
35697,Customer
35698,Customer
35699,Customer
35701,Customer
35702,Customer
35703,Customer
35704,Customer
35705,Customer
35706,Customer
35707,Customer
35710,Customer
35711,Customer
35712,Customer
35713,Customer
35714,Customer
35715,Customer
35716,Customer
35717,Customer
35718,Customer
35719,Customer
35721,Customer
35722,Customer
35724,Customer
35725,Customer
35726,Customer
35727,Customer
35728,Customer
35729,Customer
35731,Customer
35732,Customer
35735,Customer
35736,Customer
35737,Customer
35738,Customer
35739,Customer
35740,Customer
35742,Customer
35744,Customer
35745,Customer
35746,Customer
35748,Customer
35750,Customer
35751,Customer
35753,Customer
35754,Customer
35755,Customer
35756,Customer
35757,Customer
35758,Customer
35759,Customer
35760,Customer
35761,Customer
35763,Customer
35764,Customer
35765,Customer
35767,Customer
35769,Customer
35770,Customer
35771,Customer
35773,Customer
35774,Customer
35775,Customer
35776,Customer
35777,Customer
35780,Customer
35781,Customer
35782,Customer
35783,Customer
35784,Customer
35785,Customer
35789,Customer
35790,Customer
35791,Customer
35792,Customer
35794,Customer
35796,Customer
35797,Customer
35799,Customer
35800,Customer
35802,Customer
35804,Customer
35805,Customer
35806,Customer
35807,Customer
35808,Customer
35809,Customer
35810,Customer
35811,Customer
35812,Customer
35814,Customer
35815,Customer
35816,Customer
35817,Customer
35818,Customer
35819,Customer
35820,Customer
35821,Customer
35822,Customer
35825,Customer
35826,Customer
35827,Customer
35828,Customer
35829,Customer
35830,Customer
35831,Customer
35832,Customer
35833,Customer
35834,Customer
35836,Customer
35839,Customer
35840,Customer
35841,Customer
35843,Customer
35844,Customer
35845,Customer
35846,Customer
35847,Customer
35848,Customer
35850,Customer
35852,Customer
35855,Customer
35856,Customer
35858,Customer
35859,Customer
35861,Customer
35862,Customer
35863,Customer
35864,Customer
35865,Customer
35866,Customer
35869,Customer
35870,Customer
35871,Customer
35875,Customer
35877,Customer
35880,Customer
35881,Customer
35882,Customer
35883,Customer
35884,Customer
35885,Customer
35887,Customer
35888,Customer
35889,Customer
35890,Customer
35892,Customer
35893,Customer
35894,Customer
35895,Customer
35896,Customer
35897,Customer
35898,Customer
35899,Customer
35901,Customer
35902,Customer
35903,Customer
35904,Customer
35905,Customer
35907,Customer
35908,Customer
35910,Customer
35911,Customer
35912,Customer
35914,Customer
35915,Customer
35916,Customer
35917,Customer
35918,Customer
35919,Customer
35920,Customer
35921,Customer
35924,Customer
35925,Customer
35927,Customer
35928,Customer
35929,Customer
35930,Customer
35931,Customer
35932,Customer
35933,Customer
35934,Customer
35935,Customer
35937,Customer
35938,Customer
35939,Customer
35940,Customer
35942,Customer
35943,Customer
35944,Customer
35945,Customer
35946,Customer
35947,Customer
35948,Customer
35949,Customer
35950,Customer
35951,Customer
35952,Customer
35954,Customer
35955,Customer
35956,Customer
35957,Customer
35958,Customer
35959,Customer
35960,Customer
35961,Customer
35962,Customer
35964,Customer
35966,Customer
35967,Customer
35968,Customer
35970,Customer
35971,Customer
35972,Customer
35973,Customer
35975,Customer
35977,Customer
35979,Customer
35980,Customer
35981,Customer
35982,Customer
35983,Customer
35985,Customer
35986,Customer
35987,Customer
35988,Customer
35990,Customer
35992,Customer
35994,Customer
35995,Customer
35996,Customer
35997,Customer
35999,Customer
36000,Customer
36001,Customer
36002,Customer
36003,Customer
36004,Customer
36005,Customer
36006,Customer
36008,Customer
36012,Customer
36013,Customer
36014,Customer
36015,Customer
36016,Customer
36017,Customer
36018,Customer
36020,Customer
36021,Customer
36023,Customer
36024,Customer
36025,Customer
36026,Customer
36029,Customer
36030,Customer
36031,Customer
36032,Customer
36033,Customer
36034,Customer
36037,Customer
36039,Customer
36042,Customer
36043,Customer
36044,Customer
36046,Customer
36047,Customer
36048,Customer
36049,Customer
36051,Customer
36052,Customer
36053,Customer
36054,Customer
36055,Customer
36056,Customer
36057,Customer
36059,Customer
36060,Customer
36061,Customer
36062,Customer
36063,Customer
36065,Customer
36066,Customer
36068,Customer
36069,Customer
36071,Customer
36072,Customer
36073,Customer
36076,Customer
36078,Customer
36079,Customer
36080,Customer
36083,Customer
36084,Customer
36085,Customer
36087,Customer
36088,Customer
36090,Customer
36091,Customer
36092,Customer
36093,Customer
36095,Customer
36096,Customer
36098,Customer
36099,Customer
36100,Customer
36101,Customer
36102,Customer
36103,Customer
36104,Customer
36105,Customer
36108,Customer
36109,Customer
36110,Customer
36114,Customer
36115,Customer
36116,Customer
36118,Customer
36119,Customer
36120,Customer
36122,Customer
36123,Customer
36125,Customer
36126,Customer
36127,Customer
36128,Customer
36130,Customer
36131,Customer
36132,Customer
36134,Customer
36136,Customer
36137,Customer
36138,Customer
36141,Customer
36143,Customer
36144,Customer
36145,Customer
36146,Customer
36147,Customer
36148,Customer
36149,Customer
36150,Customer
36151,Customer
36152,Customer
36153,Customer
36154,Customer
36155,Customer
36156,Customer
36157,Customer
36158,Customer
36159,Customer
36160,Customer
36161,Customer
36162,Customer
36164,Customer
36165,Customer
36166,Customer
36167,Customer
36168,Customer
36170,Customer
36171,Customer
36172,Customer
36173,Customer
36174,Customer
36175,Customer
36176,Customer
36177,Customer
36179,Customer
36180,Customer
36181,Customer
36182,Customer
36183,Customer
36184,Customer
36186,Customer
36187,Customer
36188,Customer
36189,Customer
36190,Customer
36191,Customer
36192,Customer
36193,Customer
36195,Customer
36196,Customer
36197,Customer
36198,Customer
36199,Customer
36200,Customer
36201,Customer
36202,Customer
36203,Customer
36204,Customer
36205,Customer
36207,Customer
36208,Customer
36209,Customer
36210,Customer
36212,Customer
36213,Customer
36214,Customer
36215,Customer
36216,Customer
36217,Customer
36218,Customer
36219,Customer
36220,Customer
36221,Customer
36222,Customer
36225,Customer
36227,Customer
36228,Customer
36229,Customer
36230,Customer
36231,Customer
36232,Customer
36233,Customer
36234,Customer
36235,Customer
36236,Customer
36237,Customer
36238,Customer
36239,Customer
36240,Customer
36241,Customer
36242,Customer
36243,Customer
36244,Customer
36245,Customer
36246,Customer
36247,Customer
36248,Customer
36249,Customer
36250,Customer
36251,Customer
36252,Customer
36253,Customer
36254,Customer
36255,Customer
36256,Customer
36257,Customer
36258,Customer
36259,Customer
36260,Customer
36261,Customer
36262,Customer
36263,Customer
36264,Customer
36265,Customer
36266,Customer
36267,Customer
36268,Customer
36270,Customer
36271,Customer
36272,Customer
36273,Customer
36274,Customer
36275,Customer
36276,Customer
36277,Customer
36278,Customer
36279,Customer
36280,Customer
36283,Customer
36284,Customer
36286,Customer
36288,Customer
36289,Customer
36291,Customer
36292,Customer
36293,Customer
36294,Customer
36295,Customer
36296,Customer
36298,Customer
36299,Customer
36301,Customer
36302,Customer
36304,Customer
36306,Customer
36307,Customer
36308,Customer
36310,Customer
36311,Customer
36312,Customer
36313,Customer
36315,Customer
36316,Customer
36317,Customer
36318,Customer
36319,Customer
36320,Customer
36322,Customer
36323,Customer
36325,Customer
36327,Customer
36329,Customer
36330,Customer
36331,Customer
36332,Customer
36333,Customer
36334,Customer
36335,Customer
36337,Customer
36338,Customer
36339,Customer
36340,Customer
36341,Customer
36343,Customer
36347,Customer
36348,Customer
36351,Customer
36353,Customer
36354,Customer
36355,Customer
36356,Customer
36357,Customer
36358,Customer
36360,Customer
36361,Customer
36362,Customer
36363,Customer
36364,Customer
36366,Customer
36367,Customer
36368,Customer
36369,Customer
36370,Customer
36371,Customer
36372,Customer
36374,Customer
36376,Customer
36377,Customer
36379,Customer
36381,Customer
36382,Customer
36384,Customer
36385,Customer
36387,Customer
36388,Customer
36389,Customer
36390,Customer
36392,Customer
36393,Customer
36394,Customer
36395,Customer
36396,Customer
36397,Customer
36398,Customer
36399,Customer
36400,Customer
36401,Customer
36402,Customer
36403,Customer
36404,Customer
36406,Customer
36409,Customer
36410,Customer
36412,Customer
36414,Customer
36415,Customer
36418,Customer
36419,Customer
36421,Customer
36422,Customer
36423,Customer
36424,Customer
36425,Customer
36426,Customer
36428,Customer
36429,Customer
36430,Customer
36431,Customer
36432,Customer
36433,Customer
36434,Customer
36435,Customer
36436,Customer
36437,Customer
36438,Customer
36439,Customer
36442,Customer
36443,Customer
36445,Customer
36446,Customer
36447,Customer
36448,Customer
36449,Customer
36451,Customer
36452,Customer
36453,Customer
36454,Customer
36456,Customer
36457,Customer
36459,Customer
36461,Customer
36465,Customer
36467,Customer
36468,Customer
36469,Customer
36470,Customer
36471,Customer
36472,Customer
36473,Customer
36475,Customer
36476,Customer
36477,Customer
36478,Customer
36480,Customer
36481,Customer
36482,Customer
36484,Customer
36485,Customer
36486,Customer
36489,Customer
36490,Customer
36491,Customer
36493,Customer
36494,Customer
36495,Customer
36496,Customer
36498,Customer
36500,Customer
36501,Customer
36502,Customer
36503,Customer
36504,Customer
36506,Customer
36509,Customer
36510,Customer
36511,Customer
36512,Customer
36513,Customer
36514,Customer
36515,Customer
36517,Customer
36518,Customer
36519,Customer
36520,Customer
36521,Customer
36522,Customer
36523,Customer
36524,Customer
36525,Customer
36526,Customer
36529,Customer
36531,Customer
36532,Customer
36533,Customer
36534,Customer
36536,Customer
36537,Customer
36538,Customer
36541,Customer
36544,Customer
36545,Customer
36546,Customer
36548,Customer
36549,Customer
36550,Customer
36551,Customer
36552,Customer
36553,Customer
36555,Customer
36557,Customer
36559,Customer
36560,Customer
36561,Customer
36562,Customer
36564,Customer
36565,Customer
36566,Customer
36567,Customer
36568,Customer
36569,Customer
36570,Customer
36571,Customer
36572,Customer
36573,Customer
36574,Customer
36575,Customer
36576,Customer
36580,Customer
36581,Customer
36582,Customer
36584,Customer
36585,Customer
36586,Customer
36587,Customer
36588,Customer
36589,Customer
36590,Customer
36591,Customer
36592,Customer
36593,Customer
36594,Customer
36595,Customer
36596,Customer
36597,Customer
36599,Customer
36600,Customer
36601,Customer
36603,Customer
36605,Customer
36606,Customer
36607,Customer
36608,Customer
36611,Customer
36612,Customer
36613,Customer
36615,Customer
36616,Customer
36617,Customer
36619,Customer
36623,Customer
36624,Customer
36625,Customer
36628,Customer
36629,Customer
36631,Customer
36633,Customer
36634,Customer
36635,Customer
36636,Customer
36637,Customer
36638,Customer
36640,Customer
36643,Customer
36644,Customer
36645,Customer
36646,Customer
36647,Customer
36648,Customer
36649,Customer
36650,Customer
36651,Customer
36653,Customer
36654,Customer
36656,Customer
36657,Customer
36658,Customer
36659,Customer
36660,Customer
36661,Customer
36662,Customer
36663,Customer
36664,Customer
36665,Customer
36666,Customer
36667,Customer
36668,Customer
36669,Customer
36672,Customer
36673,Customer
36674,Customer
36675,Customer
36676,Customer
36677,Customer
36678,Customer
36679,Customer
36680,Customer
36681,Customer
36684,Customer
36685,Customer
36686,Customer
36687,Customer
36688,Customer
36689,Customer
36690,Customer
36691,Customer
36693,Customer
36695,Customer
36696,Customer
36697,Customer
36698,Customer
36699,Customer
36700,Customer
36701,Customer
36702,Customer
36703,Customer
36704,Customer
36705,Customer
36706,Customer
36707,Customer
36708,Customer
36709,Customer
36710,Customer
36711,Customer
36712,Customer
36713,Customer
36714,Customer
36715,Customer
36716,Customer
36717,Customer
36718,Customer
36719,Customer
36720,Customer
36721,Customer
36722,Customer
36723,Customer
36724,Customer
36725,Customer
36726,Customer
36727,Customer
36728,Customer
36731,Customer
36732,Customer
36733,Customer
36734,Customer
36735,Customer
36736,Customer
36737,Customer
36738,Customer
36739,Customer
36740,Customer
36741,Customer
36743,Customer
36744,Customer
36745,Customer
36751,Customer
36753,Customer
36756,Customer
36757,Customer
36758,Customer
36759,Customer
36762,Customer
36763,Customer
36765,Customer
36767,Customer
36768,Customer
36769,Customer
36770,Customer
36771,Customer
36773,Customer
36774,Customer
36775,Customer
36777,Customer
36778,Customer
36779,Customer
36781,Customer
36784,Customer
36785,Customer
36786,Customer
36787,Customer
36788,Customer
36789,Customer
36790,Customer
36791,Customer
36793,Customer
36794,Customer
36795,Customer
36797,Customer
36798,Customer
36799,Customer
36800,Customer
36801,Customer
36802,Customer
36803,Customer
36804,Customer
36805,Customer
36806,Customer
36808,Customer
36809,Customer
36810,Customer
36811,Customer
36812,Customer
36815,Customer
36816,Customer
36817,Customer
36818,Customer
36821,Customer
36822,Customer
36823,Customer
36824,Customer
36825,Customer
36826,Customer
36827,Customer
36828,Customer
36829,Customer
36830,Customer
36833,Customer
36835,Customer
36836,Customer
36837,Customer
36838,Customer
36839,Customer
36840,Customer
36841,Customer
36842,Customer
36843,Customer
36844,Customer
36845,Customer
36846,Customer
36847,Customer
36848,Customer
36849,Customer
36850,Customer
36851,Customer
36853,Customer
36854,Customer
36856,Customer
36857,Customer
36859,Customer
36863,Customer
36864,Customer
36865,Customer
36867,Customer
36868,Customer
36871,Customer
36872,Customer
36874,Customer
36876,Customer
36877,Customer
36878,Customer
36879,Customer
36881,Customer
36882,Customer
36883,Customer
36884,Customer
36885,Customer
36887,Customer
36888,Customer
36889,Customer
36890,Customer
36891,Customer
36892,Customer
36893,Customer
36894,Customer
36895,Customer
36897,Customer
36900,Customer
36901,Customer
36903,Customer
36904,Customer
36905,Customer
36906,Customer
36908,Customer
36910,Customer
36911,Customer
36912,Customer
36913,Customer
36914,Customer
36915,Customer
36916,Customer
36917,Customer
36919,Customer
36920,Customer
36922,Customer
36923,Customer
36924,Customer
36925,Customer
36926,Customer
36928,Customer
36929,Customer
36930,Customer
36933,Customer
36934,Customer
36935,Customer
36936,Customer
36937,Customer
36938,Customer
36939,Customer
36940,Customer
36941,Customer
36942,Customer
36944,Customer
36945,Customer
36946,Customer
36948,Customer
36949,Customer
36950,Customer
36951,Customer
36952,Customer
36953,Customer
36954,Customer
36955,Customer
36956,Customer
36957,Customer
36958,Customer
36959,Customer
36960,Customer
36962,Customer
36963,Customer
36965,Customer
36966,Customer
36967,Customer
36968,Customer
36970,Customer
36971,Customer
36972,Customer
36973,Customer
36975,Customer
36976,Customer
36978,Customer
36980,Customer
36981,Customer
36982,Customer
36984,Customer
36985,Customer
36986,Customer
36987,Customer
36990,Customer
36991,Customer
36992,Customer
36993,Customer
36994,Customer
36995,Customer
36996,Customer
36997,Customer
36999,Customer
37000,Customer
37001,Customer
37002,Customer
37003,Customer
37004,Customer
37006,Customer
37008,Customer
37009,Customer
37010,Customer
37012,Customer
37013,Customer
37014,Customer
37015,Customer
37016,Customer
37017,Customer
37020,Customer
37021,Customer
37023,Customer
37024,Customer
37025,Customer
37026,Customer
37027,Customer
37029,Customer
37030,Customer
37032,Customer
37033,Customer
37034,Customer
37035,Customer
37036,Customer
37037,Customer
37038,Customer
37039,Customer
37041,Customer
37042,Customer
37043,Customer
37044,Customer
37045,Customer
37046,Customer
37047,Customer
37048,Customer
37049,Customer
37050,Customer
37052,Customer
37053,Customer
37054,Customer
37055,Customer
37056,Customer
37057,Customer
37058,Customer
37059,Customer
37060,Customer
37061,Customer
37062,Customer
37064,Customer
37065,Customer
37066,Customer
37067,Customer
37068,Customer
37069,Customer
37070,Customer
37071,Customer
37072,Customer
37073,Customer
37075,Customer
37076,Customer
37077,Customer
37080,Customer
37082,Customer
37083,Customer
37085,Customer
37086,Customer
37087,Customer
37088,Customer
37089,Customer
37090,Customer
37092,Customer
37093,Customer
37094,Customer
37095,Customer
37096,Customer
37099,Customer
37100,Customer
37102,Customer
37104,Customer
37106,Customer
37107,Customer
37108,Customer
37110,Customer
37111,Customer
37112,Customer
37113,Customer
37115,Customer
37116,Customer
37117,Customer
37118,Customer
37119,Customer
37120,Customer
37121,Customer
37122,Customer
37124,Customer
37125,Customer
37126,Customer
37127,Customer
37128,Customer
37129,Customer
37130,Customer
37132,Customer
37133,Customer
37134,Customer
37136,Customer
37137,Customer
37138,Customer
37139,Customer
37140,Customer
37141,Customer
37142,Customer
37143,Customer
37145,Customer
37146,Customer
37147,Customer
37148,Customer
37149,Customer
37151,Customer
37152,Customer
37153,Customer
37154,Customer
37155,Customer
37156,Customer
37157,Customer
37158,Customer
37159,Customer
37161,Customer
37162,Customer
37165,Customer
37166,Customer
37169,Customer
37170,Customer
37171,Customer
37172,Customer
37173,Customer
37174,Customer
37175,Customer
37177,Customer
37178,Customer
37179,Customer
37180,Customer
37181,Customer
37182,Customer
37184,Customer
37185,Customer
37186,Customer
37187,Customer
37188,Customer
37189,Customer
37191,Customer
37192,Customer
37193,Customer
37194,Customer
37195,Customer
37196,Customer
37197,Customer
37198,Customer
37199,Customer
37200,Customer
37202,Customer
37204,Customer
37205,Customer
37206,Customer
37207,Customer
37208,Customer
37209,Customer
37210,Customer
37212,Customer
37214,Customer
37215,Customer
37216,Customer
37217,Customer
37218,Customer
37219,Customer
37221,Customer
37222,Customer
37223,Customer
37224,Customer
37225,Customer
37226,Customer
37227,Customer
37229,Customer
37230,Customer
37231,Customer
37232,Customer
37233,Customer
37234,Customer
37235,Customer
37237,Customer
37238,Customer
37240,Customer
37241,Customer
37242,Customer
37243,Customer
37244,Customer
37245,Customer
37246,Customer
37247,Customer
37248,Customer
37249,Customer
37250,Customer
37252,Customer
37254,Customer
37255,Customer
37256,Customer
37257,Customer
37258,Customer
37259,Customer
37260,Customer
37263,Customer
37266,Customer
37268,Customer
37269,Customer
37271,Customer
37272,Customer
37273,Customer
37274,Customer
37275,Customer
37276,Customer
37278,Customer
37279,Customer
37280,Customer
37281,Customer
37282,Customer
37283,Customer
37284,Customer
37285,Customer
37286,Customer
37287,Customer
37288,Customer
37289,Customer
37290,Customer
37291,Customer
37292,Customer
37293,Customer
37294,Customer
37295,Customer
37296,Customer
37297,Customer
37299,Customer
37300,Customer
37301,Customer
37303,Customer
37304,Customer
37305,Customer
37306,Customer
37307,Customer
37308,Customer
37309,Customer
37310,Customer
37311,Customer
37312,Customer
37313,Customer
37314,Customer
37315,Customer
37316,Customer
37317,Customer
37318,Customer
37319,Customer
37320,Customer
37321,Customer
37323,Customer
37324,Customer
37325,Customer
37326,Customer
37327,Customer
37329,Customer
37330,Customer
37331,Customer
37333,Customer
37334,Customer
37335,Customer
37336,Customer
37337,Customer
37339,Customer
37340,Customer
37341,Customer
37343,Customer
37344,Customer
37345,Customer
37346,Customer
37348,Customer
37349,Customer
37350,Customer
37351,Customer
37352,Customer
37353,Customer
37354,Customer
37355,Customer
37356,Customer
37357,Customer
37358,Customer
37359,Customer
37360,Customer
37361,Customer
37362,Customer
37363,Customer
37365,Customer
37367,Customer
37369,Customer
37371,Customer
37372,Customer
37373,Customer
37375,Customer
37376,Customer
37379,Customer
37382,Customer
37384,Customer
37385,Customer
37386,Customer
37387,Customer
37388,Customer
37389,Customer
37390,Customer
37392,Customer
37393,Customer
37395,Customer
37396,Customer
37399,Customer
37400,Customer
37401,Customer
37402,Customer
37404,Customer
37406,Customer
37408,Customer
37409,Customer
37410,Customer
37411,Customer
37416,Customer
37417,Customer
37418,Customer
37419,Customer
37420,Customer
37421,Customer
37422,Customer
37423,Customer
37424,Customer
37425,Customer
37427,Customer
37429,Customer
37430,Customer
37433,Customer
37434,Customer
37436,Customer
37437,Customer
37439,Customer
37440,Customer
37441,Customer
37443,Customer
37445,Customer
37446,Customer
37447,Customer
37448,Customer
37449,Customer
37450,Customer
37451,Customer
37452,Customer
37453,Customer
37454,Customer
37455,Customer
37456,Customer
37457,Customer
37459,Customer
37460,Customer
37461,Customer
37462,Customer
37463,Customer
37464,Customer
37466,Customer
37467,Customer
37468,Customer
37470,Customer
37471,Customer
37472,Customer
37474,Customer
37475,Customer
37476,Customer
37477,Customer
37478,Customer
37479,Customer
37480,Customer
37481,Customer
37482,Customer
37483,Customer
37484,Customer
37485,Customer
37488,Customer
37490,Customer
37491,Customer
37492,Customer
37493,Customer
37495,Customer
37496,Customer
37497,Customer
37498,Customer
37499,Customer
37501,Customer
37502,Customer
37503,Customer
37504,Customer
37505,Customer
37506,Customer
37507,Customer
37508,Customer
37509,Customer
37510,Customer
37514,Customer
37515,Customer
37517,Customer
37518,Customer
37519,Customer
37520,Customer
37521,Customer
37522,Customer
37523,Customer
37524,Customer
37525,Customer
37526,Customer
37528,Customer
37529,Customer
37531,Customer
37534,Customer
37536,Customer
37537,Customer
37539,Customer
37540,Customer
37541,Customer
37542,Customer
37543,Customer
37544,Customer
37547,Customer
37549,Customer
37551,Customer
37552,Customer
37553,Customer
37556,Customer
37557,Customer
37559,Customer
37560,Customer
37561,Customer
37563,Customer
37564,Customer
37565,Customer
37566,Customer
37567,Customer
37568,Customer
37569,Customer
37570,Customer
37571,Customer
37572,Customer
37573,Customer
37574,Customer
37575,Customer
37576,Customer
37577,Customer
37578,Customer
37579,Customer
37580,Customer
37581,Customer
37582,Customer
37584,Customer
37585,Customer
37586,Customer
37587,Customer
37588,Customer
37590,Customer
37591,Customer
37593,Customer
37594,Customer
37596,Customer
37597,Customer
37599,Customer
37600,Customer
37601,Customer
37603,Customer
37605,Customer
37606,Customer
37607,Customer
37608,Customer
37609,Customer
37610,Customer
37611,Customer
37612,Customer
37613,Customer
37614,Customer
37615,Customer
37617,Customer
37618,Customer
37619,Customer
37620,Customer
37621,Customer
37622,Customer
37623,Customer
37625,Customer
37626,Customer
37628,Customer
37629,Customer
37631,Customer
37632,Customer
37634,Customer
37636,Customer
37637,Customer
37638,Customer
37639,Customer
37640,Customer
37641,Customer
37645,Customer
37646,Customer
37647,Customer
37650,Customer
37651,Customer
37652,Customer
37654,Customer
37655,Customer
37656,Customer
37657,Customer
37658,Customer
37659,Customer
37660,Customer
37661,Customer
37662,Customer
37664,Customer
37665,Customer
37667,Customer
37668,Customer
37669,Customer
37670,Customer
37671,Customer
37672,Customer
37673,Customer
37674,Customer
37675,Customer
37676,Customer
37677,Customer
37678,Customer
37679,Customer
37680,Customer
37682,Customer
37683,Customer
37684,Customer
37685,Customer
37686,Customer
37687,Customer
37690,Customer
37691,Customer
37693,Customer
37695,Customer
37696,Customer
37697,Customer
37698,Customer
37699,Customer
37700,Customer
37701,Customer
37702,Customer
37703,Customer
37704,Customer
37705,Customer
37706,Customer
37707,Customer
37708,Customer
37710,Customer
37711,Customer
37712,Customer
37713,Customer
37714,Customer
37715,Customer
37717,Customer
37718,Customer
37720,Customer
37723,Customer
37725,Customer
37726,Customer
37727,Customer
37728,Customer
37729,Customer
37730,Customer
37733,Customer
37734,Customer
37735,Customer
37737,Customer
37738,Customer
37741,Customer
37742,Customer
37743,Customer
37744,Customer
37748,Customer
37749,Customer
37750,Customer
37751,Customer
37752,Customer
37753,Customer
37756,Customer
37757,Customer
37758,Customer
37759,Customer
37760,Customer
37761,Customer
37763,Customer
37766,Customer
37768,Customer
37769,Customer
37770,Customer
37771,Customer
37772,Customer
37773,Customer
37775,Customer
37776,Customer
37777,Customer
37779,Customer
37780,Customer
37781,Customer
37783,Customer
37784,Customer
37785,Customer
37787,Customer
37788,Customer
37789,Customer
37790,Customer
37791,Customer
37792,Customer
37793,Customer
37794,Customer
37795,Customer
37796,Customer
37798,Customer
37799,Customer
37801,Customer
37802,Customer
37803,Customer
37804,Customer
37806,Customer
37808,Customer
37809,Customer
37810,Customer
37811,Customer
37812,Customer
37814,Customer
37816,Customer
37818,Customer
37820,Customer
37821,Customer
37823,Customer
37825,Customer
37826,Customer
37827,Customer
37828,Customer
37829,Customer
37830,Customer
37831,Customer
37832,Customer
37834,Customer
37835,Customer
37836,Customer
37837,Customer
37838,Customer
37840,Customer
37841,Customer
37842,Customer
37843,Customer
37844,Customer
37845,Customer
37846,Customer
37847,Customer
37848,Customer
37849,Customer
37850,Customer
37852,Customer
37853,Customer
37855,Customer
37856,Customer
37857,Customer
37859,Customer
37860,Customer
37861,Customer
37862,Customer
37863,Customer
37864,Customer
37865,Customer
37866,Customer
37867,Customer
37869,Customer
37870,Customer
37871,Customer
37873,Customer
37875,Customer
37876,Customer
37878,Customer
37879,Customer
37880,Customer
37881,Customer
37882,Customer
37883,Customer
37884,Customer
37885,Customer
37886,Customer
37887,Customer
37888,Customer
37889,Customer
37890,Customer
37891,Customer
37893,Customer
37894,Customer
37895,Customer
37896,Customer
37897,Customer
37899,Customer
37900,Customer
37901,Customer
37902,Customer
37903,Customer
37904,Customer
37907,Customer
37909,Customer
37910,Customer
37911,Customer
37912,Customer
37913,Customer
37917,Customer
37920,Customer
37921,Customer
37922,Customer
37924,Customer
37925,Customer
37926,Customer
37927,Customer
37928,Customer
37929,Customer
37930,Customer
37931,Customer
37932,Customer
37933,Customer
37937,Customer
37939,Customer
37940,Customer
37941,Customer
37942,Customer
37943,Customer
37944,Customer
37945,Customer
37946,Customer
37947,Customer
37949,Customer
37950,Customer
37951,Customer
37952,Customer
37953,Customer
37954,Customer
37956,Customer
37959,Customer
37960,Customer
37961,Customer
37962,Customer
37963,Customer
37964,Customer
37965,Customer
37966,Customer
37968,Customer
37969,Customer
37970,Customer
37974,Customer
37976,Customer
37977,Customer
37978,Customer
37979,Customer
37980,Customer
37982,Customer
37983,Customer
37985,Customer
37986,Customer
37988,Customer
37989,Customer
37990,Customer
37991,Customer
37992,Customer
37993,Customer
37994,Customer
37995,Customer
37996,Customer
37997,Customer
37998,Customer
37999,Customer
38002,Customer
38004,Customer
38005,Customer
38006,Customer
38007,Customer
38008,Customer
38009,Customer
38010,Customer
38011,Customer
38012,Customer
38013,Customer
38014,Customer
38015,Customer
38016,Customer
38017,Customer
38018,Customer
38020,Customer
38022,Customer
38023,Customer
38024,Customer
38025,Customer
38026,Customer
38027,Customer
38029,Customer
38031,Customer
38032,Customer
38033,Customer
38034,Customer
38036,Customer
38040,Customer
38041,Customer
38042,Customer
38044,Customer
38045,Customer
38048,Customer
38049,Customer
38050,Customer
38051,Customer
38052,Customer
38053,Customer
38054,Customer
38055,Customer
38056,Customer
38057,Customer
38058,Customer
38059,Customer
38061,Customer
38062,Customer
38063,Customer
38064,Customer
38065,Customer
38066,Customer
38067,Customer
38068,Customer
38069,Customer
38070,Customer
38072,Customer
38073,Customer
38074,Customer
38075,Customer
38076,Customer
38080,Customer
38081,Customer
38082,Customer
38083,Customer
38084,Customer
38085,Customer
38088,Customer
38089,Customer
38091,Customer
38092,Customer
38093,Customer
38094,Customer
38095,Customer
38098,Customer
38099,Customer
38100,Customer
38101,Customer
38102,Customer
38103,Customer
38104,Customer
38106,Customer
38108,Customer
38109,Customer
38110,Customer
38111,Customer
38112,Customer
38114,Customer
38115,Customer
38116,Customer
38117,Customer
38118,Customer
38119,Customer
38120,Customer
38122,Customer
38126,Customer
38129,Customer
38130,Customer
38132,Customer
38133,Customer
38135,Customer
38136,Customer
38137,Customer
38138,Customer
38139,Customer
38140,Customer
38141,Customer
38142,Customer
38143,Customer
38144,Customer
38145,Customer
38146,Customer
38147,Customer
38148,Customer
38150,Customer
38151,Customer
38153,Customer
38154,Customer
38155,Customer
38156,Customer
38157,Customer
38158,Customer
38159,Customer
38160,Customer
38161,Customer
38162,Customer
38163,Customer
38164,Customer
38165,Customer
38168,Customer
38170,Customer
38171,Customer
38176,Customer
38177,Customer
38178,Customer
38181,Customer
38182,Customer
38183,Customer
38184,Customer
38186,Customer
38187,Customer
38188,Customer
38191,Customer
38192,Customer
38193,Customer
38194,Customer
38195,Customer
38196,Customer
38197,Customer
38198,Customer
38199,Customer
38200,Customer
38201,Customer
38202,Customer
38203,Customer
38205,Customer
38207,Customer
38208,Customer
38210,Customer
38211,Customer
38212,Customer
38214,Customer
38216,Customer
38217,Customer
38218,Customer
38219,Customer
38220,Customer
38221,Customer
38222,Customer
38223,Customer
38224,Customer
38225,Customer
38227,Customer
38228,Customer
38229,Customer
38230,Customer
38232,Customer
38233,Customer
38234,Customer
38235,Customer
38236,Customer
38237,Customer
38238,Customer
38239,Customer
38241,Customer
38242,Customer
38245,Customer
38246,Customer
38247,Customer
38248,Customer
38249,Customer
38250,Customer
38251,Customer
38252,Customer
38253,Customer
38254,Customer
38255,Customer
38256,Customer
38257,Customer
38258,Customer
38259,Customer
38260,Customer
38261,Customer
38262,Customer
38266,Customer
38268,Customer
38270,Customer
38272,Customer
38273,Customer
38274,Customer
38275,Customer
38277,Customer
38278,Customer
38279,Customer
38280,Customer
38281,Customer
38282,Customer
38283,Customer
38286,Customer
38287,Customer
38289,Customer
38290,Customer
38291,Customer
38293,Customer
38294,Customer
38296,Customer
38297,Customer
38298,Customer
38299,Customer
38300,Customer
38301,Customer
38302,Customer
38303,Customer
38304,Customer
38305,Customer
38306,Customer
38307,Customer
38308,Customer
38310,Customer
38311,Customer
38312,Customer
38313,Customer
38314,Customer
38315,Customer
38316,Customer
38317,Customer
38318,Customer
38320,Customer
38321,Customer
38323,Customer
38324,Customer
38325,Customer
38326,Customer
38327,Customer
38328,Customer
38329,Customer
38331,Customer
38332,Customer
38333,Customer
38335,Customer
38338,Customer
38339,Customer
38340,Customer
38341,Customer
38343,Customer
38344,Customer
38345,Customer
38346,Customer
38347,Customer
38348,Customer
38349,Customer
38350,Customer
38351,Customer
38352,Customer
38354,Customer
38355,Customer
38356,Customer
38359,Customer
38360,Customer
38361,Customer
38363,Customer
38364,Customer
38366,Customer
38368,Customer
38369,Customer
38371,Customer
38372,Customer
38373,Customer
38374,Customer
38375,Customer
38376,Customer
38377,Customer
38381,Customer
38382,Customer
38383,Customer
38385,Customer
38387,Customer
38388,Customer
38389,Customer
38390,Customer
38391,Customer
38392,Customer
38393,Customer
38394,Customer
38395,Customer
38396,Customer
38397,Customer
38398,Customer
38399,Customer
38401,Customer
38402,Customer
38403,Customer
38404,Customer
38406,Customer
38407,Customer
38408,Customer
38409,Customer
38410,Customer
38417,Customer
38418,Customer
38419,Customer
38420,Customer
38421,Customer
38423,Customer
38424,Customer
38426,Customer
38427,Customer
38428,Customer
38430,Customer
38431,Customer
38432,Customer
38434,Customer
38435,Customer
38436,Customer
38437,Customer
38438,Customer
38439,Customer
38440,Customer
38442,Customer
38443,Customer
38444,Customer
38445,Customer
38446,Customer
38448,Customer
38449,Customer
38450,Customer
38452,Customer
38453,Customer
38454,Customer
38455,Customer
38456,Customer
38457,Customer
38458,Customer
38459,Customer
38461,Customer
38462,Customer
38463,Customer
38465,Customer
38466,Customer
38467,Customer
38469,Customer
38470,Customer
38471,Customer
38472,Customer
38473,Customer
38474,Customer
38475,Customer
38476,Customer
38477,Customer
38478,Customer
38479,Customer
38480,Customer
38481,Customer
38482,Customer
38485,Customer
38486,Customer
38487,Customer
38488,Customer
38489,Customer
38490,Customer
38491,Customer
38492,Customer
38494,Customer
38496,Customer
38497,Customer
38498,Customer
38499,Customer
38500,Customer
38502,Customer
38503,Customer
38504,Customer
38506,Customer
38507,Customer
38508,Customer
38509,Customer
38510,Customer
38512,Customer
38515,Customer
38516,Customer
38517,Customer
38519,Customer
38520,Customer
38521,Customer
38522,Customer
38523,Customer
38524,Customer
38525,Customer
38526,Customer
38527,Customer
38528,Customer
38529,Customer
38530,Customer
38532,Customer
38533,Customer
38535,Customer
38537,Customer
38539,Customer
38540,Customer
38541,Customer
38542,Customer
38543,Customer
38544,Customer
38545,Customer
38546,Customer
38547,Customer
38548,Customer
38549,Customer
38550,Customer
38551,Customer
38552,Customer
38553,Customer
38554,Customer
38556,Customer
38557,Customer
38558,Customer
38559,Customer
38560,Customer
38561,Customer
38562,Customer
38563,Customer
38564,Customer
38565,Customer
38566,Customer
38567,Customer
38568,Customer
38569,Customer
38570,Customer
38571,Customer
38573,Customer
38575,Customer
38576,Customer
38577,Customer
38578,Customer
38579,Customer
38580,Customer
38585,Customer
38586,Customer
38587,Customer
38588,Customer
38589,Customer
38590,Customer
38592,Customer
38593,Customer
38594,Customer
38595,Customer
38596,Customer
38597,Customer
38598,Customer
38599,Customer
38600,Customer
38601,Customer
38603,Customer
38604,Customer
38606,Customer
38607,Customer
38610,Customer
38611,Customer
38612,Customer
38613,Customer
38614,Customer
38615,Customer
38616,Customer
38617,Customer
38618,Customer
38619,Customer
38620,Customer
38621,Customer
38622,Customer
38623,Customer
38624,Customer
38625,Customer
38626,Customer
38627,Customer
38628,Customer
38631,Customer
38632,Customer
38633,Customer
38634,Customer
38635,Customer
38636,Customer
38637,Customer
38638,Customer
38639,Customer
38640,Customer
38641,Customer
38642,Customer
38643,Customer
38645,Customer
38646,Customer
38647,Customer
38648,Customer
38649,Customer
38650,Customer
38651,Customer
38652,Customer
38653,Customer
38654,Customer
38655,Customer
38657,Customer
38658,Customer
38659,Customer
38660,Customer
38661,Customer
38662,Customer
38663,Customer
38664,Customer
38665,Customer
38666,Customer
38667,Customer
38669,Customer
38670,Customer
38671,Customer
38672,Customer
38673,Customer
38674,Customer
38675,Customer
38676,Customer
38677,Customer
38680,Customer
38682,Customer
38683,Customer
38685,Customer
38686,Customer
38687,Customer
38689,Customer
38690,Customer
38691,Customer
38692,Customer
38693,Customer
38694,Customer
38696,Customer
38697,Customer
38698,Customer
38699,Customer
38700,Customer
38701,Customer
38702,Customer
38703,Customer
38704,Customer
38705,Customer
38707,Customer
38708,Customer
38709,Customer
38710,Customer
38711,Customer
38712,Customer
38713,Customer
38714,Customer
38715,Customer
38716,Customer
38717,Customer
38718,Customer
38720,Customer
38721,Customer
38722,Customer
38724,Customer
38726,Customer
38727,Customer
38728,Customer
38729,Customer
38730,Customer
38731,Customer
38732,Customer
38733,Customer
38734,Customer
38735,Customer
38737,Customer
38738,Customer
38739,Customer
38740,Customer
38742,Customer
38743,Customer
38745,Customer
38747,Customer
38748,Customer
38750,Customer
38751,Customer
38752,Customer
38755,Customer
38758,Customer
38759,Customer
38760,Customer
38761,Customer
38762,Customer
38764,Customer
38766,Customer
38767,Customer
38769,Customer
38770,Customer
38771,Customer
38772,Customer
38773,Customer
38774,Customer
38775,Customer
38776,Customer
38777,Customer
38778,Customer
38779,Customer
38780,Customer
38781,Customer
38782,Customer
38783,Customer
38784,Customer
38785,Customer
38787,Customer
38788,Customer
38789,Customer
38790,Customer
38791,Customer
38792,Customer
38793,Customer
38794,Customer
38795,Customer
38796,Customer
38797,Customer
38798,Customer
38799,Customer
38800,Customer
38801,Customer
38803,Customer
38804,Customer
38805,Customer
38807,Customer
38809,Customer
38810,Customer
38811,Customer
38812,Customer
38813,Customer
38814,Customer
38815,Customer
38816,Customer
38817,Customer
38818,Customer
38819,Customer
38820,Customer
38821,Customer
38823,Customer
38825,Customer
38826,Customer
38827,Customer
38828,Customer
38829,Customer
38830,Customer
38831,Customer
38833,Customer
38835,Customer
38836,Customer
38837,Customer
38838,Customer
38840,Customer
38841,Customer
38842,Customer
38845,Customer
38846,Customer
38847,Customer
38848,Customer
38849,Customer
38851,Customer
38852,Customer
38853,Customer
38854,Customer
38855,Customer
38856,Customer
38857,Customer
38858,Customer
38859,Customer
38860,Customer
38864,Customer
38865,Customer
38867,Customer
38870,Customer
38871,Customer
38872,Customer
38873,Customer
38874,Customer
38876,Customer
38877,Customer
38878,Customer
38879,Customer
38881,Customer
38883,Customer
38884,Customer
38885,Customer
38886,Customer
38887,Customer
38888,Customer
38889,Customer
38890,Customer
38891,Customer
38892,Customer
38893,Customer
38894,Customer
38895,Customer
38896,Customer
38897,Customer
38899,Customer
38900,Customer
38901,Customer
38902,Customer
38905,Customer
38906,Customer
38907,Customer
38908,Customer
38909,Customer
38910,Customer
38912,Customer
38913,Customer
38914,Customer
38915,Customer
38916,Customer
38919,Customer
38920,Customer
38921,Customer
38922,Customer
38924,Customer
38925,Customer
38926,Customer
38927,Customer
38928,Customer
38930,Customer
38932,Customer
38933,Customer
38934,Customer
38936,Customer
38939,Customer
38940,Customer
38941,Customer
38943,Customer
38945,Customer
38946,Customer
38947,Customer
38948,Customer
38949,Customer
38950,Customer
38951,Customer
38952,Customer
38954,Customer
38955,Customer
38956,Customer
38957,Customer
38958,Customer
38959,Customer
38960,Customer
38961,Customer
38962,Customer
38963,Customer
38966,Customer
38967,Customer
38969,Customer
38970,Customer
38971,Customer
38972,Customer
38973,Customer
38974,Customer
38975,Customer
38976,Customer
38977,Customer
38979,Customer
38980,Customer
38981,Customer
38982,Customer
38983,Customer
38984,Customer
38986,Customer
38988,Customer
38990,Customer
38992,Customer
38993,Customer
38994,Customer
38996,Customer
38997,Customer
38998,Customer
38999,Customer
39000,Customer
39002,Customer
39003,Customer
39004,Customer
39005,Customer
39006,Customer
39007,Customer
39008,Customer
39009,Customer
39011,Customer
39012,Customer
39014,Customer
39016,Customer
39018,Customer
39019,Customer
39020,Customer
39021,Customer
39022,Customer
39023,Customer
39025,Customer
39026,Customer
39027,Customer
39028,Customer
39031,Customer
39033,Customer
39034,Customer
39035,Customer
39037,Customer
39039,Customer
39041,Customer
39042,Customer
39043,Customer
39045,Customer
39046,Customer
39047,Customer
39048,Customer
39049,Customer
39050,Customer
39051,Customer
39052,Customer
39053,Customer
39054,Customer
39055,Customer
39056,Customer
39058,Customer
39059,Customer
39060,Customer
39061,Customer
39062,Customer
39063,Customer
39064,Customer
39065,Customer
39066,Customer
39068,Customer
39069,Customer
39070,Customer
39072,Customer
39073,Customer
39074,Customer
39075,Customer
39076,Customer
39077,Customer
39078,Customer
39079,Customer
39081,Customer
39082,Customer
39083,Customer
39084,Customer
39085,Customer
39089,Customer
39090,Customer
39091,Customer
39092,Customer
39093,Customer
39095,Customer
39098,Customer
39099,Customer
39100,Customer
39101,Customer
39102,Customer
39103,Customer
39104,Customer
39105,Customer
39106,Customer
39107,Customer
39108,Customer
39109,Customer
39111,Customer
39112,Customer
39113,Customer
39114,Customer
39115,Customer
39116,Customer
39117,Customer
39118,Customer
39119,Customer
39122,Customer
39126,Customer
39129,Customer
39130,Customer
39131,Customer
39132,Customer
39133,Customer
39134,Customer
39135,Customer
39136,Customer
39137,Customer
39138,Customer
39140,Customer
39141,Customer
39142,Customer
39143,Customer
39144,Customer
39146,Customer
39148,Customer
39149,Customer
39150,Customer
39152,Customer
39153,Customer
39155,Customer
39156,Customer
39157,Customer
39158,Customer
39159,Customer
39160,Customer
39162,Customer
39163,Customer
39164,Customer
39165,Customer
39166,Customer
39167,Customer
39168,Customer
39169,Customer
39171,Customer
39172,Customer
39173,Customer
39174,Customer
39175,Customer
39176,Customer
39177,Customer
39180,Customer
39181,Customer
39182,Customer
39184,Customer
39185,Customer
39186,Customer
39188,Customer
39190,Customer
39191,Customer
39192,Customer
39193,Customer
39195,Customer
39196,Customer
39197,Customer
39198,Customer
39199,Customer
39201,Customer
39202,Customer
39203,Customer
39204,Customer
39205,Customer
39206,Customer
39207,Customer
39208,Customer
39209,Customer
39210,Customer
39211,Customer
39212,Customer
39213,Customer
39214,Customer
39215,Customer
39216,Customer
39217,Customer
39219,Customer
39220,Customer
39221,Customer
39222,Customer
39223,Customer
39224,Customer
39225,Customer
39226,Customer
39227,Customer
39228,Customer
39230,Customer
39231,Customer
39232,Customer
39234,Customer
39235,Customer
39237,Customer
39238,Customer
39239,Customer
39240,Customer
39241,Customer
39242,Customer
39243,Customer
39244,Customer
39245,Customer
39246,Customer
39247,Customer
39250,Customer
39252,Customer
39253,Customer
39254,Customer
39255,Customer
39256,Customer
39257,Customer
39258,Customer
39260,Customer
39261,Customer
39262,Customer
39263,Customer
39265,Customer
39266,Customer
39268,Customer
39269,Customer
39270,Customer
39272,Customer
39273,Customer
39274,Customer
39275,Customer
39276,Customer
39277,Customer
39278,Customer
39279,Customer
39281,Customer
39282,Customer
39283,Customer
39286,Customer
39287,Customer
39289,Customer
39291,Customer
39292,Customer
39293,Customer
39294,Customer
39295,Customer
39296,Customer
39297,Customer
39298,Customer
39299,Customer
39300,Customer
39301,Customer
39303,Customer
39304,Customer
39305,Customer
39306,Customer
39307,Customer
39308,Customer
39309,Customer
39312,Customer
39314,Customer
39315,Customer
39317,Customer
39319,Customer
39320,Customer
39321,Customer
39322,Customer
39323,Customer
39325,Customer
39326,Customer
39327,Customer
39328,Customer
39329,Customer
39330,Customer
39332,Customer
39333,Customer
39334,Customer
39335,Customer
39338,Customer
39339,Customer
39340,Customer
39341,Customer
39342,Customer
39343,Customer
39344,Customer
39345,Customer
39346,Customer
39347,Customer
39349,Customer
39350,Customer
39352,Customer
39353,Customer
39354,Customer
39355,Customer
39357,Customer
39358,Customer
39359,Customer
39360,Customer
39361,Customer
39362,Customer
39364,Customer
39365,Customer
39367,Customer
39369,Customer
39370,Customer
39371,Customer
39372,Customer
39373,Customer
39375,Customer
39376,Customer
39377,Customer
39378,Customer
39379,Customer
39380,Customer
39381,Customer
39382,Customer
39383,Customer
39384,Customer
39386,Customer
39387,Customer
39388,Customer
39389,Customer
39390,Customer
39391,Customer
39393,Customer
39394,Customer
39396,Customer
39397,Customer
39399,Customer
39400,Customer
39401,Customer
39402,Customer
39404,Customer
39405,Customer
39408,Customer
39409,Customer
39410,Customer
39411,Customer
39412,Customer
39413,Customer
39414,Customer
39415,Customer
39416,Customer
39417,Customer
39418,Customer
39419,Customer
39420,Customer
39421,Customer
39422,Customer
39423,Customer
39424,Customer
39425,Customer
39426,Customer
39427,Customer
39429,Customer
39430,Customer
39431,Customer
39432,Customer
39433,Customer
39434,Customer
39435,Customer
39436,Customer
39437,Customer
39438,Customer
39439,Customer
39440,Customer
39441,Customer
39443,Customer
39445,Customer
39446,Customer
39448,Customer
39449,Customer
39451,Customer
39452,Customer
39453,Customer
39454,Customer
39456,Customer
39457,Customer
39458,Customer
39459,Customer
39460,Customer
39461,Customer
39462,Customer
39464,Customer
39465,Customer
39466,Customer
39467,Customer
39468,Customer
39469,Customer
39470,Customer
39472,Customer
39473,Customer
39474,Customer
39475,Customer
39476,Customer
39477,Customer
39478,Customer
39480,Customer
39481,Customer
39483,Customer
39484,Customer
39485,Customer
39486,Customer
39487,Customer
39489,Customer
39491,Customer
39492,Customer
39493,Customer
39495,Customer
39496,Customer
39497,Customer
39498,Customer
39499,Customer
39500,Customer
39502,Customer
39507,Customer
39509,Customer
39510,Customer
39511,Customer
39512,Customer
39513,Customer
39514,Customer
39515,Customer
39516,Customer
39517,Customer
39518,Customer
39520,Customer
39521,Customer
39523,Customer
39524,Customer
39525,Customer
39526,Customer
39527,Customer
39528,Customer
39529,Customer
39530,Customer
39531,Customer
39532,Customer
39533,Customer
39534,Customer
39536,Customer
39537,Customer
39538,Customer
39539,Customer
39540,Customer
39541,Customer
39542,Customer
39544,Customer
39545,Customer
39546,Customer
39549,Customer
39551,Customer
39552,Customer
39553,Customer
39554,Customer
39555,Customer
39556,Customer
39557,Customer
39558,Customer
39559,Customer
39560,Customer
39562,Customer
39563,Customer
39564,Customer
39565,Customer
39566,Customer
39567,Customer
39568,Customer
39569,Customer
39570,Customer
39572,Customer
39573,Customer
39574,Customer
39575,Customer
39576,Customer
39577,Customer
39578,Customer
39580,Customer
39582,Customer
39583,Customer
39585,Customer
39586,Customer
39587,Customer
39588,Customer
39589,Customer
39590,Customer
39591,Customer
39592,Customer
39593,Customer
39594,Customer
39595,Customer
39596,Customer
39597,Customer
39598,Customer
39601,Customer
39602,Customer
39603,Customer
39604,Customer
39605,Customer
39606,Customer
39607,Customer
39608,Customer
39609,Customer
39610,Customer
39612,Customer
39613,Customer
39614,Customer
39615,Customer
39617,Customer
39618,Customer
39619,Customer
39620,Customer
39621,Customer
39622,Customer
39623,Customer
39624,Customer
39625,Customer
39626,Customer
39627,Customer
39628,Customer
39631,Customer
39633,Customer
39634,Customer
39635,Customer
39636,Customer
39637,Customer
39638,Customer
39639,Customer
39640,Customer
39641,Customer
39642,Customer
39643,Customer
39645,Customer
39646,Customer
39647,Customer
39648,Customer
39649,Customer
39650,Customer
39652,Customer
39654,Customer
39655,Customer
39657,Customer
39658,Customer
39659,Customer
39661,Customer
39662,Customer
39664,Customer
39665,Customer
39666,Customer
39667,Customer
39668,Customer
39669,Customer
39670,Customer
39672,Customer
39673,Customer
39674,Customer
39675,Customer
39676,Customer
39677,Customer
39678,Customer
39679,Customer
39682,Customer
39683,Customer
39684,Customer
39685,Customer
39686,Customer
39688,Customer
39689,Customer
39690,Customer
39691,Customer
39692,Customer
39694,Customer
39695,Customer
39697,Customer
39699,Customer
39700,Customer
39701,Customer
39702,Customer
39703,Customer
39704,Customer
39705,Customer
39706,Customer
39708,Customer
39709,Customer
39710,Customer
39712,Customer
39713,Customer
39715,Customer
39716,Customer
39717,Customer
39719,Customer
39720,Customer
39721,Customer
39722,Customer
39723,Customer
39724,Customer
39725,Customer
39726,Customer
39728,Customer
39730,Customer
39731,Customer
39733,Customer
39734,Customer
39735,Customer
39736,Customer
39738,Customer
39739,Customer
39740,Customer
39741,Customer
39742,Customer
39743,Customer
39744,Customer
39745,Customer
39746,Customer
39747,Customer
39748,Customer
39750,Customer
39751,Customer
39752,Customer
39753,Customer
39754,Customer
39755,Customer
39757,Customer
39758,Customer
39759,Customer
39760,Customer
39761,Customer
39763,Customer
39765,Customer
39766,Customer
39767,Customer
39768,Customer
39769,Customer
39770,Customer
39771,Customer
39772,Customer
39773,Customer
39774,Customer
39776,Customer
39777,Customer
39779,Customer
39780,Customer
39781,Customer
39782,Customer
39783,Customer
39784,Customer
39785,Customer
39786,Customer
39787,Customer
39789,Customer
39790,Customer
39791,Customer
39792,Customer
39793,Customer
39795,Customer
39796,Customer
39797,Customer
39801,Customer
39803,Customer
39804,Customer
39805,Customer
39806,Customer
39807,Customer
39808,Customer
39809,Customer
39810,Customer
39813,Customer
39815,Customer
39816,Customer
39817,Customer
39819,Customer
39821,Customer
39822,Customer
39823,Customer
39826,Customer
39828,Customer
39829,Customer
39830,Customer
39831,Customer
39832,Customer
39833,Customer
39834,Customer
39837,Customer
39838,Customer
39839,Customer
39840,Customer
39844,Customer
39845,Customer
39846,Customer
39847,Customer
39848,Customer
39849,Customer
39850,Customer
39851,Customer
39852,Customer
39853,Customer
39855,Customer
39856,Customer
39857,Customer
39858,Customer
39860,Customer
39861,Customer
39862,Customer
39863,Customer
39864,Customer
39865,Customer
39866,Customer
39868,Customer
39870,Customer
39871,Customer
39872,Customer
39873,Customer
39874,Customer
39875,Customer
39876,Customer
39878,Customer
39879,Customer
39881,Customer
39882,Customer
39883,Customer
39886,Customer
39887,Customer
39888,Customer
39890,Customer
39892,Customer
39893,Customer
39894,Customer
39896,Customer
39898,Customer
39899,Customer
39900,Customer
39902,Customer
39903,Customer
39904,Customer
39905,Customer
39906,Customer
39907,Customer
39908,Customer
39909,Customer
39910,Customer
39911,Customer
39912,Customer
39913,Customer
39914,Customer
39917,Customer
39918,Customer
39920,Customer
39921,Customer
39923,Customer
39924,Customer
39925,Customer
39928,Customer
39929,Customer
39930,Customer
39931,Customer
39932,Customer
39933,Customer
39934,Customer
39935,Customer
39936,Customer
39937,Customer
39938,Customer
39939,Customer
39940,Customer
39941,Customer
39942,Customer
39943,Customer
39944,Customer
39945,Customer
39947,Customer
39950,Customer
39951,Customer
39952,Customer
39955,Customer
39956,Customer
39957,Customer
39958,Customer
39959,Customer
39960,Customer
39961,Customer
39962,Customer
39964,Customer
39967,Customer
39968,Customer
39969,Customer
39970,Customer
39971,Customer
39973,Customer
39975,Customer
39976,Customer
39977,Customer
39979,Customer
39980,Customer
39981,Customer
39982,Customer
39983,Customer
39984,Customer
39985,Customer
39986,Customer
39987,Customer
39988,Customer
39989,Customer
39990,Customer
39991,Customer
39992,Customer
39996,Customer
39998,Customer
39999,Customer
40000,Customer
40001,Customer
40002,Customer
40004,Customer
40005,Customer
40006,Customer
40008,Customer
40010,Customer
40011,Customer
40014,Customer
40015,Customer
40017,Customer
40020,Customer
40021,Customer
40022,Customer
40023,Customer
40024,Customer
40025,Customer
40026,Customer
40027,Customer
40028,Customer
40029,Customer
40030,Customer
40031,Customer
40033,Customer
40034,Customer
40036,Customer
40038,Customer
40040,Customer
40041,Customer
40042,Customer
40043,Customer
40044,Customer
40045,Customer
40046,Customer
40047,Customer
40048,Customer
40051,Customer
40054,Customer
40055,Customer
40059,Customer
40061,Customer
40062,Customer
40063,Customer
40064,Customer
40065,Customer
40066,Customer
40067,Customer
40069,Customer
40070,Customer
40071,Customer
40074,Customer
40075,Customer
40076,Customer
40077,Customer
40078,Customer
40079,Customer
40080,Customer
40082,Customer
40083,Customer
40084,Customer
40085,Customer
40086,Customer
40088,Customer
40089,Customer
40090,Customer
40092,Customer
40093,Customer
40094,Customer
40095,Customer
40097,Customer
40098,Customer
40099,Customer
40100,Customer
40101,Customer
40103,Customer
40104,Customer
40105,Customer
40106,Customer
40107,Customer
40108,Customer
40109,Customer
40111,Customer
40112,Customer
40113,Customer
40114,Customer
40115,Customer
40116,Customer
40118,Customer
40119,Customer
40121,Customer
40122,Customer
40123,Customer
40124,Customer
40125,Customer
40127,Customer
40128,Customer
40130,Customer
40132,Customer
40133,Customer
40135,Customer
40137,Customer
40139,Customer
40140,Customer
40141,Customer
40142,Customer
40143,Customer
40144,Customer
40145,Customer
40146,Customer
40148,Customer
40150,Customer
40151,Customer
40152,Customer
40153,Customer
40155,Customer
40156,Customer
40159,Customer
40160,Customer
40161,Customer
40162,Customer
40163,Customer
40164,Customer
40165,Customer
40166,Customer
40168,Customer
40169,Customer
40170,Customer
40172,Customer
40173,Customer
40174,Customer
40176,Customer
40177,Customer
40178,Customer
40179,Customer
40180,Customer
40181,Customer
40182,Customer
40183,Customer
40184,Customer
40185,Customer
40186,Customer
40187,Customer
40191,Customer
40192,Customer
40193,Customer
40194,Customer
40196,Customer
40199,Customer
40200,Customer
40203,Customer
40204,Customer
40206,Customer
40208,Customer
40209,Customer
40210,Customer
40211,Customer
40212,Customer
40213,Customer
40214,Customer
40215,Customer
40217,Customer
40218,Customer
40220,Customer
40221,Customer
40222,Customer
40223,Customer
40224,Customer
40225,Customer
40226,Customer
40227,Customer
40228,Customer
40229,Customer
40231,Customer
40232,Customer
40234,Customer
40235,Customer
40237,Customer
40240,Customer
40242,Customer
40243,Customer
40245,Customer
40246,Customer
40247,Customer
40248,Customer
40249,Customer
40251,Customer
40252,Customer
40253,Customer
40255,Customer
40257,Customer
40258,Customer
40259,Customer
40260,Customer
40261,Customer
40262,Customer
40263,Customer
40264,Customer
40265,Customer
40266,Customer
40267,Customer
40268,Customer
40270,Customer
40271,Customer
40272,Customer
40273,Customer
40275,Customer
40277,Customer
40278,Customer
40279,Customer
40280,Customer
40281,Customer
40282,Customer
40283,Customer
40284,Customer
40286,Customer
40289,Customer
40290,Customer
40292,Customer
40294,Customer
40295,Customer
40296,Customer
40298,Customer
40300,Customer
40301,Customer
40302,Customer
40304,Customer
40305,Customer
40306,Customer
40307,Customer
40308,Customer
40309,Customer
40310,Customer
40311,Customer
40312,Customer
40313,Customer
40314,Customer
40315,Customer
40317,Customer
40319,Customer
40320,Customer
40321,Customer
40322,Customer
40323,Customer
40324,Customer
40326,Customer
40327,Customer
40329,Customer
40331,Customer
40333,Customer
40335,Customer
40341,Customer
40342,Customer
40343,Customer
40345,Customer
40346,Customer
40347,Customer
40348,Customer
40349,Customer
40350,Customer
40352,Customer
40353,Customer
40354,Customer
40355,Customer
40357,Customer
40358,Customer
40359,Customer
40360,Customer
40361,Customer
40363,Customer
40364,Customer
40365,Customer
40367,Customer
40370,Customer
40371,Customer
40372,Customer
40373,Customer
40376,Customer
40377,Customer
40378,Customer
40379,Customer
40380,Customer
40381,Customer
40382,Customer
40383,Customer
40384,Customer
40385,Customer
40386,Customer
40387,Customer
40389,Customer
40390,Customer
40391,Customer
40392,Customer
40393,Customer
40394,Customer
40396,Customer
40397,Customer
40398,Customer
40399,Customer
40400,Customer
40401,Customer
40402,Customer
40403,Customer
40404,Customer
40405,Customer
40407,Customer
40408,Customer
40409,Customer
40410,Customer
40411,Customer
40412,Customer
40413,Customer
40414,Customer
40415,Customer
40416,Customer
40417,Customer
40419,Customer
40420,Customer
40421,Customer
40422,Customer
40423,Customer
40424,Customer
40425,Customer
40426,Customer
40428,Customer
40429,Customer
40432,Customer
40433,Customer
40434,Customer
40435,Customer
40436,Customer
40437,Customer
40438,Customer
40439,Customer
40440,Customer
40441,Customer
40442,Customer
40443,Customer
40444,Customer
40445,Customer
40446,Customer
40447,Customer
40448,Customer
40449,Customer
40451,Customer
40456,Customer
40457,Customer
40458,Customer
40459,Customer
40460,Customer
40462,Customer
40463,Customer
40464,Customer
40465,Customer
40466,Customer
40467,Customer
40469,Customer
40471,Customer
40473,Customer
40474,Customer
40476,Customer
40477,Customer
40478,Customer
40479,Customer
40480,Customer
40481,Customer
40483,Customer
40484,Customer
40485,Customer
40486,Customer
40487,Customer
40488,Customer
40489,Customer
40490,Customer
40491,Customer
40494,Customer
40495,Customer
40496,Customer
40497,Customer
40498,Customer
40499,Customer
40500,Customer
40501,Customer
40502,Customer
40503,Customer
40505,Customer
40506,Customer
40507,Customer
40508,Customer
40509,Customer
40510,Customer
40511,Customer
40512,Customer
40513,Customer
40515,Customer
40517,Customer
40519,Customer
40521,Customer
40522,Customer
40524,Customer
40525,Customer
40526,Customer
40527,Customer
40528,Customer
40529,Customer
40530,Customer
40532,Customer
40533,Customer
40534,Customer
40535,Customer
40536,Customer
40537,Customer
40538,Customer
40539,Customer
40541,Customer
40542,Customer
40543,Customer
40544,Customer
40545,Customer
40546,Customer
40547,Customer
40548,Customer
40551,Customer
40552,Customer
40554,Customer
40555,Customer
40556,Customer
40558,Customer
40559,Customer
40560,Customer
40562,Customer
40563,Customer
40564,Customer
40565,Customer
40567,Customer
40569,Customer
40570,Customer
40571,Customer
40573,Customer
40574,Customer
40575,Customer
40576,Customer
40578,Customer
40582,Customer
40584,Customer
40585,Customer
40586,Customer
40587,Customer
40588,Customer
40589,Customer
40590,Customer
40591,Customer
40592,Customer
40593,Customer
40594,Customer
40595,Customer
40597,Customer
40598,Customer
40599,Customer
40600,Customer
40601,Customer
40602,Customer
40603,Customer
40604,Customer
40606,Customer
40607,Customer
40608,Customer
40609,Customer
40610,Customer
40611,Customer
40612,Customer
40613,Customer
40614,Customer
40615,Customer
40616,Customer
40617,Customer
40618,Customer
40619,Customer
40620,Customer
40623,Customer
40624,Customer
40627,Customer
40628,Customer
40629,Customer
40630,Customer
40631,Customer
40632,Customer
40633,Customer
40634,Customer
40636,Customer
40637,Customer
40638,Customer
40639,Customer
40640,Customer
40641,Customer
40642,Customer
40643,Customer
40644,Customer
40646,Customer
40647,Customer
40648,Customer
40649,Customer
40650,Customer
40652,Customer
40653,Customer
40654,Customer
40655,Customer
40657,Customer
40658,Customer
40659,Customer
40660,Customer
40661,Customer
40662,Customer
40663,Customer
40665,Customer
40667,Customer
40669,Customer
40670,Customer
40671,Customer
40673,Customer
40674,Customer
40675,Customer
40677,Customer
40678,Customer
40679,Customer
40680,Customer
40681,Customer
40682,Customer
40683,Customer
40684,Customer
40685,Customer
40686,Customer
40687,Customer
40689,Customer
40690,Customer
40691,Customer
40692,Customer
40693,Customer
40694,Customer
40695,Customer
40696,Customer
40697,Customer
40699,Customer
40700,Customer
40701,Customer
40703,Customer
40704,Customer
40705,Customer
40706,Customer
40707,Customer
40708,Customer
40709,Customer
40710,Customer
40711,Customer
40712,Customer
40714,Customer
40715,Customer
40716,Customer
40717,Customer
40719,Customer
40720,Customer
40721,Customer
40722,Customer
40723,Customer
40724,Customer
40725,Customer
40726,Customer
40727,Customer
40728,Customer
40729,Customer
40730,Customer
40732,Customer
40733,Customer
40734,Customer
40737,Customer
40738,Customer
40739,Customer
40740,Customer
40741,Customer
40743,Customer
40744,Customer
40745,Customer
40746,Customer
40747,Customer
40749,Customer
40750,Customer
40751,Customer
40753,Customer
40754,Customer
40755,Customer
40756,Customer
40757,Customer
40759,Customer
40760,Customer
40762,Customer
40764,Customer
40766,Customer
40767,Customer
40768,Customer
40769,Customer
40770,Customer
40771,Customer
40772,Customer
40773,Customer
40774,Customer
40775,Customer
40776,Customer
40777,Customer
40778,Customer
40779,Customer
40780,Customer
40781,Customer
40782,Customer
40783,Customer
40784,Customer
40785,Customer
40786,Customer
40787,Customer
40791,Customer
40792,Customer
40793,Customer
40794,Customer
40795,Customer
40796,Customer
40797,Customer
40800,Customer
40802,Customer
40803,Customer
40806,Customer
40807,Customer
40809,Customer
40810,Customer
40811,Customer
40812,Customer
40813,Customer
40814,Customer
40815,Customer
40816,Customer
40817,Customer
40818,Customer
40819,Customer
40820,Customer
40821,Customer
40822,Customer
40823,Customer
40824,Customer
40825,Customer
40826,Customer
40829,Customer
40830,Customer
40831,Customer
40832,Customer
40833,Customer
40834,Customer
40835,Customer
40836,Customer
40840,Customer
40841,Customer
40844,Customer
40845,Customer
40847,Customer
40848,Customer
40850,Customer
40852,Customer
40853,Customer
40854,Customer
40855,Customer
40856,Customer
40857,Customer
40858,Customer
40859,Customer
40860,Customer
40861,Customer
40862,Customer
40863,Customer
40865,Customer
40867,Customer
40868,Customer
40869,Customer
40870,Customer
40874,Customer
40875,Customer
40877,Customer
40878,Customer
40879,Customer
40881,Customer
40882,Customer
40883,Customer
40886,Customer
40887,Customer
40888,Customer
40890,Customer
40891,Customer
40892,Customer
40893,Customer
40894,Customer
40895,Customer
40896,Customer
40897,Customer
40898,Customer
40899,Customer
40900,Customer
40901,Customer
40902,Customer
40905,Customer
40906,Customer
40907,Customer
40908,Customer
40909,Customer
40910,Customer
40911,Customer
40912,Customer
40913,Customer
40914,Customer
40915,Customer
40916,Customer
40917,Customer
40918,Customer
40919,Customer
40920,Customer
40921,Customer
40922,Customer
40923,Customer
40924,Customer
40925,Customer
40926,Customer
40927,Customer
40929,Customer
40930,Customer
40931,Customer
40933,Customer
40934,Customer
40935,Customer
40937,Customer
40938,Customer
40939,Customer
40940,Customer
40943,Customer
40944,Customer
40945,Customer
40946,Customer
40947,Customer
40948,Customer
40949,Customer
40951,Customer
40952,Customer
40954,Customer
40955,Customer
40956,Customer
40957,Customer
40958,Customer
40959,Customer
40961,Customer
40962,Customer
40964,Customer
40966,Customer
40968,Customer
40969,Customer
40970,Customer
40971,Customer
40972,Customer
40973,Customer
40974,Customer
40975,Customer
40976,Customer
40978,Customer
40979,Customer
40980,Customer
40981,Customer
40982,Customer
40983,Customer
40984,Customer
40985,Customer
40986,Customer
40987,Customer
40988,Customer
40990,Customer
40991,Customer
40992,Customer
40994,Customer
40996,Customer
40997,Customer
40998,Customer
40999,Customer
41000,Customer
41001,Customer
41003,Customer
41004,Customer
41005,Customer
41006,Customer
41008,Customer
41009,Customer
41010,Customer
41011,Customer
41012,Customer
41013,Customer
41014,Customer
41015,Customer
41016,Customer
41018,Customer
41019,Customer
41020,Customer
41021,Customer
41022,Customer
41025,Customer
41026,Customer
41028,Customer
41029,Customer
41030,Customer
41033,Customer
41034,Customer
41035,Customer
41036,Customer
41037,Customer
41038,Customer
41039,Customer
41042,Customer
41043,Customer
41044,Customer
41045,Customer
41046,Customer
41047,Customer
41048,Customer
41050,Customer
41051,Customer
41053,Customer
41055,Customer
41056,Customer
41059,Customer
41060,Customer
41061,Customer
41062,Customer
41063,Customer
41064,Customer
41065,Customer
41067,Customer
41068,Customer
41069,Customer
41070,Customer
41071,Customer
41073,Customer
41074,Customer
41075,Customer
41079,Customer
41080,Customer
41081,Customer
41082,Customer
41083,Customer
41084,Customer
41085,Customer
41086,Customer
41087,Customer
41088,Customer
41090,Customer
41091,Customer
41092,Customer
41093,Customer
41094,Customer
41095,Customer
41096,Customer
41097,Customer
41098,Customer
41099,Customer
41101,Customer
41102,Customer
41103,Customer
41104,Customer
41105,Customer
41107,Customer
41108,Customer
41109,Customer
41110,Customer
41111,Customer
41112,Customer
41113,Customer
41114,Customer
41115,Customer
41116,Customer
41118,Customer
41120,Customer
41121,Customer
41122,Customer
41123,Customer
41124,Customer
41128,Customer
41129,Customer
41130,Customer
41131,Customer
41132,Customer
41133,Customer
41134,Customer
41135,Customer
41139,Customer
41140,Customer
41141,Customer
41143,Customer
41144,Customer
41145,Customer
41147,Customer
41148,Customer
41151,Customer
41152,Customer
41153,Customer
41155,Customer
41156,Customer
41158,Customer
41160,Customer
41161,Customer
41162,Customer
41163,Customer
41164,Customer
41165,Customer
41166,Customer
41170,Customer
41172,Customer
41173,Customer
41174,Customer
41177,Customer
41178,Customer
41179,Customer
41182,Customer
41183,Customer
41184,Customer
41185,Customer
41187,Customer
41189,Customer
41194,Customer
41195,Customer
41196,Customer
41198,Customer
41200,Customer
41201,Customer
41202,Customer
41203,Customer
41204,Customer
41205,Customer
41206,Customer
41207,Customer
41208,Customer
41209,Customer
41211,Customer
41212,Customer
41213,Customer
41215,Customer
41216,Customer
41217,Customer
41218,Customer
41219,Customer
41221,Customer
41223,Customer
41224,Customer
41225,Customer
41227,Customer
41228,Customer
41229,Customer
41230,Customer
41231,Customer
41233,Customer
41235,Customer
41236,Customer
41237,Customer
41238,Customer
41239,Customer
41240,Customer
41243,Customer
41244,Customer
41245,Customer
41246,Customer
41247,Customer
41249,Customer
41251,Customer
41253,Customer
41258,Customer
41259,Customer
41260,Customer
41261,Customer
41263,Customer
41264,Customer
41265,Customer
41267,Customer
41269,Customer
41270,Customer
41271,Customer
41272,Customer
41273,Customer
41274,Customer
41275,Customer
41276,Customer
41277,Customer
41278,Customer
41279,Customer
41280,Customer
41281,Customer
41282,Customer
41283,Customer
41284,Customer
41286,Customer
41287,Customer
41288,Customer
41289,Customer
41290,Customer
41291,Customer
41292,Customer
41293,Customer
41294,Customer
41299,Customer
41300,Customer
41301,Customer
41303,Customer
41304,Customer
41306,Customer
41307,Customer
41308,Customer
41309,Customer
41311,Customer
41312,Customer
41314,Customer
41315,Customer
41316,Customer
41317,Customer
41319,Customer
41320,Customer
41322,Customer
41323,Customer
41324,Customer
41325,Customer
41326,Customer
41327,Customer
41331,Customer
41332,Customer
41333,Customer
41336,Customer
41337,Customer
41338,Customer
41339,Customer
41340,Customer
41343,Customer
41344,Customer
41346,Customer
41347,Customer
41349,Customer
41350,Customer
41351,Customer
41352,Customer
41353,Customer
41354,Customer
41356,Customer
41357,Customer
41358,Customer
41360,Customer
41361,Customer
41362,Customer
41363,Customer
41364,Customer
41365,Customer
41366,Customer
41367,Customer
41368,Customer
41371,Customer
41372,Customer
41373,Customer
41374,Customer
41375,Customer
41376,Customer
41380,Customer
41381,Customer
41383,Customer
41385,Customer
41386,Customer
41387,Customer
41391,Customer
41392,Customer
41393,Customer
41394,Customer
41398,Customer
41399,Customer
41400,Customer
41401,Customer
41404,Customer
41405,Customer
41407,Customer
41408,Customer
41409,Customer
41411,Customer
41412,Customer
41413,Customer
41414,Customer
41415,Customer
41416,Customer
41417,Customer
41418,Customer
41420,Customer
41421,Customer
41422,Customer
41424,Customer
41425,Customer
41426,Customer
41427,Customer
41428,Customer
41429,Customer
41430,Customer
41431,Customer
41432,Customer
41433,Customer
41434,Customer
41435,Customer
41436,Customer
41437,Customer
41438,Customer
41439,Customer
41441,Customer
41442,Customer
41443,Customer
41444,Customer
41445,Customer
41446,Customer
41447,Customer
41448,Customer
41449,Customer
41450,Customer
41452,Customer
41454,Customer
41455,Customer
41456,Customer
41457,Customer
41458,Customer
41459,Customer
41460,Customer
41461,Customer
41462,Customer
41463,Customer
41464,Customer
41465,Customer
41466,Customer
41467,Customer
41468,Customer
41469,Customer
41470,Customer
41472,Customer
41473,Customer
41474,Customer
41475,Customer
41476,Customer
41477,Customer
41478,Customer
41480,Customer
41481,Customer
41482,Customer
41483,Customer
41484,Customer
41485,Customer
41486,Customer
41489,Customer
41490,Customer
41491,Customer
41492,Customer
41493,Customer
41495,Customer
41496,Customer
41497,Customer
41498,Customer
41499,Customer
41501,Customer
41502,Customer
41503,Customer
41504,Customer
41505,Customer
41506,Customer
41507,Customer
41508,Customer
41509,Customer
41511,Customer
41512,Customer
41514,Customer
41515,Customer
41516,Customer
41517,Customer
41518,Customer
41519,Customer
41521,Customer
41522,Customer
41523,Customer
41524,Customer
41525,Customer
41526,Customer
41527,Customer
41528,Customer
41529,Customer
41530,Customer
41531,Customer
41533,Customer
41535,Customer
41536,Customer
41539,Customer
41543,Customer
41544,Customer
41547,Customer
41548,Customer
41549,Customer
41551,Customer
41552,Customer
41554,Customer
41556,Customer
41557,Customer
41559,Customer
41560,Customer
41561,Customer
41562,Customer
41563,Customer
41566,Customer
41567,Customer
41569,Customer
41570,Customer
41571,Customer
41572,Customer
41573,Customer
41574,Customer
41577,Customer
41578,Customer
41579,Customer
41580,Customer
41581,Customer
41582,Customer
41583,Customer
41584,Customer
41585,Customer
41586,Customer
41588,Customer
41589,Customer
41590,Customer
41591,Customer
41593,Customer
41594,Customer
41596,Customer
41597,Customer
41598,Customer
41599,Customer
41601,Customer
41602,Customer
41603,Customer
41604,Customer
41605,Customer
41607,Customer
41608,Customer
41610,Customer
41611,Customer
41614,Customer
41615,Customer
41616,Customer
41618,Customer
41619,Customer
41620,Customer
41621,Customer
41623,Customer
41624,Customer
41625,Customer
41626,Customer
41627,Customer
41628,Customer
41630,Customer
41633,Customer
41634,Customer
41635,Customer
41636,Customer
41638,Customer
41639,Customer
41641,Customer
41643,Customer
41644,Customer
41645,Customer
41646,Customer
41647,Customer
41649,Customer
41650,Customer
41651,Customer
41653,Customer
41654,Customer
41655,Customer
41656,Customer
41657,Customer
41658,Customer
41659,Customer
41660,Customer
41661,Customer
41662,Customer
41663,Customer
41666,Customer
41667,Customer
41669,Customer
41670,Customer
41672,Customer
41673,Customer
41674,Customer
41675,Customer
41676,Customer
41678,Customer
41679,Customer
41681,Customer
41682,Customer
41683,Customer
41684,Customer
41685,Customer
41686,Customer
41687,Customer
41690,Customer
41691,Customer
41693,Customer
41694,Customer
41695,Customer
41696,Customer
41697,Customer
41698,Customer
41699,Customer
41700,Customer
41701,Customer
41702,Customer
41703,Customer
41704,Customer
41707,Customer
41708,Customer
41709,Customer
41711,Customer
41712,Customer
41713,Customer
41715,Customer
41716,Customer
41720,Customer
41721,Customer
41722,Customer
41723,Customer
41726,Customer
41727,Customer
41728,Customer
41729,Customer
41730,Customer
41732,Customer
41733,Customer
41734,Customer
41735,Customer
41736,Customer
41738,Customer
41739,Customer
41740,Customer
41741,Customer
41742,Customer
41743,Customer
41744,Customer
41745,Customer
41746,Customer
41747,Customer
41748,Customer
41749,Customer
41750,Customer
41751,Customer
41752,Customer
41753,Customer
41754,Customer
41755,Customer
41756,Customer
41757,Customer
41758,Customer
41760,Customer
41761,Customer
41762,Customer
41763,Customer
41764,Customer
41765,Customer
41766,Customer
41767,Customer
41768,Customer
41769,Customer
41770,Customer
41772,Customer
41773,Customer
41774,Customer
41775,Customer
41776,Customer
41779,Customer
41780,Customer
41783,Customer
41784,Customer
41786,Customer
41789,Customer
41791,Customer
41792,Customer
41793,Customer
41794,Customer
41795,Customer
41799,Customer
41800,Customer
41802,Customer
41803,Customer
41804,Customer
41805,Customer
41806,Customer
41807,Customer
41808,Customer
41809,Customer
41810,Customer
41811,Customer
41812,Customer
41813,Customer
41814,Customer
41815,Customer
41816,Customer
41817,Customer
41818,Customer
41819,Customer
41820,Customer
41821,Customer
41822,Customer
41824,Customer
41825,Customer
41826,Customer
41827,Customer
41828,Customer
41829,Customer
41830,Customer
41831,Customer
41835,Customer
41837,Customer
41838,Customer
41839,Customer
41840,Customer
41841,Customer
41842,Customer
41843,Customer
41844,Customer
41847,Customer
41848,Customer
41849,Customer
41850,Customer
41852,Customer
41853,Customer
41854,Customer
41855,Customer
41856,Customer
41857,Customer
41858,Customer
41859,Customer
41860,Customer
41861,Customer
41862,Customer
41863,Customer
41864,Customer
41865,Customer
41867,Customer
41868,Customer
41869,Customer
41870,Customer
41871,Customer
41872,Customer
41873,Customer
41874,Customer
41875,Customer
41876,Customer
41878,Customer
41879,Customer
41882,Customer
41886,Customer
41887,Customer
41888,Customer
41889,Customer
41890,Customer
41891,Customer
41892,Customer
41893,Customer
41894,Customer
41895,Customer
41899,Customer
41900,Customer
41901,Customer
41902,Customer
41903,Customer
41904,Customer
41905,Customer
41907,Customer
41908,Customer
41909,Customer
41912,Customer
41913,Customer
41914,Customer
41915,Customer
41916,Customer
41917,Customer
41918,Customer
41919,Customer
41920,Customer
41921,Customer
41922,Customer
41923,Customer
41924,Customer
41926,Customer
41928,Customer
41930,Customer
41931,Customer
41932,Customer
41935,Customer
41936,Customer
41937,Customer
41938,Customer
41939,Customer
41941,Customer
41942,Customer
41943,Customer
41944,Customer
41945,Customer
41947,Customer
41948,Customer
41949,Customer
41950,Customer
41951,Customer
41952,Customer
41953,Customer
41954,Customer
41955,Customer
41956,Customer
41958,Customer
41960,Customer
41961,Customer
41962,Customer
41963,Customer
41964,Customer
41965,Customer
41967,Customer
41968,Customer
41970,Customer
41972,Customer
41973,Customer
41974,Customer
41975,Customer
41976,Customer
41977,Customer
41978,Customer
41979,Customer
41980,Customer
41981,Customer
41982,Customer
41983,Customer
41984,Customer
41985,Customer
41987,Customer
41988,Customer
41989,Customer
41991,Customer
41992,Customer
41995,Customer
41996,Customer
41997,Customer
41998,Customer
41999,Customer
42000,Customer
42004,Customer
42006,Customer
42007,Customer
42008,Customer
42009,Customer
42013,Customer
42014,Customer
42015,Customer
42017,Customer
42019,Customer
42022,Customer
42023,Customer
42024,Customer
42025,Customer
42026,Customer
42027,Customer
42028,Customer
42030,Customer
42031,Customer
42032,Customer
42034,Customer
42035,Customer
42036,Customer
42037,Customer
42038,Customer
42039,Customer
42040,Customer
42042,Customer
42043,Customer
42044,Customer
42045,Customer
42046,Customer
42047,Customer
42048,Customer
42049,Customer
42051,Customer
42054,Customer
42055,Customer
42056,Customer
42057,Customer
42058,Customer
42059,Customer
42060,Customer
42061,Customer
42062,Customer
42063,Customer
42064,Customer
42065,Customer
42066,Customer
42067,Customer
42069,Customer
42071,Customer
42072,Customer
42073,Customer
42074,Customer
42075,Customer
42076,Customer
42077,Customer
42078,Customer
42079,Customer
42080,Customer
42081,Customer
42082,Customer
42083,Customer
42085,Customer
42086,Customer
42087,Customer
42088,Customer
42089,Customer
42090,Customer
42091,Customer
42092,Customer
42093,Customer
42094,Customer
42095,Customer
42096,Customer
42097,Customer
42098,Customer
42099,Customer
42100,Customer
42101,Customer
42102,Customer
42103,Customer
42104,Customer
42105,Customer
42106,Customer
42107,Customer
42108,Customer
42109,Customer
42110,Customer
42111,Customer
42113,Customer
42114,Customer
42115,Customer
42116,Customer
42118,Customer
42119,Customer
42120,Customer
42122,Customer
42123,Customer
42125,Customer
42126,Customer
42127,Customer
42130,Customer
42131,Customer
42132,Customer
42133,Customer
42135,Customer
42136,Customer
42137,Customer
42138,Customer
42139,Customer
42140,Customer
42141,Customer
42143,Customer
42144,Customer
42145,Customer
42147,Customer
42149,Customer
42150,Customer
42152,Customer
42153,Customer
42155,Customer
42156,Customer
42157,Customer
42158,Customer
42159,Customer
42160,Customer
42161,Customer
42162,Customer
42163,Customer
42164,Customer
42165,Customer
42166,Customer
42167,Customer
42168,Customer
42169,Customer
42170,Customer
42171,Customer
42172,Customer
42173,Customer
42174,Customer
42175,Customer
42176,Customer
42177,Customer
42178,Customer
42179,Customer
42180,Customer
42181,Customer
42182,Customer
42183,Customer
42185,Customer
42186,Customer
42187,Customer
42188,Customer
42189,Customer
42190,Customer
42192,Customer
42193,Customer
42195,Customer
42196,Customer
42197,Customer
42198,Customer
42199,Customer
42200,Customer
42203,Customer
42204,Customer
42206,Customer
42207,Customer
42208,Customer
42209,Customer
42210,Customer
42211,Customer
42212,Customer
42213,Customer
42215,Customer
42216,Customer
42217,Customer
42218,Customer
42219,Customer
42222,Customer
42223,Customer
42224,Customer
42225,Customer
42226,Customer
42227,Customer
42228,Customer
42229,Customer
42230,Customer
42231,Customer
42232,Customer
42233,Customer
42234,Customer
42235,Customer
42236,Customer
42237,Customer
42238,Customer
42239,Customer
42240,Customer
42241,Customer
42242,Customer
42243,Customer
42244,Customer
42245,Customer
42246,Customer
42247,Customer
42248,Customer
42249,Customer
42250,Customer
42251,Customer
42252,Customer
42253,Customer
42254,Customer
42256,Customer
42257,Customer
42258,Customer
42260,Customer
42261,Customer
42262,Customer
42263,Customer
42264,Customer
42266,Customer
42267,Customer
42268,Customer
42269,Customer
42271,Customer
42272,Customer
42273,Customer
42276,Customer
42277,Customer
42279,Customer
42280,Customer
42281,Customer
42283,Customer
42284,Customer
42285,Customer
42286,Customer
42287,Customer
42288,Customer
42289,Customer
42290,Customer
42291,Customer
42292,Customer
42295,Customer
42296,Customer
42297,Customer
42298,Customer
42300,Customer
42301,Customer
42302,Customer
42303,Customer
42304,Customer
42305,Customer
42306,Customer
42308,Customer
42309,Customer
42310,Customer
42311,Customer
42312,Customer
42313,Customer
42314,Customer
42315,Customer
42316,Customer
42318,Customer
42319,Customer
42321,Customer
42323,Customer
42324,Customer
42325,Customer
42326,Customer
42327,Customer
42329,Customer
42330,Customer
42332,Customer
42333,Customer
42334,Customer
42335,Customer
42336,Customer
42337,Customer
42338,Customer
42339,Customer
42340,Customer
42341,Customer
42343,Customer
42344,Customer
42345,Customer
42348,Customer
42349,Customer
42350,Customer
42351,Customer
42352,Customer
42353,Customer
42354,Customer
42355,Customer
42356,Customer
42359,Customer
42360,Customer
42361,Customer
42363,Customer
42364,Customer
42365,Customer
42366,Customer
42367,Customer
42368,Customer
42369,Customer
42370,Customer
42371,Customer
42372,Customer
42373,Customer
42374,Customer
42375,Customer
42376,Customer
42377,Customer
42378,Customer
42379,Customer
42380,Customer
42381,Customer
42382,Customer
42383,Customer
42386,Customer
42387,Customer
42388,Customer
42389,Customer
42390,Customer
42391,Customer
42392,Customer
42393,Customer
42394,Customer
42395,Customer
42397,Customer
42398,Customer
42399,Customer
42400,Customer
42403,Customer
42404,Customer
42406,Customer
42407,Customer
42409,Customer
42410,Customer
42412,Customer
42413,Customer
42415,Customer
42416,Customer
42417,Customer
42419,Customer
42420,Customer
42421,Customer
42423,Customer
42424,Customer
42425,Customer
42427,Customer
42428,Customer
42429,Customer
42430,Customer
42432,Customer
42433,Customer
42434,Customer
42436,Customer
42439,Customer
42440,Customer
42444,Customer
42445,Customer
42446,Customer
42447,Customer
42448,Customer
42449,Customer
42450,Customer
42451,Customer
42453,Customer
42454,Customer
42455,Customer
42456,Customer
42457,Customer
42458,Customer
42459,Customer
42460,Customer
42461,Customer
42462,Customer
42463,Customer
42465,Customer
42466,Customer
42467,Customer
42468,Customer
42469,Customer
42470,Customer
42471,Customer
42472,Customer
42473,Customer
42476,Customer
42477,Customer
42478,Customer
42480,Customer
42481,Customer
42482,Customer
42483,Customer
42484,Customer
42485,Customer
42486,Customer
42487,Customer
42489,Customer
42490,Customer
42491,Customer
42492,Customer
42493,Customer
42494,Customer
42498,Customer
42499,Customer
42501,Customer
42502,Customer
42503,Customer
42504,Customer
42507,Customer
42508,Customer
42509,Customer
42510,Customer
42512,Customer
42513,Customer
42514,Customer
42515,Customer
42516,Customer
42517,Customer
42518,Customer
42519,Customer
42520,Customer
42521,Customer
42523,Customer
42524,Customer
42525,Customer
42526,Customer
42527,Customer
42528,Customer
42529,Customer
42530,Customer
42531,Customer
42532,Customer
42533,Customer
42535,Customer
42536,Customer
42537,Customer
42538,Customer
42539,Customer
42540,Customer
42541,Customer
42543,Customer
42544,Customer
42546,Customer
42547,Customer
42548,Customer
42549,Customer
42550,Customer
42551,Customer
42552,Customer
42554,Customer
42555,Customer
42556,Customer
42557,Customer
42558,Customer
42560,Customer
42562,Customer
42563,Customer
42564,Customer
42565,Customer
42566,Customer
42568,Customer
42569,Customer
42570,Customer
42571,Customer
42572,Customer
42573,Customer
42574,Customer
42575,Customer
42577,Customer
42578,Customer
42579,Customer
42580,Customer
42581,Customer
42583,Customer
42585,Customer
42587,Customer
42588,Customer
42589,Customer
42590,Customer
42591,Customer
42592,Customer
42593,Customer
42594,Customer
42595,Customer
42596,Customer
42598,Customer
42599,Customer
42600,Customer
42603,Customer
42604,Customer
42605,Customer
42607,Customer
42608,Customer
42609,Customer
42610,Customer
42611,Customer
42613,Customer
42614,Customer
42615,Customer
42616,Customer
42618,Customer
42619,Customer
42620,Customer
42621,Customer
42622,Customer
42623,Customer
42624,Customer
42625,Customer
42627,Customer
42628,Customer
42629,Customer
42631,Customer
42632,Customer
42633,Customer
42634,Customer
42635,Customer
42636,Customer
42637,Customer
42638,Customer
42639,Customer
42640,Customer
42641,Customer
42642,Customer
42644,Customer
42645,Customer
42646,Customer
42647,Customer
42648,Customer
42651,Customer
42652,Customer
42653,Customer
42654,Customer
42655,Customer
42657,Customer
42659,Customer
42660,Customer
42662,Customer
42663,Customer
42665,Customer
42666,Customer
42667,Customer
42668,Customer
42669,Customer
42670,Customer
42671,Customer
42672,Customer
42673,Customer
42674,Customer
42675,Customer
42676,Customer
42677,Customer
42678,Customer
42681,Customer
42682,Customer
42683,Customer
42685,Customer
42686,Customer
42688,Customer
42689,Customer
42690,Customer
42691,Customer
42692,Customer
42693,Customer
42694,Customer
42695,Customer
42696,Customer
42698,Customer
42699,Customer
42700,Customer
42701,Customer
42703,Customer
42705,Customer
42707,Customer
42708,Customer
42709,Customer
42710,Customer
42711,Customer
42712,Customer
42713,Customer
42715,Customer
42717,Customer
42718,Customer
42719,Customer
42720,Customer
42721,Customer
42722,Customer
42723,Customer
42724,Customer
42725,Customer
42726,Customer
42727,Customer
42729,Customer
42730,Customer
42733,Customer
42735,Customer
42739,Customer
42740,Customer
42741,Customer
42742,Customer
42743,Customer
42744,Customer
42745,Customer
42746,Customer
42747,Customer
42748,Customer
42749,Customer
42750,Customer
42751,Customer
42752,Customer
42753,Customer
42754,Customer
42755,Customer
42756,Customer
42757,Customer
42758,Customer
42759,Customer
42760,Customer
42761,Customer
42762,Customer
42763,Customer
42765,Customer
42766,Customer
42768,Customer
42769,Customer
42771,Customer
42773,Customer
42774,Customer
42775,Customer
42777,Customer
42778,Customer
42779,Customer
42780,Customer
42781,Customer
42783,Customer
42784,Customer
42785,Customer
42786,Customer
42787,Customer
42788,Customer
42789,Customer
42790,Customer
42791,Customer
42792,Customer
42793,Customer
42795,Customer
42797,Customer
42798,Customer
42799,Customer
42802,Customer
42804,Customer
42805,Customer
42806,Customer
42807,Customer
42809,Customer
42811,Customer
42814,Customer
42815,Customer
42816,Customer
42817,Customer
42818,Customer
42819,Customer
42820,Customer
42821,Customer
42822,Customer
42825,Customer
42826,Customer
42827,Customer
42828,Customer
42829,Customer
42830,Customer
42832,Customer
42833,Customer
42834,Customer
42836,Customer
42839,Customer
42840,Customer
42841,Customer
42842,Customer
42843,Customer
42844,Customer
42845,Customer
42846,Customer
42847,Customer
42848,Customer
42850,Customer
42851,Customer
42852,Customer
42853,Customer
42854,Customer
42856,Customer
42857,Customer
42858,Customer
42859,Customer
42860,Customer
42861,Customer
42862,Customer
42864,Customer
42865,Customer
42867,Customer
42868,Customer
42869,Customer
42870,Customer
42872,Customer
42873,Customer
42874,Customer
42875,Customer
42877,Customer
42878,Customer
42879,Customer
42880,Customer
42881,Customer
42882,Customer
42883,Customer
42884,Customer
42885,Customer
42886,Customer
42887,Customer
42888,Customer
42892,Customer
42893,Customer
42894,Customer
42895,Customer
42896,Customer
42897,Customer
42898,Customer
42899,Customer
42900,Customer
42901,Customer
42902,Customer
42903,Customer
42904,Customer
42905,Customer
42907,Customer
42908,Customer
42909,Customer
42910,Customer
42915,Customer
42916,Customer
42917,Customer
42919,Customer
42920,Customer
42921,Customer
42922,Customer
42923,Customer
42925,Customer
42926,Customer
42927,Customer
42928,Customer
42929,Customer
42930,Customer
42931,Customer
42932,Customer
42933,Customer
42934,Customer
42935,Customer
42936,Customer
42937,Customer
42938,Customer
42939,Customer
42940,Customer
42941,Customer
42942,Customer
42944,Customer
42945,Customer
42946,Customer
42947,Customer
42948,Customer
42949,Customer
42951,Customer
42955,Customer
42956,Customer
42957,Customer
42959,Customer
42960,Customer
42961,Customer
42962,Customer
42963,Customer
42964,Customer
42966,Customer
42967,Customer
42969,Customer
42971,Customer
42972,Customer
42974,Customer
42975,Customer
42978,Customer
42980,Customer
42981,Customer
42983,Customer
42984,Customer
42989,Customer
42990,Customer
42992,Customer
42993,Customer
42994,Customer
42995,Customer
42996,Customer
42997,Customer
42998,Customer
42999,Customer
43000,Customer
43001,Customer
43002,Customer
43003,Customer
43004,Customer
43005,Customer
43007,Customer
43010,Customer
43011,Customer
43012,Customer
43013,Customer
43014,Customer
43015,Customer
43016,Customer
43017,Customer
43018,Customer
43019,Customer
43020,Customer
43021,Customer
43022,Customer
43023,Customer
43024,Customer
43025,Customer
43027,Customer
43028,Customer
43029,Customer
43030,Customer
43032,Customer
43033,Customer
43034,Customer
43036,Customer
43038,Customer
43039,Customer
43041,Customer
43043,Customer
43045,Customer
43046,Customer
43047,Customer
43049,Customer
43050,Customer
43051,Customer
43052,Customer
43053,Customer
43055,Customer
43056,Customer
43058,Customer
43060,Customer
43061,Customer
43063,Customer
43064,Customer
43065,Customer
43067,Customer
43068,Customer
43069,Customer
43070,Customer
43071,Customer
43073,Customer
43075,Customer
43076,Customer
43077,Customer
43078,Customer
43080,Customer
43081,Customer
43082,Customer
43083,Customer
43084,Customer
43085,Customer
43087,Customer
43088,Customer
43090,Customer
43091,Customer
43092,Customer
43093,Customer
43094,Customer
43095,Customer
43096,Customer
43097,Customer
43098,Customer
43099,Customer
43102,Customer
43103,Customer
43104,Customer
43106,Customer
43107,Customer
43109,Customer
43111,Customer
43112,Customer
43113,Customer
43114,Customer
43115,Customer
43116,Customer
43117,Customer
43119,Customer
43120,Customer
43121,Customer
43122,Customer
43123,Customer
43127,Customer
43128,Customer
43130,Customer
43131,Customer
43132,Customer
43133,Customer
43134,Customer
43135,Customer
43136,Customer
43137,Customer
43139,Customer
43141,Customer
43143,Customer
43144,Customer
43145,Customer
43146,Customer
43147,Customer
43148,Customer
43149,Customer
43151,Customer
43152,Customer
43153,Customer
43154,Customer
43157,Customer
43158,Customer
43159,Customer
43162,Customer
43163,Customer
43164,Customer
43166,Customer
43167,Customer
43168,Customer
43169,Customer
43170,Customer
43171,Customer
43173,Customer
43174,Customer
43175,Customer
43176,Customer
43177,Customer
43178,Customer
43179,Customer
43180,Customer
43181,Customer
43182,Customer
43183,Customer
43184,Customer
43185,Customer
43186,Customer
43187,Customer
43188,Customer
43190,Customer
43191,Customer
43192,Customer
43193,Customer
43194,Customer
43195,Customer
43196,Customer
43197,Customer
43198,Customer
43199,Customer
43200,Customer
43202,Customer
43204,Customer
43206,Customer
43209,Customer
43210,Customer
43211,Customer
43212,Customer
43213,Customer
43214,Customer
43215,Customer
43216,Customer
43217,Customer
43219,Customer
43221,Customer
43222,Customer
43223,Customer
43226,Customer
43230,Customer
43232,Customer
43233,Customer
43234,Customer
43236,Customer
43237,Customer
43238,Customer
43239,Customer
43240,Customer
43241,Customer
43242,Customer
43243,Customer
43244,Customer
43245,Customer
43247,Customer
43249,Customer
43250,Customer
43251,Customer
43254,Customer
43255,Customer
43256,Customer
43257,Customer
43258,Customer
43259,Customer
43260,Customer
43262,Customer
43264,Customer
43265,Customer
43266,Customer
43268,Customer
43271,Customer
43272,Customer
43275,Customer
43276,Customer
43277,Customer
43280,Customer
43281,Customer
43283,Customer
43284,Customer
43285,Customer
43286,Customer
43287,Customer
43288,Customer
43290,Customer
43291,Customer
43294,Customer
43296,Customer
43297,Customer
43299,Customer
43300,Customer
43301,Customer
43303,Customer
43305,Customer
43306,Customer
43307,Customer
43308,Customer
43309,Customer
43310,Customer
43311,Customer
43313,Customer
43314,Customer
43316,Customer
43317,Customer
43318,Customer
43320,Customer
43322,Customer
43323,Customer
43325,Customer
43326,Customer
43329,Customer
43330,Customer
43331,Customer
43333,Customer
43334,Customer
43335,Customer
43337,Customer
43338,Customer
43339,Customer
43340,Customer
43341,Customer
43342,Customer
43343,Customer
43344,Customer
43346,Customer
43347,Customer
43349,Customer
43350,Customer
43351,Customer
43352,Customer
43353,Customer
43354,Customer
43355,Customer
43356,Customer
43357,Customer
43358,Customer
43359,Customer
43360,Customer
43361,Customer
43362,Customer
43363,Customer
43364,Customer
43365,Customer
43366,Customer
43368,Customer
43369,Customer
43373,Customer
43374,Customer
43376,Customer
43378,Customer
43379,Customer
43381,Customer
43382,Customer
43383,Customer
43384,Customer
43386,Customer
43388,Customer
43389,Customer
43391,Customer
43392,Customer
43393,Customer
43396,Customer
43398,Customer
43399,Customer
43400,Customer
43402,Customer
43403,Customer
43404,Customer
43405,Customer
43406,Customer
43407,Customer
43408,Customer
43409,Customer
43410,Customer
43411,Customer
43412,Customer
43415,Customer
43416,Customer
43417,Customer
43418,Customer
43419,Customer
43421,Customer
43423,Customer
43424,Customer
43425,Customer
43426,Customer
43427,Customer
43428,Customer
43429,Customer
43430,Customer
43431,Customer
43432,Customer
43434,Customer
43435,Customer
43437,Customer
43438,Customer
43439,Customer
43440,Customer
43441,Customer
43442,Customer
43443,Customer
43445,Customer
43446,Customer
43447,Customer
43448,Customer
43449,Customer
43450,Customer
43451,Customer
43452,Customer
43454,Customer
43455,Customer
43457,Customer
43459,Customer
43460,Customer
43461,Customer
43462,Customer
43464,Customer
43465,Customer
43466,Customer
43467,Customer
43469,Customer
43470,Customer
43472,Customer
43473,Customer
43474,Customer
43475,Customer
43476,Customer
43477,Customer
43478,Customer
43482,Customer
43483,Customer
43484,Customer
43485,Customer
43486,Customer
43487,Customer
43488,Customer
43489,Customer
43490,Customer
43491,Customer
43492,Customer
43493,Customer
43494,Customer
43495,Customer
43496,Customer
43497,Customer
43498,Customer
43499,Customer
43500,Customer
43502,Customer
43503,Customer
43504,Customer
43505,Customer
43506,Customer
43507,Customer
43508,Customer
43509,Customer
43510,Customer
43512,Customer
43513,Customer
43515,Customer
43516,Customer
43517,Customer
43518,Customer
43519,Customer
43521,Customer
43524,Customer
43525,Customer
43526,Customer
43527,Customer
43528,Customer
43529,Customer
43530,Customer
43531,Customer
43532,Customer
43533,Customer
43535,Customer
43538,Customer
43540,Customer
43541,Customer
43542,Customer
43543,Customer
43544,Customer
43546,Customer
43547,Customer
43548,Customer
43550,Customer
43551,Customer
43552,Customer
43553,Customer
43554,Customer
43556,Customer
43557,Customer
43558,Customer
43560,Customer
43561,Customer
43562,Customer
43563,Customer
43564,Customer
43565,Customer
43566,Customer
43568,Customer
43570,Customer
43571,Customer
43572,Customer
43573,Customer
43575,Customer
43577,Customer
43580,Customer
43581,Customer
43582,Customer
43584,Customer
43586,Customer
43587,Customer
43588,Customer
43589,Customer
43593,Customer
43594,Customer
43595,Customer
43596,Customer
43597,Customer
43598,Customer
43599,Customer
43600,Customer
43602,Customer
43603,Customer
43604,Customer
43605,Customer
43606,Customer
43607,Customer
43608,Customer
43609,Customer
43610,Customer
43611,Customer
43612,Customer
43613,Customer
43614,Customer
43615,Customer
43616,Customer
43617,Customer
43618,Customer
43620,Customer
43621,Customer
43622,Customer
43623,Customer
43624,Customer
43627,Customer
43629,Customer
43630,Customer
43631,Customer
43634,Customer
43635,Customer
43636,Customer
43638,Customer
43639,Customer
43640,Customer
43641,Customer
43642,Customer
43643,Customer
43644,Customer
43645,Customer
43646,Customer
43647,Customer
43648,Customer
43649,Customer
43651,Customer
43652,Customer
43654,Customer
43655,Customer
43656,Customer
43658,Customer
43659,Customer
43660,Customer
43661,Customer
43664,Customer
43665,Customer
43667,Customer
43669,Customer
43671,Customer
43672,Customer
43673,Customer
43674,Customer
43675,Customer
43676,Customer
43677,Customer
43678,Customer
43679,Customer
43680,Customer
43681,Customer
43683,Customer
43684,Customer
43685,Customer
43686,Customer
43688,Customer
43689,Customer
43690,Customer
43693,Customer
43694,Customer
43696,Customer
43700,Customer
43701,Customer
43702,Customer
43703,Customer
43705,Customer
43706,Customer
43708,Customer
43709,Customer
43711,Customer
43714,Customer
43715,Customer
43717,Customer
43718,Customer
43719,Customer
43720,Customer
43722,Customer
43723,Customer
43724,Customer
43725,Customer
43726,Customer
43727,Customer
43728,Customer
43729,Customer
43730,Customer
43731,Customer
43732,Customer
43734,Customer
43735,Customer
43736,Customer
43738,Customer
43739,Customer
43740,Customer
43741,Customer
43742,Customer
43743,Customer
43747,Customer
43748,Customer
43749,Customer
43750,Customer
43751,Customer
43752,Customer
43753,Customer
43754,Customer
43755,Customer
43756,Customer
43757,Customer
43758,Customer
43760,Customer
43761,Customer
43762,Customer
43763,Customer
43764,Customer
43765,Customer
43766,Customer
43767,Customer
43768,Customer
43769,Customer
43770,Customer
43771,Customer
43772,Customer
43773,Customer
43774,Customer
43775,Customer
43777,Customer
43778,Customer
43779,Customer
43781,Customer
43782,Customer
43783,Customer
43784,Customer
43785,Customer
43786,Customer
43787,Customer
43788,Customer
43790,Customer
43791,Customer
43792,Customer
43793,Customer
43794,Customer
43795,Customer
43796,Customer
43797,Customer
43798,Customer
43800,Customer
43803,Customer
43804,Customer
43805,Customer
43806,Customer
43807,Customer
43808,Customer
43809,Customer
43810,Customer
43812,Customer
43814,Customer
43815,Customer
43816,Customer
43817,Customer
43818,Customer
43819,Customer
43820,Customer
43821,Customer
43822,Customer
43823,Customer
43824,Customer
43825,Customer
43826,Customer
43827,Customer
43828,Customer
43829,Customer
43830,Customer
43831,Customer
43832,Customer
43833,Customer
43834,Customer
43835,Customer
43836,Customer
43837,Customer
43838,Customer
43839,Customer
43840,Customer
43841,Customer
43842,Customer
43843,Customer
43844,Customer
43845,Customer
43846,Customer
43847,Customer
43848,Customer
43849,Customer
43850,Customer
43851,Customer
43852,Customer
43853,Customer
43854,Customer
43855,Customer
43857,Customer
43858,Customer
43859,Customer
43860,Customer
43861,Customer
43863,Customer
43864,Customer
43865,Customer
43867,Customer
43868,Customer
43869,Customer
43870,Customer
43872,Customer
43874,Customer
43875,Customer
43876,Customer
43878,Customer
43879,Customer
43880,Customer
43881,Customer
43883,Customer
43884,Customer
43885,Customer
43886,Customer
43887,Customer
43888,Customer
43889,Customer
43890,Customer
43891,Customer
43892,Customer
43893,Customer
43894,Customer
43895,Customer
43896,Customer
43897,Customer
43898,Customer
43900,Customer
43902,Customer
43903,Customer
43904,Customer
43906,Customer
43907,Customer
43908,Customer
43910,Customer
43912,Customer
43913,Customer
43915,Customer
43916,Customer
43917,Customer
43918,Customer
43919,Customer
43920,Customer
43921,Customer
43922,Customer
43923,Customer
43924,Customer
43925,Customer
43926,Customer
43927,Customer
43928,Customer
43931,Customer
43932,Customer
43934,Customer
43935,Customer
43936,Customer
43937,Customer
43938,Customer
43939,Customer
43940,Customer
43941,Customer
43942,Customer
43943,Customer
43944,Customer
43945,Customer
43946,Customer
43947,Customer
43948,Customer
43949,Customer
43950,Customer
43951,Customer
43952,Customer
43955,Customer
43956,Customer
43957,Customer
43958,Customer
43959,Customer
43960,Customer
43961,Customer
43963,Customer
43964,Customer
43965,Customer
43968,Customer
43969,Customer
43971,Customer
43972,Customer
43973,Customer
43974,Customer
43976,Customer
43977,Customer
43979,Customer
43980,Customer
43982,Customer
43983,Customer
43984,Customer
43985,Customer
43987,Customer
43988,Customer
43989,Customer
43992,Customer
43993,Customer
43994,Customer
43995,Customer
43997,Customer
43998,Customer
44000,Customer
44001,Customer
44003,Customer
44005,Customer
44006,Customer
44007,Customer
44008,Customer
44009,Customer
44010,Customer
44011,Customer
44012,Customer
44013,Customer
44014,Customer
44015,Customer
44016,Customer
44018,Customer
44019,Customer
44020,Customer
44021,Customer
44022,Customer
44023,Customer
44024,Customer
44025,Customer
44026,Customer
44027,Customer
44028,Customer
44029,Customer
44030,Customer
44031,Customer
44032,Customer
44034,Customer
44035,Customer
44036,Customer
44037,Customer
44038,Customer
44039,Customer
44040,Customer
44041,Customer
44042,Customer
44043,Customer
44044,Customer
44045,Customer
44046,Customer
44047,Customer
44048,Customer
44049,Customer
44051,Customer
44055,Customer
44056,Customer
44057,Customer
44058,Customer
44060,Customer
44061,Customer
44062,Customer
44064,Customer
44065,Customer
44066,Customer
44067,Customer
44068,Customer
44069,Customer
44070,Customer
44071,Customer
44072,Customer
44076,Customer
44077,Customer
44079,Customer
44080,Customer
44081,Customer
44082,Customer
44083,Customer
44085,Customer
44086,Customer
44088,Customer
44089,Customer
44090,Customer
44092,Customer
44093,Customer
44095,Customer
44096,Customer
44098,Customer
44099,Customer
44100,Customer
44101,Customer
44102,Customer
44104,Customer
44106,Customer
44107,Customer
44108,Customer
44109,Customer
44113,Customer
44114,Customer
44115,Customer
44116,Customer
44117,Customer
44118,Customer
44119,Customer
44122,Customer
44123,Customer
44124,Customer
44125,Customer
44126,Customer
44127,Customer
44129,Customer
44130,Customer
44131,Customer
44132,Customer
44136,Customer
44137,Customer
44138,Customer
44139,Customer
44140,Customer
44141,Customer
44142,Customer
44145,Customer
44147,Customer
44149,Customer
44150,Customer
44151,Customer
44152,Customer
44153,Customer
44156,Customer
44158,Customer
44159,Customer
44161,Customer
44162,Customer
44163,Customer
44164,Customer
44165,Customer
44166,Customer
44167,Customer
44168,Customer
44170,Customer
44171,Customer
44172,Customer
44174,Customer
44175,Customer
44176,Customer
44177,Customer
44178,Customer
44179,Customer
44180,Customer
44181,Customer
44182,Customer
44183,Customer
44184,Customer
44185,Customer
44188,Customer
44189,Customer
44190,Customer
44191,Customer
44192,Customer
44193,Customer
44194,Customer
44195,Customer
44200,Customer
44201,Customer
44202,Customer
44203,Customer
44205,Customer
44206,Customer
44207,Customer
44209,Customer
44210,Customer
44213,Customer
44214,Customer
44216,Customer
44217,Customer
44218,Customer
44219,Customer
44220,Customer
44221,Customer
44223,Customer
44224,Customer
44225,Customer
44226,Customer
44227,Customer
44228,Customer
44230,Customer
44231,Customer
44232,Customer
44233,Customer
44234,Customer
44235,Customer
44236,Customer
44238,Customer
44239,Customer
44240,Customer
44241,Customer
44242,Customer
44243,Customer
44244,Customer
44245,Customer
44246,Customer
44247,Customer
44248,Customer
44250,Customer
44251,Customer
44253,Customer
44254,Customer
44255,Customer
44256,Customer
44257,Customer
44259,Customer
44260,Customer
44261,Customer
44262,Customer
44263,Customer
44264,Customer
44265,Customer
44266,Customer
44267,Customer
44268,Customer
44269,Customer
44271,Customer
44272,Customer
44273,Customer
44274,Customer
44275,Customer
44276,Customer
44277,Customer
44278,Customer
44279,Customer
44280,Customer
44281,Customer
44282,Customer
44283,Customer
44284,Customer
44285,Customer
44286,Customer
44288,Customer
44290,Customer
44291,Customer
44293,Customer
44294,Customer
44295,Customer
44296,Customer
44297,Customer
44298,Customer
44299,Customer
44300,Customer
44301,Customer
44303,Customer
44304,Customer
44305,Customer
44306,Customer
44307,Customer
44308,Customer
44309,Customer
44310,Customer
44311,Customer
44312,Customer
44314,Customer
44315,Customer
44316,Customer
44317,Customer
44318,Customer
44319,Customer
44321,Customer
44322,Customer
44324,Customer
44325,Customer
44326,Customer
44327,Customer
44329,Customer
44330,Customer
44331,Customer
44333,Customer
44334,Customer
44335,Customer
44336,Customer
44337,Customer
44338,Customer
44339,Customer
44340,Customer
44342,Customer
44343,Customer
44344,Customer
44345,Customer
44347,Customer
44348,Customer
44349,Customer
44350,Customer
44352,Customer
44353,Customer
44355,Customer
44356,Customer
44357,Customer
44358,Customer
44359,Customer
44360,Customer
44364,Customer
44365,Customer
44366,Customer
44368,Customer
44369,Customer
44370,Customer
44371,Customer
44372,Customer
44373,Customer
44374,Customer
44375,Customer
44376,Customer
44378,Customer
44379,Customer
44381,Customer
44382,Customer
44385,Customer
44386,Customer
44388,Customer
44390,Customer
44391,Customer
44392,Customer
44393,Customer
44394,Customer
44395,Customer
44396,Customer
44397,Customer
44398,Customer
44399,Customer
44400,Customer
44401,Customer
44402,Customer
44403,Customer
44404,Customer
44405,Customer
44406,Customer
44407,Customer
44408,Customer
44410,Customer
44411,Customer
44412,Customer
44415,Customer
44418,Customer
44420,Customer
44421,Customer
44424,Customer
44425,Customer
44426,Customer
44427,Customer
44428,Customer
44429,Customer
44430,Customer
44431,Customer
44432,Customer
44434,Customer
44435,Customer
44436,Customer
44437,Customer
44438,Customer
44439,Customer
44440,Customer
44441,Customer
44442,Customer
44443,Customer
44444,Customer
44445,Customer
44446,Customer
44447,Customer
44449,Customer
44450,Customer
44451,Customer
44454,Customer
44455,Customer
44456,Customer
44457,Customer
44458,Customer
44459,Customer
44460,Customer
44462,Customer
44463,Customer
44465,Customer
44466,Customer
44467,Customer
44468,Customer
44469,Customer
44470,Customer
44471,Customer
44472,Customer
44473,Customer
44475,Customer
44476,Customer
44478,Customer
44479,Customer
44481,Customer
44483,Customer
44486,Customer
44487,Customer
44489,Customer
44490,Customer
44491,Customer
44492,Customer
44493,Customer
44494,Customer
44495,Customer
44496,Customer
44498,Customer
44499,Customer
44500,Customer
44501,Customer
44502,Customer
44504,Customer
44505,Customer
44506,Customer
44507,Customer
44508,Customer
44511,Customer
44513,Customer
44515,Customer
44516,Customer
44518,Customer
44519,Customer
44520,Customer
44521,Customer
44522,Customer
44523,Customer
44524,Customer
44525,Customer
44526,Customer
44528,Customer
44529,Customer
44530,Customer
44532,Customer
44533,Customer
44534,Customer
44536,Customer
44537,Customer
44538,Customer
44539,Customer
44540,Customer
44542,Customer
44543,Customer
44544,Customer
44545,Customer
44546,Customer
44547,Customer
44548,Customer
44549,Customer
44550,Customer
44551,Customer
44553,Customer
44554,Customer
44555,Customer
44556,Customer
44557,Customer
44558,Customer
44559,Customer
44560,Customer
44561,Customer
44562,Customer
44563,Customer
44564,Customer
44565,Customer
44566,Customer
44568,Customer
44569,Customer
44570,Customer
44571,Customer
44572,Customer
44573,Customer
44574,Customer
44575,Customer
44576,Customer
44577,Customer
44579,Customer
44580,Customer
44582,Customer
44583,Customer
44584,Customer
44585,Customer
44586,Customer
44587,Customer
44588,Customer
44589,Customer
44592,Customer
44593,Customer
44594,Customer
44595,Customer
44596,Customer
44597,Customer
44598,Customer
44599,Customer
44601,Customer
44602,Customer
44603,Customer
44604,Customer
44605,Customer
44607,Customer
44608,Customer
44611,Customer
44612,Customer
44613,Customer
44614,Customer
44615,Customer
44617,Customer
44618,Customer
44619,Customer
44621,Customer
44622,Customer
44623,Customer
44624,Customer
44625,Customer
44626,Customer
44627,Customer
44628,Customer
44629,Customer
44630,Customer
44631,Customer
44632,Customer
44633,Customer
44634,Customer
44635,Customer
44636,Customer
44638,Customer
44639,Customer
44640,Customer
44641,Customer
44642,Customer
44643,Customer
44644,Customer
44645,Customer
44648,Customer
44649,Customer
44651,Customer
44652,Customer
44653,Customer
44654,Customer
44655,Customer
44656,Customer
44657,Customer
44658,Customer
44659,Customer
44660,Customer
44661,Customer
44662,Customer
44663,Customer
44664,Customer
44665,Customer
44667,Customer
44668,Customer
44669,Customer
44670,Customer
44671,Customer
44673,Customer
44674,Customer
44675,Customer
44676,Customer
44677,Customer
44679,Customer
44680,Customer
44681,Customer
44683,Customer
44684,Customer
44686,Customer
44687,Customer
44688,Customer
44689,Customer
44693,Customer
44696,Customer
44697,Customer
44700,Customer
44701,Customer
44703,Customer
44704,Customer
44706,Customer
44707,Customer
44708,Customer
44709,Customer
44711,Customer
44712,Customer
44713,Customer
44714,Customer
44717,Customer
44718,Customer
44719,Customer
44722,Customer
44723,Customer
44724,Customer
44725,Customer
44726,Customer
44727,Customer
44729,Customer
44730,Customer
44731,Customer
44732,Customer
44735,Customer
44736,Customer
44738,Customer
44739,Customer
44740,Customer
44741,Customer
44742,Customer
44743,Customer
44744,Customer
44745,Customer
44747,Customer
44748,Customer
44749,Customer
44750,Customer
44751,Customer
44752,Customer
44753,Customer
44754,Customer
44755,Customer
44756,Customer
44758,Customer
44759,Customer
44760,Customer
44762,Customer
44763,Customer
44764,Customer
44766,Customer
44768,Customer
44769,Customer
44770,Customer
44771,Customer
44772,Customer
44773,Customer
44774,Customer
44777,Customer
44778,Customer
44779,Customer
44780,Customer
44781,Customer
