7,480,4,20.00,2026-05-13 01:13:21.1566667
32,385,4,20.00,2026-05-13 01:13:21.1933333
35,366,4,20.00,2026-05-13 01:13:21.2000000
83,182,4,20.00,2026-05-13 01:13:21.2600000
101,107,4,20.00,2026-05-13 01:13:21.2800000
223,583,4,20.00,2026-05-13 01:13:21.5800000
303,1278,4,20.00,2026-05-13 01:13:21.8100000
316,1218,4,20.00,2026-05-13 01:13:21.8300000
350,1073,4,20.00,2026-05-13 01:13:21.8733333
555,2230,4,20.00,2026-05-13 01:13:22.4433333
595,2085,4,20.00,2026-05-13 01:13:22.5200000
630,2940,4,20.00,2026-05-13 01:13:22.7800000
670,2767,4,20.00,2026-05-13 01:13:22.8400000
684,2710,4,20.00,2026-05-13 01:13:22.8666667
686,2698,4,20.00,2026-05-13 01:13:22.8700000
688,2684,4,20.00,2026-05-13 01:13:22.8733333
711,2585,4,20.00,2026-05-13 01:13:22.9100000
720,2548,4,20.00,2026-05-13 01:13:22.9233333
790,3267,4,20.00,2026-05-13 01:13:23.1866667
898,3846,4,20.00,2026-05-13 01:13:23.5100000
945,3669,4,20.00,2026-05-13 01:13:23.5866667
1005,4426,4,20.00,2026-05-13 01:13:23.8533333
1086,4076,4,20.00,2026-05-13 01:13:24.0066667
1105,4018,4,20.00,2026-05-13 01:13:24.0366667
1126,4947,4,20.00,2026-05-13 01:13:24.1833333
1151,4857,4,20.00,2026-05-13 01:13:24.2033333
1174,4785,4,20.00,2026-05-13 01:13:24.2166667
1229,4523,4,20.00,2026-05-13 01:13:24.2700000
1433,5688,4,20.00,2026-05-13 01:13:24.7166667
1529,6298,4,20.00,2026-05-13 01:13:24.9300000
1609,6971,4,20.00,2026-05-13 01:13:25.1533333
1612,6953,4,20.00,2026-05-13 01:13:25.1566667
1680,6707,4,20.00,2026-05-13 01:13:25.2033333
1697,6648,4,20.00,2026-05-13 01:13:25.2133333
1714,6545,4,20.00,2026-05-13 01:13:25.2433333
1826,7055,4,20.00,2026-05-13 01:13:25.5033333
1836,7017,4,20.00,2026-05-13 01:13:25.5100000
1902,7776,4,20.00,2026-05-13 01:13:25.7000000
1910,7741,4,20.00,2026-05-13 01:13:25.7066667
2015,8313,4,20.00,2026-05-13 01:13:25.9433333
2024,8272,4,20.00,2026-05-13 01:13:25.9533333
2133,8867,4,20.00,2026-05-13 01:13:26.1833333
2158,8790,4,20.00,2026-05-13 01:13:26.2000000
2162,8776,4,20.00,2026-05-13 01:13:26.2033333
2264,9346,4,20.00,2026-05-13 01:13:26.4433333
2295,9242,4,20.00,2026-05-13 01:13:26.4633333
2305,9203,4,20.00,2026-05-13 01:13:26.4700000
2319,9142,4,20.00,2026-05-13 01:13:26.4833333
2380,9941,4,20.00,2026-05-13 01:13:26.6766667
2501,10462,4,20.00,2026-05-13 01:13:26.9166667
2654,10854,4,20.00,2026-05-13 01:13:27.1800000
2710,10615,4,20.00,2026-05-13 01:13:27.2400000
2734,10506,4,20.00,2026-05-13 01:13:27.2600000
2812,11158,4,20.00,2026-05-13 01:13:27.4666667
2817,11122,4,20.00,2026-05-13 01:13:27.4733333
2824,11093,4,20.00,2026-05-13 01:13:27.4800000
2852,11994,4,20.00,2026-05-13 01:13:27.6400000
2908,11749,4,20.00,2026-05-13 01:13:27.6866667
3011,12408,4,20.00,2026-05-13 01:13:27.9000000
3061,12198,4,20.00,2026-05-13 01:13:27.9400000
3069,12144,4,20.00,2026-05-13 01:13:27.9500000
3086,12066,4,20.00,2026-05-13 01:13:27.9666667
3116,12911,4,20.00,2026-05-13 01:13:28.1500000
3206,12614,4,20.00,2026-05-13 01:13:28.2100000
3312,13201,4,20.00,2026-05-13 01:13:28.4266667
3316,13192,4,20.00,2026-05-13 01:13:28.4300000
3455,13617,4,20.00,2026-05-13 01:13:28.6833333
3477,13544,4,20.00,2026-05-13 01:13:28.6966667
3485,14493,4,20.00,2026-05-13 01:13:28.8600000
3490,14474,4,20.00,2026-05-13 01:13:28.8633333
3506,14406,4,20.00,2026-05-13 01:13:28.9100000
3544,14255,4,20.00,2026-05-13 01:13:28.9433333
3633,14858,4,20.00,2026-05-13 01:13:29.1933333
3650,14806,4,20.00,2026-05-13 01:13:29.2033333
3666,14746,4,20.00,2026-05-13 01:13:29.2133333
3728,14534,4,20.00,2026-05-13 01:13:29.2600000
3756,15423,4,20.00,2026-05-13 01:13:29.4166667
3807,15200,4,20.00,2026-05-13 01:13:29.4700000
3828,15104,4,20.00,2026-05-13 01:13:29.4900000
3851,15033,4,20.00,2026-05-13 01:13:29.5033333
3893,15869,4,20.00,2026-05-13 01:13:29.6966667
3995,16477,4,20.00,2026-05-13 01:13:29.9133333
4000,16451,4,20.00,2026-05-13 01:13:29.9166667
4090,16060,4,20.00,2026-05-13 01:13:30.0000000
4116,16933,4,20.00,2026-05-13 01:13:30.1866667
4159,16761,4,20.00,2026-05-13 01:13:30.2200000
4165,16736,4,20.00,2026-05-13 01:13:30.2233333
4217,17487,4,20.00,2026-05-13 01:13:30.4200000
4279,17230,4,20.00,2026-05-13 01:13:30.4733333
4384,17788,4,20.00,2026-05-13 01:13:30.6966667
4410,17705,4,20.00,2026-05-13 01:13:30.7100000
4432,17626,4,20.00,2026-05-13 01:13:30.7266667
4435,17617,4,20.00,2026-05-13 01:13:30.7300000
4551,18136,4,20.00,2026-05-13 01:13:30.9733333
4612,18947,4,20.00,2026-05-13 01:13:31.1900000
4681,18671,4,20.00,2026-05-13 01:13:31.2433333
4787,19242,4,20.00,2026-05-13 01:13:31.4700000
4797,19221,4,20.00,2026-05-13 01:13:31.4733333
4843,19037,4,20.00,2026-05-13 01:13:31.5100000
4854,19981,4,20.00,2026-05-13 01:13:31.6633333
5023,20311,4,20.00,2026-05-13 01:13:31.9533333
5029,20298,4,20.00,2026-05-13 01:13:31.9566667
5046,20209,4,20.00,2026-05-13 01:13:31.9700000
5078,20086,4,20.00,2026-05-13 01:13:31.9933333
5256,21334,4,20.00,2026-05-13 01:13:32.4533333
5292,21185,4,20.00,2026-05-13 01:13:32.4833333
5603,22885,4,20.00,2026-05-13 01:13:33.1633333
5654,22644,4,20.00,2026-05-13 01:13:33.2100000
5661,22616,4,20.00,2026-05-13 01:13:33.2166667
5738,23330,4,20.00,2026-05-13 01:13:33.4066667
5980,24286,4,20.00,2026-05-13 01:13:34.0600000
6001,24222,4,20.00,2026-05-13 01:13:34.0733333
6004,24212,4,20.00,2026-05-13 01:13:34.0733333
6011,24190,4,20.00,2026-05-13 01:13:34.0800000
6038,24076,4,20.00,2026-05-13 01:13:34.1000000
6177,24511,4,20.00,2026-05-13 01:13:34.3500000
6185,25481,4,20.00,2026-05-13 01:13:34.4900000
6197,25431,4,20.00,2026-05-13 01:13:34.5000000
6203,25408,4,20.00,2026-05-13 01:13:34.5033333
6272,25140,4,20.00,2026-05-13 01:13:34.5533333
6280,25118,4,20.00,2026-05-13 01:13:34.5600000
6329,25926,4,20.00,2026-05-13 01:13:34.7366667
6358,25813,4,20.00,2026-05-13 01:13:34.7600000
6456,26376,4,20.00,2026-05-13 01:13:34.9833333
6500,26237,4,20.00,2026-05-13 01:13:35.0166667
6577,26923,4,20.00,2026-05-13 01:13:35.2100000
6610,26781,4,20.00,2026-05-13 01:13:35.2400000
6611,26777,4,20.00,2026-05-13 01:13:35.2400000
6651,26620,4,20.00,2026-05-13 01:13:35.2800000
6667,26536,4,20.00,2026-05-13 01:13:35.2966667
6735,27216,4,20.00,2026-05-13 01:13:35.4933333
6822,27854,4,20.00,2026-05-13 01:13:35.7100000
6875,27617,4,20.00,2026-05-13 01:13:35.7533333
6880,27603,4,20.00,2026-05-13 01:13:35.7533333
6910,28483,4,20.00,2026-05-13 01:13:35.9300000
6984,28204,4,20.00,2026-05-13 01:13:35.9833333
7083,28799,4,20.00,2026-05-13 01:13:36.2100000
7182,29412,4,20.00,2026-05-13 01:13:36.4266667
7259,29062,4,20.00,2026-05-13 01:13:36.4900000
7288,29905,4,20.00,2026-05-13 01:13:36.6666667
7303,29830,4,20.00,2026-05-13 01:13:36.6800000
7351,29653,4,20.00,2026-05-13 01:13:36.7133333
7460,30197,4,20.00,2026-05-13 01:13:36.9400000
7521,30946,4,20.00,2026-05-13 01:13:37.1233333
7610,30567,4,20.00,2026-05-13 01:13:37.1966667
7625,30508,4,20.00,2026-05-13 01:13:37.2100000
7753,31014,4,20.00,2026-05-13 01:13:37.4433333
7853,31647,4,20.00,2026-05-13 01:13:37.6666667
7892,31511,4,20.00,2026-05-13 01:13:37.6966667
7922,32381,4,20.00,2026-05-13 01:13:37.8800000
7949,32288,4,20.00,2026-05-13 01:13:37.8966667
7982,32151,4,20.00,2026-05-13 01:13:37.9233333
7985,32137,4,20.00,2026-05-13 01:13:37.9266667
8014,32998,4,20.00,2026-05-13 01:13:38.0933333
8030,32929,4,20.00,2026-05-13 01:13:38.1066667
8041,32891,4,20.00,2026-05-13 01:13:38.1166667
8050,32856,4,20.00,2026-05-13 01:13:38.1200000
8091,32721,4,20.00,2026-05-13 01:13:38.1500000
8096,32685,4,20.00,2026-05-13 01:13:38.1566667
8099,32660,4,20.00,2026-05-13 01:13:38.1600000
8189,33288,4,20.00,2026-05-13 01:13:38.3666667
8214,33172,4,20.00,2026-05-13 01:13:38.3900000
8223,33130,4,20.00,2026-05-13 01:13:38.3966667
8320,33799,4,20.00,2026-05-13 01:13:38.6033333
8425,34401,4,20.00,2026-05-13 01:13:38.8333333
8487,34081,4,20.00,2026-05-13 01:13:38.9100000
8557,34852,4,20.00,2026-05-13 01:13:39.1033333
8586,34710,4,20.00,2026-05-13 01:13:39.1333333
8711,35283,4,20.00,2026-05-13 01:13:39.3500000
8748,35128,4,20.00,2026-05-13 01:13:39.3800000
8756,35092,4,20.00,2026-05-13 01:13:39.3866667
8814,35874,4,20.00,2026-05-13 01:13:39.5666667
8857,35662,4,20.00,2026-05-13 01:13:39.6066667
8881,35573,4,20.00,2026-05-13 01:13:39.6233333
8883,35570,4,20.00,2026-05-13 01:13:39.6233333
8919,36425,4,20.00,2026-05-13 01:13:39.7933333
8933,36364,4,20.00,2026-05-13 01:13:39.8066667
9010,36033,4,20.00,2026-05-13 01:13:39.9000000
9034,36905,4,20.00,2026-05-13 01:13:40.0966667
9047,36853,4,20.00,2026-05-13 01:13:40.1066667
9096,36640,4,20.00,2026-05-13 01:13:40.1500000
9155,37372,4,20.00,2026-05-13 01:13:40.3466667
9224,37077,4,20.00,2026-05-13 01:13:40.4033333
9305,37744,4,20.00,2026-05-13 01:13:40.6066667
9378,38465,4,20.00,2026-05-13 01:13:40.8033333
9420,38278,4,20.00,2026-05-13 01:13:40.8400000
9436,38225,4,20.00,2026-05-13 01:13:40.8533333
9466,38106,4,20.00,2026-05-13 01:13:40.8766667
9493,39000,4,20.00,2026-05-13 01:13:41.0433333
9534,38812,4,20.00,2026-05-13 01:13:41.0800000
9575,38649,4,20.00,2026-05-13 01:13:41.1133333
9587,38617,4,20.00,2026-05-13 01:13:41.1200000
9591,38612,4,20.00,2026-05-13 01:13:41.1233333
9669,39257,4,20.00,2026-05-13 01:13:41.3300000
9735,39994,4,20.00,2026-05-13 01:13:41.5200000
9785,39816,4,20.00,2026-05-13 01:13:41.5566667
9814,39712,4,20.00,2026-05-13 01:13:41.5766667
9843,39591,4,20.00,2026-05-13 01:13:41.6000000
9844,39578,4,20.00,2026-05-13 01:13:41.6000000
9883,40420,4,20.00,2026-05-13 01:13:41.7733333
9886,40414,4,20.00,2026-05-13 01:13:41.7733333
9944,40204,4,20.00,2026-05-13 01:13:41.8166667
10003,40961,4,20.00,2026-05-13 01:13:42.0000000
10100,40524,4,20.00,2026-05-13 01:13:42.0833333
10185,41195,4,20.00,2026-05-13 01:13:42.2800000
10186,41190,4,20.00,2026-05-13 01:13:42.2833333
10222,41081,4,20.00,2026-05-13 01:13:42.3033333
10285,41853,4,20.00,2026-05-13 01:13:42.4933333
10308,41745,4,20.00,2026-05-13 01:13:42.5133333
10387,42445,4,20.00,2026-05-13 01:13:42.7200000
10413,42332,4,20.00,2026-05-13 01:13:42.7500000
10437,42235,4,20.00,2026-05-13 01:13:42.7700000
10438,42232,4,20.00,2026-05-13 01:13:42.7700000
10468,42146,4,20.00,2026-05-13 01:13:42.7866667
10500,42967,4,20.00,2026-05-13 01:13:42.9600000
10576,42629,4,20.00,2026-05-13 01:13:43.0233333
10592,42565,4,20.00,2026-05-13 01:13:43.0366667
10606,42503,4,20.00,2026-05-13 01:13:43.0466667
10750,43971,4,20.00,2026-05-13 01:13:43.4333333
10764,43915,4,20.00,2026-05-13 01:13:43.4466667
10771,43878,4,20.00,2026-05-13 01:13:43.4533333
10773,43876,4,20.00,2026-05-13 01:13:43.4566667
10816,43720,4,20.00,2026-05-13 01:13:43.4900000
10872,44477,4,20.00,2026-05-13 01:13:43.6800000
10889,44392,4,20.00,2026-05-13 01:13:43.6933333
10956,44158,4,20.00,2026-05-13 01:13:43.7400000
10992,44993,4,20.00,2026-05-13 01:13:43.9133333
11013,44916,4,20.00,2026-05-13 01:13:43.9266667
11115,44504,4,20.00,2026-05-13 01:13:44.0066667
11233,45975,4,20.00,2026-05-13 01:13:44.3866667
11382,46319,4,20.00,2026-05-13 01:13:44.6433333
11419,46193,4,20.00,2026-05-13 01:13:44.6700000
11421,46178,4,20.00,2026-05-13 01:13:44.6700000
11474,46959,4,20.00,2026-05-13 01:13:44.8500000
11480,46937,4,20.00,2026-05-13 01:13:44.8533333
11526,46753,4,20.00,2026-05-13 01:13:44.8866667
11536,46712,4,20.00,2026-05-13 01:13:44.8933333
11606,47461,4,20.00,2026-05-13 01:13:45.0800000
11640,47359,4,20.00,2026-05-13 01:13:45.1000000
11722,47049,4,20.00,2026-05-13 01:13:45.4266667
11726,47029,4,20.00,2026-05-13 01:13:45.4400000
11746,47941,4,20.00,2026-05-13 01:13:45.7200000
11775,47824,4,20.00,2026-05-13 01:13:45.7400000
11822,47609,4,20.00,2026-05-13 01:13:45.7800000
11827,47583,4,20.00,2026-05-13 01:13:45.7866667
11986,48932,4,20.00,2026-05-13 01:13:46.3533333
12011,48841,4,20.00,2026-05-13 01:13:46.3700000
12050,48683,4,20.00,2026-05-13 01:13:46.4033333
12102,49498,4,20.00,2026-05-13 01:13:46.5933333
12142,49331,4,20.00,2026-05-13 01:13:46.6266667
12178,49192,4,20.00,2026-05-13 01:13:46.6533333
12180,49180,4,20.00,2026-05-13 01:13:46.6566667
12196,49115,4,20.00,2026-05-13 01:13:46.6700000
12310,49689,4,20.00,2026-05-13 01:13:46.9000000
12359,50462,4,20.00,2026-05-13 01:13:47.0900000
12374,50401,4,20.00,2026-05-13 01:13:47.1000000
12383,50345,4,20.00,2026-05-13 01:13:47.1100000
12418,50239,4,20.00,2026-05-13 01:13:47.1300000
12437,50168,4,20.00,2026-05-13 01:13:47.1433333
12459,50076,4,20.00,2026-05-13 01:13:47.1600000
12554,50650,4,20.00,2026-05-13 01:13:47.3800000
12562,50629,4,20.00,2026-05-13 01:13:47.3833333
12631,51333,4,20.00,2026-05-13 01:13:47.5800000
12635,51322,4,20.00,2026-05-13 01:13:47.5800000
12660,51220,4,20.00,2026-05-13 01:13:47.6000000
12696,51077,4,20.00,2026-05-13 01:13:47.6300000
12772,51783,4,20.00,2026-05-13 01:13:47.8366667
12807,51662,4,20.00,2026-05-13 01:13:47.8600000
12878,52400,4,20.00,2026-05-13 01:13:48.0500000
12888,52356,4,20.00,2026-05-13 01:13:48.0566667
12904,52285,4,20.00,2026-05-13 01:13:48.0700000
12960,52037,4,20.00,2026-05-13 01:13:48.1200000
13065,52664,4,20.00,2026-05-13 01:13:48.3366667
13113,53470,4,20.00,2026-05-13 01:13:48.5100000
13131,53397,4,20.00,2026-05-13 01:13:48.5266667
13137,53369,4,20.00,2026-05-13 01:13:48.5300000
13167,53253,4,20.00,2026-05-13 01:13:48.5533333
13214,53079,4,20.00,2026-05-13 01:13:48.5866667
13350,53564,4,20.00,2026-05-13 01:13:48.8233333
13356,53534,4,20.00,2026-05-13 01:13:48.8300000
13367,54499,4,20.00,2026-05-13 01:13:48.9733333
13453,54131,4,20.00,2026-05-13 01:13:49.0400000
13607,55456,4,20.00,2026-05-13 01:13:49.4433333
13803,55678,4,20.00,2026-05-13 01:13:49.7400000
13819,55631,4,20.00,2026-05-13 01:13:49.7500000
13839,55554,4,20.00,2026-05-13 01:13:49.7633333
13871,56415,4,20.00,2026-05-13 01:13:49.9366667
13874,56409,4,20.00,2026-05-13 01:13:49.9366667
13913,56294,4,20.00,2026-05-13 01:13:49.9600000
13927,56241,4,20.00,2026-05-13 01:13:49.9700000
13944,56165,4,20.00,2026-05-13 01:13:49.9833333
13948,56133,4,20.00,2026-05-13 01:13:49.9900000
13985,56995,4,20.00,2026-05-13 01:13:50.1933333
13995,56962,4,20.00,2026-05-13 01:13:50.2000000
14030,56798,4,20.00,2026-05-13 01:13:50.2333333
14126,57287,4,20.00,2026-05-13 01:13:50.4700000
14178,57061,4,20.00,2026-05-13 01:13:50.5133333
14226,57862,4,20.00,2026-05-13 01:13:50.7000000
14231,57836,4,20.00,2026-05-13 01:13:50.7033333
14375,58233,4,20.00,2026-05-13 01:13:50.9733333
14619,59235,4,20.00,2026-05-13 01:13:51.4466667
14741,59745,4,20.00,2026-05-13 01:13:51.6766667
14798,59503,4,20.00,2026-05-13 01:13:51.7233333
14844,60321,4,20.00,2026-05-13 01:13:51.8900000
14876,60211,4,20.00,2026-05-13 01:13:51.9100000
14889,60160,4,20.00,2026-05-13 01:13:51.9200000
14963,60884,4,20.00,2026-05-13 01:13:52.1200000
14964,60883,4,20.00,2026-05-13 01:13:52.1200000
15093,61364,4,20.00,2026-05-13 01:13:52.3766667
15118,61227,4,20.00,2026-05-13 01:13:52.4000000
15135,61178,4,20.00,2026-05-13 01:13:52.4100000
15143,61152,4,20.00,2026-05-13 01:13:52.4133333
15150,61113,4,20.00,2026-05-13 01:13:52.4200000
15154,61105,4,20.00,2026-05-13 01:13:52.4233333
15164,61079,4,20.00,2026-05-13 01:13:52.4300000
15290,61597,4,20.00,2026-05-13 01:13:52.6866667
15363,62271,4,20.00,2026-05-13 01:13:52.8966667
15381,62199,4,20.00,2026-05-13 01:13:52.9100000
15428,62954,4,20.00,2026-05-13 01:13:53.0933333
15528,62562,4,20.00,2026-05-13 01:13:53.1700000
15534,62543,4,20.00,2026-05-13 01:13:53.1733333
15554,63446,4,20.00,2026-05-13 01:13:53.3300000
15565,63395,4,20.00,2026-05-13 01:13:53.3400000
15611,63223,4,20.00,2026-05-13 01:13:53.3733333
15694,63942,4,20.00,2026-05-13 01:13:53.5733333
15752,63718,4,20.00,2026-05-13 01:13:53.6166667
15789,63569,4,20.00,2026-05-13 01:13:53.6433333
15807,63510,4,20.00,2026-05-13 01:13:53.6566667
15867,64243,4,20.00,2026-05-13 01:13:53.8566667
15885,64169,4,20.00,2026-05-13 01:13:53.8700000
15929,64023,4,20.00,2026-05-13 01:13:53.8966667
15941,64979,4,20.00,2026-05-13 01:13:54.0500000
15962,64877,4,20.00,2026-05-13 01:13:54.0700000
16023,64629,4,20.00,2026-05-13 01:13:54.1166667
16031,64590,4,20.00,2026-05-13 01:13:54.1233333
16062,65464,4,20.00,2026-05-13 01:13:54.3200000
16072,65407,4,20.00,2026-05-13 01:13:54.3333333
16078,65389,4,20.00,2026-05-13 01:13:54.3566667
16089,65349,4,20.00,2026-05-13 01:13:54.3666667
16105,65296,4,20.00,2026-05-13 01:13:54.3800000
16120,65256,4,20.00,2026-05-13 01:13:54.3866667
16276,65596,4,20.00,2026-05-13 01:13:54.6600000
16290,65549,4,20.00,2026-05-13 01:13:54.6666667
16293,65539,4,20.00,2026-05-13 01:13:54.6700000
16301,66499,4,20.00,2026-05-13 01:13:54.8166667
16325,66401,4,20.00,2026-05-13 01:13:54.8333333
16327,66398,4,20.00,2026-05-13 01:13:54.8366667
16349,66293,4,20.00,2026-05-13 01:13:54.8566667
16351,66288,4,20.00,2026-05-13 01:13:54.8566667
16404,66059,4,20.00,2026-05-13 01:13:54.9033333
16406,66049,4,20.00,2026-05-13 01:13:54.9033333
16676,67999,4,20.00,2026-05-13 01:13:55.5300000
16734,67726,4,20.00,2026-05-13 01:13:55.5833333
16740,67707,4,20.00,2026-05-13 01:13:55.5866667
16748,67688,4,20.00,2026-05-13 01:13:55.5900000
16765,67615,4,20.00,2026-05-13 01:13:55.6033333
16835,68343,4,20.00,2026-05-13 01:13:55.8100000
16863,68224,4,20.00,2026-05-13 01:13:55.8333333
16900,68097,4,20.00,2026-05-13 01:13:55.8566667
16939,68981,4,20.00,2026-05-13 01:13:56.0166667
16987,68793,4,20.00,2026-05-13 01:13:56.0533333
17079,69393,4,20.00,2026-05-13 01:13:56.2633333
17094,69314,4,20.00,2026-05-13 01:13:56.2800000
17175,69994,4,20.00,2026-05-13 01:13:56.4833333
17250,69681,4,20.00,2026-05-13 01:13:56.5433333
17430,70882,4,20.00,2026-05-13 01:13:56.9700000
17484,70633,4,20.00,2026-05-13 01:13:57.0166667
17615,71163,4,20.00,2026-05-13 01:13:57.2400000
17742,71654,4,20.00,2026-05-13 01:13:57.4866667
17747,71641,4,20.00,2026-05-13 01:13:57.4900000
17876,72122,4,20.00,2026-05-13 01:13:57.7266667
17886,72086,4,20.00,2026-05-13 01:13:57.7333333
17946,72861,4,20.00,2026-05-13 01:13:58.0066667
18025,72572,4,20.00,2026-05-13 01:13:58.0633333
18049,73486,4,20.00,2026-05-13 01:13:58.2166667
18071,73419,4,20.00,2026-05-13 01:13:58.2300000
18198,73971,4,20.00,2026-05-13 01:13:58.5300000
18235,73844,4,20.00,2026-05-13 01:13:58.6066667
18304,73541,4,20.00,2026-05-13 01:13:58.6866667
18353,74298,4,20.00,2026-05-13 01:13:58.8800000
18446,74908,4,20.00,2026-05-13 01:13:59.1000000
18461,74852,4,20.00,2026-05-13 01:13:59.1100000
18486,74731,4,20.00,2026-05-13 01:13:59.1333333
18541,75488,4,20.00,2026-05-13 01:13:59.3166667
18542,75483,4,20.00,2026-05-13 01:13:59.3166667
18546,75463,4,20.00,2026-05-13 01:13:59.3200000
18565,75399,4,20.00,2026-05-13 01:13:59.3333333
18632,75080,4,20.00,2026-05-13 01:13:59.3900000
18658,75011,4,20.00,2026-05-13 01:13:59.4066667
18690,75898,4,20.00,2026-05-13 01:13:59.5933333
18724,75766,4,20.00,2026-05-13 01:13:59.6166667
18797,76474,4,20.00,2026-05-13 01:13:59.8233333
18871,76185,4,20.00,2026-05-13 01:13:59.8800000
18908,76071,4,20.00,2026-05-13 01:13:59.9000000
18923,77000,4,20.00,2026-05-13 01:14:00.0633333
18949,76891,4,20.00,2026-05-13 01:14:00.0833333
19025,76580,4,20.00,2026-05-13 01:14:00.1433333
19100,77278,4,20.00,2026-05-13 01:14:00.3666667
19183,77965,4,20.00,2026-05-13 01:14:00.5900000
19255,77707,4,20.00,2026-05-13 01:14:00.6400000
19282,77568,4,20.00,2026-05-13 01:14:00.6666667
19372,78202,4,20.00,2026-05-13 01:14:00.8866667
19381,78164,4,20.00,2026-05-13 01:14:00.8933333
19386,78145,4,20.00,2026-05-13 01:14:00.8966667
19448,78917,4,20.00,2026-05-13 01:14:01.0833333
19493,78701,4,20.00,2026-05-13 01:14:01.1233333
19514,78622,4,20.00,2026-05-13 01:14:01.1400000
19559,79459,4,20.00,2026-05-13 01:14:01.3200000
19582,79386,4,20.00,2026-05-13 01:14:01.3333333
19609,79298,4,20.00,2026-05-13 01:14:01.3500000
19658,79153,4,20.00,2026-05-13 01:14:01.3766667
19674,79097,4,20.00,2026-05-13 01:14:01.3866667
19708,79973,4,20.00,2026-05-13 01:14:01.5600000
19760,79738,4,20.00,2026-05-13 01:14:01.6166667
19764,79729,4,20.00,2026-05-13 01:14:01.6200000
19856,80357,4,20.00,2026-05-13 01:14:01.8400000
19895,80209,4,20.00,2026-05-13 01:14:01.8700000
19997,80803,4,20.00,2026-05-13 01:14:02.0900000
20012,80718,4,20.00,2026-05-13 01:14:02.1066667
20161,81198,4,20.00,2026-05-13 01:14:02.3666667
20176,81144,4,20.00,2026-05-13 01:14:02.3766667
20404,82166,4,20.00,2026-05-13 01:14:03.0033333
20428,82034,4,20.00,2026-05-13 01:14:03.0500000
20500,82775,4,20.00,2026-05-13 01:14:03.3266667
20543,82619,4,20.00,2026-05-13 01:14:03.3600000
20645,83283,4,20.00,2026-05-13 01:14:03.5800000
20755,83807,4,20.00,2026-05-13 01:14:03.8166667
20771,83713,4,20.00,2026-05-13 01:14:03.8333333
20776,83693,4,20.00,2026-05-13 01:14:03.8366667
20791,83636,4,20.00,2026-05-13 01:14:03.8466667
20794,83624,4,20.00,2026-05-13 01:14:03.8500000
20800,83596,4,20.00,2026-05-13 01:14:03.8533333
20854,84384,4,20.00,2026-05-13 01:14:04.0600000
20860,84358,4,20.00,2026-05-13 01:14:04.0633333
20895,84198,4,20.00,2026-05-13 01:14:04.0933333
20937,84992,4,20.00,2026-05-13 01:14:04.3433333
21031,84626,4,20.00,2026-05-13 01:14:04.4200000
21072,85437,4,20.00,2026-05-13 01:14:04.6000000
21074,85430,4,20.00,2026-05-13 01:14:04.6000000
21145,85138,4,20.00,2026-05-13 01:14:04.6566667
21173,85039,4,20.00,2026-05-13 01:14:04.6766667
21196,85958,4,20.00,2026-05-13 01:14:04.8466667
21205,85937,4,20.00,2026-05-13 01:14:04.8500000
21266,85709,4,20.00,2026-05-13 01:14:04.8966667
21292,85609,4,20.00,2026-05-13 01:14:04.9133333
21310,85539,4,20.00,2026-05-13 01:14:04.9300000
21319,86499,4,20.00,2026-05-13 01:14:05.0900000
21337,86414,4,20.00,2026-05-13 01:14:05.1066667
21403,86135,4,20.00,2026-05-13 01:14:05.1600000
21434,86971,4,20.00,2026-05-13 01:14:05.3400000
21448,86932,4,20.00,2026-05-13 01:14:05.3500000
21469,86840,4,20.00,2026-05-13 01:14:05.3666667
21525,86602,4,20.00,2026-05-13 01:14:05.4133333
21586,87377,4,20.00,2026-05-13 01:14:05.5900000
21599,87338,4,20.00,2026-05-13 01:14:05.5966667
21617,87268,4,20.00,2026-05-13 01:14:05.6100000
21656,87103,4,20.00,2026-05-13 01:14:05.6500000
21686,87975,4,20.00,2026-05-13 01:14:05.8200000
21735,87787,4,20.00,2026-05-13 01:14:05.8533333
21882,88250,4,20.00,2026-05-13 01:14:06.1100000
21989,88745,4,20.00,2026-05-13 01:14:06.3366667
22005,88690,4,20.00,2026-05-13 01:14:06.3466667
22009,88670,4,20.00,2026-05-13 01:14:06.3500000
22044,88520,4,20.00,2026-05-13 01:14:06.3800000
22076,89354,4,20.00,2026-05-13 01:14:06.5633333
22127,89146,4,20.00,2026-05-13 01:14:06.6033333
22153,89042,4,20.00,2026-05-13 01:14:06.6233333
22182,89930,4,20.00,2026-05-13 01:14:06.8466667
22186,89923,4,20.00,2026-05-13 01:14:06.8500000
22317,90414,4,20.00,2026-05-13 01:14:07.1433333
22348,90297,4,20.00,2026-05-13 01:14:07.1666667
22391,90102,4,20.00,2026-05-13 01:14:07.2066667
22395,90086,4,20.00,2026-05-13 01:14:07.2100000
22420,90988,4,20.00,2026-05-13 01:14:07.3766667
22436,90925,4,20.00,2026-05-13 01:14:07.3900000
22442,90907,4,20.00,2026-05-13 01:14:07.3933333
22457,90840,4,20.00,2026-05-13 01:14:07.4066667
22462,90809,4,20.00,2026-05-13 01:14:07.4133333
22493,90669,4,20.00,2026-05-13 01:14:07.4400000
22512,90583,4,20.00,2026-05-13 01:14:07.4566667
22551,91449,4,20.00,2026-05-13 01:14:07.6166667
22554,91442,4,20.00,2026-05-13 01:14:07.6200000
22603,91224,4,20.00,2026-05-13 01:14:07.6600000
22657,91022,4,20.00,2026-05-13 01:14:07.7000000
22691,91884,4,20.00,2026-05-13 01:14:07.8633333
22749,91679,4,20.00,2026-05-13 01:14:07.9033333
22756,91648,4,20.00,2026-05-13 01:14:07.9100000
22762,91620,4,20.00,2026-05-13 01:14:07.9133333
22778,91565,4,20.00,2026-05-13 01:14:07.9233333
22798,92490,4,20.00,2026-05-13 01:14:08.0866667
22822,92415,4,20.00,2026-05-13 01:14:08.1000000
22841,92346,4,20.00,2026-05-13 01:14:08.1133333
22866,92213,4,20.00,2026-05-13 01:14:08.1400000
22881,92170,4,20.00,2026-05-13 01:14:08.1466667
23010,92693,4,20.00,2026-05-13 01:14:08.3966667
23026,92638,4,20.00,2026-05-13 01:14:08.4100000
23143,93175,4,20.00,2026-05-13 01:14:08.6733333
23147,93160,4,20.00,2026-05-13 01:14:08.6766667
23277,93571,4,20.00,2026-05-13 01:14:08.9300000
23279,93568,4,20.00,2026-05-13 01:14:08.9300000
23323,94398,4,20.00,2026-05-13 01:14:09.0966667
23346,94336,4,20.00,2026-05-13 01:14:09.1100000
23359,94274,4,20.00,2026-05-13 01:14:09.1200000
23458,94869,4,20.00,2026-05-13 01:14:09.3333333
23497,94721,4,20.00,2026-05-13 01:14:09.3633333
23499,94717,4,20.00,2026-05-13 01:14:09.3633333
23533,94565,4,20.00,2026-05-13 01:14:09.3966667
23541,94528,4,20.00,2026-05-13 01:14:09.4033333
23553,95478,4,20.00,2026-05-13 01:14:09.5666667
23683,95869,4,20.00,2026-05-13 01:14:09.8233333
23737,95663,4,20.00,2026-05-13 01:14:09.8633333
23744,95636,4,20.00,2026-05-13 01:14:09.8700000
23826,96335,4,20.00,2026-05-13 01:14:10.0633333
23946,96851,4,20.00,2026-05-13 01:14:10.3333333
23960,96774,4,20.00,2026-05-13 01:14:10.3500000
24004,96598,4,20.00,2026-05-13 01:14:10.3900000
24026,96518,4,20.00,2026-05-13 01:14:10.4100000
24038,97474,4,20.00,2026-05-13 01:14:10.5800000
24070,97313,4,20.00,2026-05-13 01:14:10.6133333
24089,97236,4,20.00,2026-05-13 01:14:10.6266667
24175,97845,4,20.00,2026-05-13 01:14:10.8566667
24220,97677,4,20.00,2026-05-13 01:14:10.8966667
24253,97556,4,20.00,2026-05-13 01:14:10.9700000
24256,97533,4,20.00,2026-05-13 01:14:10.9766667
24258,97529,4,20.00,2026-05-13 01:14:10.9800000
24267,98494,4,20.00,2026-05-13 01:14:11.1366667
24371,98023,4,20.00,2026-05-13 01:14:11.2266667
24375,98007,4,20.00,2026-05-13 01:14:11.2300000
24418,98864,4,20.00,2026-05-13 01:14:11.4100000
24423,98839,4,20.00,2026-05-13 01:14:11.4133333
24425,98828,4,20.00,2026-05-13 01:14:11.4166667
24623,99046,4,20.00,2026-05-13 01:14:11.7600000
24666,99840,4,20.00,2026-05-13 01:14:11.9666667
24830,100163,4,20.00,2026-05-13 01:14:12.2633333
24833,100152,4,20.00,2026-05-13 01:14:12.2666667
24870,100998,4,20.00,2026-05-13 01:14:12.4600000
24939,100758,4,20.00,2026-05-13 01:14:12.5166667
24995,100555,4,20.00,2026-05-13 01:14:12.5633333
25018,101447,4,20.00,2026-05-13 01:14:12.7200000
25095,101134,4,20.00,2026-05-13 01:14:12.7800000
25280,102388,4,20.00,2026-05-13 01:14:13.1966667
25303,102304,4,20.00,2026-05-13 01:14:13.2100000
25411,102899,4,20.00,2026-05-13 01:14:13.4366667
25530,103399,4,20.00,2026-05-13 01:14:13.6633333
25551,103326,4,20.00,2026-05-13 01:14:13.6766667
25559,103294,4,20.00,2026-05-13 01:14:13.6833333
25565,103278,4,20.00,2026-05-13 01:14:13.6866667
25609,103126,4,20.00,2026-05-13 01:14:13.7133333
25700,103789,4,20.00,2026-05-13 01:14:13.9266667
25750,103583,4,20.00,2026-05-13 01:14:13.9666667
25801,104351,4,20.00,2026-05-13 01:14:14.1566667
25872,104094,4,20.00,2026-05-13 01:14:14.2066667
25944,104843,4,20.00,2026-05-13 01:14:14.3866667
25955,104814,4,20.00,2026-05-13 01:14:14.3933333
25963,104788,4,20.00,2026-05-13 01:14:14.4000000
26059,105441,4,20.00,2026-05-13 01:14:14.6333333
26061,105437,4,20.00,2026-05-13 01:14:14.6333333
26109,105211,4,20.00,2026-05-13 01:14:14.6833333
26181,105947,4,20.00,2026-05-13 01:14:14.9666667
26216,105817,4,20.00,2026-05-13 01:14:15.0000000
26243,105708,4,20.00,2026-05-13 01:14:15.0200000
26244,105703,4,20.00,2026-05-13 01:14:15.0200000
26301,106479,4,20.00,2026-05-13 01:14:15.2266667
26327,106400,4,20.00,2026-05-13 01:14:15.2433333
26365,106232,4,20.00,2026-05-13 01:14:15.2733333
26367,106226,4,20.00,2026-05-13 01:14:15.2766667
26383,106152,4,20.00,2026-05-13 01:14:15.2900000
26482,106756,4,20.00,2026-05-13 01:14:15.5266667
26530,106589,4,20.00,2026-05-13 01:14:15.5600000
26548,106525,4,20.00,2026-05-13 01:14:15.5700000
26557,107484,4,20.00,2026-05-13 01:14:15.7366667
26564,107456,4,20.00,2026-05-13 01:14:15.7433333
26602,107282,4,20.00,2026-05-13 01:14:15.7766667
26614,107227,4,20.00,2026-05-13 01:14:15.7866667
26658,107038,4,20.00,2026-05-13 01:14:15.8266667
26701,107853,4,20.00,2026-05-13 01:14:16.0266667
26735,107728,4,20.00,2026-05-13 01:14:16.0533333
26766,107578,4,20.00,2026-05-13 01:14:16.0800000
26803,108436,4,20.00,2026-05-13 01:14:16.2500000
26832,108277,4,20.00,2026-05-13 01:14:16.2800000
26846,108219,4,20.00,2026-05-13 01:14:16.2933333
26868,108104,4,20.00,2026-05-13 01:14:16.3166667
26880,108072,4,20.00,2026-05-13 01:14:16.3233333
26903,108989,4,20.00,2026-05-13 01:14:16.4900000
27002,108639,4,20.00,2026-05-13 01:14:16.5600000
27061,109431,4,20.00,2026-05-13 01:14:16.7466667
27083,109367,4,20.00,2026-05-13 01:14:16.7566667
27092,109342,4,20.00,2026-05-13 01:14:16.7633333
27105,109272,4,20.00,2026-05-13 01:14:16.7766667
27107,109262,4,20.00,2026-05-13 01:14:16.7766667
27125,109195,4,20.00,2026-05-13 01:14:16.7900000
27188,109902,4,20.00,2026-05-13 01:14:17.0033333
27228,109719,4,20.00,2026-05-13 01:14:17.0366667
27282,110478,4,20.00,2026-05-13 01:14:17.2200000
27346,110244,4,20.00,2026-05-13 01:14:17.2666667
27371,110130,4,20.00,2026-05-13 01:14:17.2900000
27404,110006,4,20.00,2026-05-13 01:14:17.3133333
27411,110963,4,20.00,2026-05-13 01:14:17.4700000
27484,110723,4,20.00,2026-05-13 01:14:17.5166667
27487,110717,4,20.00,2026-05-13 01:14:17.5200000
27576,111405,4,20.00,2026-05-13 01:14:17.7233333
27634,111205,4,20.00,2026-05-13 01:14:17.7666667
27709,111923,4,20.00,2026-05-13 01:14:17.9766667
27834,112468,4,20.00,2026-05-13 01:14:18.2266667
27950,112002,4,20.00,2026-05-13 01:14:18.3166667
28003,112806,4,20.00,2026-05-13 01:14:18.5033333
28018,112740,4,20.00,2026-05-13 01:14:18.5166667
28092,113452,4,20.00,2026-05-13 01:14:18.7100000
28154,113210,4,20.00,2026-05-13 01:14:18.7600000
28166,113168,4,20.00,2026-05-13 01:14:18.7666667
28170,113153,4,20.00,2026-05-13 01:14:18.7700000
28171,113152,4,20.00,2026-05-13 01:14:18.7700000
28180,113120,4,20.00,2026-05-13 01:14:18.7766667
28189,113073,4,20.00,2026-05-13 01:14:18.7833333
28192,113064,4,20.00,2026-05-13 01:14:18.7866667
28253,113785,4,20.00,2026-05-13 01:14:18.9900000
28301,113602,4,20.00,2026-05-13 01:14:19.0333333
28306,113579,4,20.00,2026-05-13 01:14:19.0400000
28315,113557,4,20.00,2026-05-13 01:14:19.0433333
28333,114495,4,20.00,2026-05-13 01:14:19.2000000
28381,114293,4,20.00,2026-05-13 01:14:19.2400000
28384,114283,4,20.00,2026-05-13 01:14:19.2400000
28392,114251,4,20.00,2026-05-13 01:14:19.2466667
28408,114206,4,20.00,2026-05-13 01:14:19.2566667
28440,114105,4,20.00,2026-05-13 01:14:19.2766667
28663,115255,4,20.00,2026-05-13 01:14:19.7333333
28704,115127,4,20.00,2026-05-13 01:14:19.7600000
28716,115082,4,20.00,2026-05-13 01:14:19.7700000
28737,115989,4,20.00,2026-05-13 01:14:19.9400000
28828,115634,4,20.00,2026-05-13 01:14:20.0133333
28879,116437,4,20.00,2026-05-13 01:14:20.1900000
28911,116312,4,20.00,2026-05-13 01:14:20.2166667
28967,116100,4,20.00,2026-05-13 01:14:20.2600000
29111,117481,4,20.00,2026-05-13 01:14:20.6900000
29125,117419,4,20.00,2026-05-13 01:14:20.7100000
29193,117149,4,20.00,2026-05-13 01:14:20.7833333
29273,117841,4,20.00,2026-05-13 01:14:21.1166667
29282,117798,4,20.00,2026-05-13 01:14:21.1300000
29395,118404,4,20.00,2026-05-13 01:14:21.4100000
29466,118082,4,20.00,2026-05-13 01:14:21.4866667
29469,118077,4,20.00,2026-05-13 01:14:21.4900000
29512,118893,4,20.00,2026-05-13 01:14:21.6566667
29543,118779,4,20.00,2026-05-13 01:14:21.6800000
29578,118628,4,20.00,2026-05-13 01:14:21.7066667
29595,118567,4,20.00,2026-05-13 01:14:21.7200000
29599,118541,4,20.00,2026-05-13 01:14:21.7233333
29604,118516,4,20.00,2026-05-13 01:14:21.7300000
29811,119670,4,20.00,2026-05-13 01:14:22.1666667
29816,119649,4,20.00,2026-05-13 01:14:22.1700000
29847,119523,4,20.00,2026-05-13 01:14:22.1933333
29851,120499,4,20.00,2026-05-13 01:14:22.3366667
29924,120175,4,20.00,2026-05-13 01:14:22.3966667
29933,120127,4,20.00,2026-05-13 01:14:22.4066667
29934,120124,4,20.00,2026-05-13 01:14:22.4066667
30036,120720,4,20.00,2026-05-13 01:14:22.6133333
30059,120617,4,20.00,2026-05-13 01:14:22.6333333
30199,121083,4,20.00,2026-05-13 01:14:22.8666667
30221,121979,4,20.00,2026-05-13 01:14:23.0200000
30222,121978,4,20.00,2026-05-13 01:14:23.0200000
30242,121898,4,20.00,2026-05-13 01:14:23.0366667
30318,121591,4,20.00,2026-05-13 01:14:23.0966667
30348,122441,4,20.00,2026-05-13 01:14:23.2633333
30373,122341,4,20.00,2026-05-13 01:14:23.2833333
30474,122945,4,20.00,2026-05-13 01:14:23.5000000
30563,122546,4,20.00,2026-05-13 01:14:23.6033333
30565,122542,4,20.00,2026-05-13 01:14:23.6066667
30617,123333,4,20.00,2026-05-13 01:14:23.7800000
30622,123316,4,20.00,2026-05-13 01:14:23.7833333
30648,123197,4,20.00,2026-05-13 01:14:23.8066667
30696,123004,4,20.00,2026-05-13 01:14:23.8433333
30744,123809,4,20.00,2026-05-13 01:14:24.0200000
30811,123578,4,20.00,2026-05-13 01:14:24.0633333
30885,124271,4,20.00,2026-05-13 01:14:24.2600000
31022,124709,4,20.00,2026-05-13 01:14:24.5066667
31079,125488,4,20.00,2026-05-13 01:14:24.6900000
31080,125482,4,20.00,2026-05-13 01:14:24.6900000
31092,125437,4,20.00,2026-05-13 01:14:24.7000000
31109,125382,4,20.00,2026-05-13 01:14:24.7100000
31136,125276,4,20.00,2026-05-13 01:14:24.7300000
31187,125091,4,20.00,2026-05-13 01:14:24.7700000
31196,125055,4,20.00,2026-05-13 01:14:24.7766667
31304,125644,4,20.00,2026-05-13 01:14:24.9900000
31321,125566,4,20.00,2026-05-13 01:14:25.0066667
31431,126152,4,20.00,2026-05-13 01:14:25.2233333
31434,126144,4,20.00,2026-05-13 01:14:25.2266667
31487,126938,4,20.00,2026-05-13 01:14:25.4000000
31503,126843,4,20.00,2026-05-13 01:14:25.4200000
31527,126765,4,20.00,2026-05-13 01:14:25.4333333
31532,126750,4,20.00,2026-05-13 01:14:25.4366667
31609,127391,4,20.00,2026-05-13 01:14:25.6533333
31614,127379,4,20.00,2026-05-13 01:14:25.6566667
31638,127286,4,20.00,2026-05-13 01:14:25.6733333
31647,127257,4,20.00,2026-05-13 01:14:25.6800000
31661,127187,4,20.00,2026-05-13 01:14:25.6933333
31671,127159,4,20.00,2026-05-13 01:14:25.7000000
31704,127009,4,20.00,2026-05-13 01:14:25.7266667
31713,127976,4,20.00,2026-05-13 01:14:25.8766667
31792,127647,4,20.00,2026-05-13 01:14:25.9366667
31802,127620,4,20.00,2026-05-13 01:14:25.9433333
31821,127566,4,20.00,2026-05-13 01:14:25.9533333
31858,128424,4,20.00,2026-05-13 01:14:26.1133333
31877,128350,4,20.00,2026-05-13 01:14:26.1300000
31898,128262,4,20.00,2026-05-13 01:14:26.1466667
31920,128198,4,20.00,2026-05-13 01:14:26.1600000
31932,128160,4,20.00,2026-05-13 01:14:26.1666667
31998,128870,4,20.00,2026-05-13 01:14:26.3566667
32059,128565,4,20.00,2026-05-13 01:14:26.4166667
32116,129320,4,20.00,2026-05-13 01:14:26.6000000
32196,129009,4,20.00,2026-05-13 01:14:26.6733333
32203,129983,4,20.00,2026-05-13 01:14:26.8466667
32219,129907,4,20.00,2026-05-13 01:14:26.8633333
32291,129622,4,20.00,2026-05-13 01:14:26.9300000
32311,129561,4,20.00,2026-05-13 01:14:26.9433333
32439,130089,4,20.00,2026-05-13 01:14:27.1700000
32492,130882,4,20.00,2026-05-13 01:14:27.3500000
32496,130858,4,20.00,2026-05-13 01:14:27.3533333
32563,130589,4,20.00,2026-05-13 01:14:27.5000000
32567,130574,4,20.00,2026-05-13 01:14:27.5033333
32595,131491,4,20.00,2026-05-13 01:14:27.7100000
32609,131449,4,20.00,2026-05-13 01:14:27.7200000
32618,131419,4,20.00,2026-05-13 01:14:27.7233333
32643,131288,4,20.00,2026-05-13 01:14:27.7500000
32714,131032,4,20.00,2026-05-13 01:14:27.8000000
32766,131859,4,20.00,2026-05-13 01:14:27.9733333
32802,131705,4,20.00,2026-05-13 01:14:28.0000000
32984,132875,4,20.00,2026-05-13 01:14:28.4333333
33135,133275,4,20.00,2026-05-13 01:14:28.6900000
33305,133665,4,20.00,2026-05-13 01:14:28.9466667
33337,133524,4,20.00,2026-05-13 01:14:28.9733333
33389,134333,4,20.00,2026-05-13 01:14:29.1500000
33464,134998,4,20.00,2026-05-13 01:14:29.3466667
33473,134952,4,20.00,2026-05-13 01:14:29.3566667
33511,134823,4,20.00,2026-05-13 01:14:29.3800000
33519,134791,4,20.00,2026-05-13 01:14:29.3866667
33526,134782,4,20.00,2026-05-13 01:14:29.3900000
33645,135307,4,20.00,2026-05-13 01:14:29.6100000
33656,135262,4,20.00,2026-05-13 01:14:29.6200000
33766,135811,4,20.00,2026-05-13 01:14:29.8400000
33775,135765,4,20.00,2026-05-13 01:14:29.8500000
33788,135724,4,20.00,2026-05-13 01:14:29.8566667
33796,135695,4,20.00,2026-05-13 01:14:29.8633333
33818,135599,4,20.00,2026-05-13 01:14:29.8800000
33821,135591,4,20.00,2026-05-13 01:14:29.8833333
33853,136473,4,20.00,2026-05-13 01:14:30.0433333
34029,136827,4,20.00,2026-05-13 01:14:30.3066667
34052,136731,4,20.00,2026-05-13 01:14:30.3233333
34162,137244,4,20.00,2026-05-13 01:14:30.5600000
34176,137172,4,20.00,2026-05-13 01:14:30.5800000
34225,137003,4,20.00,2026-05-13 01:14:30.6133333
34264,137834,4,20.00,2026-05-13 01:14:30.7866667
34318,137620,4,20.00,2026-05-13 01:14:30.8300000
34448,138092,4,20.00,2026-05-13 01:14:31.0866667
34870,140460,4,20.00,2026-05-13 01:14:32.0200000
34904,140297,4,20.00,2026-05-13 01:14:32.0600000
34945,140110,4,20.00,2026-05-13 01:14:32.0966667
34974,140006,4,20.00,2026-05-13 01:14:32.1233333
34977,140999,4,20.00,2026-05-13 01:14:32.3433333
35012,140867,4,20.00,2026-05-13 01:14:32.3700000
35039,140731,4,20.00,2026-05-13 01:14:32.4000000
35072,140580,4,20.00,2026-05-13 01:14:32.4333333
35125,141398,4,20.00,2026-05-13 01:14:32.6166667
35218,141043,4,20.00,2026-05-13 01:14:32.6933333
35234,141979,4,20.00,2026-05-13 01:14:32.8600000
35282,141775,4,20.00,2026-05-13 01:14:32.9033333
35287,141756,4,20.00,2026-05-13 01:14:32.9066667
35344,141570,4,20.00,2026-05-13 01:14:32.9500000
35416,142265,4,20.00,2026-05-13 01:14:33.1500000
35428,142219,4,20.00,2026-05-13 01:14:33.1566667
35429,142217,4,20.00,2026-05-13 01:14:33.1566667
35441,142178,4,20.00,2026-05-13 01:14:33.1666667
35522,142854,4,20.00,2026-05-13 01:14:33.3766667
35570,142649,4,20.00,2026-05-13 01:14:33.4266667
35723,143989,4,20.00,2026-05-13 01:14:33.8266667
35819,143621,4,20.00,2026-05-13 01:14:33.9000000
35831,143561,4,20.00,2026-05-13 01:14:33.9100000
35957,144036,4,20.00,2026-05-13 01:14:34.1500000
36006,144895,4,20.00,2026-05-13 01:14:34.3133333
36038,144790,4,20.00,2026-05-13 01:14:34.3333333
36042,144778,4,20.00,2026-05-13 01:14:34.3366667
36087,144632,4,20.00,2026-05-13 01:14:34.3633333
36219,145158,4,20.00,2026-05-13 01:14:34.5933333
36242,145063,4,20.00,2026-05-13 01:14:34.6100000
36267,145986,4,20.00,2026-05-13 01:14:34.7633333
36316,145763,4,20.00,2026-05-13 01:14:34.8066667
36328,145706,4,20.00,2026-05-13 01:14:34.8166667
36345,145641,4,20.00,2026-05-13 01:14:34.8300000
36427,146321,4,20.00,2026-05-13 01:14:35.0300000
36447,146247,4,20.00,2026-05-13 01:14:35.0466667
36485,146084,4,20.00,2026-05-13 01:14:35.0766667
36513,146977,4,20.00,2026-05-13 01:14:35.2333333
36566,146807,4,20.00,2026-05-13 01:14:35.2666667
36568,146803,4,20.00,2026-05-13 01:14:35.2666667
36614,146638,4,20.00,2026-05-13 01:14:35.3000000
36616,146636,4,20.00,2026-05-13 01:14:35.3000000
36634,146578,4,20.00,2026-05-13 01:14:35.3100000
36691,147351,4,20.00,2026-05-13 01:14:35.4900000
36718,147258,4,20.00,2026-05-13 01:14:35.5100000
36816,147958,4,20.00,2026-05-13 01:14:35.7100000
36882,147657,4,20.00,2026-05-13 01:14:35.7666667
36965,148260,4,20.00,2026-05-13 01:14:35.9866667
37044,148931,4,20.00,2026-05-13 01:14:36.1933333
37065,148839,4,20.00,2026-05-13 01:14:36.2133333
37078,148799,4,20.00,2026-05-13 01:14:36.2200000
37130,148603,4,20.00,2026-05-13 01:14:36.2633333
37168,149431,4,20.00,2026-05-13 01:14:36.4266667
37239,149141,4,20.00,2026-05-13 01:14:36.4800000
37261,149048,4,20.00,2026-05-13 01:14:36.5000000
37301,149859,4,20.00,2026-05-13 01:14:36.6700000
37308,149830,4,20.00,2026-05-13 01:14:36.6766667
37445,150303,4,20.00,2026-05-13 01:14:36.9200000
37545,150925,4,20.00,2026-05-13 01:14:37.1266667
37659,151404,4,20.00,2026-05-13 01:14:37.3600000
37673,151338,4,20.00,2026-05-13 01:14:37.3733333
37684,151273,4,20.00,2026-05-13 01:14:37.3866667
37787,151859,4,20.00,2026-05-13 01:14:37.6000000
37792,151842,4,20.00,2026-05-13 01:14:37.6033333
37852,151592,4,20.00,2026-05-13 01:14:37.6500000
37894,152428,4,20.00,2026-05-13 01:14:37.8133333
37899,152416,4,20.00,2026-05-13 01:14:37.8166667
37909,152391,4,20.00,2026-05-13 01:14:37.8200000
38061,152793,4,20.00,2026-05-13 01:14:38.0733333
38075,152745,4,20.00,2026-05-13 01:14:38.0833333
38091,152668,4,20.00,2026-05-13 01:14:38.1000000
38112,152559,4,20.00,2026-05-13 01:14:38.1200000
38117,152540,4,20.00,2026-05-13 01:14:38.1233333
38144,153409,4,20.00,2026-05-13 01:14:38.2866667
38181,153248,4,20.00,2026-05-13 01:14:38.3166667
38220,153140,4,20.00,2026-05-13 01:14:38.3366667
38307,153789,4,20.00,2026-05-13 01:14:38.5400000
38311,153778,4,20.00,2026-05-13 01:14:38.5433333
38315,153761,4,20.00,2026-05-13 01:14:38.5466667
38344,153664,4,20.00,2026-05-13 01:14:38.5666667
38434,154289,4,20.00,2026-05-13 01:14:38.7766667
38451,154234,4,20.00,2026-05-13 01:14:38.7866667
38466,154189,4,20.00,2026-05-13 01:14:38.7933333
38468,154185,4,20.00,2026-05-13 01:14:38.7966667
38480,154128,4,20.00,2026-05-13 01:14:38.8066667
38509,154999,4,20.00,2026-05-13 01:14:38.9700000
38534,154917,4,20.00,2026-05-13 01:14:38.9866667
38553,154849,4,20.00,2026-05-13 01:14:39.0000000
38620,154610,4,20.00,2026-05-13 01:14:39.0433333
38807,155861,4,20.00,2026-05-13 01:14:39.4600000
38837,155728,4,20.00,2026-05-13 01:14:39.4933333
38915,156428,4,20.00,2026-05-13 01:14:39.6900000
38922,156415,4,20.00,2026-05-13 01:14:39.6933333
38970,156196,4,20.00,2026-05-13 01:14:39.7333333
39060,156844,4,20.00,2026-05-13 01:14:39.9366667
39148,157450,4,20.00,2026-05-13 01:14:40.1500000
39154,157422,4,20.00,2026-05-13 01:14:40.1533333
39158,157409,4,20.00,2026-05-13 01:14:40.1566667
39236,157119,4,20.00,2026-05-13 01:14:40.2133333
39337,157738,4,20.00,2026-05-13 01:14:40.4200000
39362,157655,4,20.00,2026-05-13 01:14:40.4400000
39465,158269,4,20.00,2026-05-13 01:14:40.7333333
39522,158996,4,20.00,2026-05-13 01:14:40.9200000
39553,158865,4,20.00,2026-05-13 01:14:40.9433333
39600,158671,4,20.00,2026-05-13 01:14:40.9833333
39605,158654,4,20.00,2026-05-13 01:14:40.9866667
39622,158606,4,20.00,2026-05-13 01:14:40.9966667
39653,159494,4,20.00,2026-05-13 01:14:41.1600000
39659,159480,4,20.00,2026-05-13 01:14:41.1633333
39694,159362,4,20.00,2026-05-13 01:14:41.1866667
39784,159985,4,20.00,2026-05-13 01:14:41.4833333
39787,159967,4,20.00,2026-05-13 01:14:41.4866667
39828,159792,4,20.00,2026-05-13 01:14:41.5200000
39844,159711,4,20.00,2026-05-13 01:14:41.5333333
39903,160436,4,20.00,2026-05-13 01:14:41.7266667
39956,160180,4,20.00,2026-05-13 01:14:41.7766667
39972,160107,4,20.00,2026-05-13 01:14:41.7900000
40009,160932,4,20.00,2026-05-13 01:14:41.9666667
40055,160765,4,20.00,2026-05-13 01:14:42.0000000
40111,160518,4,20.00,2026-05-13 01:14:42.0466667
40113,160509,4,20.00,2026-05-13 01:14:42.0500000
40144,161344,4,20.00,2026-05-13 01:14:42.2200000
40156,161276,4,20.00,2026-05-13 01:14:42.2333333
40222,161043,4,20.00,2026-05-13 01:14:42.2800000
40267,161852,4,20.00,2026-05-13 01:14:42.4566667
40278,161808,4,20.00,2026-05-13 01:14:42.4633333
40293,161734,4,20.00,2026-05-13 01:14:42.4766667
40372,162423,4,20.00,2026-05-13 01:14:42.6733333
40373,162421,4,20.00,2026-05-13 01:14:42.6733333
40389,162366,4,20.00,2026-05-13 01:14:42.6833333
40413,162279,4,20.00,2026-05-13 01:14:42.7000000
40507,162888,4,20.00,2026-05-13 01:14:42.9333333
40517,162857,4,20.00,2026-05-13 01:14:42.9400000
40649,163391,4,20.00,2026-05-13 01:14:43.1666667
40709,163160,4,20.00,2026-05-13 01:14:43.2166667
40728,163054,4,20.00,2026-05-13 01:14:43.2366667
40865,163531,4,20.00,2026-05-13 01:14:43.4866667
40915,164331,4,20.00,2026-05-13 01:14:43.6766667
40935,164269,4,20.00,2026-05-13 01:14:43.6900000
40959,164189,4,20.00,2026-05-13 01:14:43.7066667
40991,164062,4,20.00,2026-05-13 01:14:43.7300000
41006,164970,4,20.00,2026-05-13 01:14:43.8833333
41026,164883,4,20.00,2026-05-13 01:14:43.9000000
41091,164625,4,20.00,2026-05-13 01:14:43.9500000
41290,165829,4,20.00,2026-05-13 01:14:44.3700000
41305,165769,4,20.00,2026-05-13 01:14:44.3833333
41343,165623,4,20.00,2026-05-13 01:14:44.4100000
41438,166245,4,20.00,2026-05-13 01:14:44.6133333
41511,166936,4,20.00,2026-05-13 01:14:44.8100000
41550,166790,4,20.00,2026-05-13 01:14:44.8366667
41708,167136,4,20.00,2026-05-13 01:14:45.0966667
41757,167931,4,20.00,2026-05-13 01:14:45.3000000
41819,167656,4,20.00,2026-05-13 01:14:45.3466667
41924,168264,4,20.00,2026-05-13 01:14:45.5633333
41961,168116,4,20.00,2026-05-13 01:14:45.5900000
42048,168801,4,20.00,2026-05-13 01:14:45.7866667
42056,168785,4,20.00,2026-05-13 01:14:45.7900000
42103,168566,4,20.00,2026-05-13 01:14:45.8333333
42107,168553,4,20.00,2026-05-13 01:14:45.8333333
42283,169848,4,20.00,2026-05-13 01:14:46.2500000
42313,169696,4,20.00,2026-05-13 01:14:46.2800000
42335,169608,4,20.00,2026-05-13 01:14:46.2966667
42347,169558,4,20.00,2026-05-13 01:14:46.3066667
42411,170333,4,20.00,2026-05-13 01:14:46.4900000
42412,170332,4,20.00,2026-05-13 01:14:46.4900000
42533,170839,4,20.00,2026-05-13 01:14:46.7233333
42563,170755,4,20.00,2026-05-13 01:14:46.7433333
42580,170668,4,20.00,2026-05-13 01:14:46.7600000
42601,170584,4,20.00,2026-05-13 01:14:46.7766667
42607,170564,4,20.00,2026-05-13 01:14:46.7800000
42681,171304,4,20.00,2026-05-13 01:14:46.9633333
42684,171288,4,20.00,2026-05-13 01:14:46.9666667
42701,171220,4,20.00,2026-05-13 01:14:46.9800000
42771,171958,4,20.00,2026-05-13 01:14:47.1666667
42795,171862,4,20.00,2026-05-13 01:14:47.1866667
42808,171821,4,20.00,2026-05-13 01:14:47.1933333
42813,171799,4,20.00,2026-05-13 01:14:47.1966667
42820,171787,4,20.00,2026-05-13 01:14:47.2000000
42827,171764,4,20.00,2026-05-13 01:14:47.2033333
42939,172291,4,20.00,2026-05-13 01:14:47.4333333
43083,172749,4,20.00,2026-05-13 01:14:47.6700000
43166,173418,4,20.00,2026-05-13 01:14:47.8700000
43257,173042,4,20.00,2026-05-13 01:14:47.9400000
43270,173990,4,20.00,2026-05-13 01:14:48.0900000
43305,173869,4,20.00,2026-05-13 01:14:48.1133333
43334,173755,4,20.00,2026-05-13 01:14:48.1366667
43457,174256,4,20.00,2026-05-13 01:14:48.3700000
43467,174220,4,20.00,2026-05-13 01:14:48.3766667
43515,175000,4,20.00,2026-05-13 01:14:48.5533333
43582,174731,4,20.00,2026-05-13 01:14:48.6033333
43656,175476,4,20.00,2026-05-13 01:14:48.7900000
43665,175432,4,20.00,2026-05-13 01:14:48.7966667
43829,175680,4,20.00,2026-05-13 01:14:49.0800000
43841,175635,4,20.00,2026-05-13 01:14:49.0900000
43851,175614,4,20.00,2026-05-13 01:14:49.0933333
43885,176472,4,20.00,2026-05-13 01:14:49.2500000
43906,176413,4,20.00,2026-05-13 01:14:49.2600000
44044,176899,4,20.00,2026-05-13 01:14:49.5000000
44053,176868,4,20.00,2026-05-13 01:14:49.5066667
44065,176805,4,20.00,2026-05-13 01:14:49.5200000
44137,177487,4,20.00,2026-05-13 01:14:49.7133333
44187,177301,4,20.00,2026-05-13 01:14:49.7500000
44192,177273,4,20.00,2026-05-13 01:14:49.7566667
44268,177012,4,20.00,2026-05-13 01:14:49.8066667
44320,177826,4,20.00,2026-05-13 01:14:49.9733333
44325,177810,4,20.00,2026-05-13 01:14:49.9766667
44343,177746,4,20.00,2026-05-13 01:14:49.9900000
44378,177589,4,20.00,2026-05-13 01:14:50.0200000
44398,177536,4,20.00,2026-05-13 01:14:50.0300000
44404,177511,4,20.00,2026-05-13 01:14:50.0333333
44440,178362,4,20.00,2026-05-13 01:14:50.2000000
44453,178296,4,20.00,2026-05-13 01:14:50.2166667
44576,178846,4,20.00,2026-05-13 01:14:50.4433333
44610,178722,4,20.00,2026-05-13 01:14:50.4666667
44731,179218,4,20.00,2026-05-13 01:14:50.6933333
44892,179554,4,20.00,2026-05-13 01:14:50.9600000
44923,180429,4,20.00,2026-05-13 01:14:51.1233333
44933,180402,4,20.00,2026-05-13 01:14:51.1300000
44974,180259,4,20.00,2026-05-13 01:14:51.1566667
44980,180236,4,20.00,2026-05-13 01:14:51.1600000
45002,180151,4,20.00,2026-05-13 01:14:51.1766667
45008,180133,4,20.00,2026-05-13 01:14:51.1800000
45054,180947,4,20.00,2026-05-13 01:14:51.3500000
45161,180545,4,20.00,2026-05-13 01:14:51.4266667
45202,181344,4,20.00,2026-05-13 01:14:51.6066667
45222,181244,4,20.00,2026-05-13 01:14:51.6266667
45264,181125,4,20.00,2026-05-13 01:14:51.6466667
45274,181073,4,20.00,2026-05-13 01:14:51.6566667
45279,181061,4,20.00,2026-05-13 01:14:51.6600000
45363,181732,4,20.00,2026-05-13 01:14:51.8700000
45389,181616,4,20.00,2026-05-13 01:14:51.8966667
45426,182459,4,20.00,2026-05-13 01:14:52.0800000
45570,182872,4,20.00,2026-05-13 01:14:52.3300000
45574,182849,4,20.00,2026-05-13 01:14:52.3366667
45592,182780,4,20.00,2026-05-13 01:14:52.3500000
45597,182763,4,20.00,2026-05-13 01:14:52.3500000
45678,183474,4,20.00,2026-05-13 01:14:52.5400000
45720,183297,4,20.00,2026-05-13 01:14:52.5766667
45789,183997,4,20.00,2026-05-13 01:14:52.7700000
45889,183576,4,20.00,2026-05-13 01:14:52.8466667
45948,184346,4,20.00,2026-05-13 01:14:53.0266667
46024,184051,4,20.00,2026-05-13 01:14:53.0900000
46111,184694,4,20.00,2026-05-13 01:14:53.3033333
46217,185279,4,20.00,2026-05-13 01:14:53.5200000
46282,185034,4,20.00,2026-05-13 01:14:53.5700000
46310,185901,4,20.00,2026-05-13 01:14:53.7300000
46314,185892,4,20.00,2026-05-13 01:14:53.7333333
46326,185828,4,20.00,2026-05-13 01:14:53.7433333
46336,185769,4,20.00,2026-05-13 01:14:53.7533333
46415,186378,4,20.00,2026-05-13 01:14:53.9666667
46447,186231,4,20.00,2026-05-13 01:14:53.9933333
46567,186731,4,20.00,2026-05-13 01:14:54.2166667
46585,186645,4,20.00,2026-05-13 01:14:54.2300000
46591,186609,4,20.00,2026-05-13 01:14:54.2400000
46612,186540,4,20.00,2026-05-13 01:14:54.2500000
46634,187424,4,20.00,2026-05-13 01:14:54.4000000
46655,187345,4,20.00,2026-05-13 01:14:54.4133333
46711,187072,4,20.00,2026-05-13 01:14:54.4633333
46794,187718,4,20.00,2026-05-13 01:14:54.6633333
46868,188419,4,20.00,2026-05-13 01:14:54.8733333
46955,188036,4,20.00,2026-05-13 01:14:54.9466667
46983,188937,4,20.00,2026-05-13 01:14:55.1000000
47004,188873,4,20.00,2026-05-13 01:14:55.1133333
47011,188857,4,20.00,2026-05-13 01:14:55.1166667
47014,188839,4,20.00,2026-05-13 01:14:55.1200000
47043,188709,4,20.00,2026-05-13 01:14:55.1433333
47056,188657,4,20.00,2026-05-13 01:14:55.1533333
47115,189420,4,20.00,2026-05-13 01:14:55.3333333
47126,189371,4,20.00,2026-05-13 01:14:55.3433333
47209,189040,4,20.00,2026-05-13 01:14:55.4066667
47247,189921,4,20.00,2026-05-13 01:14:55.5666667
47270,189837,4,20.00,2026-05-13 01:14:55.5833333
47273,189817,4,20.00,2026-05-13 01:14:55.5866667
47326,189578,4,20.00,2026-05-13 01:14:55.6333333
47378,190386,4,20.00,2026-05-13 01:14:55.8100000
47431,190112,4,20.00,2026-05-13 01:14:55.8600000
47456,190982,4,20.00,2026-05-13 01:14:56.0233333
47487,190869,4,20.00,2026-05-13 01:14:56.0466667
47525,190689,4,20.00,2026-05-13 01:14:56.0800000
47536,190645,4,20.00,2026-05-13 01:14:56.0900000
47579,191465,4,20.00,2026-05-13 01:14:56.2566667
47609,191385,4,20.00,2026-05-13 01:14:56.2733333
47674,191126,4,20.00,2026-05-13 01:14:56.3200000
47690,191058,4,20.00,2026-05-13 01:14:56.3333333
47766,191757,4,20.00,2026-05-13 01:14:56.5266667
47857,192370,4,20.00,2026-05-13 01:14:56.7366667
47867,192332,4,20.00,2026-05-13 01:14:56.7433333
47879,192276,4,20.00,2026-05-13 01:14:56.7533333
47893,192214,4,20.00,2026-05-13 01:14:56.7666667
47902,192189,4,20.00,2026-05-13 01:14:56.7700000
47974,192911,4,20.00,2026-05-13 01:14:56.9533333
48039,192624,4,20.00,2026-05-13 01:14:57.0066667
48180,193012,4,20.00,2026-05-13 01:14:57.2600000
48199,193935,4,20.00,2026-05-13 01:14:57.4100000
48203,193916,4,20.00,2026-05-13 01:14:57.4133333
48222,193844,4,20.00,2026-05-13 01:14:57.4266667
48272,193630,4,20.00,2026-05-13 01:14:57.4666667
48283,193586,4,20.00,2026-05-13 01:14:57.4766667
48289,193547,4,20.00,2026-05-13 01:14:57.4833333
48339,194337,4,20.00,2026-05-13 01:14:57.6566667
48363,194256,4,20.00,2026-05-13 01:14:57.6700000
48368,194228,4,20.00,2026-05-13 01:14:57.6800000
48439,194990,4,20.00,2026-05-13 01:14:57.8600000
48465,194883,4,20.00,2026-05-13 01:14:57.8800000
48467,194878,4,20.00,2026-05-13 01:14:57.8800000
48489,194765,4,20.00,2026-05-13 01:14:57.9000000
48548,194565,4,20.00,2026-05-13 01:14:57.9400000
48576,195418,4,20.00,2026-05-13 01:14:58.1066667
48677,195044,4,20.00,2026-05-13 01:14:58.1833333
48714,195871,4,20.00,2026-05-13 01:14:58.3500000
48746,195763,4,20.00,2026-05-13 01:14:58.3700000
48828,196442,4,20.00,2026-05-13 01:14:58.5700000
48866,196285,4,20.00,2026-05-13 01:14:58.6000000
48896,196128,4,20.00,2026-05-13 01:14:58.6333333
48904,196094,4,20.00,2026-05-13 01:14:58.6433333
48927,196011,4,20.00,2026-05-13 01:14:58.6633333
48975,196841,4,20.00,2026-05-13 01:14:58.8466667
49011,196704,4,20.00,2026-05-13 01:14:58.8733333
49108,197288,4,20.00,2026-05-13 01:14:59.0933333
49114,197255,4,20.00,2026-05-13 01:14:59.1000000
49147,197131,4,20.00,2026-05-13 01:14:59.1233333
49197,197940,4,20.00,2026-05-13 01:14:59.2933333
49224,197808,4,20.00,2026-05-13 01:14:59.3200000
49243,197741,4,20.00,2026-05-13 01:14:59.3400000
49337,198376,4,20.00,2026-05-13 01:14:59.5466667
49360,198298,4,20.00,2026-05-13 01:14:59.5600000
49368,198258,4,20.00,2026-05-13 01:14:59.5666667
49372,198241,4,20.00,2026-05-13 01:14:59.5700000
49493,198788,4,20.00,2026-05-13 01:14:59.7933333
49522,198645,4,20.00,2026-05-13 01:14:59.8200000
49534,198602,4,20.00,2026-05-13 01:14:59.8300000
49658,199150,4,20.00,2026-05-13 01:15:00.0466667
49694,199037,4,20.00,2026-05-13 01:15:00.0700000
49716,199942,4,20.00,2026-05-13 01:15:00.2166667
49721,199917,4,20.00,2026-05-13 01:15:00.2200000
49744,199800,4,20.00,2026-05-13 01:15:00.2433333
49869,200265,4,20.00,2026-05-13 01:15:00.4766667
50025,200731,4,20.00,2026-05-13 01:15:00.7166667
50056,200592,4,20.00,2026-05-13 01:15:00.7500000
50339,202462,4,20.00,2026-05-13 01:15:01.3666667
50349,202405,4,20.00,2026-05-13 01:15:01.3800000
50358,202380,4,20.00,2026-05-13 01:15:01.3833333
50423,202114,4,20.00,2026-05-13 01:15:01.4333333
50460,202998,4,20.00,2026-05-13 01:15:01.5900000
50565,202574,4,20.00,2026-05-13 01:15:01.6733333
50685,203085,4,20.00,2026-05-13 01:15:01.8966667
50953,204038,4,20.00,2026-05-13 01:15:02.3900000
51110,205402,4,20.00,2026-05-13 01:15:02.7900000
51283,205671,4,20.00,2026-05-13 01:15:03.0633333
51312,205564,4,20.00,2026-05-13 01:15:03.0833333
51424,206023,4,20.00,2026-05-13 01:15:03.3233333
51446,206946,4,20.00,2026-05-13 01:15:03.4733333
51510,206731,4,20.00,2026-05-13 01:15:03.5133333
51521,206675,4,20.00,2026-05-13 01:15:03.5233333
51540,206588,4,20.00,2026-05-13 01:15:03.5400000
51580,207457,4,20.00,2026-05-13 01:15:03.6933333
51583,207449,4,20.00,2026-05-13 01:15:03.6966667
51627,207258,4,20.00,2026-05-13 01:15:03.7333333
51652,207169,4,20.00,2026-05-13 01:15:03.7533333
51771,207700,4,20.00,2026-05-13 01:15:03.9800000
51773,207696,4,20.00,2026-05-13 01:15:03.9833333
51800,207589,4,20.00,2026-05-13 01:15:04.0033333
51809,207558,4,20.00,2026-05-13 01:15:04.0100000
51902,208121,4,20.00,2026-05-13 01:15:04.2266667
51925,208004,4,20.00,2026-05-13 01:15:04.2500000
51967,208844,4,20.00,2026-05-13 01:15:04.4200000
51970,208840,4,20.00,2026-05-13 01:15:04.4233333
52021,208584,4,20.00,2026-05-13 01:15:04.4700000
52036,208530,4,20.00,2026-05-13 01:15:04.4800000
52049,209496,4,20.00,2026-05-13 01:15:04.6233333
52101,209259,4,20.00,2026-05-13 01:15:04.6733333
52106,209235,4,20.00,2026-05-13 01:15:04.6766667
52246,209626,4,20.00,2026-05-13 01:15:04.9300000
52278,210499,4,20.00,2026-05-13 01:15:05.0800000
52291,210459,4,20.00,2026-05-13 01:15:05.0900000
52328,210301,4,20.00,2026-05-13 01:15:05.1200000
52348,210231,4,20.00,2026-05-13 01:15:05.1333333
52416,210963,4,20.00,2026-05-13 01:15:05.3200000
52455,210806,4,20.00,2026-05-13 01:15:05.3500000
52457,210801,4,20.00,2026-05-13 01:15:05.3533333
52498,210668,4,20.00,2026-05-13 01:15:05.3766667
52547,211454,4,20.00,2026-05-13 01:15:05.5566667
52548,211453,4,20.00,2026-05-13 01:15:05.5566667
52593,211268,4,20.00,2026-05-13 01:15:05.5900000
52627,211157,4,20.00,2026-05-13 01:15:05.6100000
52677,211995,4,20.00,2026-05-13 01:15:05.7766667
52739,211769,4,20.00,2026-05-13 01:15:05.8200000
52754,211700,4,20.00,2026-05-13 01:15:05.8333333
52772,211625,4,20.00,2026-05-13 01:15:05.8466667
52791,211518,4,20.00,2026-05-13 01:15:05.8666667
52803,212467,4,20.00,2026-05-13 01:15:06.0200000
52869,212220,4,20.00,2026-05-13 01:15:06.0766667
52884,212169,4,20.00,2026-05-13 01:15:06.0866667
52989,212716,4,20.00,2026-05-13 01:15:06.3100000
53134,213115,4,20.00,2026-05-13 01:15:06.5566667
53157,213020,4,20.00,2026-05-13 01:15:06.5733333
53200,213821,4,20.00,2026-05-13 01:15:06.7533333
53210,213777,4,20.00,2026-05-13 01:15:06.7600000
53294,214447,4,20.00,2026-05-13 01:15:07.0200000
53299,214422,4,20.00,2026-05-13 01:15:07.0233333
53401,214999,4,20.00,2026-05-13 01:15:07.2433333
53432,214858,4,20.00,2026-05-13 01:15:07.2766667
53484,214651,4,20.00,2026-05-13 01:15:07.3233333
53505,214563,4,20.00,2026-05-13 01:15:07.3400000
53752,215561,4,20.00,2026-05-13 01:15:07.8133333
53773,216467,4,20.00,2026-05-13 01:15:07.9666667
53808,216345,4,20.00,2026-05-13 01:15:07.9900000
53837,216245,4,20.00,2026-05-13 01:15:08.0100000
53844,216208,4,20.00,2026-05-13 01:15:08.0166667
53877,216083,4,20.00,2026-05-13 01:15:08.0400000
53885,216051,4,20.00,2026-05-13 01:15:08.0466667
54104,217208,4,20.00,2026-05-13 01:15:08.4733333
54126,217115,4,20.00,2026-05-13 01:15:08.4900000
54147,217006,4,20.00,2026-05-13 01:15:08.5100000
54153,217987,4,20.00,2026-05-13 01:15:08.6500000
54179,217892,4,20.00,2026-05-13 01:15:08.6700000
54190,217851,4,20.00,2026-05-13 01:15:08.6766667
54361,218103,4,20.00,2026-05-13 01:15:08.9533333
54381,218006,4,20.00,2026-05-13 01:15:08.9733333
54416,218862,4,20.00,2026-05-13 01:15:09.1400000
54418,218850,4,20.00,2026-05-13 01:15:09.1400000
54448,218721,4,20.00,2026-05-13 01:15:09.1633333
54465,218647,4,20.00,2026-05-13 01:15:09.1800000
54521,219426,4,20.00,2026-05-13 01:15:09.3533333
54548,219305,4,20.00,2026-05-13 01:15:09.3766667
54642,219872,4,20.00,2026-05-13 01:15:09.5866667
54657,219795,4,20.00,2026-05-13 01:15:09.6000000
54663,219764,4,20.00,2026-05-13 01:15:09.6066667
54682,219709,4,20.00,2026-05-13 01:15:09.6200000
54721,219547,4,20.00,2026-05-13 01:15:09.6500000
54802,220265,4,20.00,2026-05-13 01:15:09.8400000
54828,220170,4,20.00,2026-05-13 01:15:09.8566667
54960,220623,4,20.00,2026-05-13 01:15:10.0900000
55020,221438,4,20.00,2026-05-13 01:15:10.2566667
55025,221408,4,20.00,2026-05-13 01:15:10.2600000
55118,221991,4,20.00,2026-05-13 01:15:10.4733333
55154,221849,4,20.00,2026-05-13 01:15:10.5000000
55175,221772,4,20.00,2026-05-13 01:15:10.5166667
55193,221695,4,20.00,2026-05-13 01:15:10.5300000
55327,222207,4,20.00,2026-05-13 01:15:10.7600000
55338,222159,4,20.00,2026-05-13 01:15:10.7666667
55417,222834,4,20.00,2026-05-13 01:15:10.9600000
55441,222723,4,20.00,2026-05-13 01:15:10.9833333
55472,222611,4,20.00,2026-05-13 01:15:11.0066667
55531,223389,4,20.00,2026-05-13 01:15:11.1833333
55705,223746,4,20.00,2026-05-13 01:15:11.4400000
55795,224380,4,20.00,2026-05-13 01:15:11.6466667
55846,224179,4,20.00,2026-05-13 01:15:11.6833333
55847,224178,4,20.00,2026-05-13 01:15:11.6833333
55857,224132,4,20.00,2026-05-13 01:15:11.6933333
56008,224539,4,20.00,2026-05-13 01:15:11.9400000
56017,225482,4,20.00,2026-05-13 01:15:12.0800000
56019,225470,4,20.00,2026-05-13 01:15:12.0833333
56047,225339,4,20.00,2026-05-13 01:15:12.1100000
56094,225092,4,20.00,2026-05-13 01:15:12.1533333
56121,225985,4,20.00,2026-05-13 01:15:12.3133333
56190,225738,4,20.00,2026-05-13 01:15:12.3666667
56206,225674,4,20.00,2026-05-13 01:15:12.3800000
56331,226161,4,20.00,2026-05-13 01:15:12.6200000
56367,226006,4,20.00,2026-05-13 01:15:12.6633333
56392,226912,4,20.00,2026-05-13 01:15:12.8366667
56547,227314,4,20.00,2026-05-13 01:15:13.0900000
56626,227010,4,20.00,2026-05-13 01:15:13.1500000
56636,227968,4,20.00,2026-05-13 01:15:13.2900000
56667,227828,4,20.00,2026-05-13 01:15:13.3166667
56837,228193,4,20.00,2026-05-13 01:15:13.5766667
56848,228130,4,20.00,2026-05-13 01:15:13.5900000
56878,228031,4,20.00,2026-05-13 01:15:13.6100000
57038,229391,4,20.00,2026-05-13 01:15:14.0166667
57048,229359,4,20.00,2026-05-13 01:15:14.0233333
57071,229273,4,20.00,2026-05-13 01:15:14.0400000
57096,229170,4,20.00,2026-05-13 01:15:14.0600000
57110,229130,4,20.00,2026-05-13 01:15:14.0666667
57151,229970,4,20.00,2026-05-13 01:15:14.2333333
57172,229852,4,20.00,2026-05-13 01:15:14.2533333
57209,229716,4,20.00,2026-05-13 01:15:14.2800000
57216,229662,4,20.00,2026-05-13 01:15:14.2900000
57246,229524,4,20.00,2026-05-13 01:15:14.3166667
57255,230487,4,20.00,2026-05-13 01:15:14.4600000
57303,230262,4,20.00,2026-05-13 01:15:14.5100000
57377,230944,4,20.00,2026-05-13 01:15:14.7166667
57409,230803,4,20.00,2026-05-13 01:15:14.7433333
57434,230723,4,20.00,2026-05-13 01:15:14.7600000
57457,230616,4,20.00,2026-05-13 01:15:14.7800000
57487,231498,4,20.00,2026-05-13 01:15:14.9366667
57517,231396,4,20.00,2026-05-13 01:15:14.9566667
57545,231282,4,20.00,2026-05-13 01:15:14.9800000
57649,231875,4,20.00,2026-05-13 01:15:15.1933333
57696,231684,4,20.00,2026-05-13 01:15:15.2300000
57739,231572,4,20.00,2026-05-13 01:15:15.2500000
57740,231569,4,20.00,2026-05-13 01:15:15.2500000
57762,232473,4,20.00,2026-05-13 01:15:15.4033333
57763,232472,4,20.00,2026-05-13 01:15:15.4033333
57845,232136,4,20.00,2026-05-13 01:15:15.4666667
57851,232111,4,20.00,2026-05-13 01:15:15.4733333
57873,232026,4,20.00,2026-05-13 01:15:15.4900000
57944,232713,4,20.00,2026-05-13 01:15:15.6866667
57963,232633,4,20.00,2026-05-13 01:15:15.7000000
57967,232609,4,20.00,2026-05-13 01:15:15.7066667
58013,233414,4,20.00,2026-05-13 01:15:15.8800000
58069,233174,4,20.00,2026-05-13 01:15:15.9266667
58101,233059,4,20.00,2026-05-13 01:15:15.9466667
58209,233616,4,20.00,2026-05-13 01:15:16.1600000
58294,234277,4,20.00,2026-05-13 01:15:16.3600000
58369,234937,4,20.00,2026-05-13 01:15:16.5600000
58449,234627,4,20.00,2026-05-13 01:15:16.6166667
58505,235410,4,20.00,2026-05-13 01:15:16.7900000
58543,235304,4,20.00,2026-05-13 01:15:16.8100000
58560,235242,4,20.00,2026-05-13 01:15:16.8233333
58577,235168,4,20.00,2026-05-13 01:15:16.8366667
58593,235110,4,20.00,2026-05-13 01:15:16.8500000
58742,235578,4,20.00,2026-05-13 01:15:17.0866667
58785,236385,4,20.00,2026-05-13 01:15:17.2600000
58786,236381,4,20.00,2026-05-13 01:15:17.2600000
58789,236361,4,20.00,2026-05-13 01:15:17.2666667
58805,236318,4,20.00,2026-05-13 01:15:17.2766667
58827,236251,4,20.00,2026-05-13 01:15:17.2933333
58929,236852,4,20.00,2026-05-13 01:15:17.5200000
58964,236646,4,20.00,2026-05-13 01:15:17.5600000
58986,236579,4,20.00,2026-05-13 01:15:17.5700000
59275,238383,4,20.00,2026-05-13 01:15:18.2033333
59293,238308,4,20.00,2026-05-13 01:15:18.2200000
59315,238220,4,20.00,2026-05-13 01:15:18.2433333
59457,238611,4,20.00,2026-05-13 01:15:18.4933333
59493,239479,4,20.00,2026-05-13 01:15:18.6533333
59546,239269,4,20.00,2026-05-13 01:15:18.6933333
59561,239206,4,20.00,2026-05-13 01:15:18.7066667
59596,239076,4,20.00,2026-05-13 01:15:18.7300000
59613,239991,4,20.00,2026-05-13 01:15:18.8800000
59649,239872,4,20.00,2026-05-13 01:15:18.9033333
59674,239753,4,20.00,2026-05-13 01:15:18.9266667
59772,240359,4,20.00,2026-05-13 01:15:19.1400000
59819,240186,4,20.00,2026-05-13 01:15:19.1700000
59893,240870,4,20.00,2026-05-13 01:15:19.3633333
60085,241098,4,20.00,2026-05-13 01:15:19.6566667
60272,242355,4,20.00,2026-05-13 01:15:20.0666667
60302,242233,4,20.00,2026-05-13 01:15:20.0900000
60364,242950,4,20.00,2026-05-13 01:15:20.2766667
60397,242819,4,20.00,2026-05-13 01:15:20.3033333
60415,242744,4,20.00,2026-05-13 01:15:20.3200000
60501,243393,4,20.00,2026-05-13 01:15:20.5233333
60596,243994,4,20.00,2026-05-13 01:15:20.7300000
60678,243682,4,20.00,2026-05-13 01:15:20.7900000
60684,243663,4,20.00,2026-05-13 01:15:20.7933333
60729,244470,4,20.00,2026-05-13 01:15:20.9633333
60895,244795,4,20.00,2026-05-13 01:15:21.2266667
61036,245287,4,20.00,2026-05-13 01:15:21.4766667
61184,245696,4,20.00,2026-05-13 01:15:21.7266667
61310,246144,4,20.00,2026-05-13 01:15:21.9766667
61338,246021,4,20.00,2026-05-13 01:15:22.0000000
61373,246870,4,20.00,2026-05-13 01:15:22.1633333
61380,246841,4,20.00,2026-05-13 01:15:22.1700000
61438,246577,4,20.00,2026-05-13 01:15:22.2200000
61556,247020,4,20.00,2026-05-13 01:15:22.4633333
61615,247760,4,20.00,2026-05-13 01:15:22.6433333
61673,247559,4,20.00,2026-05-13 01:15:22.6800000
61685,247513,4,20.00,2026-05-13 01:15:22.6900000
61717,248410,4,20.00,2026-05-13 01:15:22.8500000
61725,248387,4,20.00,2026-05-13 01:15:22.8566667
61734,248342,4,20.00,2026-05-13 01:15:22.8633333
61761,248235,4,20.00,2026-05-13 01:15:22.8866667
61764,248219,4,20.00,2026-05-13 01:15:22.8900000
61809,248052,4,20.00,2026-05-13 01:15:22.9233333
61816,248027,4,20.00,2026-05-13 01:15:22.9300000
61924,248522,4,20.00,2026-05-13 01:15:23.1700000
61960,249345,4,20.00,2026-05-13 01:15:23.3400000
62108,249733,4,20.00,2026-05-13 01:15:23.5933333
62157,249558,4,20.00,2026-05-13 01:15:23.6266667
62221,250334,4,20.00,2026-05-13 01:15:23.8066667
62236,250272,4,20.00,2026-05-13 01:15:23.8200000
62258,250173,4,20.00,2026-05-13 01:15:23.8400000
62277,250115,4,20.00,2026-05-13 01:15:23.8500000
62320,250955,4,20.00,2026-05-13 01:15:24.0200000
62477,251379,4,20.00,2026-05-13 01:15:24.2666667
62478,251362,4,20.00,2026-05-13 01:15:24.2700000
62519,251164,4,20.00,2026-05-13 01:15:24.3066667
62521,251150,4,20.00,2026-05-13 01:15:24.3100000
62567,251979,4,20.00,2026-05-13 01:15:24.4800000
62659,251602,4,20.00,2026-05-13 01:15:24.5533333
62696,252441,4,20.00,2026-05-13 01:15:24.7200000
62818,252854,4,20.00,2026-05-13 01:15:24.9666667
62908,252516,4,20.00,2026-05-13 01:15:25.0300000
62911,253500,4,20.00,2026-05-13 01:15:25.1700000
62913,253497,4,20.00,2026-05-13 01:15:25.1700000
62947,253390,4,20.00,2026-05-13 01:15:25.1900000
62984,253223,4,20.00,2026-05-13 01:15:25.2200000
63001,253142,4,20.00,2026-05-13 01:15:25.2366667
63004,253134,4,20.00,2026-05-13 01:15:25.2366667
63093,253789,4,20.00,2026-05-13 01:15:25.4366667
63146,253595,4,20.00,2026-05-13 01:15:25.4733333
63171,254497,4,20.00,2026-05-13 01:15:25.6300000
63173,254493,4,20.00,2026-05-13 01:15:25.6300000
63175,254485,4,20.00,2026-05-13 01:15:25.6300000
63180,254453,4,20.00,2026-05-13 01:15:25.6366667
63181,254446,4,20.00,2026-05-13 01:15:25.6400000
63193,254390,4,20.00,2026-05-13 01:15:25.6500000
63207,254349,4,20.00,2026-05-13 01:15:25.6566667
63240,254220,4,20.00,2026-05-13 01:15:25.6800000
63302,254951,4,20.00,2026-05-13 01:15:25.8666667
63331,254844,4,20.00,2026-05-13 01:15:25.8900000
63338,254813,4,20.00,2026-05-13 01:15:25.8966667
63385,254651,4,20.00,2026-05-13 01:15:25.9300000
63515,255056,4,20.00,2026-05-13 01:15:26.1766667
63536,255968,4,20.00,2026-05-13 01:15:26.3266667
63564,255877,4,20.00,2026-05-13 01:15:26.3466667
63628,255625,4,20.00,2026-05-13 01:15:26.3966667
63656,255524,4,20.00,2026-05-13 01:15:26.4166667
63751,256168,4,20.00,2026-05-13 01:15:26.6200000
63912,256524,4,20.00,2026-05-13 01:15:26.8733333
63926,257482,4,20.00,2026-05-13 01:15:27.0166667
64049,257052,4,20.00,2026-05-13 01:15:27.1100000
64083,257870,4,20.00,2026-05-13 01:15:27.2733333
64086,257861,4,20.00,2026-05-13 01:15:27.2766667
64124,257683,4,20.00,2026-05-13 01:15:27.3100000
64174,258485,4,20.00,2026-05-13 01:15:27.4800000
64212,258314,4,20.00,2026-05-13 01:15:27.5133333
64334,258876,4,20.00,2026-05-13 01:15:27.7333333
64409,258625,4,20.00,2026-05-13 01:15:27.7800000
64497,259307,4,20.00,2026-05-13 01:15:27.9800000
64500,259304,4,20.00,2026-05-13 01:15:27.9800000
64555,259090,4,20.00,2026-05-13 01:15:28.0200000
64576,259016,4,20.00,2026-05-13 01:15:28.0366667
64580,259995,4,20.00,2026-05-13 01:15:28.1666667
64644,259720,4,20.00,2026-05-13 01:15:28.2200000
64706,260475,4,20.00,2026-05-13 01:15:28.4000000
64788,260133,4,20.00,2026-05-13 01:15:28.4666667
64803,260065,4,20.00,2026-05-13 01:15:28.4800000
64809,260041,4,20.00,2026-05-13 01:15:28.4833333
64868,260805,4,20.00,2026-05-13 01:15:28.6633333
64911,260620,4,20.00,2026-05-13 01:15:28.7000000
64919,260603,4,20.00,2026-05-13 01:15:28.7033333
64966,261394,4,20.00,2026-05-13 01:15:28.8766667
64971,261376,4,20.00,2026-05-13 01:15:28.8800000
64988,261312,4,20.00,2026-05-13 01:15:28.8933333
64989,261309,4,20.00,2026-05-13 01:15:28.8933333
65351,262818,4,20.00,2026-05-13 01:15:29.5833333
65376,262705,4,20.00,2026-05-13 01:15:29.6033333
65384,262674,4,20.00,2026-05-13 01:15:29.6100000
65418,262551,4,20.00,2026-05-13 01:15:29.6333333
65491,263295,4,20.00,2026-05-13 01:15:29.8233333
65514,263212,4,20.00,2026-05-13 01:15:29.8400000
65551,263067,4,20.00,2026-05-13 01:15:29.8666667
65655,263645,4,20.00,2026-05-13 01:15:30.0800000
65667,263601,4,20.00,2026-05-13 01:15:30.0900000
65677,263562,4,20.00,2026-05-13 01:15:30.0966667
65696,264477,4,20.00,2026-05-13 01:15:30.2500000
65731,264347,4,20.00,2026-05-13 01:15:30.2733333
65846,264895,4,20.00,2026-05-13 01:15:30.4966667
65863,264801,4,20.00,2026-05-13 01:15:30.5133333
65864,264798,4,20.00,2026-05-13 01:15:30.5133333
65970,265378,4,20.00,2026-05-13 01:15:30.7500000
66057,265998,4,20.00,2026-05-13 01:15:30.9700000
66325,266976,4,20.00,2026-05-13 01:15:31.4400000
66402,266718,4,20.00,2026-05-13 01:15:31.4866667
66519,267246,4,20.00,2026-05-13 01:15:31.7166667
66576,267044,4,20.00,2026-05-13 01:15:31.7533333
66604,267934,4,20.00,2026-05-13 01:15:31.9133333
66653,267755,4,20.00,2026-05-13 01:15:31.9500000
66695,267608,4,20.00,2026-05-13 01:15:31.9800000
66703,267576,4,20.00,2026-05-13 01:15:31.9833333
66761,268300,4,20.00,2026-05-13 01:15:32.1700000
66839,268987,4,20.00,2026-05-13 01:15:32.3600000
66842,268981,4,20.00,2026-05-13 01:15:32.3600000
66875,268840,4,20.00,2026-05-13 01:15:32.3866667
66888,268798,4,20.00,2026-05-13 01:15:32.3933333
66892,268782,4,20.00,2026-05-13 01:15:32.3966667
66899,268764,4,20.00,2026-05-13 01:15:32.4000000
67147,269783,4,20.00,2026-05-13 01:15:32.8700000
67222,270469,4,20.00,2026-05-13 01:15:33.0700000
67258,270334,4,20.00,2026-05-13 01:15:33.0933333
67464,270546,4,20.00,2026-05-13 01:15:33.3933333
67516,271363,4,20.00,2026-05-13 01:15:33.5633333
67820,272122,4,20.00,2026-05-13 01:15:34.0700000
67896,272826,4,20.00,2026-05-13 01:15:34.2633333
67950,272591,4,20.00,2026-05-13 01:15:34.3100000
68050,273179,4,20.00,2026-05-13 01:15:34.5200000
68054,273159,4,20.00,2026-05-13 01:15:34.5233333
68078,273066,4,20.00,2026-05-13 01:15:34.5400000
68116,273905,4,20.00,2026-05-13 01:15:34.7000000
68153,273753,4,20.00,2026-05-13 01:15:34.7300000
68188,273633,4,20.00,2026-05-13 01:15:34.7533333
68199,273600,4,20.00,2026-05-13 01:15:34.7600000
68212,273546,4,20.00,2026-05-13 01:15:34.7700000
68239,274426,4,20.00,2026-05-13 01:15:34.9266667
68247,274393,4,20.00,2026-05-13 01:15:34.9300000
68258,274342,4,20.00,2026-05-13 01:15:34.9400000
68274,274266,4,20.00,2026-05-13 01:15:34.9566667
68281,274245,4,20.00,2026-05-13 01:15:34.9600000
68289,274213,4,20.00,2026-05-13 01:15:34.9666667
68343,274955,4,20.00,2026-05-13 01:15:35.1533333
68351,274934,4,20.00,2026-05-13 01:15:35.1600000
68352,274933,4,20.00,2026-05-13 01:15:35.1600000
68436,274588,4,20.00,2026-05-13 01:15:35.2266667
68441,274575,4,20.00,2026-05-13 01:15:35.2300000
68447,274556,4,20.00,2026-05-13 01:15:35.2333333
68525,275215,4,20.00,2026-05-13 01:15:35.4366667
68536,275185,4,20.00,2026-05-13 01:15:35.4433333
68540,275172,4,20.00,2026-05-13 01:15:35.4466667
68542,275163,4,20.00,2026-05-13 01:15:35.4466667
68596,275987,4,20.00,2026-05-13 01:15:35.6233333
68633,275782,4,20.00,2026-05-13 01:15:35.6633333
68718,276497,4,20.00,2026-05-13 01:15:35.8566667
68719,276496,4,20.00,2026-05-13 01:15:35.8566667
68818,276070,4,20.00,2026-05-13 01:15:35.9600000
68896,276788,4,20.00,2026-05-13 01:15:36.1900000
68962,277473,4,20.00,2026-05-13 01:15:36.3866667
68963,277471,4,20.00,2026-05-13 01:15:36.3866667
68968,277457,4,20.00,2026-05-13 01:15:36.3900000
69108,277877,4,20.00,2026-05-13 01:15:36.6333333
69141,277735,4,20.00,2026-05-13 01:15:36.6600000
69161,277647,4,20.00,2026-05-13 01:15:36.6766667
69170,277614,4,20.00,2026-05-13 01:15:36.6833333
69204,278474,4,20.00,2026-05-13 01:15:36.8400000
69263,278211,4,20.00,2026-05-13 01:15:36.8900000
69287,278123,4,20.00,2026-05-13 01:15:36.9066667
69432,278550,4,20.00,2026-05-13 01:15:37.1500000
69453,279480,4,20.00,2026-05-13 01:15:37.2900000
69482,279327,4,20.00,2026-05-13 01:15:37.3200000
69496,279260,4,20.00,2026-05-13 01:15:37.3333333
69557,279013,4,20.00,2026-05-13 01:15:37.3800000
69705,280441,4,20.00,2026-05-13 01:15:37.7600000
69723,280383,4,20.00,2026-05-13 01:15:37.7733333
69843,280908,4,20.00,2026-05-13 01:15:38.0366667
69897,280665,4,20.00,2026-05-13 01:15:38.1300000
69898,280663,4,20.00,2026-05-13 01:15:38.1300000
69931,280543,4,20.00,2026-05-13 01:15:38.1600000
69990,281304,4,20.00,2026-05-13 01:15:38.3466667
70009,281218,4,20.00,2026-05-13 01:15:38.3600000
70017,281163,4,20.00,2026-05-13 01:15:38.3700000
70020,281146,4,20.00,2026-05-13 01:15:38.3733333
70097,281836,4,20.00,2026-05-13 01:15:38.5666667
70135,281693,4,20.00,2026-05-13 01:15:38.5966667
70141,281658,4,20.00,2026-05-13 01:15:38.6033333
70266,282186,4,20.00,2026-05-13 01:15:38.8266667
70292,282078,4,20.00,2026-05-13 01:15:38.8466667
70297,282044,4,20.00,2026-05-13 01:15:38.8533333
70330,282922,4,20.00,2026-05-13 01:15:39.0133333
70335,282895,4,20.00,2026-05-13 01:15:39.0166667
70429,282554,4,20.00,2026-05-13 01:15:39.0866667
70469,283420,4,20.00,2026-05-13 01:15:39.2500000
70516,283212,4,20.00,2026-05-13 01:15:39.2900000
70620,283830,4,20.00,2026-05-13 01:15:39.4966667
70628,283795,4,20.00,2026-05-13 01:15:39.5033333
70676,283585,4,20.00,2026-05-13 01:15:39.5433333
70691,283511,4,20.00,2026-05-13 01:15:39.5566667
70848,284894,4,20.00,2026-05-13 01:15:39.9700000
70852,284885,4,20.00,2026-05-13 01:15:39.9700000
70855,284879,4,20.00,2026-05-13 01:15:39.9733333
70892,284738,4,20.00,2026-05-13 01:15:40.0000000
70923,284608,4,20.00,2026-05-13 01:15:40.0233333
70953,285464,4,20.00,2026-05-13 01:15:40.1900000
70976,285366,4,20.00,2026-05-13 01:15:40.2066667
71026,285160,4,20.00,2026-05-13 01:15:40.2466667
71038,285100,4,20.00,2026-05-13 01:15:40.2566667
71067,285992,4,20.00,2026-05-13 01:15:40.4133333
71200,286476,4,20.00,2026-05-13 01:15:40.6400000
71219,286380,4,20.00,2026-05-13 01:15:40.6600000
71246,286268,4,20.00,2026-05-13 01:15:40.6800000
71363,286792,4,20.00,2026-05-13 01:15:40.9100000
71391,286636,4,20.00,2026-05-13 01:15:40.9400000
71442,287409,4,20.00,2026-05-13 01:15:41.1233333
71457,287360,4,20.00,2026-05-13 01:15:41.1333333
71470,287323,4,20.00,2026-05-13 01:15:41.1400000
71486,287274,4,20.00,2026-05-13 01:15:41.1500000
71517,287138,4,20.00,2026-05-13 01:15:41.1766667
71530,287081,4,20.00,2026-05-13 01:15:41.1866667
71549,288000,4,20.00,2026-05-13 01:15:41.3300000
71555,287982,4,20.00,2026-05-13 01:15:41.3333333
71604,287784,4,20.00,2026-05-13 01:15:41.3700000
71621,287715,4,20.00,2026-05-13 01:15:41.3833333
71631,287661,4,20.00,2026-05-13 01:15:41.3933333
71694,288416,4,20.00,2026-05-13 01:15:41.5700000
71858,288707,4,20.00,2026-05-13 01:15:41.8533333
71937,289361,4,20.00,2026-05-13 01:15:42.0566667
72038,289993,4,20.00,2026-05-13 01:15:42.2666667
72039,289991,4,20.00,2026-05-13 01:15:42.2666667
72095,289776,4,20.00,2026-05-13 01:15:42.3066667
72118,289689,4,20.00,2026-05-13 01:15:42.3233333
72202,290330,4,20.00,2026-05-13 01:15:42.5200000
72267,290068,4,20.00,2026-05-13 01:15:42.5700000
72308,290942,4,20.00,2026-05-13 01:15:42.7200000
72336,290803,4,20.00,2026-05-13 01:15:42.7466667
72395,290538,4,20.00,2026-05-13 01:15:42.7966667
72441,291350,4,20.00,2026-05-13 01:15:42.9666667
72500,291125,4,20.00,2026-05-13 01:15:43.0100000
72621,291655,4,20.00,2026-05-13 01:15:43.2366667
72639,291581,4,20.00,2026-05-13 01:15:43.2500000
72640,291579,4,20.00,2026-05-13 01:15:43.2500000
72697,292311,4,20.00,2026-05-13 01:15:43.4400000
72721,292229,4,20.00,2026-05-13 01:15:43.4566667
72771,292033,4,20.00,2026-05-13 01:15:43.4933333
72879,292584,4,20.00,2026-05-13 01:15:43.7266667
72959,293285,4,20.00,2026-05-13 01:15:43.9133333
73038,293953,4,20.00,2026-05-13 01:15:44.1133333
73039,293947,4,20.00,2026-05-13 01:15:44.1166667
73052,293907,4,20.00,2026-05-13 01:15:44.1233333
73070,293818,4,20.00,2026-05-13 01:15:44.1400000
73071,293816,4,20.00,2026-05-13 01:15:44.1400000
73235,294131,4,20.00,2026-05-13 01:15:44.4033333
73241,294088,4,20.00,2026-05-13 01:15:44.4133333
73288,294869,4,20.00,2026-05-13 01:15:44.5900000
73381,294506,4,20.00,2026-05-13 01:15:44.6600000
73456,295237,4,20.00,2026-05-13 01:15:44.8433333
73480,295142,4,20.00,2026-05-13 01:15:44.8633333
73483,295134,4,20.00,2026-05-13 01:15:44.8633333
73531,295965,4,20.00,2026-05-13 01:15:45.0333333
73536,295953,4,20.00,2026-05-13 01:15:45.0366667
73556,295863,4,20.00,2026-05-13 01:15:45.0533333
73557,295857,4,20.00,2026-05-13 01:15:45.0533333
73562,295845,4,20.00,2026-05-13 01:15:45.0566667
73573,295805,4,20.00,2026-05-13 01:15:45.0633333
73592,295745,4,20.00,2026-05-13 01:15:45.0766667
73613,295659,4,20.00,2026-05-13 01:15:45.0900000
73703,296325,4,20.00,2026-05-13 01:15:45.2900000
73718,296265,4,20.00,2026-05-13 01:15:45.3000000
73727,296221,4,20.00,2026-05-13 01:15:45.3100000
73834,296753,4,20.00,2026-05-13 01:15:45.5333333
73848,296701,4,20.00,2026-05-13 01:15:45.5433333
73856,296668,4,20.00,2026-05-13 01:15:45.5500000
73916,297426,4,20.00,2026-05-13 01:15:45.7466667
73971,297248,4,20.00,2026-05-13 01:15:45.7800000
74008,297096,4,20.00,2026-05-13 01:15:45.8133333
74023,297009,4,20.00,2026-05-13 01:15:45.8300000
74077,297814,4,20.00,2026-05-13 01:15:46.0166667
74229,298215,4,20.00,2026-05-13 01:15:46.3333333
74363,298637,4,20.00,2026-05-13 01:15:46.5900000
74411,299431,4,20.00,2026-05-13 01:15:46.7766667
74426,299392,4,20.00,2026-05-13 01:15:46.7833333
74537,299943,4,20.00,2026-05-13 01:15:47.0133333
74591,299728,4,20.00,2026-05-13 01:15:47.0533333
74609,299679,4,20.00,2026-05-13 01:15:47.0633333
74614,299652,4,20.00,2026-05-13 01:15:47.0700000
74630,299560,4,20.00,2026-05-13 01:15:47.0866667
74660,300416,4,20.00,2026-05-13 01:15:47.2633333
74688,300326,4,20.00,2026-05-13 01:15:47.2833333
74706,300270,4,20.00,2026-05-13 01:15:47.2933333
74791,300955,4,20.00,2026-05-13 01:15:47.4966667
74906,301449,4,20.00,2026-05-13 01:15:47.7366667
74953,301234,4,20.00,2026-05-13 01:15:47.7800000
74987,301090,4,20.00,2026-05-13 01:15:47.8066667
74989,301085,4,20.00,2026-05-13 01:15:47.8100000
74999,301050,4,20.00,2026-05-13 01:15:47.8166667
75056,301839,4,20.00,2026-05-13 01:15:47.9900000
75196,302299,4,20.00,2026-05-13 01:15:48.2400000
75216,302186,4,20.00,2026-05-13 01:15:48.2666667
75372,302629,4,20.00,2026-05-13 01:15:48.5066667
75471,303275,4,20.00,2026-05-13 01:15:48.7100000
75484,303235,4,20.00,2026-05-13 01:15:48.7166667
75488,303223,4,20.00,2026-05-13 01:15:48.7200000
75548,303974,4,20.00,2026-05-13 01:15:48.9033333
75571,303903,4,20.00,2026-05-13 01:15:48.9200000
75576,303879,4,20.00,2026-05-13 01:15:48.9266667
75578,303866,4,20.00,2026-05-13 01:15:48.9266667
75643,303625,4,20.00,2026-05-13 01:15:48.9800000
75671,303536,4,20.00,2026-05-13 01:15:48.9966667
75827,304887,4,20.00,2026-05-13 01:15:49.3866667
75919,304548,4,20.00,2026-05-13 01:15:49.4500000
75957,305401,4,20.00,2026-05-13 01:15:49.6166667
75967,305363,4,20.00,2026-05-13 01:15:49.6233333
75999,305236,4,20.00,2026-05-13 01:15:49.6466667
76019,305146,4,20.00,2026-05-13 01:15:49.6633333
76106,305860,4,20.00,2026-05-13 01:15:49.8466667
76264,306206,4,20.00,2026-05-13 01:15:50.1000000
76283,306107,4,20.00,2026-05-13 01:15:50.1200000
76335,306891,4,20.00,2026-05-13 01:15:50.2966667
76396,306591,4,20.00,2026-05-13 01:15:50.3533333
76568,307911,4,20.00,2026-05-13 01:15:50.7500000
76578,307862,4,20.00,2026-05-13 01:15:50.7566667
76589,307833,4,20.00,2026-05-13 01:15:50.7633333
76758,308189,4,20.00,2026-05-13 01:15:51.0200000
76771,308135,4,20.00,2026-05-13 01:15:51.0300000
76796,308029,4,20.00,2026-05-13 01:15:51.0500000
76849,308828,4,20.00,2026-05-13 01:15:51.2200000
76979,309310,4,20.00,2026-05-13 01:15:51.4466667
76980,309307,4,20.00,2026-05-13 01:15:51.4466667
77000,309239,4,20.00,2026-05-13 01:15:51.4600000
77061,310000,4,20.00,2026-05-13 01:15:51.6400000
77146,309708,4,20.00,2026-05-13 01:15:51.7233333
77167,309625,4,20.00,2026-05-13 01:15:51.7466667
77176,309593,4,20.00,2026-05-13 01:15:51.7500000
77178,309585,4,20.00,2026-05-13 01:15:51.7533333
77187,309559,4,20.00,2026-05-13 01:15:51.7566667
77209,310479,4,20.00,2026-05-13 01:15:51.9100000
77231,310406,4,20.00,2026-05-13 01:15:51.9233333
77242,310360,4,20.00,2026-05-13 01:15:51.9300000
77330,310982,4,20.00,2026-05-13 01:15:52.1400000
77545,311181,4,20.00,2026-05-13 01:15:52.4300000
77597,311937,4,20.00,2026-05-13 01:15:52.6166667
77618,311864,4,20.00,2026-05-13 01:15:52.6333333
77653,311714,4,20.00,2026-05-13 01:15:52.6600000
77655,311707,4,20.00,2026-05-13 01:15:52.6633333
77673,311640,4,20.00,2026-05-13 01:15:52.6766667
77711,312479,4,20.00,2026-05-13 01:15:52.8733333
77736,312371,4,20.00,2026-05-13 01:15:52.9066667
77789,312125,4,20.00,2026-05-13 01:15:52.9600000
77821,312995,4,20.00,2026-05-13 01:15:53.1300000
77834,312955,4,20.00,2026-05-13 01:15:53.1366667
77854,312880,4,20.00,2026-05-13 01:15:53.1533333
77862,312843,4,20.00,2026-05-13 01:15:53.1600000
77926,312651,4,20.00,2026-05-13 01:15:53.2000000
78079,313020,4,20.00,2026-05-13 01:15:53.4733333
78108,313885,4,20.00,2026-05-13 01:15:53.6366667
78125,313829,4,20.00,2026-05-13 01:15:53.6466667
78174,313610,4,20.00,2026-05-13 01:15:53.6866667
78278,314235,4,20.00,2026-05-13 01:15:53.9033333
78298,314159,4,20.00,2026-05-13 01:15:53.9200000
78337,314996,4,20.00,2026-05-13 01:15:54.0866667
78372,314886,4,20.00,2026-05-13 01:15:54.1066667
78382,314852,4,20.00,2026-05-13 01:15:54.1133333
78426,314672,4,20.00,2026-05-13 01:15:54.1466667
78434,314642,4,20.00,2026-05-13 01:15:54.1533333
78449,314573,4,20.00,2026-05-13 01:15:54.1666667
78505,315361,4,20.00,2026-05-13 01:15:54.3400000
78618,315881,4,20.00,2026-05-13 01:15:54.5633333
78674,315649,4,20.00,2026-05-13 01:15:54.6066667
78686,315592,4,20.00,2026-05-13 01:15:54.6166667
78792,316137,4,20.00,2026-05-13 01:15:54.8366667
78845,316900,4,20.00,2026-05-13 01:15:55.0100000
78866,316814,4,20.00,2026-05-13 01:15:55.0266667
78871,316802,4,20.00,2026-05-13 01:15:55.0300000
78960,317476,4,20.00,2026-05-13 01:15:55.2333333
79095,317973,4,20.00,2026-05-13 01:15:55.4666667
79143,317781,4,20.00,2026-05-13 01:15:55.5033333
79178,317671,4,20.00,2026-05-13 01:15:55.5233333
79179,317669,4,20.00,2026-05-13 01:15:55.5233333
79183,317648,4,20.00,2026-05-13 01:15:55.5300000
79290,318212,4,20.00,2026-05-13 01:15:55.7500000
79347,318999,4,20.00,2026-05-13 01:15:55.9266667
79354,318978,4,20.00,2026-05-13 01:15:55.9300000
79440,318699,4,20.00,2026-05-13 01:15:55.9833333
79474,318561,4,20.00,2026-05-13 01:15:56.0100000
79502,319442,4,20.00,2026-05-13 01:15:56.1666667
79586,319128,4,20.00,2026-05-13 01:15:56.2300000
79599,319097,4,20.00,2026-05-13 01:15:56.2333333
79621,319986,4,20.00,2026-05-13 01:15:56.3900000
79655,319848,4,20.00,2026-05-13 01:15:56.4166667
79684,319696,4,20.00,2026-05-13 01:15:56.4433333
79758,320424,4,20.00,2026-05-13 01:15:56.6333333
79810,320191,4,20.00,2026-05-13 01:15:56.6800000
79813,320178,4,20.00,2026-05-13 01:15:56.6800000
79828,320131,4,20.00,2026-05-13 01:15:56.6900000
79831,320121,4,20.00,2026-05-13 01:15:56.6900000
79834,320112,4,20.00,2026-05-13 01:15:56.6933333
79976,320549,4,20.00,2026-05-13 01:15:56.9300000
80051,321202,4,20.00,2026-05-13 01:15:57.1333333
80089,321034,4,20.00,2026-05-13 01:15:57.1633333
80132,321870,4,20.00,2026-05-13 01:15:57.3300000
80166,321782,4,20.00,2026-05-13 01:15:57.3500000
80198,321664,4,20.00,2026-05-13 01:15:57.3700000
80199,321663,4,20.00,2026-05-13 01:15:57.3700000
80396,322899,4,20.00,2026-05-13 01:15:57.8000000
80469,322605,4,20.00,2026-05-13 01:15:57.8566667
80493,322501,4,20.00,2026-05-13 01:15:57.8766667
80542,323292,4,20.00,2026-05-13 01:15:58.0533333
80557,323237,4,20.00,2026-05-13 01:15:58.0633333
80632,323962,4,20.00,2026-05-13 01:15:58.2433333
80705,323715,4,20.00,2026-05-13 01:15:58.2900000
80747,323561,4,20.00,2026-05-13 01:15:58.3200000
80823,324318,4,20.00,2026-05-13 01:15:58.5033333
80825,324311,4,20.00,2026-05-13 01:15:58.5033333
80905,324959,4,20.00,2026-05-13 01:15:58.7033333
80909,324948,4,20.00,2026-05-13 01:15:58.7066667
80920,324916,4,20.00,2026-05-13 01:15:58.7133333
80926,324888,4,20.00,2026-05-13 01:15:58.7200000
80955,324773,4,20.00,2026-05-13 01:15:58.7400000
80959,324765,4,20.00,2026-05-13 01:15:58.7400000
80975,324710,4,20.00,2026-05-13 01:15:58.7500000
81070,325372,4,20.00,2026-05-13 01:15:58.9500000
81073,325359,4,20.00,2026-05-13 01:15:58.9533333
81131,325108,4,20.00,2026-05-13 01:15:59.0000000
81155,325025,4,20.00,2026-05-13 01:15:59.0166667
81191,325873,4,20.00,2026-05-13 01:15:59.1766667
81218,325783,4,20.00,2026-05-13 01:15:59.1933333
81233,325713,4,20.00,2026-05-13 01:15:59.2066667
81239,325684,4,20.00,2026-05-13 01:15:59.2133333
81245,325641,4,20.00,2026-05-13 01:15:59.2200000
81301,326395,4,20.00,2026-05-13 01:15:59.3966667
81305,326378,4,20.00,2026-05-13 01:15:59.4000000
81480,326695,4,20.00,2026-05-13 01:15:59.6500000
81483,326687,4,20.00,2026-05-13 01:15:59.6500000
81506,326616,4,20.00,2026-05-13 01:15:59.6633333
81520,326555,4,20.00,2026-05-13 01:15:59.6766667
81524,326533,4,20.00,2026-05-13 01:15:59.6800000
81536,326503,4,20.00,2026-05-13 01:15:59.6866667
81595,327322,4,20.00,2026-05-13 01:15:59.8533333
81604,327289,4,20.00,2026-05-13 01:15:59.8600000
81670,327030,4,20.00,2026-05-13 01:15:59.9100000
81683,327941,4,20.00,2026-05-13 01:16:00.0733333
81712,327843,4,20.00,2026-05-13 01:16:00.0933333
81754,327682,4,20.00,2026-05-13 01:16:00.1233333
81788,327553,4,20.00,2026-05-13 01:16:00.1500000
81807,328480,4,20.00,2026-05-13 01:16:00.3066667
81848,328312,4,20.00,2026-05-13 01:16:00.3400000
81851,328301,4,20.00,2026-05-13 01:16:00.3400000
81948,328872,4,20.00,2026-05-13 01:16:00.5700000
81974,328792,4,20.00,2026-05-13 01:16:00.5866667
82003,328667,4,20.00,2026-05-13 01:16:00.6100000
82039,328534,4,20.00,2026-05-13 01:16:00.6333333
82046,328512,4,20.00,2026-05-13 01:16:00.6400000
82053,329480,4,20.00,2026-05-13 01:16:00.7833333
82153,329082,4,20.00,2026-05-13 01:16:00.8633333
82164,329032,4,20.00,2026-05-13 01:16:00.8733333
82297,330484,4,20.00,2026-05-13 01:16:01.2433333
82319,330385,4,20.00,2026-05-13 01:16:01.2666667
82353,330264,4,20.00,2026-05-13 01:16:01.2966667
82390,330141,4,20.00,2026-05-13 01:16:01.3200000
82411,330034,4,20.00,2026-05-13 01:16:01.3400000
82422,330993,4,20.00,2026-05-13 01:16:01.4833333
82636,331056,4,20.00,2026-05-13 01:16:01.8100000
82655,331002,4,20.00,2026-05-13 01:16:01.8200000
82687,331895,4,20.00,2026-05-13 01:16:01.9700000
82761,331558,4,20.00,2026-05-13 01:16:02.0333333
82766,331537,4,20.00,2026-05-13 01:16:02.0366667
82886,332107,4,20.00,2026-05-13 01:16:02.2533333
82999,332666,4,20.00,2026-05-13 01:16:02.5033333
83045,333491,4,20.00,2026-05-13 01:16:02.6666667
83116,333180,4,20.00,2026-05-13 01:16:02.7233333
83154,333981,4,20.00,2026-05-13 01:16:02.9000000
83217,333743,4,20.00,2026-05-13 01:16:02.9466667
83248,333619,4,20.00,2026-05-13 01:16:02.9700000
83301,334363,4,20.00,2026-05-13 01:16:03.1566667
83318,334288,4,20.00,2026-05-13 01:16:03.1700000
83530,334513,4,20.00,2026-05-13 01:16:03.4500000
83551,335437,4,20.00,2026-05-13 01:16:03.5966667
83629,335117,4,20.00,2026-05-13 01:16:03.6600000
83645,335063,4,20.00,2026-05-13 01:16:03.6700000
83666,335983,4,20.00,2026-05-13 01:16:03.8200000
83693,335861,4,20.00,2026-05-13 01:16:03.8433333
83727,335761,4,20.00,2026-05-13 01:16:03.8633333
83784,335521,4,20.00,2026-05-13 01:16:03.9100000
83795,336493,4,20.00,2026-05-13 01:16:04.0600000
83806,336456,4,20.00,2026-05-13 01:16:04.0700000
83847,336317,4,20.00,2026-05-13 01:16:04.0966667
84116,337213,4,20.00,2026-05-13 01:16:04.5833333
84133,337152,4,20.00,2026-05-13 01:16:04.5933333
84149,337096,4,20.00,2026-05-13 01:16:04.6033333
84232,337735,4,20.00,2026-05-13 01:16:04.8100000
84254,337650,4,20.00,2026-05-13 01:16:04.8266667
84268,337594,4,20.00,2026-05-13 01:16:04.8366667
84282,337513,4,20.00,2026-05-13 01:16:04.8500000
84297,338458,4,20.00,2026-05-13 01:16:04.9933333
84308,338397,4,20.00,2026-05-13 01:16:05.0033333
84312,338379,4,20.00,2026-05-13 01:16:05.0100000
84393,338033,4,20.00,2026-05-13 01:16:05.0733333
84406,338984,4,20.00,2026-05-13 01:16:05.2166667
84423,338908,4,20.00,2026-05-13 01:16:05.2300000
84511,338627,4,20.00,2026-05-13 01:16:05.2866667
84543,339484,4,20.00,2026-05-13 01:16:05.4600000
84572,339368,4,20.00,2026-05-13 01:16:05.4900000
84582,339334,4,20.00,2026-05-13 01:16:05.5000000
84586,339325,4,20.00,2026-05-13 01:16:05.5000000
84589,339318,4,20.00,2026-05-13 01:16:05.5033333
84716,339809,4,20.00,2026-05-13 01:16:05.7366667
84719,339801,4,20.00,2026-05-13 01:16:05.7400000
84857,340281,4,20.00,2026-05-13 01:16:05.9733333
84878,340228,4,20.00,2026-05-13 01:16:05.9833333
84921,340054,4,20.00,2026-05-13 01:16:06.0200000
84933,340004,4,20.00,2026-05-13 01:16:06.0266667
84977,340860,4,20.00,2026-05-13 01:16:06.1866667
85022,340679,4,20.00,2026-05-13 01:16:06.2233333
85024,340672,4,20.00,2026-05-13 01:16:06.2266667
85049,340547,4,20.00,2026-05-13 01:16:06.2533333
85074,341472,4,20.00,2026-05-13 01:16:06.4133333
85085,341440,4,20.00,2026-05-13 01:16:06.4200000
85202,341985,4,20.00,2026-05-13 01:16:06.6400000
85209,341969,4,20.00,2026-05-13 01:16:06.6400000
85305,341590,4,20.00,2026-05-13 01:16:06.7133333
85313,341563,4,20.00,2026-05-13 01:16:06.7166667
85331,342497,4,20.00,2026-05-13 01:16:06.8566667
85396,342215,4,20.00,2026-05-13 01:16:06.9100000
85534,342701,4,20.00,2026-05-13 01:16:07.1433333
85603,343430,4,20.00,2026-05-13 01:16:07.3300000
85612,343400,4,20.00,2026-05-13 01:16:07.3366667
85657,343232,4,20.00,2026-05-13 01:16:07.3700000
85777,343761,4,20.00,2026-05-13 01:16:07.5933333
85787,343711,4,20.00,2026-05-13 01:16:07.6033333
85790,343703,4,20.00,2026-05-13 01:16:07.6033333
85796,343670,4,20.00,2026-05-13 01:16:07.6100000
85940,344098,4,20.00,2026-05-13 01:16:07.8933333
85963,344004,4,20.00,2026-05-13 01:16:07.9100000
85993,344884,4,20.00,2026-05-13 01:16:08.0700000
86037,344770,4,20.00,2026-05-13 01:16:08.0933333
86122,345400,4,20.00,2026-05-13 01:16:08.3133333
86126,345380,4,20.00,2026-05-13 01:16:08.3166667
86271,345762,4,20.00,2026-05-13 01:16:08.5733333
86281,345708,4,20.00,2026-05-13 01:16:08.5833333
86315,345570,4,20.00,2026-05-13 01:16:08.6100000
86319,345559,4,20.00,2026-05-13 01:16:08.6100000
86352,346454,4,20.00,2026-05-13 01:16:08.7666667
86412,346218,4,20.00,2026-05-13 01:16:08.8100000
86439,346117,4,20.00,2026-05-13 01:16:08.8300000
86470,346991,4,20.00,2026-05-13 01:16:08.9900000
86527,346728,4,20.00,2026-05-13 01:16:09.0366667
86528,346719,4,20.00,2026-05-13 01:16:09.0400000
86550,346597,4,20.00,2026-05-13 01:16:09.0600000
86576,346507,4,20.00,2026-05-13 01:16:09.0800000
86759,347848,4,20.00,2026-05-13 01:16:09.4833333
86771,347796,4,20.00,2026-05-13 01:16:09.4933333
86864,348395,4,20.00,2026-05-13 01:16:09.7033333
86927,348157,4,20.00,2026-05-13 01:16:09.7500000
86942,348109,4,20.00,2026-05-13 01:16:09.7600000
87095,349445,4,20.00,2026-05-13 01:16:10.1633333
87130,349326,4,20.00,2026-05-13 01:16:10.1866667
87154,349229,4,20.00,2026-05-13 01:16:10.2033333
87155,349224,4,20.00,2026-05-13 01:16:10.2033333
87158,349218,4,20.00,2026-05-13 01:16:10.2066667
87166,349188,4,20.00,2026-05-13 01:16:10.2100000
87187,349124,4,20.00,2026-05-13 01:16:10.2233333
87203,349052,4,20.00,2026-05-13 01:16:10.2366667
87270,349824,4,20.00,2026-05-13 01:16:10.4133333
87297,349705,4,20.00,2026-05-13 01:16:10.4366667
87334,349532,4,20.00,2026-05-13 01:16:10.4700000
87352,350474,4,20.00,2026-05-13 01:16:10.6166667
87357,350442,4,20.00,2026-05-13 01:16:10.6233333
87369,350410,4,20.00,2026-05-13 01:16:10.6300000
87417,350201,4,20.00,2026-05-13 01:16:10.6666667
87427,350159,4,20.00,2026-05-13 01:16:10.6766667
87488,350923,4,20.00,2026-05-13 01:16:10.8466667
87509,350824,4,20.00,2026-05-13 01:16:10.8666667
87568,350552,4,20.00,2026-05-13 01:16:10.9166667
87584,351478,4,20.00,2026-05-13 01:16:11.0633333
87593,351449,4,20.00,2026-05-13 01:16:11.0700000
87710,351879,4,20.00,2026-05-13 01:16:11.3066667
87816,352450,4,20.00,2026-05-13 01:16:11.5100000
87937,352943,4,20.00,2026-05-13 01:16:11.7366667
87971,352782,4,20.00,2026-05-13 01:16:11.7666667
87999,352666,4,20.00,2026-05-13 01:16:11.7900000
88000,352665,4,20.00,2026-05-13 01:16:11.7900000
88057,353458,4,20.00,2026-05-13 01:16:11.9700000
88063,353448,4,20.00,2026-05-13 01:16:11.9733333
88067,353432,4,20.00,2026-05-13 01:16:11.9766667
88088,353323,4,20.00,2026-05-13 01:16:12.0000000
88122,353207,4,20.00,2026-05-13 01:16:12.0233333
88199,353889,4,20.00,2026-05-13 01:16:12.2200000
88208,353867,4,20.00,2026-05-13 01:16:12.2233333
88240,353742,4,20.00,2026-05-13 01:16:12.2466667
88256,353686,4,20.00,2026-05-13 01:16:12.2566667
88340,354393,4,20.00,2026-05-13 01:16:12.4500000
88395,354170,4,20.00,2026-05-13 01:16:12.5000000
88465,354931,4,20.00,2026-05-13 01:16:12.6833333
88564,354512,4,20.00,2026-05-13 01:16:12.7633333
88601,355361,4,20.00,2026-05-13 01:16:12.9266667
88616,355291,4,20.00,2026-05-13 01:16:12.9400000
88651,355159,4,20.00,2026-05-13 01:16:12.9633333
88656,355146,4,20.00,2026-05-13 01:16:12.9666667
88677,355037,4,20.00,2026-05-13 01:16:12.9866667
88739,355805,4,20.00,2026-05-13 01:16:13.1700000
88760,355722,4,20.00,2026-05-13 01:16:13.1833333
88817,355501,4,20.00,2026-05-13 01:16:13.2266667
88850,356367,4,20.00,2026-05-13 01:16:13.4000000
88897,356171,4,20.00,2026-05-13 01:16:13.4400000
88915,356080,4,20.00,2026-05-13 01:16:13.4566667
88929,356025,4,20.00,2026-05-13 01:16:13.4666667
88959,356874,4,20.00,2026-05-13 01:16:13.6333333
89227,357723,4,20.00,2026-05-13 01:16:14.1366667
89293,358449,4,20.00,2026-05-13 01:16:14.3366667
89338,358289,4,20.00,2026-05-13 01:16:14.3700000
89373,358147,4,20.00,2026-05-13 01:16:14.4000000
89482,358722,4,20.00,2026-05-13 01:16:14.6133333
89566,359393,4,20.00,2026-05-13 01:16:14.8066667
89584,359333,4,20.00,2026-05-13 01:16:14.8200000
89590,359323,4,20.00,2026-05-13 01:16:14.8200000
89751,359647,4,20.00,2026-05-13 01:16:15.0900000
89764,359580,4,20.00,2026-05-13 01:16:15.1000000
89781,359526,4,20.00,2026-05-13 01:16:15.1133333
89813,360405,4,20.00,2026-05-13 01:16:15.2700000
89857,360185,4,20.00,2026-05-13 01:16:15.3133333
89899,360004,4,20.00,2026-05-13 01:16:15.3466667
89932,360881,4,20.00,2026-05-13 01:16:15.5100000
89999,360620,4,20.00,2026-05-13 01:16:15.5600000
90021,360538,4,20.00,2026-05-13 01:16:15.5766667
90049,361415,4,20.00,2026-05-13 01:16:15.7366667
90064,361358,4,20.00,2026-05-13 01:16:15.7500000
90118,361139,4,20.00,2026-05-13 01:16:15.7933333
90227,361706,4,20.00,2026-05-13 01:16:16.0133333
90297,362394,4,20.00,2026-05-13 01:16:16.2100000
90431,362871,4,20.00,2026-05-13 01:16:16.4466667
90589,363200,4,20.00,2026-05-13 01:16:16.7233333
90685,363794,4,20.00,2026-05-13 01:16:16.9366667
90697,363743,4,20.00,2026-05-13 01:16:16.9433333
90716,363694,4,20.00,2026-05-13 01:16:16.9533333
90805,364316,4,20.00,2026-05-13 01:16:17.1600000
90818,364251,4,20.00,2026-05-13 01:16:17.1700000
90875,364044,4,20.00,2026-05-13 01:16:17.2100000
90927,364833,4,20.00,2026-05-13 01:16:17.3800000
90952,364721,4,20.00,2026-05-13 01:16:17.4000000
90964,364667,4,20.00,2026-05-13 01:16:17.4100000
91003,365492,4,20.00,2026-05-13 01:16:17.5800000
91022,365385,4,20.00,2026-05-13 01:16:17.6000000
91024,365380,4,20.00,2026-05-13 01:16:17.6000000
91056,365246,4,20.00,2026-05-13 01:16:17.6266667
91119,365027,4,20.00,2026-05-13 01:16:17.6666667
91147,365909,4,20.00,2026-05-13 01:16:17.8200000
91194,365730,4,20.00,2026-05-13 01:16:17.8566667
91217,365624,4,20.00,2026-05-13 01:16:17.8766667
91258,366444,4,20.00,2026-05-13 01:16:18.0466667
91354,366073,4,20.00,2026-05-13 01:16:18.1200000
91373,366982,4,20.00,2026-05-13 01:16:18.2733333
91392,366887,4,20.00,2026-05-13 01:16:18.2900000
91407,366824,4,20.00,2026-05-13 01:16:18.3033333
91452,366667,4,20.00,2026-05-13 01:16:18.3333333
91514,367360,4,20.00,2026-05-13 01:16:18.5500000
91529,367323,4,20.00,2026-05-13 01:16:18.5600000
91538,367296,4,20.00,2026-05-13 01:16:18.5633333
91550,367257,4,20.00,2026-05-13 01:16:18.5700000
91581,367172,4,20.00,2026-05-13 01:16:18.5866667
91698,367654,4,20.00,2026-05-13 01:16:18.8133333
91699,367653,4,20.00,2026-05-13 01:16:18.8133333
91707,367608,4,20.00,2026-05-13 01:16:18.8200000
91769,368387,4,20.00,2026-05-13 01:16:19.0000000
91781,368338,4,20.00,2026-05-13 01:16:19.0100000
91824,368148,4,20.00,2026-05-13 01:16:19.0433333
91863,368981,4,20.00,2026-05-13 01:16:19.2033333
91910,368807,4,20.00,2026-05-13 01:16:19.2400000
91963,368573,4,20.00,2026-05-13 01:16:19.2800000
91997,369414,4,20.00,2026-05-13 01:16:19.4500000
92037,369232,4,20.00,2026-05-13 01:16:19.4833333
92068,369156,4,20.00,2026-05-13 01:16:19.4966667
92073,369134,4,20.00,2026-05-13 01:16:19.5033333
92109,369996,4,20.00,2026-05-13 01:16:19.6666667
92170,369768,4,20.00,2026-05-13 01:16:19.7100000
92184,369692,4,20.00,2026-05-13 01:16:19.7233333
92261,370370,4,20.00,2026-05-13 01:16:19.9166667
92438,370667,4,20.00,2026-05-13 01:16:20.1766667
92475,370521,4,20.00,2026-05-13 01:16:20.2033333
92555,371209,4,20.00,2026-05-13 01:16:20.3933333
92559,371186,4,20.00,2026-05-13 01:16:20.3966667
92660,371815,4,20.00,2026-05-13 01:16:20.6033333
92771,372242,4,20.00,2026-05-13 01:16:20.8433333
92852,372910,4,20.00,2026-05-13 01:16:21.0433333
92866,372866,4,20.00,2026-05-13 01:16:21.0533333
93012,373266,4,20.00,2026-05-13 01:16:21.3033333
93020,373241,4,20.00,2026-05-13 01:16:21.3066667
93022,373234,4,20.00,2026-05-13 01:16:21.3100000
93031,373192,4,20.00,2026-05-13 01:16:21.3166667
93277,374239,4,20.00,2026-05-13 01:16:21.7700000
93309,374097,4,20.00,2026-05-13 01:16:21.8000000
93362,374892,4,20.00,2026-05-13 01:16:21.9633333
93413,374691,4,20.00,2026-05-13 01:16:22.0033333
93460,374540,4,20.00,2026-05-13 01:16:22.0333333
93532,375272,4,20.00,2026-05-13 01:16:22.2133333
93559,375140,4,20.00,2026-05-13 01:16:22.2366667
93586,375017,4,20.00,2026-05-13 01:16:22.2600000
93626,375851,4,20.00,2026-05-13 01:16:22.4233333
93631,375833,4,20.00,2026-05-13 01:16:22.4266667
93687,375574,4,20.00,2026-05-13 01:16:22.4766667
93738,376360,4,20.00,2026-05-13 01:16:22.6500000
93796,376144,4,20.00,2026-05-13 01:16:22.6900000
93824,376055,4,20.00,2026-05-13 01:16:22.7100000
93883,376824,4,20.00,2026-05-13 01:16:22.8800000
93945,376603,4,20.00,2026-05-13 01:16:22.9233333
94035,377256,4,20.00,2026-05-13 01:16:23.1233333
94108,377910,4,20.00,2026-05-13 01:16:23.3233333
94248,378334,4,20.00,2026-05-13 01:16:23.5600000
94258,378248,4,20.00,2026-05-13 01:16:23.5766667
94304,378076,4,20.00,2026-05-13 01:16:23.6066667
94391,378737,4,20.00,2026-05-13 01:16:23.8066667
94407,378662,4,20.00,2026-05-13 01:16:23.8200000
94475,379399,4,20.00,2026-05-13 01:16:24.0066667
94515,379242,4,20.00,2026-05-13 01:16:24.0366667
94559,379099,4,20.00,2026-05-13 01:16:24.0633333
94766,380181,4,20.00,2026-05-13 01:16:24.5433333
94776,380153,4,20.00,2026-05-13 01:16:24.5500000
94787,380104,4,20.00,2026-05-13 01:16:24.5600000
94898,380689,4,20.00,2026-05-13 01:16:24.7900000
94918,380601,4,20.00,2026-05-13 01:16:24.8066667
94938,380546,4,20.00,2026-05-13 01:16:24.8166667
94952,381497,4,20.00,2026-05-13 01:16:24.9600000
95068,381016,4,20.00,2026-05-13 01:16:25.1133333
95083,381971,4,20.00,2026-05-13 01:16:25.2600000
95177,381603,4,20.00,2026-05-13 01:16:25.3566667
95231,382452,4,20.00,2026-05-13 01:16:25.5133333
95247,382363,4,20.00,2026-05-13 01:16:25.5300000
95248,382353,4,20.00,2026-05-13 01:16:25.5300000
95306,382121,4,20.00,2026-05-13 01:16:25.5766667
95329,382029,4,20.00,2026-05-13 01:16:25.5933333
95350,382937,4,20.00,2026-05-13 01:16:25.7433333
95369,382856,4,20.00,2026-05-13 01:16:25.7600000
95450,382505,4,20.00,2026-05-13 01:16:25.8300000
95510,383231,4,20.00,2026-05-13 01:16:26.0500000
95559,383013,4,20.00,2026-05-13 01:16:26.0966667
95566,384000,4,20.00,2026-05-13 01:16:26.2333333
95570,383985,4,20.00,2026-05-13 01:16:26.2366667
95593,383915,4,20.00,2026-05-13 01:16:26.2500000
95634,383758,4,20.00,2026-05-13 01:16:26.2800000
95637,383746,4,20.00,2026-05-13 01:16:26.2833333
95657,383653,4,20.00,2026-05-13 01:16:26.3000000
95681,383555,4,20.00,2026-05-13 01:16:26.3200000
95712,384406,4,20.00,2026-05-13 01:16:26.4733333
95742,384305,4,20.00,2026-05-13 01:16:26.4933333
95752,384256,4,20.00,2026-05-13 01:16:26.5033333
95822,384997,4,20.00,2026-05-13 01:16:26.6866667
95839,384927,4,20.00,2026-05-13 01:16:26.7000000
95895,384765,4,20.00,2026-05-13 01:16:26.7300000
95941,384530,4,20.00,2026-05-13 01:16:26.7733333
95961,385436,4,20.00,2026-05-13 01:16:26.9300000
95964,385416,4,20.00,2026-05-13 01:16:26.9333333
95978,385355,4,20.00,2026-05-13 01:16:26.9466667
96064,385057,4,20.00,2026-05-13 01:16:27.0100000
96077,385989,4,20.00,2026-05-13 01:16:27.1666667
96178,385630,4,20.00,2026-05-13 01:16:27.2366667
96233,386412,4,20.00,2026-05-13 01:16:27.4033333
96255,386308,4,20.00,2026-05-13 01:16:27.4233333
96279,386225,4,20.00,2026-05-13 01:16:27.4366667
96310,386118,4,20.00,2026-05-13 01:16:27.4600000
96374,386854,4,20.00,2026-05-13 01:16:27.6366667
96418,386587,4,20.00,2026-05-13 01:16:27.6866667
96435,386521,4,20.00,2026-05-13 01:16:27.7000000
96440,386508,4,20.00,2026-05-13 01:16:27.7000000
96453,387475,4,20.00,2026-05-13 01:16:27.8466667
96486,387369,4,20.00,2026-05-13 01:16:27.8666667
96543,387114,4,20.00,2026-05-13 01:16:27.9166667
96558,387040,4,20.00,2026-05-13 01:16:27.9300000
96635,387666,4,20.00,2026-05-13 01:16:28.1333333
96671,387520,4,20.00,2026-05-13 01:16:28.1600000
96748,388210,4,20.00,2026-05-13 01:16:28.3600000
96832,388871,4,20.00,2026-05-13 01:16:28.5700000
96835,388866,4,20.00,2026-05-13 01:16:28.5700000
97001,389187,4,20.00,2026-05-13 01:16:28.8566667
97011,389149,4,20.00,2026-05-13 01:16:28.8633333
97019,389111,4,20.00,2026-05-13 01:16:28.8733333
97124,389638,4,20.00,2026-05-13 01:16:29.0900000
97189,390314,4,20.00,2026-05-13 01:16:29.2833333
97205,390246,4,20.00,2026-05-13 01:16:29.2966667
97347,390689,4,20.00,2026-05-13 01:16:29.5366667
97459,391239,4,20.00,2026-05-13 01:16:29.7566667
97481,391117,4,20.00,2026-05-13 01:16:29.7800000
97677,392229,4,20.00,2026-05-13 01:16:30.2166667
97682,392205,4,20.00,2026-05-13 01:16:30.2200000
97702,392143,4,20.00,2026-05-13 01:16:30.2333333
97835,393486,4,20.00,2026-05-13 01:16:30.6266667
97886,393279,4,20.00,2026-05-13 01:16:30.6700000
97923,393138,4,20.00,2026-05-13 01:16:30.7000000
98092,394478,4,20.00,2026-05-13 01:16:31.0933333
98132,394301,4,20.00,2026-05-13 01:16:31.1266667
98135,394295,4,20.00,2026-05-13 01:16:31.1300000
98149,394242,4,20.00,2026-05-13 01:16:31.1400000
98237,394907,4,20.00,2026-05-13 01:16:31.3333333
98248,394865,4,20.00,2026-05-13 01:16:31.3400000
98297,394638,4,20.00,2026-05-13 01:16:31.3833333
98421,395156,4,20.00,2026-05-13 01:16:31.6166667
98491,395910,4,20.00,2026-05-13 01:16:31.7966667
98556,395635,4,20.00,2026-05-13 01:16:31.8466667
98591,396493,4,20.00,2026-05-13 01:16:32.0200000
98601,396456,4,20.00,2026-05-13 01:16:32.0266667
98702,396044,4,20.00,2026-05-13 01:16:32.1066667
98727,396955,4,20.00,2026-05-13 01:16:32.2533333
98789,396731,4,20.00,2026-05-13 01:16:32.2966667
98804,396659,4,20.00,2026-05-13 01:16:32.3100000
98828,396537,4,20.00,2026-05-13 01:16:32.3333333
98836,396514,4,20.00,2026-05-13 01:16:32.3366667
98921,397223,4,20.00,2026-05-13 01:16:32.5266667
98934,397175,4,20.00,2026-05-13 01:16:32.5333333
98938,397147,4,20.00,2026-05-13 01:16:32.5400000
99088,397589,4,20.00,2026-05-13 01:16:32.7833333
99098,397561,4,20.00,2026-05-13 01:16:32.7900000
99147,398336,4,20.00,2026-05-13 01:16:32.9633333
99179,398245,4,20.00,2026-05-13 01:16:32.9800000
99186,398212,4,20.00,2026-05-13 01:16:32.9900000
99233,398036,4,20.00,2026-05-13 01:16:33.0200000
99241,398009,4,20.00,2026-05-13 01:16:33.0266667
99307,398708,4,20.00,2026-05-13 01:16:33.2233333
99313,398697,4,20.00,2026-05-13 01:16:33.2233333
99453,399101,4,20.00,2026-05-13 01:16:33.4733333
99569,399674,4,20.00,2026-05-13 01:16:33.6833333
99716,400142,4,20.00,2026-05-13 01:16:33.9166667
99743,400997,4,20.00,2026-05-13 01:16:34.0700000
99750,400983,4,20.00,2026-05-13 01:16:34.0733333
99758,400938,4,20.00,2026-05-13 01:16:34.0800000
99810,400726,4,20.00,2026-05-13 01:16:34.1200000
99846,400619,4,20.00,2026-05-13 01:16:34.1433333
99886,401488,4,20.00,2026-05-13 01:16:34.3000000
99889,401481,4,20.00,2026-05-13 01:16:34.3000000
99895,401447,4,20.00,2026-05-13 01:16:34.3066667
99899,401427,4,20.00,2026-05-13 01:16:34.3100000
99923,401344,4,20.00,2026-05-13 01:16:34.3266667
99931,401318,4,20.00,2026-05-13 01:16:34.3300000
99944,401265,4,20.00,2026-05-13 01:16:34.3400000
99973,401134,4,20.00,2026-05-13 01:16:34.3666667
100005,401995,4,20.00,2026-05-13 01:16:34.5200000
100042,401816,4,20.00,2026-05-13 01:16:34.5533333
100072,401641,4,20.00,2026-05-13 01:16:34.5866667
100151,402292,4,20.00,2026-05-13 01:16:34.7766667
100282,402810,4,20.00,2026-05-13 01:16:35.0200000
100290,402779,4,20.00,2026-05-13 01:16:35.0266667
100303,402736,4,20.00,2026-05-13 01:16:35.0333333
100318,402678,4,20.00,2026-05-13 01:16:35.0433333
100425,403284,4,20.00,2026-05-13 01:16:35.2533333
100468,403095,4,20.00,2026-05-13 01:16:35.2866667
100498,403988,4,20.00,2026-05-13 01:16:35.4433333
100527,403875,4,20.00,2026-05-13 01:16:35.4633333
100559,403750,4,20.00,2026-05-13 01:16:35.4900000
100602,403598,4,20.00,2026-05-13 01:16:35.5200000
100621,404498,4,20.00,2026-05-13 01:16:35.6733333
100625,404486,4,20.00,2026-05-13 01:16:35.6766667
100663,404337,4,20.00,2026-05-13 01:16:35.7066667
100698,404192,4,20.00,2026-05-13 01:16:35.7333333
100711,404149,4,20.00,2026-05-13 01:16:35.7433333
100800,404781,4,20.00,2026-05-13 01:16:35.9533333
100817,404694,4,20.00,2026-05-13 01:16:35.9700000
100822,404688,4,20.00,2026-05-13 01:16:35.9700000
100850,404560,4,20.00,2026-05-13 01:16:35.9933333
100869,405493,4,20.00,2026-05-13 01:16:36.1433333
100963,405072,4,20.00,2026-05-13 01:16:36.2266667
101121,406421,4,20.00,2026-05-13 01:16:36.6266667
101173,406193,4,20.00,2026-05-13 01:16:36.6700000
101179,406164,4,20.00,2026-05-13 01:16:36.6766667
101217,406995,4,20.00,2026-05-13 01:16:36.8433333
101263,406796,4,20.00,2026-05-13 01:16:36.8800000
101430,407110,4,20.00,2026-05-13 01:16:37.1466667
101454,407025,4,20.00,2026-05-13 01:16:37.1633333
101496,407841,4,20.00,2026-05-13 01:16:37.3400000
101499,407832,4,20.00,2026-05-13 01:16:37.3400000
101507,407799,4,20.00,2026-05-13 01:16:37.3466667
101612,408359,4,20.00,2026-05-13 01:16:37.5633333
101621,408318,4,20.00,2026-05-13 01:16:37.5700000
101651,408240,4,20.00,2026-05-13 01:16:37.5866667
101717,408995,4,20.00,2026-05-13 01:16:37.7600000
101762,408817,4,20.00,2026-05-13 01:16:37.7933333
101808,408659,4,20.00,2026-05-13 01:16:37.8233333
101966,409960,4,20.00,2026-05-13 01:16:38.2200000
102016,409769,4,20.00,2026-05-13 01:16:38.2533333
102150,410222,4,20.00,2026-05-13 01:16:38.5000000
102162,410182,4,20.00,2026-05-13 01:16:38.5066667
102166,410162,4,20.00,2026-05-13 01:16:38.5100000
102250,410783,4,20.00,2026-05-13 01:16:38.7166667
102259,410761,4,20.00,2026-05-13 01:16:38.7200000
102263,410745,4,20.00,2026-05-13 01:16:38.7266667
102292,410638,4,20.00,2026-05-13 01:16:38.7466667
102319,411492,4,20.00,2026-05-13 01:16:38.9066667
102374,411301,4,20.00,2026-05-13 01:16:38.9433333
102375,411299,4,20.00,2026-05-13 01:16:38.9433333
102407,411189,4,20.00,2026-05-13 01:16:38.9633333
102414,411170,4,20.00,2026-05-13 01:16:38.9666667
102417,411161,4,20.00,2026-05-13 01:16:38.9700000
102423,411148,4,20.00,2026-05-13 01:16:38.9733333
102458,411992,4,20.00,2026-05-13 01:16:39.1366667
102582,411576,4,20.00,2026-05-13 01:16:39.2166667
102606,412489,4,20.00,2026-05-13 01:16:39.3700000
102637,412376,4,20.00,2026-05-13 01:16:39.3900000
102682,412191,4,20.00,2026-05-13 01:16:39.4266667
102694,412100,4,20.00,2026-05-13 01:16:39.4433333
102818,412584,4,20.00,2026-05-13 01:16:39.6700000
102892,413304,4,20.00,2026-05-13 01:16:39.8566667
102920,413198,4,20.00,2026-05-13 01:16:39.8800000
102938,413130,4,20.00,2026-05-13 01:16:39.8900000
102944,413113,4,20.00,2026-05-13 01:16:39.8933333
102986,413956,4,20.00,2026-05-13 01:16:40.0600000
102988,413954,4,20.00,2026-05-13 01:16:40.0600000
102991,413939,4,20.00,2026-05-13 01:16:40.0633333
103032,413755,4,20.00,2026-05-13 01:16:40.1000000
103050,413693,4,20.00,2026-05-13 01:16:40.1100000
103064,413645,4,20.00,2026-05-13 01:16:40.1200000
103086,413556,4,20.00,2026-05-13 01:16:40.1366667
103088,413538,4,20.00,2026-05-13 01:16:40.1400000
103142,414337,4,20.00,2026-05-13 01:16:40.3166667
103147,414322,4,20.00,2026-05-13 01:16:40.3166667
103193,414155,4,20.00,2026-05-13 01:16:40.3500000
103236,414970,4,20.00,2026-05-13 01:16:40.5100000
103253,414897,4,20.00,2026-05-13 01:16:40.5266667
103295,414696,4,20.00,2026-05-13 01:16:40.5600000
103453,415010,4,20.00,2026-05-13 01:16:40.8166667
103469,415941,4,20.00,2026-05-13 01:16:40.9600000
103591,416433,4,20.00,2026-05-13 01:16:41.1833333
103662,416158,4,20.00,2026-05-13 01:16:41.2366667
103675,416084,4,20.00,2026-05-13 01:16:41.2500000
103817,416530,4,20.00,2026-05-13 01:16:41.4900000
103852,417417,4,20.00,2026-05-13 01:16:41.6433333
103858,417391,4,20.00,2026-05-13 01:16:41.6500000
103875,417316,4,20.00,2026-05-13 01:16:41.6633333
103910,417176,4,20.00,2026-05-13 01:16:41.6900000
104010,417769,4,20.00,2026-05-13 01:16:41.9000000
104067,417514,4,20.00,2026-05-13 01:16:41.9533333
104097,418377,4,20.00,2026-05-13 01:16:42.1133333
104113,418317,4,20.00,2026-05-13 01:16:42.1266667
104120,418296,4,20.00,2026-05-13 01:16:42.1300000
104130,418257,4,20.00,2026-05-13 01:16:42.1366667
104248,418800,4,20.00,2026-05-13 01:16:42.3600000
104282,418682,4,20.00,2026-05-13 01:16:42.3833333
104284,418673,4,20.00,2026-05-13 01:16:42.3833333
104288,418662,4,20.00,2026-05-13 01:16:42.3866667
104391,419180,4,20.00,2026-05-13 01:16:42.6166667
104400,419135,4,20.00,2026-05-13 01:16:42.6233333
104405,419121,4,20.00,2026-05-13 01:16:42.6266667
104415,419060,4,20.00,2026-05-13 01:16:42.6400000
104472,419820,4,20.00,2026-05-13 01:16:42.8200000
104476,419803,4,20.00,2026-05-13 01:16:42.8233333
104546,419539,4,20.00,2026-05-13 01:16:42.8733333
104594,420376,4,20.00,2026-05-13 01:16:43.0333333
104635,420225,4,20.00,2026-05-13 01:16:43.0633333
104668,420094,4,20.00,2026-05-13 01:16:43.0866667
104690,420994,4,20.00,2026-05-13 01:16:43.2400000
104777,420624,4,20.00,2026-05-13 01:16:43.3100000
104796,420536,4,20.00,2026-05-13 01:16:43.3266667
104822,421433,4,20.00,2026-05-13 01:16:43.4966667
104825,421411,4,20.00,2026-05-13 01:16:43.5000000
104875,421193,4,20.00,2026-05-13 01:16:43.5733333
104932,421982,4,20.00,2026-05-13 01:16:43.7500000
104940,421950,4,20.00,2026-05-13 01:16:43.7600000
104973,421816,4,20.00,2026-05-13 01:16:43.7900000
104980,421794,4,20.00,2026-05-13 01:16:43.7933333
105025,421597,4,20.00,2026-05-13 01:16:43.8466667
105040,421521,4,20.00,2026-05-13 01:16:43.8633333
105050,422488,4,20.00,2026-05-13 01:16:44.0100000
105060,422455,4,20.00,2026-05-13 01:16:44.0166667
105117,422252,4,20.00,2026-05-13 01:16:44.0533333
105185,422004,4,20.00,2026-05-13 01:16:44.1000000
105203,422951,4,20.00,2026-05-13 01:16:44.2466667
105287,422578,4,20.00,2026-05-13 01:16:44.3166667
105304,422525,4,20.00,2026-05-13 01:16:44.3266667
105358,423279,4,20.00,2026-05-13 01:16:44.5066667
105426,424000,4,20.00,2026-05-13 01:16:44.7033333
105486,423776,4,20.00,2026-05-13 01:16:44.7466667
105495,423721,4,20.00,2026-05-13 01:16:44.7566667
105523,423625,4,20.00,2026-05-13 01:16:44.7766667
105528,423613,4,20.00,2026-05-13 01:16:44.7766667
105534,423587,4,20.00,2026-05-13 01:16:44.7833333
105537,423580,4,20.00,2026-05-13 01:16:44.7833333
105545,423541,4,20.00,2026-05-13 01:16:44.7900000
105551,423517,4,20.00,2026-05-13 01:16:44.7966667
105667,424076,4,20.00,2026-05-13 01:16:45.0133333
105710,424947,4,20.00,2026-05-13 01:16:45.1833333
105729,424893,4,20.00,2026-05-13 01:16:45.1933333
105856,425412,4,20.00,2026-05-13 01:16:45.4266667
105878,425331,4,20.00,2026-05-13 01:16:45.4400000
105909,425172,4,20.00,2026-05-13 01:16:45.4700000
105972,425947,4,20.00,2026-05-13 01:16:45.6500000
105979,425917,4,20.00,2026-05-13 01:16:45.6600000
106040,425656,4,20.00,2026-05-13 01:16:45.7133333
106095,426393,4,20.00,2026-05-13 01:16:45.9066667
106102,426360,4,20.00,2026-05-13 01:16:45.9133333
106105,426352,4,20.00,2026-05-13 01:16:45.9133333
106125,426286,4,20.00,2026-05-13 01:16:45.9266667
106136,426249,4,20.00,2026-05-13 01:16:45.9333333
106197,426990,4,20.00,2026-05-13 01:16:46.1233333
106216,426898,4,20.00,2026-05-13 01:16:46.1400000
106242,426819,4,20.00,2026-05-13 01:16:46.1566667
106299,426588,4,20.00,2026-05-13 01:16:46.2033333
106312,426541,4,20.00,2026-05-13 01:16:46.2133333
106336,427429,4,20.00,2026-05-13 01:16:46.3700000
106357,427350,4,20.00,2026-05-13 01:16:46.3833333
106485,427790,4,20.00,2026-05-13 01:16:46.6200000
106531,427622,4,20.00,2026-05-13 01:16:46.6533333
106554,427536,4,20.00,2026-05-13 01:16:46.6700000
106561,428498,4,20.00,2026-05-13 01:16:46.8066667
106579,428414,4,20.00,2026-05-13 01:16:46.8233333
106623,428247,4,20.00,2026-05-13 01:16:46.8533333
106749,428789,4,20.00,2026-05-13 01:16:47.0800000
107044,429541,4,20.00,2026-05-13 01:16:47.6033333
107081,430404,4,20.00,2026-05-13 01:16:47.7600000
107132,430217,4,20.00,2026-05-13 01:16:47.7966667
107196,430963,4,20.00,2026-05-13 01:16:47.9800000
107237,430787,4,20.00,2026-05-13 01:16:48.0100000
107259,430647,4,20.00,2026-05-13 01:16:48.0366667
107280,430571,4,20.00,2026-05-13 01:16:48.0533333
107313,431432,4,20.00,2026-05-13 01:16:48.2133333
107380,431237,4,20.00,2026-05-13 01:16:48.2533333
107483,431783,4,20.00,2026-05-13 01:16:48.4766667
107498,431729,4,20.00,2026-05-13 01:16:48.4866667
107527,431594,4,20.00,2026-05-13 01:16:48.5133333
107530,431588,4,20.00,2026-05-13 01:16:48.5166667
107602,432312,4,20.00,2026-05-13 01:16:48.6966667
107636,432188,4,20.00,2026-05-13 01:16:48.7200000
107643,432177,4,20.00,2026-05-13 01:16:48.7233333
107676,432053,4,20.00,2026-05-13 01:16:48.7500000
107709,432897,4,20.00,2026-05-13 01:16:48.9166667
107759,432666,4,20.00,2026-05-13 01:16:48.9600000
107810,433465,4,20.00,2026-05-13 01:16:49.1300000
107894,433137,4,20.00,2026-05-13 01:16:49.1933333
107965,433823,4,20.00,2026-05-13 01:16:49.3866667
107972,433801,4,20.00,2026-05-13 01:16:49.3900000
107999,433696,4,20.00,2026-05-13 01:16:49.4100000
108031,433562,4,20.00,2026-05-13 01:16:49.4366667
108043,433515,4,20.00,2026-05-13 01:16:49.4466667
108052,434484,4,20.00,2026-05-13 01:16:49.5866667
108071,434415,4,20.00,2026-05-13 01:16:49.6000000
108096,434325,4,20.00,2026-05-13 01:16:49.6166667
108099,434310,4,20.00,2026-05-13 01:16:49.6200000
108150,434103,4,20.00,2026-05-13 01:16:49.6600000
108174,434016,4,20.00,2026-05-13 01:16:49.6766667
108219,434831,4,20.00,2026-05-13 01:16:49.8433333
108231,434755,4,20.00,2026-05-13 01:16:49.8566667
108366,435194,4,20.00,2026-05-13 01:16:50.1000000
108372,435173,4,20.00,2026-05-13 01:16:50.1033333
108377,435149,4,20.00,2026-05-13 01:16:50.1100000
108399,435056,4,20.00,2026-05-13 01:16:50.1266667
108401,435039,4,20.00,2026-05-13 01:16:50.1300000
108446,435895,4,20.00,2026-05-13 01:16:50.2933333
108512,435595,4,20.00,2026-05-13 01:16:50.3500000
108523,435543,4,20.00,2026-05-13 01:16:50.3600000
108622,436210,4,20.00,2026-05-13 01:16:50.5666667
108663,436042,4,20.00,2026-05-13 01:16:50.6000000
108666,436025,4,20.00,2026-05-13 01:16:50.6033333
108749,436676,4,20.00,2026-05-13 01:16:50.8066667
108799,437467,4,20.00,2026-05-13 01:16:50.9800000
108888,437116,4,20.00,2026-05-13 01:16:51.0466667
108916,437014,4,20.00,2026-05-13 01:16:51.0666667
108917,437003,4,20.00,2026-05-13 01:16:51.0700000
109232,438786,4,20.00,2026-05-13 01:16:51.6966667
109416,439049,4,20.00,2026-05-13 01:16:51.9800000
109447,439922,4,20.00,2026-05-13 01:16:52.1466667
109472,439852,4,20.00,2026-05-13 01:16:52.1600000
109490,439793,4,20.00,2026-05-13 01:16:52.1700000
109517,439690,4,20.00,2026-05-13 01:16:52.1866667
109518,439689,4,20.00,2026-05-13 01:16:52.1900000
109544,439574,4,20.00,2026-05-13 01:16:52.2100000
109563,440492,4,20.00,2026-05-13 01:16:52.3600000
109611,440308,4,20.00,2026-05-13 01:16:52.3966667
109625,440253,4,20.00,2026-05-13 01:16:52.4066667
109908,441069,4,20.00,2026-05-13 01:16:52.9100000
110019,441615,4,20.00,2026-05-13 01:16:53.1400000
110218,442852,4,20.00,2026-05-13 01:16:53.5533333
110240,442773,4,20.00,2026-05-13 01:16:53.5700000
110312,443461,4,20.00,2026-05-13 01:16:53.7633333
110427,443021,4,20.00,2026-05-13 01:16:53.8466667
110476,443845,4,20.00,2026-05-13 01:16:54.0200000
110533,443607,4,20.00,2026-05-13 01:16:54.0633333
110852,445366,4,20.00,2026-05-13 01:16:54.7100000
110908,445181,4,20.00,2026-05-13 01:16:54.7500000
110920,445094,4,20.00,2026-05-13 01:16:54.7666667
111002,445702,4,20.00,2026-05-13 01:16:54.9766667
111074,446401,4,20.00,2026-05-13 01:16:55.1666667
111092,446328,4,20.00,2026-05-13 01:16:55.1800000
111150,446112,4,20.00,2026-05-13 01:16:55.2266667
111167,446045,4,20.00,2026-05-13 01:16:55.2400000
111184,446977,4,20.00,2026-05-13 01:16:55.3900000
111223,446785,4,20.00,2026-05-13 01:16:55.4266667
111277,446609,4,20.00,2026-05-13 01:16:55.4633333
111332,447410,4,20.00,2026-05-13 01:16:55.6433333
111431,447004,4,20.00,2026-05-13 01:16:55.7233333
111457,447914,4,20.00,2026-05-13 01:16:55.8800000
111523,447634,4,20.00,2026-05-13 01:16:55.9333333
111525,447624,4,20.00,2026-05-13 01:16:55.9333333
111544,447535,4,20.00,2026-05-13 01:16:55.9533333
111565,448454,4,20.00,2026-05-13 01:16:56.1066667
111569,448446,4,20.00,2026-05-13 01:16:56.1100000
111594,448366,4,20.00,2026-05-13 01:16:56.1266667
111635,448189,4,20.00,2026-05-13 01:16:56.1600000
111658,448099,4,20.00,2026-05-13 01:16:56.1766667
111674,448016,4,20.00,2026-05-13 01:16:56.1933333
111757,448724,4,20.00,2026-05-13 01:16:56.3900000
111870,449282,4,20.00,2026-05-13 01:16:56.6133333
111895,449170,4,20.00,2026-05-13 01:16:56.6333333
111920,449092,4,20.00,2026-05-13 01:16:56.6500000
111942,449002,4,20.00,2026-05-13 01:16:56.6666667
111960,449918,4,20.00,2026-05-13 01:16:56.8200000
111961,449915,4,20.00,2026-05-13 01:16:56.8200000
111965,449899,4,20.00,2026-05-13 01:16:56.8233333
111968,449882,4,20.00,2026-05-13 01:16:56.8266667
111974,449849,4,20.00,2026-05-13 01:16:56.8333333
111983,449815,4,20.00,2026-05-13 01:16:56.8400000
112031,449605,4,20.00,2026-05-13 01:16:56.8800000
112155,450129,4,20.00,2026-05-13 01:16:57.1066667
112193,450962,4,20.00,2026-05-13 01:16:57.2733333
112201,450934,4,20.00,2026-05-13 01:16:57.2800000
112213,450896,4,20.00,2026-05-13 01:16:57.2966667
112246,450740,4,20.00,2026-05-13 01:16:57.3266667
112276,450574,4,20.00,2026-05-13 01:16:57.3566667
112278,450571,4,20.00,2026-05-13 01:16:57.3566667
112361,451238,4,20.00,2026-05-13 01:16:57.5533333
112412,451046,4,20.00,2026-05-13 01:16:57.5900000
112431,451986,4,20.00,2026-05-13 01:16:57.7366667
112452,451869,4,20.00,2026-05-13 01:16:57.7600000
112469,451776,4,20.00,2026-05-13 01:16:57.7766667
112479,451751,4,20.00,2026-05-13 01:16:57.7800000
112485,451732,4,20.00,2026-05-13 01:16:57.7866667
112550,452465,4,20.00,2026-05-13 01:16:57.9733333
112576,452360,4,20.00,2026-05-13 01:16:57.9933333
112670,452017,4,20.00,2026-05-13 01:16:58.0600000
112776,452587,4,20.00,2026-05-13 01:16:58.2700000
112788,452535,4,20.00,2026-05-13 01:16:58.2800000
112795,453496,4,20.00,2026-05-13 01:16:58.4166667
112817,453407,4,20.00,2026-05-13 01:16:58.4366667
112833,453362,4,20.00,2026-05-13 01:16:58.4433333
112887,453153,4,20.00,2026-05-13 01:16:58.4833333
112890,453144,4,20.00,2026-05-13 01:16:58.4866667
112897,453113,4,20.00,2026-05-13 01:16:58.4900000
112929,453980,4,20.00,2026-05-13 01:16:58.6466667
113021,453617,4,20.00,2026-05-13 01:16:58.7133333
113121,454195,4,20.00,2026-05-13 01:16:58.9266667
113201,454855,4,20.00,2026-05-13 01:16:59.1200000
113350,455248,4,20.00,2026-05-13 01:16:59.3766667
113404,455022,4,20.00,2026-05-13 01:16:59.4200000
113507,455628,4,20.00,2026-05-13 01:16:59.6266667
113684,456902,4,20.00,2026-05-13 01:17:00.0533333
113720,456780,4,20.00,2026-05-13 01:17:00.0766667
113764,456606,4,20.00,2026-05-13 01:17:00.1100000
113944,457905,4,20.00,2026-05-13 01:17:00.5166667
114001,457681,4,20.00,2026-05-13 01:17:00.5600000
114015,457607,4,20.00,2026-05-13 01:17:00.5733333
114080,458386,4,20.00,2026-05-13 01:17:00.7433333
114108,458264,4,20.00,2026-05-13 01:17:00.7666667
114134,458150,4,20.00,2026-05-13 01:17:00.7900000
114200,458904,4,20.00,2026-05-13 01:17:00.9633333
114201,458902,4,20.00,2026-05-13 01:17:00.9633333
114341,459305,4,20.00,2026-05-13 01:17:01.2100000
114384,459146,4,20.00,2026-05-13 01:17:01.2400000
114438,459949,4,20.00,2026-05-13 01:17:01.4166667
114447,459894,4,20.00,2026-05-13 01:17:01.4266667
114540,460475,4,20.00,2026-05-13 01:17:01.6433333
114566,460387,4,20.00,2026-05-13 01:17:01.6600000
114681,460949,4,20.00,2026-05-13 01:17:01.8766667
114682,460942,4,20.00,2026-05-13 01:17:01.8800000
114720,460800,4,20.00,2026-05-13 01:17:01.9066667
114769,460611,4,20.00,2026-05-13 01:17:01.9466667
114799,460506,4,20.00,2026-05-13 01:17:01.9700000
114801,461499,4,20.00,2026-05-13 01:17:02.1166667
114819,461414,4,20.00,2026-05-13 01:17:02.1333333
114847,461320,4,20.00,2026-05-13 01:17:02.1500000
114939,461928,4,20.00,2026-05-13 01:17:02.3533333
114960,461832,4,20.00,2026-05-13 01:17:02.3733333
115068,462447,4,20.00,2026-05-13 01:17:02.5766667
115099,462308,4,20.00,2026-05-13 01:17:02.6366667
115156,462048,4,20.00,2026-05-13 01:17:02.6900000
115186,462908,4,20.00,2026-05-13 01:17:02.8500000
115187,462904,4,20.00,2026-05-13 01:17:02.8500000
115264,462620,4,20.00,2026-05-13 01:17:02.9066667
115311,463420,4,20.00,2026-05-13 01:17:03.0800000
115362,463219,4,20.00,2026-05-13 01:17:03.1200000
115389,463124,4,20.00,2026-05-13 01:17:03.1366667
115560,464457,4,20.00,2026-05-13 01:17:03.5366667
115603,464297,4,20.00,2026-05-13 01:17:03.5666667
115607,464279,4,20.00,2026-05-13 01:17:03.5700000
115679,464018,4,20.00,2026-05-13 01:17:03.6200000
115707,464902,4,20.00,2026-05-13 01:17:03.7700000
115751,464719,4,20.00,2026-05-13 01:17:03.8066667
115777,464608,4,20.00,2026-05-13 01:17:03.8300000
115824,465388,4,20.00,2026-05-13 01:17:04.0100000
115835,465342,4,20.00,2026-05-13 01:17:04.0166667
115866,465199,4,20.00,2026-05-13 01:17:04.0433333
115882,465127,4,20.00,2026-05-13 01:17:04.0600000
115885,465115,4,20.00,2026-05-13 01:17:04.0633333
115911,465013,4,20.00,2026-05-13 01:17:04.0833333
115944,465879,4,20.00,2026-05-13 01:17:04.2433333
116041,465523,4,20.00,2026-05-13 01:17:04.3100000
116050,466499,4,20.00,2026-05-13 01:17:04.4533333
116101,466261,4,20.00,2026-05-13 01:17:04.4966667
116157,466082,4,20.00,2026-05-13 01:17:04.5333333
116169,466031,4,20.00,2026-05-13 01:17:04.5400000
116232,466729,4,20.00,2026-05-13 01:17:04.7300000
116254,466626,4,20.00,2026-05-13 01:17:04.7500000
116315,467386,4,20.00,2026-05-13 01:17:04.9900000
116361,467211,4,20.00,2026-05-13 01:17:05.0233333
116373,467159,4,20.00,2026-05-13 01:17:05.0300000
116416,467986,4,20.00,2026-05-13 01:17:05.2866667
116441,467889,4,20.00,2026-05-13 01:17:05.3500000
116442,467882,4,20.00,2026-05-13 01:17:05.3533333
116475,467752,4,20.00,2026-05-13 01:17:05.4200000
116500,467653,4,20.00,2026-05-13 01:17:05.4666667
116538,467521,4,20.00,2026-05-13 01:17:05.5333333
116558,468428,4,20.00,2026-05-13 01:17:05.8100000
116579,468304,4,20.00,2026-05-13 01:17:05.8333333
116600,468239,4,20.00,2026-05-13 01:17:05.8500000
116626,468115,4,20.00,2026-05-13 01:17:05.8733333
116659,468002,4,20.00,2026-05-13 01:17:05.8933333
116672,468954,4,20.00,2026-05-13 01:17:06.0500000
116682,468906,4,20.00,2026-05-13 01:17:06.0600000
116692,468853,4,20.00,2026-05-13 01:17:06.0700000
116746,468594,4,20.00,2026-05-13 01:17:06.1166667
116759,468549,4,20.00,2026-05-13 01:17:06.1266667
116795,469421,4,20.00,2026-05-13 01:17:06.2900000
116897,469972,4,20.00,2026-05-13 01:17:06.5100000
116994,469571,4,20.00,2026-05-13 01:17:06.5900000
117005,469540,4,20.00,2026-05-13 01:17:06.5966667
117006,469536,4,20.00,2026-05-13 01:17:06.5966667
117025,470485,4,20.00,2026-05-13 01:17:06.7366667
117089,470209,4,20.00,2026-05-13 01:17:06.7933333
117101,470176,4,20.00,2026-05-13 01:17:06.8000000
117138,470011,4,20.00,2026-05-13 01:17:06.8300000
117211,470734,4,20.00,2026-05-13 01:17:07.0166667
117214,470719,4,20.00,2026-05-13 01:17:07.0200000
117292,471441,4,20.00,2026-05-13 01:17:07.2066667
117305,471382,4,20.00,2026-05-13 01:17:07.2166667
117464,471787,4,20.00,2026-05-13 01:17:07.4600000
117519,471580,4,20.00,2026-05-13 01:17:07.4966667
117581,472361,4,20.00,2026-05-13 01:17:07.6666667
117727,472732,4,20.00,2026-05-13 01:17:07.9133333
117745,472651,4,20.00,2026-05-13 01:17:07.9266667
117785,473485,4,20.00,2026-05-13 01:17:08.0966667
117893,473023,4,20.00,2026-05-13 01:17:08.1866667
117951,473790,4,20.00,2026-05-13 01:17:08.3633333
117971,473718,4,20.00,2026-05-13 01:17:08.3766667
118069,474258,4,20.00,2026-05-13 01:17:08.5966667
118131,474051,4,20.00,2026-05-13 01:17:08.6366667
118178,474884,4,20.00,2026-05-13 01:17:08.8000000
118229,474634,4,20.00,2026-05-13 01:17:08.8466667
118332,475215,4,20.00,2026-05-13 01:17:09.0600000
118467,475581,4,20.00,2026-05-13 01:17:09.3133333
118541,476331,4,20.00,2026-05-13 01:17:09.4966667
118549,476312,4,20.00,2026-05-13 01:17:09.5000000
118591,476128,4,20.00,2026-05-13 01:17:09.5333333
118673,476793,4,20.00,2026-05-13 01:17:09.7366667
118678,476771,4,20.00,2026-05-13 01:17:09.7400000
118762,477476,4,20.00,2026-05-13 01:17:09.9300000
118773,477434,4,20.00,2026-05-13 01:17:09.9400000
118777,477421,4,20.00,2026-05-13 01:17:09.9400000
118830,477209,4,20.00,2026-05-13 01:17:09.9833333
118841,477177,4,20.00,2026-05-13 01:17:09.9900000
118846,477155,4,20.00,2026-05-13 01:17:09.9933333
118867,477070,4,20.00,2026-05-13 01:17:10.0100000
118885,477014,4,20.00,2026-05-13 01:17:10.0200000
118901,477937,4,20.00,2026-05-13 01:17:10.1600000
118911,477910,4,20.00,2026-05-13 01:17:10.1666667
118980,477641,4,20.00,2026-05-13 01:17:10.2166667
119016,478473,4,20.00,2026-05-13 01:17:10.3766667
119017,478464,4,20.00,2026-05-13 01:17:10.3800000
119075,478203,4,20.00,2026-05-13 01:17:10.4266667
119171,478826,4,20.00,2026-05-13 01:17:10.6333333
119238,478528,4,20.00,2026-05-13 01:17:10.6900000
119248,478504,4,20.00,2026-05-13 01:17:10.6966667
119416,479781,4,20.00,2026-05-13 01:17:11.1100000
119435,479679,4,20.00,2026-05-13 01:17:11.1300000
119440,479668,4,20.00,2026-05-13 01:17:11.1300000
119555,480221,4,20.00,2026-05-13 01:17:11.3466667
119695,480584,4,20.00,2026-05-13 01:17:11.5966667
119719,481487,4,20.00,2026-05-13 01:17:11.7500000
119738,481426,4,20.00,2026-05-13 01:17:11.7633333
119772,481305,4,20.00,2026-05-13 01:17:11.7866667
119780,481267,4,20.00,2026-05-13 01:17:11.7933333
119800,481193,4,20.00,2026-05-13 01:17:11.8066667
119892,481843,4,20.00,2026-05-13 01:17:12.0100000
119940,481655,4,20.00,2026-05-13 01:17:12.0466667
119947,481631,4,20.00,2026-05-13 01:17:12.0500000
120022,482318,4,20.00,2026-05-13 01:17:12.2400000
120087,482026,4,20.00,2026-05-13 01:17:12.2933333
120173,482642,4,20.00,2026-05-13 01:17:12.4966667
120223,483468,4,20.00,2026-05-13 01:17:12.6633333
120263,483331,4,20.00,2026-05-13 01:17:12.6933333
120293,483235,4,20.00,2026-05-13 01:17:12.7100000
120301,483204,4,20.00,2026-05-13 01:17:12.7166667
120389,483915,4,20.00,2026-05-13 01:17:12.9200000
120449,483651,4,20.00,2026-05-13 01:17:12.9700000
120501,484448,4,20.00,2026-05-13 01:17:13.1466667
120531,484300,4,20.00,2026-05-13 01:17:13.1733333
120556,484186,4,20.00,2026-05-13 01:17:13.1966667
120567,484133,4,20.00,2026-05-13 01:17:13.2066667
120706,484610,4,20.00,2026-05-13 01:17:13.4400000
120737,485476,4,20.00,2026-05-13 01:17:13.6000000
120746,485449,4,20.00,2026-05-13 01:17:13.6033333
120803,485229,4,20.00,2026-05-13 01:17:13.6433333
120832,485114,4,20.00,2026-05-13 01:17:13.6666667
120996,486488,4,20.00,2026-05-13 01:17:14.0700000
120998,486482,4,20.00,2026-05-13 01:17:14.0700000
121026,486332,4,20.00,2026-05-13 01:17:14.1000000
121044,486263,4,20.00,2026-05-13 01:17:14.1166667
121092,486035,4,20.00,2026-05-13 01:17:14.1666667
121142,486832,4,20.00,2026-05-13 01:17:14.3400000
121245,487421,4,20.00,2026-05-13 01:17:14.5433333
121264,487343,4,20.00,2026-05-13 01:17:14.5566667
121394,487732,4,20.00,2026-05-13 01:17:14.8033333
121395,487731,4,20.00,2026-05-13 01:17:14.8033333
121438,487527,4,20.00,2026-05-13 01:17:14.8433333
121465,488426,4,20.00,2026-05-13 01:17:15.0000000
121511,488245,4,20.00,2026-05-13 01:17:15.0333333
121572,488989,4,20.00,2026-05-13 01:17:15.2166667
121579,488969,4,20.00,2026-05-13 01:17:15.2200000
121607,488848,4,20.00,2026-05-13 01:17:15.2400000
121742,489310,4,20.00,2026-05-13 01:17:15.4766667
121777,489171,4,20.00,2026-05-13 01:17:15.5033333
121792,489098,4,20.00,2026-05-13 01:17:15.5166667
121816,489972,4,20.00,2026-05-13 01:17:15.6733333
121967,490413,4,20.00,2026-05-13 01:17:15.9100000
121982,490367,4,20.00,2026-05-13 01:17:15.9166667
122037,490172,4,20.00,2026-05-13 01:17:15.9566667
122079,490011,4,20.00,2026-05-13 01:17:15.9900000
122122,490838,4,20.00,2026-05-13 01:17:16.1600000
122123,490831,4,20.00,2026-05-13 01:17:16.1600000
122126,490815,4,20.00,2026-05-13 01:17:16.1633333
122133,490772,4,20.00,2026-05-13 01:17:16.1733333
122138,490751,4,20.00,2026-05-13 01:17:16.1766667
122327,491028,4,20.00,2026-05-13 01:17:16.4500000
122329,491026,4,20.00,2026-05-13 01:17:16.4500000
122340,491990,4,20.00,2026-05-13 01:17:16.5933333
122353,491921,4,20.00,2026-05-13 01:17:16.6066667
122383,491772,4,20.00,2026-05-13 01:17:16.6366667
122453,491502,4,20.00,2026-05-13 01:17:16.6900000
122462,492471,4,20.00,2026-05-13 01:17:16.8366667
122470,492446,4,20.00,2026-05-13 01:17:16.8400000
122491,492350,4,20.00,2026-05-13 01:17:16.8600000
122521,492261,4,20.00,2026-05-13 01:17:16.8766667
122556,492124,4,20.00,2026-05-13 01:17:16.9000000
122583,492044,4,20.00,2026-05-13 01:17:16.9166667
122742,493390,4,20.00,2026-05-13 01:17:17.3166667
122814,493090,4,20.00,2026-05-13 01:17:17.3800000
122920,493706,4,20.00,2026-05-13 01:17:17.5900000
122934,493647,4,20.00,2026-05-13 01:17:17.6000000
122965,494474,4,20.00,2026-05-13 01:17:17.7666667
123102,494913,4,20.00,2026-05-13 01:17:18.0266667
123129,494808,4,20.00,2026-05-13 01:17:18.0500000
123195,494551,4,20.00,2026-05-13 01:17:18.0966667
123196,494549,4,20.00,2026-05-13 01:17:18.1000000
123202,494532,4,20.00,2026-05-13 01:17:18.1000000
123230,495441,4,20.00,2026-05-13 01:17:18.2533333
123251,495350,4,20.00,2026-05-13 01:17:18.2700000
123317,495054,4,20.00,2026-05-13 01:17:18.3266667
123347,495949,4,20.00,2026-05-13 01:17:18.4833333
123436,495576,4,20.00,2026-05-13 01:17:18.5500000
123581,496065,4,20.00,2026-05-13 01:17:18.7833333
123607,496976,4,20.00,2026-05-13 01:17:18.9366667
123641,496850,4,20.00,2026-05-13 01:17:18.9600000
123646,496831,4,20.00,2026-05-13 01:17:18.9633333
123662,496758,4,20.00,2026-05-13 01:17:18.9766667
123686,496663,4,20.00,2026-05-13 01:17:18.9966667
123709,496579,4,20.00,2026-05-13 01:17:19.0133333
123710,496573,4,20.00,2026-05-13 01:17:19.0133333
123734,497477,4,20.00,2026-05-13 01:17:19.1633333
123825,497082,4,20.00,2026-05-13 01:17:19.2400000
123904,497755,4,20.00,2026-05-13 01:17:19.4400000
123910,497733,4,20.00,2026-05-13 01:17:19.4433333
123956,497552,4,20.00,2026-05-13 01:17:19.4800000
123971,497506,4,20.00,2026-05-13 01:17:19.4866667
124030,498279,4,20.00,2026-05-13 01:17:19.6733333
124045,498227,4,20.00,2026-05-13 01:17:19.6833333
124115,498915,4,20.00,2026-05-13 01:17:19.8733333
124164,498701,4,20.00,2026-05-13 01:17:19.9133333
124166,498697,4,20.00,2026-05-13 01:17:19.9133333
124248,499416,4,20.00,2026-05-13 01:17:20.1200000
124261,499364,4,20.00,2026-05-13 01:17:20.1300000
124262,499352,4,20.00,2026-05-13 01:17:20.1333333
124375,499876,4,20.00,2026-05-13 01:17:20.3766667
124527,500326,4,20.00,2026-05-13 01:17:20.6200000
124540,500266,4,20.00,2026-05-13 01:17:20.6300000
124549,500235,4,20.00,2026-05-13 01:17:20.6366667
124574,500137,4,20.00,2026-05-13 01:17:20.6533333
124584,500088,4,20.00,2026-05-13 01:17:20.6633333
124599,500039,4,20.00,2026-05-13 01:17:20.6733333
124614,500968,4,20.00,2026-05-13 01:17:20.8266667
124620,500918,4,20.00,2026-05-13 01:17:20.8366667
124643,500843,4,20.00,2026-05-13 01:17:20.8500000
124665,500765,4,20.00,2026-05-13 01:17:20.8666667
124695,500647,4,20.00,2026-05-13 01:17:20.8900000
124703,500617,4,20.00,2026-05-13 01:17:20.8966667
124767,501380,4,20.00,2026-05-13 01:17:21.1500000
124957,501583,4,20.00,2026-05-13 01:17:21.5300000
125042,502225,4,20.00,2026-05-13 01:17:21.7866667
125139,502812,4,20.00,2026-05-13 01:17:22.0633333
125183,502622,4,20.00,2026-05-13 01:17:22.1100000
125213,503478,4,20.00,2026-05-13 01:17:22.3166667
125265,503263,4,20.00,2026-05-13 01:17:22.3833333
125276,503213,4,20.00,2026-05-13 01:17:22.4000000
125278,503199,4,20.00,2026-05-13 01:17:22.4033333
125333,503966,4,20.00,2026-05-13 01:17:22.6466667
125343,503934,4,20.00,2026-05-13 01:17:22.6566667
125354,503880,4,20.00,2026-05-13 01:17:22.6700000
125405,503682,4,20.00,2026-05-13 01:17:22.7200000
125536,504190,4,20.00,2026-05-13 01:17:23.0166667
125683,504590,4,20.00,2026-05-13 01:17:23.3300000
125788,505196,4,20.00,2026-05-13 01:17:23.5900000
125815,505089,4,20.00,2026-05-13 01:17:23.6166667
125836,505980,4,20.00,2026-05-13 01:17:23.8566667
125902,505700,4,20.00,2026-05-13 01:17:23.9266667
126039,506219,4,20.00,2026-05-13 01:17:24.2500000
126063,506131,4,20.00,2026-05-13 01:17:24.2733333
126110,506962,4,20.00,2026-05-13 01:17:24.4900000
126451,507529,4,20.00,2026-05-13 01:17:25.2066667
126480,508412,4,20.00,2026-05-13 01:17:25.3800000
126523,508229,4,20.00,2026-05-13 01:17:25.4166667
126661,508681,4,20.00,2026-05-13 01:17:25.6700000
126707,509473,4,20.00,2026-05-13 01:17:25.8966667
126824,509030,4,20.00,2026-05-13 01:17:26.0033333
126888,509802,4,20.00,2026-05-13 01:17:26.2266667
127004,510382,4,20.00,2026-05-13 01:17:26.5000000
127043,510268,4,20.00,2026-05-13 01:17:26.5300000
127108,510050,4,20.00,2026-05-13 01:17:26.5866667
127113,510033,4,20.00,2026-05-13 01:17:26.5900000
127157,510876,4,20.00,2026-05-13 01:17:26.8000000
127220,510617,4,20.00,2026-05-13 01:17:26.8600000
127231,510588,4,20.00,2026-05-13 01:17:26.8666667
127240,510569,4,20.00,2026-05-13 01:17:26.8700000
127291,511354,4,20.00,2026-05-13 01:17:27.0600000
127368,511043,4,20.00,2026-05-13 01:17:27.1266667
127491,511537,4,20.00,2026-05-13 01:17:27.4100000
127558,512302,4,20.00,2026-05-13 01:17:27.6033333
127624,512038,4,20.00,2026-05-13 01:17:27.6600000
127636,512991,4,20.00,2026-05-13 01:17:27.8100000
127656,512923,4,20.00,2026-05-13 01:17:27.8233333
127711,512715,4,20.00,2026-05-13 01:17:27.8633333
127735,512604,4,20.00,2026-05-13 01:17:27.8833333
127738,512594,4,20.00,2026-05-13 01:17:27.8866667
127778,513428,4,20.00,2026-05-13 01:17:28.0566667
127802,513339,4,20.00,2026-05-13 01:17:28.0733333
127806,513324,4,20.00,2026-05-13 01:17:28.0766667
127936,513801,4,20.00,2026-05-13 01:17:28.3133333
127970,513667,4,20.00,2026-05-13 01:17:28.3400000
127990,513563,4,20.00,2026-05-13 01:17:28.3600000
127997,513548,4,20.00,2026-05-13 01:17:28.3633333
127999,513540,4,20.00,2026-05-13 01:17:28.3666667
128010,513502,4,20.00,2026-05-13 01:17:28.3733333
128054,514336,4,20.00,2026-05-13 01:17:28.5500000
128107,514145,4,20.00,2026-05-13 01:17:28.5900000
128210,514688,4,20.00,2026-05-13 01:17:28.8300000
128212,514681,4,20.00,2026-05-13 01:17:28.8333333
128251,514536,4,20.00,2026-05-13 01:17:28.8633333
128252,514533,4,20.00,2026-05-13 01:17:28.8666667
128267,515457,4,20.00,2026-05-13 01:17:29.0266667
128270,515448,4,20.00,2026-05-13 01:17:29.0300000
128339,515180,4,20.00,2026-05-13 01:17:29.0866667
128367,515062,4,20.00,2026-05-13 01:17:29.1100000
128377,515004,4,20.00,2026-05-13 01:17:29.1200000
128384,515974,4,20.00,2026-05-13 01:17:29.2633333
128420,515851,4,20.00,2026-05-13 01:17:29.2900000
128491,515568,4,20.00,2026-05-13 01:17:29.3466667
128501,515522,4,20.00,2026-05-13 01:17:29.3533333
128505,515504,4,20.00,2026-05-13 01:17:29.3566667
128519,516462,4,20.00,2026-05-13 01:17:29.5066667
128592,516199,4,20.00,2026-05-13 01:17:29.5566667
128659,516906,4,20.00,2026-05-13 01:17:29.7466667
128776,516501,4,20.00,2026-05-13 01:17:29.8300000
128818,517331,4,20.00,2026-05-13 01:17:29.9966667
128819,517329,4,20.00,2026-05-13 01:17:30.0000000
128846,517225,4,20.00,2026-05-13 01:17:30.0200000
128856,517197,4,20.00,2026-05-13 01:17:30.0266667
128860,517170,4,20.00,2026-05-13 01:17:30.0300000
128863,517161,4,20.00,2026-05-13 01:17:30.0333333
128864,517152,4,20.00,2026-05-13 01:17:30.0333333
128881,517099,4,20.00,2026-05-13 01:17:30.0433333
128953,517832,4,20.00,2026-05-13 01:17:30.2233333
129020,517550,4,20.00,2026-05-13 01:17:30.2766667
129076,518345,4,20.00,2026-05-13 01:17:30.4533333
129086,518323,4,20.00,2026-05-13 01:17:30.4566667
129160,519000,4,20.00,2026-05-13 01:17:30.6466667
129273,518537,4,20.00,2026-05-13 01:17:30.7333333
129339,519294,4,20.00,2026-05-13 01:17:30.9033333
129351,519257,4,20.00,2026-05-13 01:17:30.9100000
129367,519188,4,20.00,2026-05-13 01:17:30.9266667
129373,519153,4,20.00,2026-05-13 01:17:30.9366667
129388,519096,4,20.00,2026-05-13 01:17:30.9500000
129455,519819,4,20.00,2026-05-13 01:17:31.1433333
129569,520378,4,20.00,2026-05-13 01:17:31.3600000
129578,520319,4,20.00,2026-05-13 01:17:31.3700000
129718,520717,4,20.00,2026-05-13 01:17:31.6200000
129774,521468,4,20.00,2026-05-13 01:17:31.8000000
129981,521682,4,20.00,2026-05-13 01:17:32.1100000
130015,521543,4,20.00,2026-05-13 01:17:32.1433333
130082,522246,4,20.00,2026-05-13 01:17:32.3533333
130114,522114,4,20.00,2026-05-13 01:17:32.3800000
130182,522807,4,20.00,2026-05-13 01:17:32.5666667
130218,522663,4,20.00,2026-05-13 01:17:32.5933333
130290,523391,4,20.00,2026-05-13 01:17:32.7766667
130311,523312,4,20.00,2026-05-13 01:17:32.7933333
130350,523149,4,20.00,2026-05-13 01:17:32.8233333
130395,523003,4,20.00,2026-05-13 01:17:32.8533333
130408,523931,4,20.00,2026-05-13 01:17:33.0033333
130410,523926,4,20.00,2026-05-13 01:17:33.0033333
130489,523605,4,20.00,2026-05-13 01:17:33.0666667
130619,524022,4,20.00,2026-05-13 01:17:33.3133333
130636,524965,4,20.00,2026-05-13 01:17:33.4600000
130653,524879,4,20.00,2026-05-13 01:17:33.4766667
130762,525428,4,20.00,2026-05-13 01:17:33.7000000
130791,525308,4,20.00,2026-05-13 01:17:33.7233333
130801,525285,4,20.00,2026-05-13 01:17:33.7266667
130883,525957,4,20.00,2026-05-13 01:17:33.9200000
130917,525762,4,20.00,2026-05-13 01:17:33.9566667
130928,525711,4,20.00,2026-05-13 01:17:33.9666667
130971,525527,4,20.00,2026-05-13 01:17:34.0033333
131008,526388,4,20.00,2026-05-13 01:17:34.1600000
131078,526132,4,20.00,2026-05-13 01:17:34.2100000
131084,526091,4,20.00,2026-05-13 01:17:34.2166667
131126,526924,4,20.00,2026-05-13 01:17:34.3833333
131146,526854,4,20.00,2026-05-13 01:17:34.3966667
131275,527340,4,20.00,2026-05-13 01:17:34.6333333
131388,527920,4,20.00,2026-05-13 01:17:34.8466667
131504,527542,4,20.00,2026-05-13 01:17:34.9200000
131584,528241,4,20.00,2026-05-13 01:17:35.1066667
131591,528200,4,20.00,2026-05-13 01:17:35.1133333
131617,528103,4,20.00,2026-05-13 01:17:35.1300000
131624,528073,4,20.00,2026-05-13 01:17:35.1366667
131653,528932,4,20.00,2026-05-13 01:17:35.3033333
131849,529158,4,20.00,2026-05-13 01:17:35.5866667
131855,529136,4,20.00,2026-05-13 01:17:35.5933333
131862,529102,4,20.00,2026-05-13 01:17:35.6000000
131917,529919,4,20.00,2026-05-13 01:17:35.7666667
131977,529696,4,20.00,2026-05-13 01:17:35.8100000
132016,529572,4,20.00,2026-05-13 01:17:35.8366667
132044,530474,4,20.00,2026-05-13 01:17:35.9933333
132057,530425,4,20.00,2026-05-13 01:17:36.0000000
132067,530395,4,20.00,2026-05-13 01:17:36.0100000
132079,530332,4,20.00,2026-05-13 01:17:36.0200000
132092,530271,4,20.00,2026-05-13 01:17:36.0333333
132119,530149,4,20.00,2026-05-13 01:17:36.0566667
132141,530058,4,20.00,2026-05-13 01:17:36.0733333
132152,530031,4,20.00,2026-05-13 01:17:36.0800000
132225,530731,4,20.00,2026-05-13 01:17:36.2733333
132257,530616,4,20.00,2026-05-13 01:17:36.2966667
132337,531263,4,20.00,2026-05-13 01:17:36.4966667
132359,531175,4,20.00,2026-05-13 01:17:36.5133333
132384,531053,4,20.00,2026-05-13 01:17:36.5366667
132399,531013,4,20.00,2026-05-13 01:17:36.5433333
132406,531967,4,20.00,2026-05-13 01:17:36.6900000
132511,531599,4,20.00,2026-05-13 01:17:36.7666667
132544,532482,4,20.00,2026-05-13 01:17:36.9366667
132571,532373,4,20.00,2026-05-13 01:17:36.9566667
132683,532884,4,20.00,2026-05-13 01:17:37.1900000
132752,532607,4,20.00,2026-05-13 01:17:37.2433333
132858,533216,4,20.00,2026-05-13 01:17:37.4533333
132881,533130,4,20.00,2026-05-13 01:17:37.4700000
132925,533960,4,20.00,2026-05-13 01:17:37.6400000
133051,534426,4,20.00,2026-05-13 01:17:37.8733333
133331,535250,4,20.00,2026-05-13 01:17:38.3700000
133333,535243,4,20.00,2026-05-13 01:17:38.3733333
133350,535184,4,20.00,2026-05-13 01:17:38.3833333
133378,535094,4,20.00,2026-05-13 01:17:38.4000000
133411,535975,4,20.00,2026-05-13 01:17:38.5600000
133419,535949,4,20.00,2026-05-13 01:17:38.5633333
133559,536337,4,20.00,2026-05-13 01:17:38.8166667
133569,536306,4,20.00,2026-05-13 01:17:38.8233333
133584,536248,4,20.00,2026-05-13 01:17:38.8333333
133712,536708,4,20.00,2026-05-13 01:17:39.0733333
133755,536518,4,20.00,2026-05-13 01:17:39.1100000
133795,537304,4,20.00,2026-05-13 01:17:39.2900000
133858,537035,4,20.00,2026-05-13 01:17:39.3466667
134048,538306,4,20.00,2026-05-13 01:17:39.7566667
134066,538229,4,20.00,2026-05-13 01:17:39.7733333
134107,538103,4,20.00,2026-05-13 01:17:39.8000000
134144,538942,4,20.00,2026-05-13 01:17:39.9600000
134198,538728,4,20.00,2026-05-13 01:17:40.0000000
134229,538639,4,20.00,2026-05-13 01:17:40.0166667
134282,539456,4,20.00,2026-05-13 01:17:40.1866667
134307,539361,4,20.00,2026-05-13 01:17:40.2066667
134319,539328,4,20.00,2026-05-13 01:17:40.2133333
134321,539310,4,20.00,2026-05-13 01:17:40.2166667
134362,539161,4,20.00,2026-05-13 01:17:40.2466667
134369,539129,4,20.00,2026-05-13 01:17:40.2533333
134432,539854,4,20.00,2026-05-13 01:17:40.4366667
134434,539849,4,20.00,2026-05-13 01:17:40.4366667
134469,539720,4,20.00,2026-05-13 01:17:40.4633333
134493,539640,4,20.00,2026-05-13 01:17:40.4800000
134564,540360,4,20.00,2026-05-13 01:17:40.6600000
134620,540192,4,20.00,2026-05-13 01:17:40.6900000
134671,540993,4,20.00,2026-05-13 01:17:40.8666667
134672,540985,4,20.00,2026-05-13 01:17:40.8666667
134884,541128,4,20.00,2026-05-13 01:17:41.1666667
134902,541074,4,20.00,2026-05-13 01:17:41.1766667
134912,541044,4,20.00,2026-05-13 01:17:41.1833333
134924,541006,4,20.00,2026-05-13 01:17:41.1900000
134974,541799,4,20.00,2026-05-13 01:17:41.3566667
134978,541790,4,20.00,2026-05-13 01:17:41.3600000
135010,541674,4,20.00,2026-05-13 01:17:41.3833333
135034,541578,4,20.00,2026-05-13 01:17:41.4000000
135196,542923,4,20.00,2026-05-13 01:17:41.7966667
135203,542893,4,20.00,2026-05-13 01:17:41.8000000
135255,542679,4,20.00,2026-05-13 01:17:41.8433333
135257,542675,4,20.00,2026-05-13 01:17:41.8433333
135267,542627,4,20.00,2026-05-13 01:17:41.8533333
135306,543474,4,20.00,2026-05-13 01:17:42.0200000
135329,543401,4,20.00,2026-05-13 01:17:42.0333333
135406,543096,4,20.00,2026-05-13 01:17:42.0933333
135425,543023,4,20.00,2026-05-13 01:17:42.1066667
135465,543847,4,20.00,2026-05-13 01:17:42.2766667
135548,543575,4,20.00,2026-05-13 01:17:42.3300000
135550,543568,4,20.00,2026-05-13 01:17:42.3300000
135613,544328,4,20.00,2026-05-13 01:17:42.5066667
135616,544319,4,20.00,2026-05-13 01:17:42.5100000
135654,544176,4,20.00,2026-05-13 01:17:42.5366667
135718,544939,4,20.00,2026-05-13 01:17:42.7100000
135727,544908,4,20.00,2026-05-13 01:17:42.7166667
135790,544682,4,20.00,2026-05-13 01:17:42.7600000
135820,544577,4,20.00,2026-05-13 01:17:42.7800000
135883,545372,4,20.00,2026-05-13 01:17:42.9533333
135973,545034,4,20.00,2026-05-13 01:17:43.0200000
135980,545020,4,20.00,2026-05-13 01:17:43.0200000
135995,545967,4,20.00,2026-05-13 01:17:43.1666667
136018,545883,4,20.00,2026-05-13 01:17:43.1833333
136073,545606,4,20.00,2026-05-13 01:17:43.2333333
136183,546089,4,20.00,2026-05-13 01:17:43.4700000
136206,546017,4,20.00,2026-05-13 01:17:43.4866667
136240,546888,4,20.00,2026-05-13 01:17:43.6466667
136267,546772,4,20.00,2026-05-13 01:17:43.6700000
136480,547978,4,20.00,2026-05-13 01:17:44.1000000
136536,547736,4,20.00,2026-05-13 01:17:44.1500000
136623,548419,4,20.00,2026-05-13 01:17:44.3533333
136639,548383,4,20.00,2026-05-13 01:17:44.3600000
136641,548375,4,20.00,2026-05-13 01:17:44.3633333
136767,548912,4,20.00,2026-05-13 01:17:44.5866667
136863,548513,4,20.00,2026-05-13 01:17:44.6666667
136879,549436,4,20.00,2026-05-13 01:17:44.8100000
136916,549323,4,20.00,2026-05-13 01:17:44.8300000
137065,549696,4,20.00,2026-05-13 01:17:45.1200000
137083,549643,4,20.00,2026-05-13 01:17:45.1300000
137129,550469,4,20.00,2026-05-13 01:17:45.3033333
137270,550877,4,20.00,2026-05-13 01:17:45.5500000
137277,550833,4,20.00,2026-05-13 01:17:45.5600000
137331,550659,4,20.00,2026-05-13 01:17:45.5900000
137337,550643,4,20.00,2026-05-13 01:17:45.5933333
137534,551918,4,20.00,2026-05-13 01:17:46.0966667
137565,551807,4,20.00,2026-05-13 01:17:46.1200000
137643,552451,4,20.00,2026-05-13 01:17:46.3266667
137840,552621,4,20.00,2026-05-13 01:17:46.6166667
137876,553473,4,20.00,2026-05-13 01:17:46.7800000
137902,553354,4,20.00,2026-05-13 01:17:46.8033333
137937,553233,4,20.00,2026-05-13 01:17:46.8266667
137953,553148,4,20.00,2026-05-13 01:17:46.8433333
138061,553635,4,20.00,2026-05-13 01:17:47.0833333
138077,553575,4,20.00,2026-05-13 01:17:47.0933333
138141,554318,4,20.00,2026-05-13 01:17:47.2900000
138194,554083,4,20.00,2026-05-13 01:17:47.3366667
138235,554924,4,20.00,2026-05-13 01:17:47.5100000
138597,556450,4,20.00,2026-05-13 01:17:48.2266667
138671,556209,4,20.00,2026-05-13 01:17:48.2733333
138681,556183,4,20.00,2026-05-13 01:17:48.2800000
138701,556128,4,20.00,2026-05-13 01:17:48.2900000
138707,556104,4,20.00,2026-05-13 01:17:48.2933333
138726,556022,4,20.00,2026-05-13 01:17:48.3100000
138759,556863,4,20.00,2026-05-13 01:17:48.4733333
138778,556761,4,20.00,2026-05-13 01:17:48.4933333
138824,556604,4,20.00,2026-05-13 01:17:48.5233333
138833,556563,4,20.00,2026-05-13 01:17:48.5333333
138863,557458,4,20.00,2026-05-13 01:17:48.6900000
138985,557985,4,20.00,2026-05-13 01:17:48.9066667
138994,557955,4,20.00,2026-05-13 01:17:48.9133333
138998,557940,4,20.00,2026-05-13 01:17:48.9166667
139086,557542,4,20.00,2026-05-13 01:17:48.9933333
139152,558275,4,20.00,2026-05-13 01:17:49.1800000
139239,558854,4,20.00,2026-05-13 01:17:49.3966667
139350,559464,4,20.00,2026-05-13 01:17:49.6100000
139353,559440,4,20.00,2026-05-13 01:17:49.6133333
139388,559302,4,20.00,2026-05-13 01:17:49.6433333
139404,559250,4,20.00,2026-05-13 01:17:49.6533333
139470,559999,4,20.00,2026-05-13 01:17:49.8366667
139513,559828,4,20.00,2026-05-13 01:17:49.8700000
139520,559796,4,20.00,2026-05-13 01:17:49.8766667
139523,559785,4,20.00,2026-05-13 01:17:49.8800000
139544,559714,4,20.00,2026-05-13 01:17:49.8933333
139547,559706,4,20.00,2026-05-13 01:17:49.8933333
139650,560260,4,20.00,2026-05-13 01:17:50.1200000
139676,560150,4,20.00,2026-05-13 01:17:50.1500000
139681,560131,4,20.00,2026-05-13 01:17:50.1533333
139768,560784,4,20.00,2026-05-13 01:17:50.3500000
139784,560732,4,20.00,2026-05-13 01:17:50.3600000
139800,560677,4,20.00,2026-05-13 01:17:50.3700000
139808,560655,4,20.00,2026-05-13 01:17:50.3766667
139825,560582,4,20.00,2026-05-13 01:17:50.3900000
139881,561353,4,20.00,2026-05-13 01:17:50.5666667
139960,561012,4,20.00,2026-05-13 01:17:50.6300000
140027,561719,4,20.00,2026-05-13 01:17:50.8133333
140069,561581,4,20.00,2026-05-13 01:17:50.8400000
140087,562478,4,20.00,2026-05-13 01:17:51.0133333
140115,562381,4,20.00,2026-05-13 01:17:51.0333333
140152,562260,4,20.00,2026-05-13 01:17:51.0533333
140168,562164,4,20.00,2026-05-13 01:17:51.0733333
140219,562980,4,20.00,2026-05-13 01:17:51.2400000
140227,562942,4,20.00,2026-05-13 01:17:51.2500000
140228,562940,4,20.00,2026-05-13 01:17:51.2500000
140270,562727,4,20.00,2026-05-13 01:17:51.2900000
140273,562717,4,20.00,2026-05-13 01:17:51.2900000
140283,562673,4,20.00,2026-05-13 01:17:51.3000000
140312,562588,4,20.00,2026-05-13 01:17:51.3166667
140336,563468,4,20.00,2026-05-13 01:17:51.4733333
140380,563282,4,20.00,2026-05-13 01:17:51.5066667
140402,563186,4,20.00,2026-05-13 01:17:51.5233333
140410,563132,4,20.00,2026-05-13 01:17:51.5333333
140556,563511,4,20.00,2026-05-13 01:17:51.7866667
140570,564473,4,20.00,2026-05-13 01:17:51.9300000
140637,564201,4,20.00,2026-05-13 01:17:51.9833333
140662,564084,4,20.00,2026-05-13 01:17:52.0066667
140687,564992,4,20.00,2026-05-13 01:17:52.1566667
140939,565993,4,20.00,2026-05-13 01:17:52.6166667
141010,565701,4,20.00,2026-05-13 01:17:52.6700000
141013,565680,4,20.00,2026-05-13 01:17:52.6766667
141025,565622,4,20.00,2026-05-13 01:17:52.6866667
141084,566389,4,20.00,2026-05-13 01:17:52.8700000
141105,566304,4,20.00,2026-05-13 01:17:52.8866667
141121,566207,4,20.00,2026-05-13 01:17:52.9066667
141145,566118,4,20.00,2026-05-13 01:17:52.9233333
141171,566005,4,20.00,2026-05-13 01:17:52.9466667
141279,566528,4,20.00,2026-05-13 01:17:53.1666667
141288,567474,4,20.00,2026-05-13 01:17:53.3200000
141300,567409,4,20.00,2026-05-13 01:17:53.3333333
141323,567321,4,20.00,2026-05-13 01:17:53.3500000
141341,567258,4,20.00,2026-05-13 01:17:53.3600000
141350,567214,4,20.00,2026-05-13 01:17:53.3700000
141353,567208,4,20.00,2026-05-13 01:17:53.3700000
141423,567885,4,20.00,2026-05-13 01:17:53.5633333
141621,568098,4,20.00,2026-05-13 01:17:53.8433333
141627,568079,4,20.00,2026-05-13 01:17:53.8466667
141698,568773,4,20.00,2026-05-13 01:17:54.0466667
141731,568624,4,20.00,2026-05-13 01:17:54.0733333
141836,569308,4,20.00,2026-05-13 01:17:54.2733333
141849,569200,4,20.00,2026-05-13 01:17:54.2966667
141852,569184,4,20.00,2026-05-13 01:17:54.3000000
141873,569121,4,20.00,2026-05-13 01:17:54.3100000
141958,569703,4,20.00,2026-05-13 01:17:54.5233333
141969,569660,4,20.00,2026-05-13 01:17:54.5300000
142079,570165,4,20.00,2026-05-13 01:17:54.7566667
142096,570093,4,20.00,2026-05-13 01:17:54.7733333
142127,570982,4,20.00,2026-05-13 01:17:54.9300000
142132,570965,4,20.00,2026-05-13 01:17:54.9333333
142167,570803,4,20.00,2026-05-13 01:17:54.9633333
142191,570683,4,20.00,2026-05-13 01:17:54.9866667
142202,570653,4,20.00,2026-05-13 01:17:54.9900000
142233,570550,4,20.00,2026-05-13 01:17:55.0133333
142305,571234,4,20.00,2026-05-13 01:17:55.2033333
142356,571993,4,20.00,2026-05-13 01:17:55.3833333
142361,571980,4,20.00,2026-05-13 01:17:55.3866667
142415,571798,4,20.00,2026-05-13 01:17:55.4200000
142460,571615,4,20.00,2026-05-13 01:17:55.4533333
142462,571603,4,20.00,2026-05-13 01:17:55.4566667
142537,572313,4,20.00,2026-05-13 01:17:55.6466667
142557,572238,4,20.00,2026-05-13 01:17:55.6600000
142614,572032,4,20.00,2026-05-13 01:17:55.7000000
142631,572945,4,20.00,2026-05-13 01:17:55.8500000
142655,572875,4,20.00,2026-05-13 01:17:55.8633333
142750,572509,4,20.00,2026-05-13 01:17:55.9333333
142769,573444,4,20.00,2026-05-13 01:17:56.0800000
142782,573394,4,20.00,2026-05-13 01:17:56.0933333
142796,573317,4,20.00,2026-05-13 01:17:56.1066667
142813,573229,4,20.00,2026-05-13 01:17:56.1233333
142829,573142,4,20.00,2026-05-13 01:17:56.1400000
142830,573138,4,20.00,2026-05-13 01:17:56.1400000
142847,573076,4,20.00,2026-05-13 01:17:56.1566667
142852,573050,4,20.00,2026-05-13 01:17:56.1600000
142864,573994,4,20.00,2026-05-13 01:17:56.3000000
143032,574428,4,20.00,2026-05-13 01:17:56.5366667
143144,574030,4,20.00,2026-05-13 01:17:56.6133333
143204,574721,4,20.00,2026-05-13 01:17:56.8100000
143217,574667,4,20.00,2026-05-13 01:17:56.8200000
143256,574534,4,20.00,2026-05-13 01:17:56.8433333
143259,574504,4,20.00,2026-05-13 01:17:56.8500000
143266,575472,4,20.00,2026-05-13 01:17:56.9900000
143284,575398,4,20.00,2026-05-13 01:17:57.0066667
143330,575213,4,20.00,2026-05-13 01:17:57.0400000
143336,575196,4,20.00,2026-05-13 01:17:57.0433333
143416,575857,4,20.00,2026-05-13 01:17:57.2600000
143460,575719,4,20.00,2026-05-13 01:17:57.2866667
143524,576473,4,20.00,2026-05-13 01:17:57.5000000
143615,576105,4,20.00,2026-05-13 01:17:57.5766667
143618,576098,4,20.00,2026-05-13 01:17:57.5800000
143790,577336,4,20.00,2026-05-13 01:17:58.0033333
143796,577315,4,20.00,2026-05-13 01:17:58.0100000
143944,577713,4,20.00,2026-05-13 01:17:58.2600000
143960,577632,4,20.00,2026-05-13 01:17:58.2733333
144011,578445,4,20.00,2026-05-13 01:17:58.4433333
144014,578425,4,20.00,2026-05-13 01:17:58.4466667
144088,578107,4,20.00,2026-05-13 01:17:58.5066667
144097,578075,4,20.00,2026-05-13 01:17:58.5133333
144105,578056,4,20.00,2026-05-13 01:17:58.5166667
144129,578963,4,20.00,2026-05-13 01:17:58.6700000
144159,578847,4,20.00,2026-05-13 01:17:58.6900000
144294,579257,4,20.00,2026-05-13 01:17:58.9400000
144314,579170,4,20.00,2026-05-13 01:17:58.9566667
144398,579808,4,20.00,2026-05-13 01:17:59.1600000
144430,579694,4,20.00,2026-05-13 01:17:59.1800000
144467,579532,4,20.00,2026-05-13 01:17:59.2133333
144545,580238,4,20.00,2026-05-13 01:17:59.4000000
144632,580900,4,20.00,2026-05-13 01:17:59.5966667
144657,580797,4,20.00,2026-05-13 01:17:59.6166667
144665,580776,4,20.00,2026-05-13 01:17:59.6200000
144682,580708,4,20.00,2026-05-13 01:17:59.6333333
144750,581428,4,20.00,2026-05-13 01:17:59.8200000
144816,581171,4,20.00,2026-05-13 01:17:59.8700000
144847,581023,4,20.00,2026-05-13 01:17:59.9000000
144858,581987,4,20.00,2026-05-13 01:18:00.0500000
144933,581716,4,20.00,2026-05-13 01:18:00.1000000
144962,581605,4,20.00,2026-05-13 01:18:00.1233333
144963,581604,4,20.00,2026-05-13 01:18:00.1233333
145038,582287,4,20.00,2026-05-13 01:18:00.3233333
145121,582965,4,20.00,2026-05-13 01:18:00.5233333
145200,582639,4,20.00,2026-05-13 01:18:00.5866667
145213,582591,4,20.00,2026-05-13 01:18:00.5966667
145289,583262,4,20.00,2026-05-13 01:18:00.8133333
145293,583249,4,20.00,2026-05-13 01:18:00.8166667
145324,583081,4,20.00,2026-05-13 01:18:00.8566667
145345,583015,4,20.00,2026-05-13 01:18:00.8700000
145376,583915,4,20.00,2026-05-13 01:18:01.0466667
145425,583710,4,20.00,2026-05-13 01:18:01.0933333
145463,583531,4,20.00,2026-05-13 01:18:01.1333333
145466,583524,4,20.00,2026-05-13 01:18:01.1333333
145620,584903,4,20.00,2026-05-13 01:18:01.5666667
145627,584884,4,20.00,2026-05-13 01:18:01.5700000
145672,584725,4,20.00,2026-05-13 01:18:01.6066667
145675,584708,4,20.00,2026-05-13 01:18:01.6100000
145773,585322,4,20.00,2026-05-13 01:18:01.8500000
145832,585125,4,20.00,2026-05-13 01:18:01.9100000
145894,585896,4,20.00,2026-05-13 01:18:02.0966667
145958,585620,4,20.00,2026-05-13 01:18:02.1500000
146007,586368,4,20.00,2026-05-13 01:18:02.3300000
146015,586321,4,20.00,2026-05-13 01:18:02.3400000
146040,586215,4,20.00,2026-05-13 01:18:02.3600000
146102,586962,4,20.00,2026-05-13 01:18:02.5366667
146136,586833,4,20.00,2026-05-13 01:18:02.5600000
146194,586611,4,20.00,2026-05-13 01:18:02.6033333
146219,587496,4,20.00,2026-05-13 01:18:02.7533333
146258,587321,4,20.00,2026-05-13 01:18:02.7866667
146268,587283,4,20.00,2026-05-13 01:18:02.7933333
146340,587988,4,20.00,2026-05-13 01:18:02.9800000
146362,587913,4,20.00,2026-05-13 01:18:02.9933333
146384,587844,4,20.00,2026-05-13 01:18:03.0066667
146542,588226,4,20.00,2026-05-13 01:18:03.2566667
146618,588884,4,20.00,2026-05-13 01:18:03.4600000
146694,588506,4,20.00,2026-05-13 01:18:03.5333333
146841,589885,4,20.00,2026-05-13 01:18:03.9133333
146854,589846,4,20.00,2026-05-13 01:18:03.9200000
146897,589670,4,20.00,2026-05-13 01:18:03.9533333
146959,590412,4,20.00,2026-05-13 01:18:04.1400000
146992,590249,4,20.00,2026-05-13 01:18:04.1733333
146995,590228,4,20.00,2026-05-13 01:18:04.1800000
147005,590181,4,20.00,2026-05-13 01:18:04.1900000
147007,590177,4,20.00,2026-05-13 01:18:04.1900000
147092,590863,4,20.00,2026-05-13 01:18:04.3966667
147255,591159,4,20.00,2026-05-13 01:18:04.6833333
147392,591621,4,20.00,2026-05-13 01:18:04.9266667
147452,592373,4,20.00,2026-05-13 01:18:05.1100000
147474,592255,4,20.00,2026-05-13 01:18:05.1300000
147504,592137,4,20.00,2026-05-13 01:18:05.1533333
147525,592068,4,20.00,2026-05-13 01:18:05.1666667
147538,592036,4,20.00,2026-05-13 01:18:05.1733333
147560,592952,4,20.00,2026-05-13 01:18:05.3266667
147571,592878,4,20.00,2026-05-13 01:18:05.3400000
147600,592766,4,20.00,2026-05-13 01:18:05.3600000
147655,592581,4,20.00,2026-05-13 01:18:05.3966667
147692,593446,4,20.00,2026-05-13 01:18:05.5533333
147723,593310,4,20.00,2026-05-13 01:18:05.5800000
147726,593306,4,20.00,2026-05-13 01:18:05.5800000
147746,593219,4,20.00,2026-05-13 01:18:05.5966667
147815,593970,4,20.00,2026-05-13 01:18:05.7733333
147816,593965,4,20.00,2026-05-13 01:18:05.7733333
147885,593699,4,20.00,2026-05-13 01:18:05.8266667
147950,594463,4,20.00,2026-05-13 01:18:06.0066667
148024,594142,4,20.00,2026-05-13 01:18:06.0700000
148051,594998,4,20.00,2026-05-13 01:18:06.2300000
148105,594780,4,20.00,2026-05-13 01:18:06.2733333
148124,594709,4,20.00,2026-05-13 01:18:06.2866667
148133,594675,4,20.00,2026-05-13 01:18:06.2933333
148267,595104,4,20.00,2026-05-13 01:18:06.5400000
148293,595993,4,20.00,2026-05-13 01:18:06.6933333
148314,595904,4,20.00,2026-05-13 01:18:06.7100000
148396,595540,4,20.00,2026-05-13 01:18:06.7800000
148434,596417,4,20.00,2026-05-13 01:18:06.9400000
148462,596310,4,20.00,2026-05-13 01:18:06.9600000
148509,596074,4,20.00,2026-05-13 01:18:07.0066667
148525,596019,4,20.00,2026-05-13 01:18:07.0166667
148542,596967,4,20.00,2026-05-13 01:18:07.1600000
148574,596860,4,20.00,2026-05-13 01:18:07.1800000
148605,596740,4,20.00,2026-05-13 01:18:07.2033333
148610,596718,4,20.00,2026-05-13 01:18:07.2066667
148634,596621,4,20.00,2026-05-13 01:18:07.2266667
148732,597253,4,20.00,2026-05-13 01:18:07.4300000
148816,597906,4,20.00,2026-05-13 01:18:07.6866667
148821,597873,4,20.00,2026-05-13 01:18:07.6933333
148841,597815,4,20.00,2026-05-13 01:18:07.7033333
148941,598420,4,20.00,2026-05-13 01:18:07.9133333
148997,598202,4,20.00,2026-05-13 01:18:07.9533333
149033,598064,4,20.00,2026-05-13 01:18:07.9800000
149036,598055,4,20.00,2026-05-13 01:18:07.9833333
149081,598876,4,20.00,2026-05-13 01:18:08.1533333
149092,598823,4,20.00,2026-05-13 01:18:08.1633333
149111,598731,4,20.00,2026-05-13 01:18:08.1800000
149126,598657,4,20.00,2026-05-13 01:18:08.1933333
149172,599480,4,20.00,2026-05-13 01:18:08.3733333
149200,599360,4,20.00,2026-05-13 01:18:08.3933333
149334,599896,4,20.00,2026-05-13 01:18:08.6200000
149336,599887,4,20.00,2026-05-13 01:18:08.6200000
149450,600445,4,20.00,2026-05-13 01:18:08.8300000
149455,600432,4,20.00,2026-05-13 01:18:08.8333333
149505,600241,4,20.00,2026-05-13 01:18:08.8700000
149622,600768,4,20.00,2026-05-13 01:18:09.0966667
149710,601430,4,20.00,2026-05-13 01:18:09.2966667
149784,601182,4,20.00,2026-05-13 01:18:09.3466667
149788,601169,4,20.00,2026-05-13 01:18:09.3500000
149869,601907,4,20.00,2026-05-13 01:18:09.5500000
149896,601808,4,20.00,2026-05-13 01:18:09.5700000
149943,601570,4,20.00,2026-05-13 01:18:09.6200000
149946,601558,4,20.00,2026-05-13 01:18:09.6233333
149954,601526,4,20.00,2026-05-13 01:18:09.6300000
150059,602048,4,20.00,2026-05-13 01:18:09.8533333
150072,602992,4,20.00,2026-05-13 01:18:10.0000000
150081,602968,4,20.00,2026-05-13 01:18:10.0033333
150146,602731,4,20.00,2026-05-13 01:18:10.0533333
150165,602643,4,20.00,2026-05-13 01:18:10.0700000
150224,603374,4,20.00,2026-05-13 01:18:10.2600000
150321,603012,4,20.00,2026-05-13 01:18:10.3400000
150337,603969,4,20.00,2026-05-13 01:18:10.4966667
150362,603893,4,20.00,2026-05-13 01:18:10.5100000
150428,603652,4,20.00,2026-05-13 01:18:10.5566667
150454,603559,4,20.00,2026-05-13 01:18:10.5733333
150465,603519,4,20.00,2026-05-13 01:18:10.5800000
150491,604407,4,20.00,2026-05-13 01:18:10.7466667
150533,604244,4,20.00,2026-05-13 01:18:10.7766667
150535,604241,4,20.00,2026-05-13 01:18:10.7766667
150609,604922,4,20.00,2026-05-13 01:18:10.9733333
150615,604914,4,20.00,2026-05-13 01:18:10.9733333
150734,605441,4,20.00,2026-05-13 01:18:11.1966667
150751,605378,4,20.00,2026-05-13 01:18:11.2100000
150884,605780,4,20.00,2026-05-13 01:18:11.4566667
150910,605658,4,20.00,2026-05-13 01:18:11.4766667
150936,605561,4,20.00,2026-05-13 01:18:11.4966667
150947,605515,4,20.00,2026-05-13 01:18:11.5066667
151036,606174,4,20.00,2026-05-13 01:18:11.7000000
151201,606562,4,20.00,2026-05-13 01:18:11.9500000
151216,606523,4,20.00,2026-05-13 01:18:11.9566667
151231,607470,4,20.00,2026-05-13 01:18:12.1033333
151282,607265,4,20.00,2026-05-13 01:18:12.1433333
151284,607252,4,20.00,2026-05-13 01:18:12.1466667
151312,607137,4,20.00,2026-05-13 01:18:12.1700000
151393,607816,4,20.00,2026-05-13 01:18:12.3666667
151450,607591,4,20.00,2026-05-13 01:18:12.4100000
151489,608414,4,20.00,2026-05-13 01:18:12.5800000
151506,608356,4,20.00,2026-05-13 01:18:12.5933333
151516,608311,4,20.00,2026-05-13 01:18:12.6000000
151534,608214,4,20.00,2026-05-13 01:18:12.6200000
151794,609205,4,20.00,2026-05-13 01:18:13.0866667
151815,609131,4,20.00,2026-05-13 01:18:13.1033333
151818,609127,4,20.00,2026-05-13 01:18:13.1033333
151825,609093,4,20.00,2026-05-13 01:18:13.1100000
151871,609867,4,20.00,2026-05-13 01:18:13.2933333
151941,609565,4,20.00,2026-05-13 01:18:13.3533333
151957,609506,4,20.00,2026-05-13 01:18:13.3633333
151996,610336,4,20.00,2026-05-13 01:18:13.5300000
152164,610714,4,20.00,2026-05-13 01:18:13.7900000
152241,611404,4,20.00,2026-05-13 01:18:14.0133333
152242,611400,4,20.00,2026-05-13 01:18:14.0133333
152255,611351,4,20.00,2026-05-13 01:18:14.0233333
152364,611932,4,20.00,2026-05-13 01:18:14.2466667
152436,611643,4,20.00,2026-05-13 01:18:14.3033333
152487,612431,4,20.00,2026-05-13 01:18:14.4800000
152547,612235,4,20.00,2026-05-13 01:18:14.5200000
152566,612177,4,20.00,2026-05-13 01:18:14.5300000
152598,612068,4,20.00,2026-05-13 01:18:14.5500000
152710,612585,4,20.00,2026-05-13 01:18:14.7766667
152762,613353,4,20.00,2026-05-13 01:18:14.9533333
152787,613237,4,20.00,2026-05-13 01:18:14.9766667
152798,613208,4,20.00,2026-05-13 01:18:14.9800000
152841,613036,4,20.00,2026-05-13 01:18:15.0133333
152889,613842,4,20.00,2026-05-13 01:18:15.1866667
152932,613703,4,20.00,2026-05-13 01:18:15.2100000
152937,613680,4,20.00,2026-05-13 01:18:15.2166667
153025,614349,4,20.00,2026-05-13 01:18:15.4166667
153183,614707,4,20.00,2026-05-13 01:18:15.6733333
153198,614666,4,20.00,2026-05-13 01:18:15.6800000
153237,615491,4,20.00,2026-05-13 01:18:15.8433333
153300,615237,4,20.00,2026-05-13 01:18:15.8933333
153306,615211,4,20.00,2026-05-13 01:18:15.8966667
153328,615123,4,20.00,2026-05-13 01:18:15.9133333
153375,615951,4,20.00,2026-05-13 01:18:16.0766667
153383,615914,4,20.00,2026-05-13 01:18:16.0833333
153433,615714,4,20.00,2026-05-13 01:18:16.1200000
153455,615620,4,20.00,2026-05-13 01:18:16.1366667
153466,615572,4,20.00,2026-05-13 01:18:16.1466667
153490,616490,4,20.00,2026-05-13 01:18:16.2866667
153527,616360,4,20.00,2026-05-13 01:18:16.3100000
153539,616302,4,20.00,2026-05-13 01:18:16.3200000
153540,616294,4,20.00,2026-05-13 01:18:16.3233333
153583,616106,4,20.00,2026-05-13 01:18:16.3600000
153689,616626,4,20.00,2026-05-13 01:18:16.5833333
153756,617345,4,20.00,2026-05-13 01:18:16.7700000
153800,617189,4,20.00,2026-05-13 01:18:16.8000000
153806,617165,4,20.00,2026-05-13 01:18:16.8033333
153823,617093,4,20.00,2026-05-13 01:18:16.8166667
153945,617618,4,20.00,2026-05-13 01:18:17.0433333
153986,618465,4,20.00,2026-05-13 01:18:17.2066667
154073,618151,4,20.00,2026-05-13 01:18:17.2666667
154121,618924,4,20.00,2026-05-13 01:18:17.4400000
154187,618599,4,20.00,2026-05-13 01:18:17.5033333
154239,619329,4,20.00,2026-05-13 01:18:17.6933333
154249,619297,4,20.00,2026-05-13 01:18:17.7000000
154302,619089,4,20.00,2026-05-13 01:18:17.7366667
154394,619741,4,20.00,2026-05-13 01:18:17.9500000
154403,619708,4,20.00,2026-05-13 01:18:17.9566667
154426,619636,4,20.00,2026-05-13 01:18:17.9700000
154498,620363,4,20.00,2026-05-13 01:18:18.1700000
154505,620332,4,20.00,2026-05-13 01:18:18.1766667
154523,620253,4,20.00,2026-05-13 01:18:18.1933333
154563,620080,4,20.00,2026-05-13 01:18:18.2300000
154596,620953,4,20.00,2026-05-13 01:18:18.3866667
154664,620670,4,20.00,2026-05-13 01:18:18.4366667
154675,620636,4,20.00,2026-05-13 01:18:18.4433333
154762,621352,4,20.00,2026-05-13 01:18:18.6333333
154788,621240,4,20.00,2026-05-13 01:18:18.6533333
154801,621179,4,20.00,2026-05-13 01:18:18.6666667
154825,621102,4,20.00,2026-05-13 01:18:18.6800000
154858,621994,4,20.00,2026-05-13 01:18:18.8333333
154927,621675,4,20.00,2026-05-13 01:18:18.9033333
154943,621630,4,20.00,2026-05-13 01:18:18.9133333
154950,621608,4,20.00,2026-05-13 01:18:18.9166667
154961,621570,4,20.00,2026-05-13 01:18:18.9233333
155050,622185,4,20.00,2026-05-13 01:18:19.1333333
155058,622161,4,20.00,2026-05-13 01:18:19.1400000
155069,622107,4,20.00,2026-05-13 01:18:19.1500000
155083,622065,4,20.00,2026-05-13 01:18:19.1566667
155115,622922,4,20.00,2026-05-13 01:18:19.3166667
155121,622891,4,20.00,2026-05-13 01:18:19.3233333
155152,622769,4,20.00,2026-05-13 01:18:19.3466667
155220,622520,4,20.00,2026-05-13 01:18:19.3933333
155244,623441,4,20.00,2026-05-13 01:18:19.5400000
155281,623274,4,20.00,2026-05-13 01:18:19.5733333
155378,623882,4,20.00,2026-05-13 01:18:19.7833333
155387,623837,4,20.00,2026-05-13 01:18:19.7933333
155414,623764,4,20.00,2026-05-13 01:18:19.8066667
155418,623734,4,20.00,2026-05-13 01:18:19.8133333
155456,623586,4,20.00,2026-05-13 01:18:19.8433333
155490,624464,4,20.00,2026-05-13 01:18:20.0133333
155542,624239,4,20.00,2026-05-13 01:18:20.0600000
155558,624152,4,20.00,2026-05-13 01:18:20.0766667
155572,624118,4,20.00,2026-05-13 01:18:20.0833333
155614,624960,4,20.00,2026-05-13 01:18:20.2500000
155630,624911,4,20.00,2026-05-13 01:18:20.2600000
155713,624561,4,20.00,2026-05-13 01:18:20.3300000
155743,625418,4,20.00,2026-05-13 01:18:20.4833333
155837,625012,4,20.00,2026-05-13 01:18:20.5600000
155901,625726,4,20.00,2026-05-13 01:18:20.7433333
155933,625597,4,20.00,2026-05-13 01:18:20.7666667
155965,626444,4,20.00,2026-05-13 01:18:20.9200000
156102,626893,4,20.00,2026-05-13 01:18:21.1666667
156122,626822,4,20.00,2026-05-13 01:18:21.1800000
156130,626789,4,20.00,2026-05-13 01:18:21.1866667
156135,626759,4,20.00,2026-05-13 01:18:21.1900000
156147,626690,4,20.00,2026-05-13 01:18:21.2033333
156222,627352,4,20.00,2026-05-13 01:18:21.3933333
156310,627996,4,20.00,2026-05-13 01:18:21.5933333
156312,627993,4,20.00,2026-05-13 01:18:21.5933333
156340,627837,4,20.00,2026-05-13 01:18:21.6233333
156344,627820,4,20.00,2026-05-13 01:18:21.6266667
156449,628416,4,20.00,2026-05-13 01:18:21.8333333
156455,628394,4,20.00,2026-05-13 01:18:21.8400000
156503,628200,4,20.00,2026-05-13 01:18:21.8766667
156513,628154,4,20.00,2026-05-13 01:18:21.8833333
156684,628518,4,20.00,2026-05-13 01:18:22.1400000
156775,629183,4,20.00,2026-05-13 01:18:22.3400000
156776,629178,4,20.00,2026-05-13 01:18:22.3400000
156795,629115,4,20.00,2026-05-13 01:18:22.3533333
156864,629879,4,20.00,2026-05-13 01:18:22.5300000
156866,629872,4,20.00,2026-05-13 01:18:22.5333333
156921,629661,4,20.00,2026-05-13 01:18:22.5733333
157057,630096,4,20.00,2026-05-13 01:18:22.8066667
157083,630973,4,20.00,2026-05-13 01:18:22.9866667
157134,630810,4,20.00,2026-05-13 01:18:23.0500000
157142,630771,4,20.00,2026-05-13 01:18:23.0633333
157157,630719,4,20.00,2026-05-13 01:18:23.0766667
157182,630625,4,20.00,2026-05-13 01:18:23.1033333
157184,630622,4,20.00,2026-05-13 01:18:23.1066667
157308,631129,4,20.00,2026-05-13 01:18:23.4100000
157326,631066,4,20.00,2026-05-13 01:18:23.4266667
157363,631950,4,20.00,2026-05-13 01:18:23.6166667
157406,631816,4,20.00,2026-05-13 01:18:23.6500000
157431,631730,4,20.00,2026-05-13 01:18:23.6700000
157448,631675,4,20.00,2026-05-13 01:18:23.6833333
157459,631615,4,20.00,2026-05-13 01:18:23.6966667
157510,632374,4,20.00,2026-05-13 01:18:23.9166667
157521,632342,4,20.00,2026-05-13 01:18:23.9233333
157543,632248,4,20.00,2026-05-13 01:18:23.9500000
157595,632015,4,20.00,2026-05-13 01:18:24.0000000
157655,632763,4,20.00,2026-05-13 01:18:24.1833333
157676,632674,4,20.00,2026-05-13 01:18:24.2000000
157792,633245,4,20.00,2026-05-13 01:18:24.4766667
157895,633858,4,20.00,2026-05-13 01:18:24.7066667
157968,633584,4,20.00,2026-05-13 01:18:24.7633333
157983,633532,4,20.00,2026-05-13 01:18:24.7766667
158007,634408,4,20.00,2026-05-13 01:18:24.9466667
158021,634357,4,20.00,2026-05-13 01:18:24.9566667
158183,634715,4,20.00,2026-05-13 01:18:25.2066667
158263,635432,4,20.00,2026-05-13 01:18:25.3866667
158270,635401,4,20.00,2026-05-13 01:18:25.3933333
158369,635023,4,20.00,2026-05-13 01:18:25.4666667
158425,635844,4,20.00,2026-05-13 01:18:25.6400000
158441,635793,4,20.00,2026-05-13 01:18:25.6500000
158454,635748,4,20.00,2026-05-13 01:18:25.6600000
158469,635693,4,20.00,2026-05-13 01:18:25.6700000
158484,635609,4,20.00,2026-05-13 01:18:25.6866667
158513,635507,4,20.00,2026-05-13 01:18:25.7033333
158555,636375,4,20.00,2026-05-13 01:18:25.8666667
158571,636311,4,20.00,2026-05-13 01:18:25.8766667
158582,636269,4,20.00,2026-05-13 01:18:25.8866667
158606,636172,4,20.00,2026-05-13 01:18:25.9033333
158678,636881,4,20.00,2026-05-13 01:18:26.1066667
158761,636532,4,20.00,2026-05-13 01:18:26.1733333
158787,637425,4,20.00,2026-05-13 01:18:26.3266667
158800,637363,4,20.00,2026-05-13 01:18:26.3400000
158817,637276,4,20.00,2026-05-13 01:18:26.3566667
158953,637784,4,20.00,2026-05-13 01:18:26.5866667
158968,637738,4,20.00,2026-05-13 01:18:26.5966667
158988,637654,4,20.00,2026-05-13 01:18:26.6133333
158996,637623,4,20.00,2026-05-13 01:18:26.6200000
159025,638493,4,20.00,2026-05-13 01:18:26.7700000
159214,638769,4,20.00,2026-05-13 01:18:27.0433333
159272,638524,4,20.00,2026-05-13 01:18:27.0900000
159309,639410,4,20.00,2026-05-13 01:18:27.2400000
159314,639385,4,20.00,2026-05-13 01:18:27.2466667
159340,639289,4,20.00,2026-05-13 01:18:27.2633333
159391,639112,4,20.00,2026-05-13 01:18:27.3000000
159426,639998,4,20.00,2026-05-13 01:18:27.4533333
159512,639621,4,20.00,2026-05-13 01:18:27.5266667
159591,640330,4,20.00,2026-05-13 01:18:27.7133333
159628,640178,4,20.00,2026-05-13 01:18:27.7433333
159630,640172,4,20.00,2026-05-13 01:18:27.7433333
159755,640710,4,20.00,2026-05-13 01:18:27.9633333
159853,641350,4,20.00,2026-05-13 01:18:28.1700000
159919,641096,4,20.00,2026-05-13 01:18:28.2200000
159924,641082,4,20.00,2026-05-13 01:18:28.2233333
159994,641775,4,20.00,2026-05-13 01:18:28.4266667
160141,642114,4,20.00,2026-05-13 01:18:28.6800000
160285,642545,4,20.00,2026-05-13 01:18:28.9166667
160348,643307,4,20.00,2026-05-13 01:18:29.0933333
160368,643253,4,20.00,2026-05-13 01:18:29.1033333
160370,643236,4,20.00,2026-05-13 01:18:29.1066667
160371,643229,4,20.00,2026-05-13 01:18:29.1066667
160394,643147,4,20.00,2026-05-13 01:18:29.1233333
160432,643026,4,20.00,2026-05-13 01:18:29.1466667
160462,643917,4,20.00,2026-05-13 01:18:29.3033333
160470,643897,4,20.00,2026-05-13 01:18:29.3066667
160541,643666,4,20.00,2026-05-13 01:18:29.3500000
160560,643595,4,20.00,2026-05-13 01:18:29.3666667
160568,643565,4,20.00,2026-05-13 01:18:29.3700000
160680,644139,4,20.00,2026-05-13 01:18:29.5900000
160714,644998,4,20.00,2026-05-13 01:18:29.7500000
160729,644927,4,20.00,2026-05-13 01:18:29.7633333
160761,644800,4,20.00,2026-05-13 01:18:29.7900000
160809,644591,4,20.00,2026-05-13 01:18:29.8266667
160810,644588,4,20.00,2026-05-13 01:18:29.8300000
160846,645458,4,20.00,2026-05-13 01:18:29.9866667
160888,645293,4,20.00,2026-05-13 01:18:30.0166667
160905,645229,4,20.00,2026-05-13 01:18:30.0300000
160922,645151,4,20.00,2026-05-13 01:18:30.0466667
160946,645051,4,20.00,2026-05-13 01:18:30.1100000
160963,645991,4,20.00,2026-05-13 01:18:30.2600000
160967,645966,4,20.00,2026-05-13 01:18:30.2666667
161142,646331,4,20.00,2026-05-13 01:18:30.5300000
161151,646285,4,20.00,2026-05-13 01:18:30.5400000
161163,646230,4,20.00,2026-05-13 01:18:30.5500000
161356,647319,4,20.00,2026-05-13 01:18:31.0033333
161367,647275,4,20.00,2026-05-13 01:18:31.0100000
161384,647215,4,20.00,2026-05-13 01:18:31.0233333
161445,647945,4,20.00,2026-05-13 01:18:31.2100000
161453,647914,4,20.00,2026-05-13 01:18:31.2166667
161484,647784,4,20.00,2026-05-13 01:18:31.2400000
161525,647593,4,20.00,2026-05-13 01:18:31.2766667
161547,647502,4,20.00,2026-05-13 01:18:31.2933333
161553,648455,4,20.00,2026-05-13 01:18:31.4500000
161566,648403,4,20.00,2026-05-13 01:18:31.4600000
161591,648320,4,20.00,2026-05-13 01:18:31.4733333
161603,648295,4,20.00,2026-05-13 01:18:31.4800000
161614,648246,4,20.00,2026-05-13 01:18:31.4900000
161625,648208,4,20.00,2026-05-13 01:18:31.4966667
161697,648942,4,20.00,2026-05-13 01:18:31.6833333
161802,648524,4,20.00,2026-05-13 01:18:31.7633333
161806,648510,4,20.00,2026-05-13 01:18:31.7666667
161869,649312,4,20.00,2026-05-13 01:18:31.9366667
161894,649186,4,20.00,2026-05-13 01:18:31.9600000
161897,649175,4,20.00,2026-05-13 01:18:31.9600000
162014,649737,4,20.00,2026-05-13 01:18:32.1800000
162034,649625,4,20.00,2026-05-13 01:18:32.2033333
162096,650398,4,20.00,2026-05-13 01:18:32.3833333
162117,650316,4,20.00,2026-05-13 01:18:32.4000000
162127,650268,4,20.00,2026-05-13 01:18:32.4100000
162156,650171,4,20.00,2026-05-13 01:18:32.4300000
162158,650162,4,20.00,2026-05-13 01:18:32.4300000
162189,650042,4,20.00,2026-05-13 01:18:32.4533333
162222,650875,4,20.00,2026-05-13 01:18:32.6200000
162378,651251,4,20.00,2026-05-13 01:18:32.8766667
162384,651228,4,20.00,2026-05-13 01:18:32.8800000
162415,651120,4,20.00,2026-05-13 01:18:32.9000000
162452,651972,4,20.00,2026-05-13 01:18:33.0700000
162526,651632,4,20.00,2026-05-13 01:18:33.1333333
162552,651521,4,20.00,2026-05-13 01:18:33.1533333
162558,652495,4,20.00,2026-05-13 01:18:33.2900000
162614,652317,4,20.00,2026-05-13 01:18:33.3233333
162686,652035,4,20.00,2026-05-13 01:18:33.3800000
162732,652891,4,20.00,2026-05-13 01:18:33.5400000
163006,653775,4,20.00,2026-05-13 01:18:34.0200000
163043,653603,4,20.00,2026-05-13 01:18:34.0533333
163131,654225,4,20.00,2026-05-13 01:18:34.2500000
163202,654950,4,20.00,2026-05-13 01:18:34.4266667
163209,654922,4,20.00,2026-05-13 01:18:34.4333333
163237,654820,4,20.00,2026-05-13 01:18:34.4533333
163260,654716,4,20.00,2026-05-13 01:18:34.4700000
163331,655399,4,20.00,2026-05-13 01:18:34.6700000
163439,655905,4,20.00,2026-05-13 01:18:34.9100000
163495,655652,4,20.00,2026-05-13 01:18:34.9566667
163540,656463,4,20.00,2026-05-13 01:18:35.1266667
163587,656293,4,20.00,2026-05-13 01:18:35.1600000
163601,656246,4,20.00,2026-05-13 01:18:35.1700000
163622,656148,4,20.00,2026-05-13 01:18:35.1866667
163669,656986,4,20.00,2026-05-13 01:18:35.3533333
163673,656972,4,20.00,2026-05-13 01:18:35.3533333
163680,656946,4,20.00,2026-05-13 01:18:35.3600000
163760,656631,4,20.00,2026-05-13 01:18:35.4200000
163783,656530,4,20.00,2026-05-13 01:18:35.4400000
163878,657153,4,20.00,2026-05-13 01:18:35.6433333
163886,657109,4,20.00,2026-05-13 01:18:35.6533333
163907,657044,4,20.00,2026-05-13 01:18:35.6666667
163921,657985,4,20.00,2026-05-13 01:18:35.8066667
163955,657852,4,20.00,2026-05-13 01:18:35.8300000
164025,657581,4,20.00,2026-05-13 01:18:35.8833333
164043,657508,4,20.00,2026-05-13 01:18:35.8966667
164065,658397,4,20.00,2026-05-13 01:18:36.0500000
164092,658304,4,20.00,2026-05-13 01:18:36.0700000
164153,658063,4,20.00,2026-05-13 01:18:36.1166667
164244,658705,4,20.00,2026-05-13 01:18:36.3200000
164245,658702,4,20.00,2026-05-13 01:18:36.3200000
164331,659349,4,20.00,2026-05-13 01:18:36.5233333
164370,659176,4,20.00,2026-05-13 01:18:36.5566667
164436,659895,4,20.00,2026-05-13 01:18:36.7400000
164484,659686,4,20.00,2026-05-13 01:18:36.7800000
164534,660486,4,20.00,2026-05-13 01:18:36.9566667
164538,660472,4,20.00,2026-05-13 01:18:36.9566667
164550,660410,4,20.00,2026-05-13 01:18:36.9700000
164572,660322,4,20.00,2026-05-13 01:18:36.9866667
164599,660221,4,20.00,2026-05-13 01:18:37.0066667
164613,660182,4,20.00,2026-05-13 01:18:37.0133333
164645,660063,4,20.00,2026-05-13 01:18:37.0366667
164777,660623,4,20.00,2026-05-13 01:18:37.2500000
164810,660509,4,20.00,2026-05-13 01:18:37.2700000
164912,661109,4,20.00,2026-05-13 01:18:37.4800000
164953,661915,4,20.00,2026-05-13 01:18:37.6500000
164995,661767,4,20.00,2026-05-13 01:18:37.6800000
165245,662770,4,20.00,2026-05-13 01:18:38.1700000
165289,662603,4,20.00,2026-05-13 01:18:38.2000000
165348,663356,4,20.00,2026-05-13 01:18:38.3833333
165418,663085,4,20.00,2026-05-13 01:18:38.4366667
165455,663932,4,20.00,2026-05-13 01:18:38.6166667
165466,663864,4,20.00,2026-05-13 01:18:38.6300000
165489,663778,4,20.00,2026-05-13 01:18:38.6466667
165528,663621,4,20.00,2026-05-13 01:18:38.6766667
165709,664898,4,20.00,2026-05-13 01:18:39.0833333
165737,664797,4,20.00,2026-05-13 01:18:39.1033333
165810,665474,4,20.00,2026-05-13 01:18:39.2966667
165831,665392,4,20.00,2026-05-13 01:18:39.3133333
165962,665892,4,20.00,2026-05-13 01:18:39.5400000
166027,665595,4,20.00,2026-05-13 01:18:39.5966667
166135,666176,4,20.00,2026-05-13 01:18:39.8100000
166149,666116,4,20.00,2026-05-13 01:18:39.8233333
166237,666748,4,20.00,2026-05-13 01:18:40.0266667
166246,666700,4,20.00,2026-05-13 01:18:40.0366667
166317,667424,4,20.00,2026-05-13 01:18:40.2233333
166365,667200,4,20.00,2026-05-13 01:18:40.2666667
166385,667121,4,20.00,2026-05-13 01:18:40.2800000
166465,667808,4,20.00,2026-05-13 01:18:40.4733333
166477,667744,4,20.00,2026-05-13 01:18:40.4833333
166479,667726,4,20.00,2026-05-13 01:18:40.4900000
166549,668476,4,20.00,2026-05-13 01:18:40.6800000
166614,668270,4,20.00,2026-05-13 01:18:40.7200000
166625,668231,4,20.00,2026-05-13 01:18:40.7300000
166651,668128,4,20.00,2026-05-13 01:18:40.7500000
166656,668080,4,20.00,2026-05-13 01:18:40.7600000
166674,668029,4,20.00,2026-05-13 01:18:40.7700000
166763,668655,4,20.00,2026-05-13 01:18:40.9733333
166851,669286,4,20.00,2026-05-13 01:18:41.1866667
166923,669037,4,20.00,2026-05-13 01:18:41.2333333
166933,669993,4,20.00,2026-05-13 01:18:41.3666667
167046,670476,4,20.00,2026-05-13 01:18:41.6066667
167074,670382,4,20.00,2026-05-13 01:18:41.6233333
167086,670337,4,20.00,2026-05-13 01:18:41.6333333
167126,670176,4,20.00,2026-05-13 01:18:41.6633333
167148,670105,4,20.00,2026-05-13 01:18:41.6766667
167156,670086,4,20.00,2026-05-13 01:18:41.6800000
167213,670833,4,20.00,2026-05-13 01:18:41.8600000
167225,670774,4,20.00,2026-05-13 01:18:41.8700000
167260,670644,4,20.00,2026-05-13 01:18:41.8966667
167303,671473,4,20.00,2026-05-13 01:18:42.0600000
167319,671398,4,20.00,2026-05-13 01:18:42.0733333
167356,671253,4,20.00,2026-05-13 01:18:42.1000000
167447,671910,4,20.00,2026-05-13 01:18:42.3033333
167549,671502,4,20.00,2026-05-13 01:18:42.3800000
167608,672288,4,20.00,2026-05-13 01:18:42.5566667
167710,672890,4,20.00,2026-05-13 01:18:42.7633333
167792,672593,4,20.00,2026-05-13 01:18:42.8300000
167839,673415,4,20.00,2026-05-13 01:18:42.9933333
167896,673196,4,20.00,2026-05-13 01:18:43.0400000
167953,673998,4,20.00,2026-05-13 01:18:43.2100000
168032,673702,4,20.00,2026-05-13 01:18:43.2666667
168049,673610,4,20.00,2026-05-13 01:18:43.2833333
168077,674485,4,20.00,2026-05-13 01:18:43.4500000
168147,674233,4,20.00,2026-05-13 01:18:43.5000000
168149,674220,4,20.00,2026-05-13 01:18:43.5000000
168241,674838,4,20.00,2026-05-13 01:18:43.7133333
168258,674757,4,20.00,2026-05-13 01:18:43.7300000
168262,674734,4,20.00,2026-05-13 01:18:43.7366667
168309,674508,4,20.00,2026-05-13 01:18:43.7800000
168335,675441,4,20.00,2026-05-13 01:18:43.9266667
168353,675382,4,20.00,2026-05-13 01:18:43.9366667
168546,675629,4,20.00,2026-05-13 01:18:44.2133333
168567,675575,4,20.00,2026-05-13 01:18:44.2233333
168666,676141,4,20.00,2026-05-13 01:18:44.4600000
168712,676920,4,20.00,2026-05-13 01:18:44.6366667
168718,676892,4,20.00,2026-05-13 01:18:44.6400000
168747,676794,4,20.00,2026-05-13 01:18:44.6600000
168763,676728,4,20.00,2026-05-13 01:18:44.6700000
168816,676521,4,20.00,2026-05-13 01:18:44.7100000
168817,676519,4,20.00,2026-05-13 01:18:44.7100000
168856,677388,4,20.00,2026-05-13 01:18:44.8700000
168938,677104,4,20.00,2026-05-13 01:18:44.9266667
168951,677046,4,20.00,2026-05-13 01:18:44.9366667
168960,677992,4,20.00,2026-05-13 01:18:45.0833333
168974,677917,4,20.00,2026-05-13 01:18:45.0966667
169012,677714,4,20.00,2026-05-13 01:18:45.1366667
169130,678297,4,20.00,2026-05-13 01:18:45.3466667
169155,678210,4,20.00,2026-05-13 01:18:45.3633333
169205,678978,4,20.00,2026-05-13 01:18:45.5400000
169235,678839,4,20.00,2026-05-13 01:18:45.5666667
169265,678731,4,20.00,2026-05-13 01:18:45.5900000
169283,678677,4,20.00,2026-05-13 01:18:45.6000000
169336,679457,4,20.00,2026-05-13 01:18:45.7733333
169407,679192,4,20.00,2026-05-13 01:18:45.8266667
169586,680437,4,20.00,2026-05-13 01:18:46.2600000
169629,680271,4,20.00,2026-05-13 01:18:46.2900000
169632,680266,4,20.00,2026-05-13 01:18:46.2933333
169695,680014,4,20.00,2026-05-13 01:18:46.3400000
169832,681473,4,20.00,2026-05-13 01:18:46.7200000
169867,681319,4,20.00,2026-05-13 01:18:46.7466667
169933,681066,4,20.00,2026-05-13 01:18:46.7966667
169943,681031,4,20.00,2026-05-13 01:18:46.8033333
170049,681623,4,20.00,2026-05-13 01:18:47.0133333
170216,682020,4,20.00,2026-05-13 01:18:47.2600000
170237,682927,4,20.00,2026-05-13 01:18:47.4133333
170359,683419,4,20.00,2026-05-13 01:18:47.6466667
170394,683284,4,20.00,2026-05-13 01:18:47.6733333
170430,683178,4,20.00,2026-05-13 01:18:47.6933333
170457,683079,4,20.00,2026-05-13 01:18:47.7133333
170467,683047,4,20.00,2026-05-13 01:18:47.7200000
170477,683005,4,20.00,2026-05-13 01:18:47.7300000
170565,683663,4,20.00,2026-05-13 01:18:47.9266667
170566,683658,4,20.00,2026-05-13 01:18:47.9300000
170569,683642,4,20.00,2026-05-13 01:18:47.9300000
170615,684487,4,20.00,2026-05-13 01:18:48.0966667
170715,684072,4,20.00,2026-05-13 01:18:48.1733333
170790,684813,4,20.00,2026-05-13 01:18:48.3533333
170802,684764,4,20.00,2026-05-13 01:18:48.3600000
170831,684642,4,20.00,2026-05-13 01:18:48.3833333
170832,684640,4,20.00,2026-05-13 01:18:48.3833333
170873,685452,4,20.00,2026-05-13 01:18:48.5533333
170888,685380,4,20.00,2026-05-13 01:18:48.5666667
170924,685247,4,20.00,2026-05-13 01:18:48.6000000
170951,685151,4,20.00,2026-05-13 01:18:48.6233333
171147,686316,4,20.00,2026-05-13 01:18:49.0700000
171223,686045,4,20.00,2026-05-13 01:18:49.1233333
171293,686802,4,20.00,2026-05-13 01:18:49.2966667
171335,686644,4,20.00,2026-05-13 01:18:49.3266667
171430,687254,4,20.00,2026-05-13 01:18:49.5266667
171464,687149,4,20.00,2026-05-13 01:18:49.5466667
171471,687121,4,20.00,2026-05-13 01:18:49.5533333
171508,687948,4,20.00,2026-05-13 01:18:49.7133333
171538,687784,4,20.00,2026-05-13 01:18:49.7466667
171539,687781,4,20.00,2026-05-13 01:18:49.7466667
171546,687757,4,20.00,2026-05-13 01:18:49.7500000
171551,687746,4,20.00,2026-05-13 01:18:49.7533333
171554,687740,4,20.00,2026-05-13 01:18:49.7533333
171578,687646,4,20.00,2026-05-13 01:18:49.7700000
171689,688209,4,20.00,2026-05-13 01:18:49.9833333
171859,688519,4,20.00,2026-05-13 01:18:50.2566667
171946,689150,4,20.00,2026-05-13 01:18:50.4633333
172009,689916,4,20.00,2026-05-13 01:18:50.6466667
172104,689597,4,20.00,2026-05-13 01:18:50.7066667
172155,690382,4,20.00,2026-05-13 01:18:50.8800000
172323,690743,4,20.00,2026-05-13 01:18:51.1366667
172400,691453,4,20.00,2026-05-13 01:18:51.3200000
172427,691328,4,20.00,2026-05-13 01:18:51.3433333
172433,691289,4,20.00,2026-05-13 01:18:51.3500000
172439,691264,4,20.00,2026-05-13 01:18:51.3566667
172474,691086,4,20.00,2026-05-13 01:18:51.3900000
172622,692473,4,20.00,2026-05-13 01:18:51.7700000
172651,692395,4,20.00,2026-05-13 01:18:51.7900000
172714,692136,4,20.00,2026-05-13 01:18:51.8400000
172745,692036,4,20.00,2026-05-13 01:18:51.8566667
172876,692510,4,20.00,2026-05-13 01:18:52.0900000
173275,694881,4,20.00,2026-05-13 01:18:52.9333333
173314,694706,4,20.00,2026-05-13 01:18:52.9733333
173339,694616,4,20.00,2026-05-13 01:18:52.9933333
173346,694586,4,20.00,2026-05-13 01:18:53.0000000
173363,694516,4,20.00,2026-05-13 01:18:53.0133333
173486,695034,4,20.00,2026-05-13 01:18:53.2333333
173493,695010,4,20.00,2026-05-13 01:18:53.2366667
173534,695839,4,20.00,2026-05-13 01:18:53.4033333
173542,695819,4,20.00,2026-05-13 01:18:53.4066667
173704,696118,4,20.00,2026-05-13 01:18:53.7266667
173745,696951,4,20.00,2026-05-13 01:18:53.8933333
173753,696932,4,20.00,2026-05-13 01:18:53.8966667
173790,696762,4,20.00,2026-05-13 01:18:53.9300000
173851,696530,4,20.00,2026-05-13 01:18:53.9733333
173928,697167,4,20.00,2026-05-13 01:18:54.1766667
173948,697068,4,20.00,2026-05-13 01:18:54.1966667
173959,697034,4,20.00,2026-05-13 01:18:54.2033333
174119,698361,4,20.00,2026-05-13 01:18:54.6000000
174163,698230,4,20.00,2026-05-13 01:18:54.6300000
174260,698794,4,20.00,2026-05-13 01:18:54.8500000
174337,699492,4,20.00,2026-05-13 01:18:55.0466667
174351,699383,4,20.00,2026-05-13 01:18:55.0700000
174367,699328,4,20.00,2026-05-13 01:18:55.0800000
174377,699297,4,20.00,2026-05-13 01:18:55.0866667
174389,699233,4,20.00,2026-05-13 01:18:55.0966667
174459,699953,4,20.00,2026-05-13 01:18:55.2833333
174509,699711,4,20.00,2026-05-13 01:18:55.3300000
174531,699617,4,20.00,2026-05-13 01:18:55.3466667
174548,699564,4,20.00,2026-05-13 01:18:55.3566667
174591,700387,4,20.00,2026-05-13 01:18:55.5266667
174622,700261,4,20.00,2026-05-13 01:18:55.5500000
174673,700091,4,20.00,2026-05-13 01:18:55.5833333
174679,700072,4,20.00,2026-05-13 01:18:55.5866667
174705,700978,4,20.00,2026-05-13 01:18:55.7633333
174708,700965,4,20.00,2026-05-13 01:18:55.7666667
174741,700835,4,20.00,2026-05-13 01:18:55.8000000
174753,700778,4,20.00,2026-05-13 01:18:55.8100000
174767,700730,4,20.00,2026-05-13 01:18:55.8200000
174772,700712,4,20.00,2026-05-13 01:18:55.8200000
174805,700582,4,20.00,2026-05-13 01:18:55.8466667
174837,701444,4,20.00,2026-05-13 01:18:56.0066667
174847,701408,4,20.00,2026-05-13 01:18:56.0133333
174871,701341,4,20.00,2026-05-13 01:18:56.0266667
174995,701830,4,20.00,2026-05-13 01:18:56.2566667
175030,701708,4,20.00,2026-05-13 01:18:56.2866667
175034,701692,4,20.00,2026-05-13 01:18:56.2900000
175080,702498,4,20.00,2026-05-13 01:18:56.4566667
175088,702472,4,20.00,2026-05-13 01:18:56.4633333
175203,702025,4,20.00,2026-05-13 01:18:56.5633333
175318,702533,4,20.00,2026-05-13 01:18:56.8000000
175336,703445,4,20.00,2026-05-13 01:18:56.9500000
175347,703392,4,20.00,2026-05-13 01:18:56.9600000
175380,703216,4,20.00,2026-05-13 01:18:56.9900000
175399,703145,4,20.00,2026-05-13 01:18:57.0066667
175415,703076,4,20.00,2026-05-13 01:18:57.0200000
175567,704439,4,20.00,2026-05-13 01:18:57.4066667
175615,704226,4,20.00,2026-05-13 01:18:57.4500000
175647,704079,4,20.00,2026-05-13 01:18:57.4766667
175650,704066,4,20.00,2026-05-13 01:18:57.4800000
175661,704034,4,20.00,2026-05-13 01:18:57.4866667
175696,704903,4,20.00,2026-05-13 01:18:57.6433333
175785,704531,4,20.00,2026-05-13 01:18:57.7133333
175886,705129,4,20.00,2026-05-13 01:18:57.9166667
175928,705967,4,20.00,2026-05-13 01:18:58.0800000
175940,705922,4,20.00,2026-05-13 01:18:58.0866667
175959,705862,4,20.00,2026-05-13 01:18:58.1000000
176014,705596,4,20.00,2026-05-13 01:18:58.1500000
176031,705537,4,20.00,2026-05-13 01:18:58.1600000
176096,706274,4,20.00,2026-05-13 01:18:58.3433333
176117,706200,4,20.00,2026-05-13 01:18:58.3566667
176131,706150,4,20.00,2026-05-13 01:18:58.3666667
176156,706063,4,20.00,2026-05-13 01:18:58.3833333
176162,706038,4,20.00,2026-05-13 01:18:58.3900000
176181,706974,4,20.00,2026-05-13 01:18:58.5333333
176266,706666,4,20.00,2026-05-13 01:18:58.5900000
176364,707283,4,20.00,2026-05-13 01:18:58.8000000
176381,707221,4,20.00,2026-05-13 01:18:58.8133333
176404,707106,4,20.00,2026-05-13 01:18:58.8366667
176427,707014,4,20.00,2026-05-13 01:18:58.8533333
176502,707739,4,20.00,2026-05-13 01:18:59.0500000
176518,707688,4,20.00,2026-05-13 01:18:59.0600000
176532,707641,4,20.00,2026-05-13 01:18:59.0700000
176616,708267,4,20.00,2026-05-13 01:18:59.2900000
176638,708187,4,20.00,2026-05-13 01:18:59.3033333
176662,708107,4,20.00,2026-05-13 01:18:59.3200000
176665,708102,4,20.00,2026-05-13 01:18:59.3200000
176683,708017,4,20.00,2026-05-13 01:18:59.3400000
176733,708839,4,20.00,2026-05-13 01:18:59.5100000
176811,708544,4,20.00,2026-05-13 01:18:59.5666667
176988,709881,4,20.00,2026-05-13 01:18:59.9633333
176990,709873,4,20.00,2026-05-13 01:18:59.9633333
177004,709830,4,20.00,2026-05-13 01:18:59.9733333
177029,709727,4,20.00,2026-05-13 01:18:59.9900000
177087,709513,4,20.00,2026-05-13 01:19:00.0333333
177126,710370,4,20.00,2026-05-13 01:19:00.1900000
177171,710171,4,20.00,2026-05-13 01:19:00.2300000
177209,710992,4,20.00,2026-05-13 01:19:00.3933333
177211,710983,4,20.00,2026-05-13 01:19:00.3966667
177333,711441,4,20.00,2026-05-13 01:19:00.6333333
177420,711085,4,20.00,2026-05-13 01:19:00.7033333
177474,711865,4,20.00,2026-05-13 01:19:00.8800000
177568,712482,4,20.00,2026-05-13 01:19:01.1000000
177592,712390,4,20.00,2026-05-13 01:19:01.1200000
177669,712102,4,20.00,2026-05-13 01:19:01.1766667
177673,712085,4,20.00,2026-05-13 01:19:01.1800000
177693,712012,4,20.00,2026-05-13 01:19:01.1933333
177711,712924,4,20.00,2026-05-13 01:19:01.3466667
177733,712859,4,20.00,2026-05-13 01:19:01.3566667
177744,712826,4,20.00,2026-05-13 01:19:01.3633333
177750,712815,4,20.00,2026-05-13 01:19:01.3666667
177751,712813,4,20.00,2026-05-13 01:19:01.3666667
177771,712756,4,20.00,2026-05-13 01:19:01.3800000
177783,712696,4,20.00,2026-05-13 01:19:01.3900000
177803,712621,4,20.00,2026-05-13 01:19:01.4066667
177822,712579,4,20.00,2026-05-13 01:19:01.4133333
177827,712567,4,20.00,2026-05-13 01:19:01.4166667
177876,713351,4,20.00,2026-05-13 01:19:01.5833333
177913,713223,4,20.00,2026-05-13 01:19:01.6100000
177971,713018,4,20.00,2026-05-13 01:19:01.6466667
178022,713805,4,20.00,2026-05-13 01:19:01.8233333
178054,713666,4,20.00,2026-05-13 01:19:01.8500000
178086,713559,4,20.00,2026-05-13 01:19:01.8700000
178094,713533,4,20.00,2026-05-13 01:19:01.8766667
178099,713517,4,20.00,2026-05-13 01:19:01.8800000
178120,714418,4,20.00,2026-05-13 01:19:02.0300000
178130,714382,4,20.00,2026-05-13 01:19:02.0400000
178180,714204,4,20.00,2026-05-13 01:19:02.0733333
178279,714831,4,20.00,2026-05-13 01:19:02.2700000
178368,715486,4,20.00,2026-05-13 01:19:02.4800000
178388,715418,4,20.00,2026-05-13 01:19:02.4900000
178396,715394,4,20.00,2026-05-13 01:19:02.4966667
178443,715231,4,20.00,2026-05-13 01:19:02.5266667
178471,715155,4,20.00,2026-05-13 01:19:02.5400000
178611,715630,4,20.00,2026-05-13 01:19:02.7733333
178618,715615,4,20.00,2026-05-13 01:19:02.7766667
178729,716162,4,20.00,2026-05-13 01:19:03.0033333
178736,716111,4,20.00,2026-05-13 01:19:03.0133333
178778,716946,4,20.00,2026-05-13 01:19:03.2600000
178800,716841,4,20.00,2026-05-13 01:19:03.2800000
178804,716834,4,20.00,2026-05-13 01:19:03.2833333
178845,716661,4,20.00,2026-05-13 01:19:03.3133333
178913,717406,4,20.00,2026-05-13 01:19:03.4966667
178942,717260,4,20.00,2026-05-13 01:19:03.5266667
179055,717810,4,20.00,2026-05-13 01:19:03.7466667
179059,717796,4,20.00,2026-05-13 01:19:03.7500000
179093,717661,4,20.00,2026-05-13 01:19:03.7800000
179104,717610,4,20.00,2026-05-13 01:19:03.7933333
179106,717603,4,20.00,2026-05-13 01:19:03.7933333
179136,718446,4,20.00,2026-05-13 01:19:03.9633333
179191,718188,4,20.00,2026-05-13 01:19:04.0133333
179242,718942,4,20.00,2026-05-13 01:19:04.1966667
179271,718805,4,20.00,2026-05-13 01:19:04.2200000
179326,718605,4,20.00,2026-05-13 01:19:04.2600000
179331,718589,4,20.00,2026-05-13 01:19:04.2633333
179332,718586,4,20.00,2026-05-13 01:19:04.2666667
179419,719198,4,20.00,2026-05-13 01:19:04.4766667
179453,719070,4,20.00,2026-05-13 01:19:04.5000000
179457,719047,4,20.00,2026-05-13 01:19:04.5066667
179565,719593,4,20.00,2026-05-13 01:19:04.7333333
179704,720040,4,20.00,2026-05-13 01:19:04.9900000
179786,720721,4,20.00,2026-05-13 01:19:05.1833333
179839,720534,4,20.00,2026-05-13 01:19:05.2200000
179882,721334,4,20.00,2026-05-13 01:19:05.3900000
179931,721141,4,20.00,2026-05-13 01:19:05.4266667
179999,721869,4,20.00,2026-05-13 01:19:05.6133333
180044,721688,4,20.00,2026-05-13 01:19:05.6500000
180074,721568,4,20.00,2026-05-13 01:19:05.6766667
180144,722259,4,20.00,2026-05-13 01:19:05.8666667
180207,722991,4,20.00,2026-05-13 01:19:06.0500000
180264,722753,4,20.00,2026-05-13 01:19:06.0966667
180311,722554,4,20.00,2026-05-13 01:19:06.1366667
180321,722521,4,20.00,2026-05-13 01:19:06.1400000
180382,723223,4,20.00,2026-05-13 01:19:06.3300000
180403,723125,4,20.00,2026-05-13 01:19:06.3500000
180433,723013,4,20.00,2026-05-13 01:19:06.3700000
180456,723906,4,20.00,2026-05-13 01:19:06.5266667
180556,723529,4,20.00,2026-05-13 01:19:06.5966667
180614,724277,4,20.00,2026-05-13 01:19:06.7766667
180700,724982,4,20.00,2026-05-13 01:19:06.9666667
180709,724939,4,20.00,2026-05-13 01:19:06.9733333
180737,724788,4,20.00,2026-05-13 01:19:07.0066667
180776,724624,4,20.00,2026-05-13 01:19:07.0433333
180779,724615,4,20.00,2026-05-13 01:19:07.0466667
180783,724602,4,20.00,2026-05-13 01:19:07.0500000
180870,725260,4,20.00,2026-05-13 01:19:07.2500000
180889,725193,4,20.00,2026-05-13 01:19:07.2633333
180906,725155,4,20.00,2026-05-13 01:19:07.2700000
180942,725011,4,20.00,2026-05-13 01:19:07.2966667
180984,725877,4,20.00,2026-05-13 01:19:07.4766667
181037,725622,4,20.00,2026-05-13 01:19:07.5433333
181047,725576,4,20.00,2026-05-13 01:19:07.5533333
181049,725570,4,20.00,2026-05-13 01:19:07.5566667
181057,725549,4,20.00,2026-05-13 01:19:07.5600000
181077,726452,4,20.00,2026-05-13 01:19:07.7333333
181113,726328,4,20.00,2026-05-13 01:19:07.7600000
181154,726183,4,20.00,2026-05-13 01:19:07.7900000
181164,726135,4,20.00,2026-05-13 01:19:07.7966667
181165,726129,4,20.00,2026-05-13 01:19:07.8000000
181252,726768,4,20.00,2026-05-13 01:19:08.0066667
181301,726555,4,20.00,2026-05-13 01:19:08.0466667
181307,726537,4,20.00,2026-05-13 01:19:08.0500000
181365,727333,4,20.00,2026-05-13 01:19:08.2233333
181366,727331,4,20.00,2026-05-13 01:19:08.2233333
181394,727238,4,20.00,2026-05-13 01:19:08.2400000
181488,727863,4,20.00,2026-05-13 01:19:08.4466667
181503,727764,4,20.00,2026-05-13 01:19:08.4666667
181710,728033,4,20.00,2026-05-13 01:19:08.7533333
181711,728030,4,20.00,2026-05-13 01:19:08.7533333
181719,728010,4,20.00,2026-05-13 01:19:08.7600000
181771,728759,4,20.00,2026-05-13 01:19:08.9433333
181810,728576,4,20.00,2026-05-13 01:19:08.9800000
181822,728544,4,20.00,2026-05-13 01:19:08.9866667
181882,729292,4,20.00,2026-05-13 01:19:09.1700000
181932,729118,4,20.00,2026-05-13 01:19:09.2033333
181941,729091,4,20.00,2026-05-13 01:19:09.2100000
181970,729985,4,20.00,2026-05-13 01:19:09.3733333
181972,729977,4,20.00,2026-05-13 01:19:09.3766667
181989,729897,4,20.00,2026-05-13 01:19:09.3900000
182009,729834,4,20.00,2026-05-13 01:19:09.4033333
182013,729816,4,20.00,2026-05-13 01:19:09.4066667
182020,729795,4,20.00,2026-05-13 01:19:09.4100000
182033,729755,4,20.00,2026-05-13 01:19:09.4200000
182107,730486,4,20.00,2026-05-13 01:19:09.6233333
182126,730415,4,20.00,2026-05-13 01:19:09.6400000
182215,730038,4,20.00,2026-05-13 01:19:09.7133333
182229,730972,4,20.00,2026-05-13 01:19:09.8600000
182303,730689,4,20.00,2026-05-13 01:19:09.9100000
182322,730596,4,20.00,2026-05-13 01:19:09.9300000
182381,731324,4,20.00,2026-05-13 01:19:10.1233333
182385,731296,4,20.00,2026-05-13 01:19:10.1300000
182480,731950,4,20.00,2026-05-13 01:19:10.3333333
182550,731646,4,20.00,2026-05-13 01:19:10.3900000
182568,731562,4,20.00,2026-05-13 01:19:10.4066667
182576,731526,4,20.00,2026-05-13 01:19:10.4133333
182590,732468,4,20.00,2026-05-13 01:19:10.5600000
182625,732306,4,20.00,2026-05-13 01:19:10.5933333
182631,732267,4,20.00,2026-05-13 01:19:10.6000000
182682,732037,4,20.00,2026-05-13 01:19:10.6433333
182709,732939,4,20.00,2026-05-13 01:19:10.8000000
182795,732589,4,20.00,2026-05-13 01:19:10.8700000
182825,733462,4,20.00,2026-05-13 01:19:11.0233333
182880,733216,4,20.00,2026-05-13 01:19:11.0700000
183002,733592,4,20.00,2026-05-13 01:19:11.3166667
183008,733564,4,20.00,2026-05-13 01:19:11.3200000
183023,734496,4,20.00,2026-05-13 01:19:11.4700000
183034,734471,4,20.00,2026-05-13 01:19:11.4733333
183070,734302,4,20.00,2026-05-13 01:19:11.5066667
183097,734163,4,20.00,2026-05-13 01:19:11.5300000
183129,734043,4,20.00,2026-05-13 01:19:11.5533333
183272,735498,4,20.00,2026-05-13 01:19:11.9266667
183312,735359,4,20.00,2026-05-13 01:19:11.9533333
183355,735188,4,20.00,2026-05-13 01:19:11.9866667
183472,735703,4,20.00,2026-05-13 01:19:12.2133333
183484,735665,4,20.00,2026-05-13 01:19:12.2233333
183569,736294,4,20.00,2026-05-13 01:19:12.4233333
183614,736108,4,20.00,2026-05-13 01:19:12.4600000
183684,736883,4,20.00,2026-05-13 01:19:12.6366667
183695,736832,4,20.00,2026-05-13 01:19:12.6466667
183716,736762,4,20.00,2026-05-13 01:19:12.6600000
183766,736521,4,20.00,2026-05-13 01:19:12.7066667
183838,737253,4,20.00,2026-05-13 01:19:12.9066667
183878,737100,4,20.00,2026-05-13 01:19:12.9366667
183941,737874,4,20.00,2026-05-13 01:19:13.1100000
183966,737776,4,20.00,2026-05-13 01:19:13.1300000
183982,737704,4,20.00,2026-05-13 01:19:13.1466667
184008,737582,4,20.00,2026-05-13 01:19:13.1700000
184050,738401,4,20.00,2026-05-13 01:19:13.3566667
184054,738395,4,20.00,2026-05-13 01:19:13.3566667
184107,738219,4,20.00,2026-05-13 01:19:13.3900000
184145,738078,4,20.00,2026-05-13 01:19:13.4200000
184222,738778,4,20.00,2026-05-13 01:19:13.6133333
184241,738692,4,20.00,2026-05-13 01:19:13.6300000
184252,738662,4,20.00,2026-05-13 01:19:13.6333333
184316,739396,4,20.00,2026-05-13 01:19:13.8200000
184334,739329,4,20.00,2026-05-13 01:19:13.8333333
184352,739259,4,20.00,2026-05-13 01:19:13.8466667
184560,740356,4,20.00,2026-05-13 01:19:14.2900000
184563,740347,4,20.00,2026-05-13 01:19:14.2900000
184737,740685,4,20.00,2026-05-13 01:19:14.5466667
184741,740672,4,20.00,2026-05-13 01:19:14.5466667
184766,740602,4,20.00,2026-05-13 01:19:14.5600000
184902,741088,4,20.00,2026-05-13 01:19:14.8100000
184986,741781,4,20.00,2026-05-13 01:19:15.0000000
184996,741731,4,20.00,2026-05-13 01:19:15.0100000
185019,741627,4,20.00,2026-05-13 01:19:15.0333333
185034,741576,4,20.00,2026-05-13 01:19:15.0400000
185062,742475,4,20.00,2026-05-13 01:19:15.1933333
185090,742371,4,20.00,2026-05-13 01:19:15.2166667
185126,742214,4,20.00,2026-05-13 01:19:15.2466667
185154,742069,4,20.00,2026-05-13 01:19:15.2733333
185164,742039,4,20.00,2026-05-13 01:19:15.2800000
185167,742030,4,20.00,2026-05-13 01:19:15.2800000
185190,742912,4,20.00,2026-05-13 01:19:15.4333333
185215,742829,4,20.00,2026-05-13 01:19:15.4500000
185255,742653,4,20.00,2026-05-13 01:19:15.4833333
185313,743422,4,20.00,2026-05-13 01:19:15.6600000
185322,743403,4,20.00,2026-05-13 01:19:15.6666667
185357,743227,4,20.00,2026-05-13 01:19:15.7000000
185467,743751,4,20.00,2026-05-13 01:19:15.9233333
185493,743629,4,20.00,2026-05-13 01:19:15.9466667
185546,744393,4,20.00,2026-05-13 01:19:16.1200000
185606,744151,4,20.00,2026-05-13 01:19:16.1700000
185625,744082,4,20.00,2026-05-13 01:19:16.1833333
185634,744053,4,20.00,2026-05-13 01:19:16.1900000
185670,744949,4,20.00,2026-05-13 01:19:16.3433333
185731,744670,4,20.00,2026-05-13 01:19:16.3966667
185757,744577,4,20.00,2026-05-13 01:19:16.4133333
185782,745487,4,20.00,2026-05-13 01:19:16.5600000
185914,745942,4,20.00,2026-05-13 01:19:16.8000000
185963,745743,4,20.00,2026-05-13 01:19:16.8366667
186012,745547,4,20.00,2026-05-13 01:19:16.8733333
186118,746144,4,20.00,2026-05-13 01:19:17.0900000
186157,746999,4,20.00,2026-05-13 01:19:17.2433333
186394,747071,4,20.00,2026-05-13 01:19:17.5566667
186409,747004,4,20.00,2026-05-13 01:19:17.5700000
186433,747910,4,20.00,2026-05-13 01:19:17.7233333
186443,747867,4,20.00,2026-05-13 01:19:17.7333333
186466,747783,4,20.00,2026-05-13 01:19:17.7500000
186558,748404,4,20.00,2026-05-13 01:19:17.9766667
186605,748224,4,20.00,2026-05-13 01:19:18.0100000
186619,748180,4,20.00,2026-05-13 01:19:18.0200000
186653,748057,4,20.00,2026-05-13 01:19:18.0433333
186660,748024,4,20.00,2026-05-13 01:19:18.0500000
186670,748997,4,20.00,2026-05-13 01:19:18.1866667
186782,748524,4,20.00,2026-05-13 01:19:18.2766667
186798,749461,4,20.00,2026-05-13 01:19:18.4266667
186801,749437,4,20.00,2026-05-13 01:19:18.4333333
186921,749871,4,20.00,2026-05-13 01:19:18.7266667
186944,749775,4,20.00,2026-05-13 01:19:18.7466667
186984,749593,4,20.00,2026-05-13 01:19:18.7800000
186987,749583,4,20.00,2026-05-13 01:19:18.7800000
186996,749554,4,20.00,2026-05-13 01:19:18.7866667
187041,750322,4,20.00,2026-05-13 01:19:18.9666667
187056,750275,4,20.00,2026-05-13 01:19:18.9766667
187088,750132,4,20.00,2026-05-13 01:19:19.0066667
187100,750087,4,20.00,2026-05-13 01:19:19.0166667
187114,750042,4,20.00,2026-05-13 01:19:19.0266667
187177,750815,4,20.00,2026-05-13 01:19:19.2033333
187179,750807,4,20.00,2026-05-13 01:19:19.2066667
187193,750776,4,20.00,2026-05-13 01:19:19.2133333
187232,750628,4,20.00,2026-05-13 01:19:19.2433333
187245,750583,4,20.00,2026-05-13 01:19:19.2533333
187248,750573,4,20.00,2026-05-13 01:19:19.2533333
187325,751260,4,20.00,2026-05-13 01:19:19.4466667
187403,751965,4,20.00,2026-05-13 01:19:19.6500000
187419,751905,4,20.00,2026-05-13 01:19:19.6633333
187534,752420,4,20.00,2026-05-13 01:19:19.8966667
187568,752260,4,20.00,2026-05-13 01:19:19.9300000
187613,752113,4,20.00,2026-05-13 01:19:19.9600000
187702,752769,4,20.00,2026-05-13 01:19:20.1600000
187800,753391,4,20.00,2026-05-13 01:19:20.3666667
187884,753041,4,20.00,2026-05-13 01:19:20.4333333
187897,754000,4,20.00,2026-05-13 01:19:20.5800000
187983,753664,4,20.00,2026-05-13 01:19:20.6433333
187987,753628,4,20.00,2026-05-13 01:19:20.6500000
188001,753562,4,20.00,2026-05-13 01:19:20.6600000
188036,754443,4,20.00,2026-05-13 01:19:20.8133333
188048,754392,4,20.00,2026-05-13 01:19:20.8233333
188132,754078,4,20.00,2026-05-13 01:19:20.8833333
188223,754693,4,20.00,2026-05-13 01:19:21.0833333
188240,754631,4,20.00,2026-05-13 01:19:21.0966667
188367,755116,4,20.00,2026-05-13 01:19:21.3300000
188368,755114,4,20.00,2026-05-13 01:19:21.3300000
188387,755027,4,20.00,2026-05-13 01:19:21.3466667
188447,755776,4,20.00,2026-05-13 01:19:21.5300000
188452,755758,4,20.00,2026-05-13 01:19:21.5300000
188470,755669,4,20.00,2026-05-13 01:19:21.5500000
188541,756376,4,20.00,2026-05-13 01:19:21.7466667
188545,756360,4,20.00,2026-05-13 01:19:21.7500000
188576,756248,4,20.00,2026-05-13 01:19:21.7700000
188597,756188,4,20.00,2026-05-13 01:19:21.7833333
188601,756175,4,20.00,2026-05-13 01:19:21.7866667
188614,756115,4,20.00,2026-05-13 01:19:21.7966667
188638,756026,4,20.00,2026-05-13 01:19:21.8133333
188641,756012,4,20.00,2026-05-13 01:19:21.8166667
188665,756910,4,20.00,2026-05-13 01:19:21.9700000
188733,756634,4,20.00,2026-05-13 01:19:22.0300000
188750,756532,4,20.00,2026-05-13 01:19:22.0466667
188805,757343,4,20.00,2026-05-13 01:19:22.2200000
188806,757339,4,20.00,2026-05-13 01:19:22.2200000
188836,757217,4,20.00,2026-05-13 01:19:22.2466667
188841,757200,4,20.00,2026-05-13 01:19:22.2500000
188875,757035,4,20.00,2026-05-13 01:19:22.2833333
188893,757956,4,20.00,2026-05-13 01:19:22.4366667
188918,757890,4,20.00,2026-05-13 01:19:22.4500000
189032,758420,4,20.00,2026-05-13 01:19:22.6766667
189191,758762,4,20.00,2026-05-13 01:19:22.9366667
189217,758679,4,20.00,2026-05-13 01:19:22.9533333
189284,759412,4,20.00,2026-05-13 01:19:23.1366667
189293,759379,4,20.00,2026-05-13 01:19:23.1433333
189367,759113,4,20.00,2026-05-13 01:19:23.1966667
189618,760025,4,20.00,2026-05-13 01:19:24.1600000
189663,760853,4,20.00,2026-05-13 01:19:24.7900000
189664,760847,4,20.00,2026-05-13 01:19:24.7966667
189671,760812,4,20.00,2026-05-13 01:19:24.8300000
189695,760712,4,20.00,2026-05-13 01:19:24.8700000
189696,760711,4,20.00,2026-05-13 01:19:24.8700000
189702,760679,4,20.00,2026-05-13 01:19:24.8833333
189828,761235,4,20.00,2026-05-13 01:19:25.4800000
189853,761147,4,20.00,2026-05-13 01:19:25.5033333
189858,761135,4,20.00,2026-05-13 01:19:25.5100000
189920,761905,4,20.00,2026-05-13 01:19:25.7400000
189970,761682,4,20.00,2026-05-13 01:19:25.8000000
189976,761657,4,20.00,2026-05-13 01:19:25.8066667
190090,762164,4,20.00,2026-05-13 01:19:26.0833333
190104,762108,4,20.00,2026-05-13 01:19:26.0966667
190121,762026,4,20.00,2026-05-13 01:19:26.1166667
190132,762978,4,20.00,2026-05-13 01:19:26.2866667
190155,762906,4,20.00,2026-05-13 01:19:26.3000000
190165,762880,4,20.00,2026-05-13 01:19:26.3066667
190212,762713,4,20.00,2026-05-13 01:19:26.3433333
190241,762602,4,20.00,2026-05-13 01:19:26.3700000
190402,763942,4,20.00,2026-05-13 01:19:26.8000000
190426,763856,4,20.00,2026-05-13 01:19:26.8200000
190432,763828,4,20.00,2026-05-13 01:19:26.8233333
190449,763749,4,20.00,2026-05-13 01:19:26.8400000
190506,763540,4,20.00,2026-05-13 01:19:26.8866667
190535,764357,4,20.00,2026-05-13 01:19:27.0733333
190585,764189,4,20.00,2026-05-13 01:19:27.1100000
190632,764967,4,20.00,2026-05-13 01:19:27.2966667
190647,764919,4,20.00,2026-05-13 01:19:27.3100000
190659,764873,4,20.00,2026-05-13 01:19:27.3200000
190716,764647,4,20.00,2026-05-13 01:19:27.3666667
190744,765493,4,20.00,2026-05-13 01:19:27.5500000
190799,765305,4,20.00,2026-05-13 01:19:27.5900000
190907,765826,4,20.00,2026-05-13 01:19:27.8333333
190943,765685,4,20.00,2026-05-13 01:19:27.8633333
191063,766198,4,20.00,2026-05-13 01:19:28.0933333
191122,766987,4,20.00,2026-05-13 01:19:28.2700000
191813,769325,4,20.00,2026-05-13 01:19:29.4566667
191976,769683,4,20.00,2026-05-13 01:19:29.7200000
192009,769539,4,20.00,2026-05-13 01:19:29.7500000
192039,770438,4,20.00,2026-05-13 01:19:29.9133333
192066,770329,4,20.00,2026-05-13 01:19:29.9400000
192153,770974,4,20.00,2026-05-13 01:19:30.2033333
192159,770951,4,20.00,2026-05-13 01:19:30.2100000
192166,770906,4,20.00,2026-05-13 01:19:30.2200000
192174,770877,4,20.00,2026-05-13 01:19:30.2266667
192180,770833,4,20.00,2026-05-13 01:19:30.2433333
192219,770639,4,20.00,2026-05-13 01:19:30.2933333
192453,771683,4,20.00,2026-05-13 01:19:30.7966667
192516,772428,4,20.00,2026-05-13 01:19:30.9800000
192540,772336,4,20.00,2026-05-13 01:19:31.0033333
192561,772244,4,20.00,2026-05-13 01:19:31.0233333
192619,772010,4,20.00,2026-05-13 01:19:31.0700000
192646,772892,4,20.00,2026-05-13 01:19:31.2466667
192654,772868,4,20.00,2026-05-13 01:19:31.2533333
192664,772823,4,20.00,2026-05-13 01:19:31.2633333
192750,773491,4,20.00,2026-05-13 01:19:31.5100000
192761,773441,4,20.00,2026-05-13 01:19:31.5233333
192778,773399,4,20.00,2026-05-13 01:19:31.5333333
192815,773241,4,20.00,2026-05-13 01:19:31.5766667
192862,773086,4,20.00,2026-05-13 01:19:31.6200000
192885,773985,4,20.00,2026-05-13 01:19:31.8100000
193101,774082,4,20.00,2026-05-13 01:19:32.1400000
193155,774887,4,20.00,2026-05-13 01:19:32.3166667
193170,774827,4,20.00,2026-05-13 01:19:32.3266667
193255,775498,4,20.00,2026-05-13 01:19:32.5266667
193266,775455,4,20.00,2026-05-13 01:19:32.5333333
193274,775428,4,20.00,2026-05-13 01:19:32.5400000
193292,775346,4,20.00,2026-05-13 01:19:32.5566667
193297,775316,4,20.00,2026-05-13 01:19:32.5633333
193362,775062,4,20.00,2026-05-13 01:19:32.6100000
193419,775819,4,20.00,2026-05-13 01:19:32.7966667
193444,775686,4,20.00,2026-05-13 01:19:32.8233333
193475,775581,4,20.00,2026-05-13 01:19:32.8433333
193495,775504,4,20.00,2026-05-13 01:19:32.8600000
193508,776453,4,20.00,2026-05-13 01:19:33.0066667
193521,776414,4,20.00,2026-05-13 01:19:33.0166667
193552,776267,4,20.00,2026-05-13 01:19:33.0433333
193574,776185,4,20.00,2026-05-13 01:19:33.0600000
193674,776773,4,20.00,2026-05-13 01:19:33.2700000
193722,776570,4,20.00,2026-05-13 01:19:33.3100000
193733,776529,4,20.00,2026-05-13 01:19:33.3166667
193754,777449,4,20.00,2026-05-13 01:19:33.4700000
193837,777179,4,20.00,2026-05-13 01:19:33.5200000
193839,777170,4,20.00,2026-05-13 01:19:33.5200000
193842,777154,4,20.00,2026-05-13 01:19:33.5233333
193844,777147,4,20.00,2026-05-13 01:19:33.5266667
193904,777924,4,20.00,2026-05-13 01:19:33.7166667
193918,777873,4,20.00,2026-05-13 01:19:33.7266667
193926,777833,4,20.00,2026-05-13 01:19:33.7366667
193932,777806,4,20.00,2026-05-13 01:19:33.7400000
193951,777702,4,20.00,2026-05-13 01:19:33.7666667
194036,778386,4,20.00,2026-05-13 01:19:33.9633333
194129,778078,4,20.00,2026-05-13 01:19:34.0233333
194178,778869,4,20.00,2026-05-13 01:19:34.1900000
194185,778841,4,20.00,2026-05-13 01:19:34.1966667
194189,778829,4,20.00,2026-05-13 01:19:34.2000000
194288,779466,4,20.00,2026-05-13 01:19:34.4066667
194340,779252,4,20.00,2026-05-13 01:19:34.4466667
194410,779979,4,20.00,2026-05-13 01:19:34.6266667
194466,779774,4,20.00,2026-05-13 01:19:34.6700000
194545,780446,4,20.00,2026-05-13 01:19:34.8700000
194771,780575,4,20.00,2026-05-13 01:19:35.1866667
194823,781347,4,20.00,2026-05-13 01:19:35.3666667
194849,781254,4,20.00,2026-05-13 01:19:35.3866667
194896,781071,4,20.00,2026-05-13 01:19:35.4233333
194931,781938,4,20.00,2026-05-13 01:19:35.5866667
195002,781605,4,20.00,2026-05-13 01:19:35.6566667
195071,782320,4,20.00,2026-05-13 01:19:35.8533333
195399,783092,4,20.00,2026-05-13 01:19:36.3600000
195467,783830,4,20.00,2026-05-13 01:19:36.5500000
195547,784442,4,20.00,2026-05-13 01:19:36.7700000
195648,784023,4,20.00,2026-05-13 01:19:36.8533333
195862,785152,4,20.00,2026-05-13 01:19:37.3200000
195875,785103,4,20.00,2026-05-13 01:19:37.3300000
195926,785870,4,20.00,2026-05-13 01:19:37.5133333
195961,785717,4,20.00,2026-05-13 01:19:37.5466667
195965,785707,4,20.00,2026-05-13 01:19:37.5500000
195972,785681,4,20.00,2026-05-13 01:19:37.5533333
196063,786382,4,20.00,2026-05-13 01:19:37.7533333
196067,786367,4,20.00,2026-05-13 01:19:37.7566667
196124,786124,4,20.00,2026-05-13 01:19:37.8033333
196286,786505,4,20.00,2026-05-13 01:19:38.0600000
196402,787063,4,20.00,2026-05-13 01:19:38.2866667
196461,787841,4,20.00,2026-05-13 01:19:38.4633333
196480,787765,4,20.00,2026-05-13 01:19:38.4766667
196490,787708,4,20.00,2026-05-13 01:19:38.4866667
196505,787650,4,20.00,2026-05-13 01:19:38.5000000
196511,787629,4,20.00,2026-05-13 01:19:38.5033333
196560,788450,4,20.00,2026-05-13 01:19:38.6766667
196592,788311,4,20.00,2026-05-13 01:19:38.7066667
196679,788997,4,20.00,2026-05-13 01:19:38.9100000
196681,788990,4,20.00,2026-05-13 01:19:38.9100000
196693,788939,4,20.00,2026-05-13 01:19:38.9200000
196753,788702,4,20.00,2026-05-13 01:19:38.9666667
196948,789974,4,20.00,2026-05-13 01:19:39.3800000
196950,789959,4,20.00,2026-05-13 01:19:39.3833333
196967,789893,4,20.00,2026-05-13 01:19:39.3966667
197091,790339,4,20.00,2026-05-13 01:19:39.6400000
197246,790703,4,20.00,2026-05-13 01:19:39.9000000
197261,790634,4,20.00,2026-05-13 01:19:39.9133333
197268,790596,4,20.00,2026-05-13 01:19:39.9200000
197306,791451,4,20.00,2026-05-13 01:19:40.0833333
197386,791194,4,20.00,2026-05-13 01:19:40.1366667
197389,791175,4,20.00,2026-05-13 01:19:40.1400000
197413,791094,4,20.00,2026-05-13 01:19:40.1566667
197420,791062,4,20.00,2026-05-13 01:19:40.1633333
197430,791010,4,20.00,2026-05-13 01:19:40.1700000
197432,791973,4,20.00,2026-05-13 01:19:40.3233333
197444,791923,4,20.00,2026-05-13 01:19:40.3333333
197458,791867,4,20.00,2026-05-13 01:19:40.3433333
197469,791817,4,20.00,2026-05-13 01:19:40.3566667
197546,791516,4,20.00,2026-05-13 01:19:40.4133333
197709,792874,4,20.00,2026-05-13 01:19:40.8066667
197757,792676,4,20.00,2026-05-13 01:19:40.8466667
197776,792618,4,20.00,2026-05-13 01:19:40.8600000
197783,792594,4,20.00,2026-05-13 01:19:40.8633333
197832,793411,4,20.00,2026-05-13 01:19:41.0333333
197926,793092,4,20.00,2026-05-13 01:19:41.0933333
197929,793084,4,20.00,2026-05-13 01:19:41.0966667
197964,793942,4,20.00,2026-05-13 01:19:41.2633333
197988,793822,4,20.00,2026-05-13 01:19:41.2900000
197990,793806,4,20.00,2026-05-13 01:19:41.2900000
198029,793661,4,20.00,2026-05-13 01:19:41.3200000
198076,793522,4,20.00,2026-05-13 01:19:41.3466667
198124,794327,4,20.00,2026-05-13 01:19:41.5233333
198238,794890,4,20.00,2026-05-13 01:19:41.7400000
198398,795343,4,20.00,2026-05-13 01:19:41.9800000
198451,795128,4,20.00,2026-05-13 01:19:42.0200000
198596,795530,4,20.00,2026-05-13 01:19:42.2700000
198597,795527,4,20.00,2026-05-13 01:19:42.2700000
198618,796441,4,20.00,2026-05-13 01:19:42.4200000
198729,796988,4,20.00,2026-05-13 01:19:42.6500000
198739,796937,4,20.00,2026-05-13 01:19:42.6600000
199003,797850,4,20.00,2026-05-13 01:19:43.1333333
199016,797788,4,20.00,2026-05-13 01:19:43.1466667
199142,798297,4,20.00,2026-05-13 01:19:43.3733333
199278,798751,4,20.00,2026-05-13 01:19:43.6133333
199485,799868,4,20.00,2026-05-13 01:19:44.0766667
199498,799832,4,20.00,2026-05-13 01:19:44.0833333
199518,799743,4,20.00,2026-05-13 01:19:44.1033333
199524,799728,4,20.00,2026-05-13 01:19:44.1066667
199561,799584,4,20.00,2026-05-13 01:19:44.1366667
199594,800484,4,20.00,2026-05-13 01:19:44.3033333
199612,800417,4,20.00,2026-05-13 01:19:44.3133333
199623,800358,4,20.00,2026-05-13 01:19:44.3833333
199638,800281,4,20.00,2026-05-13 01:19:44.4000000
199748,800897,4,20.00,2026-05-13 01:19:44.6533333
200061,801633,4,20.00,2026-05-13 01:19:45.1866667
200105,802463,4,20.00,2026-05-13 01:19:45.3533333
200131,802357,4,20.00,2026-05-13 01:19:45.3733333
200141,802321,4,20.00,2026-05-13 01:19:45.3800000
200252,802795,4,20.00,2026-05-13 01:19:45.6166667
200419,803110,4,20.00,2026-05-13 01:19:45.8833333
200442,803048,4,20.00,2026-05-13 01:19:45.8966667
200481,803912,4,20.00,2026-05-13 01:19:46.1166667
200529,803749,4,20.00,2026-05-13 01:19:46.1500000
200549,803657,4,20.00,2026-05-13 01:19:46.1666667
200729,804938,4,20.00,2026-05-13 01:19:46.5766667
200773,804799,4,20.00,2026-05-13 01:19:46.6066667
200793,804711,4,20.00,2026-05-13 01:19:46.6233333
200801,804681,4,20.00,2026-05-13 01:19:46.6300000
200915,805204,4,20.00,2026-05-13 01:19:46.8533333
200965,805016,4,20.00,2026-05-13 01:19:46.8900000
200968,805005,4,20.00,2026-05-13 01:19:46.8900000
200976,805992,4,20.00,2026-05-13 01:19:47.0300000
201012,805856,4,20.00,2026-05-13 01:19:47.0566667
201027,805798,4,20.00,2026-05-13 01:19:47.0666667
201089,805543,4,20.00,2026-05-13 01:19:47.1166667
201216,806066,4,20.00,2026-05-13 01:19:47.3400000
201311,806682,4,20.00,2026-05-13 01:19:47.5566667
201312,806677,4,20.00,2026-05-13 01:19:47.5566667
201431,807247,4,20.00,2026-05-13 01:19:47.7700000
201449,807173,4,20.00,2026-05-13 01:19:47.7833333
201453,807157,4,20.00,2026-05-13 01:19:47.7866667
201471,807103,4,20.00,2026-05-13 01:19:47.7966667
201526,807902,4,20.00,2026-05-13 01:19:47.9700000
201588,807704,4,20.00,2026-05-13 01:19:48.0100000
201620,807536,4,20.00,2026-05-13 01:19:48.0433333
201705,808180,4,20.00,2026-05-13 01:19:48.2466667
201812,808752,4,20.00,2026-05-13 01:19:48.4600000
201849,808608,4,20.00,2026-05-13 01:19:48.4866667
201915,809272,4,20.00,2026-05-13 01:19:48.6900000
201970,809033,4,20.00,2026-05-13 01:19:48.7333333
201978,809005,4,20.00,2026-05-13 01:19:48.7400000
201993,809960,4,20.00,2026-05-13 01:19:48.8833333
202063,809684,4,20.00,2026-05-13 01:19:48.9366667
202074,809641,4,20.00,2026-05-13 01:19:48.9433333
202141,810375,4,20.00,2026-05-13 01:19:49.1300000
202143,810371,4,20.00,2026-05-13 01:19:49.1300000
202171,810275,4,20.00,2026-05-13 01:19:49.1500000
202184,810227,4,20.00,2026-05-13 01:19:49.1566667
202218,810085,4,20.00,2026-05-13 01:19:49.1866667
202256,810944,4,20.00,2026-05-13 01:19:49.3433333
202287,810811,4,20.00,2026-05-13 01:19:49.3700000
202341,810631,4,20.00,2026-05-13 01:19:49.4066667
202421,811283,4,20.00,2026-05-13 01:19:49.6066667
202435,811240,4,20.00,2026-05-13 01:19:49.6133333
202471,811084,4,20.00,2026-05-13 01:19:49.6433333
202477,811069,4,20.00,2026-05-13 01:19:49.6466667
202490,811016,4,20.00,2026-05-13 01:19:49.6566667
202533,811860,4,20.00,2026-05-13 01:19:49.8200000
202538,811840,4,20.00,2026-05-13 01:19:49.8266667
202547,811798,4,20.00,2026-05-13 01:19:49.8333333
202642,812420,4,20.00,2026-05-13 01:19:50.0400000
202657,812361,4,20.00,2026-05-13 01:19:50.0500000
202730,812069,4,20.00,2026-05-13 01:19:50.1066667
202812,812768,4,20.00,2026-05-13 01:19:50.2900000
202894,813404,4,20.00,2026-05-13 01:19:50.5200000
202929,813284,4,20.00,2026-05-13 01:19:50.5466667
202957,813176,4,20.00,2026-05-13 01:19:50.5666667
202964,813139,4,20.00,2026-05-13 01:19:50.5733333
203011,813980,4,20.00,2026-05-13 01:19:50.7500000
203026,813921,4,20.00,2026-05-13 01:19:50.7600000
203080,813696,4,20.00,2026-05-13 01:19:50.8033333
203082,813680,4,20.00,2026-05-13 01:19:50.8066667
203126,813542,4,20.00,2026-05-13 01:19:50.8333333
203199,814274,4,20.00,2026-05-13 01:19:51.0166667
203238,814101,4,20.00,2026-05-13 01:19:51.0500000
203244,814076,4,20.00,2026-05-13 01:19:51.0566667
203264,814005,4,20.00,2026-05-13 01:19:51.0700000
203279,814931,4,20.00,2026-05-13 01:19:51.2100000
203292,814897,4,20.00,2026-05-13 01:19:51.2166667
203318,814817,4,20.00,2026-05-13 01:19:51.2333333
203352,814688,4,20.00,2026-05-13 01:19:51.2566667
203401,814507,4,20.00,2026-05-13 01:19:51.2933333
203468,815252,4,20.00,2026-05-13 01:19:51.4700000
203488,815162,4,20.00,2026-05-13 01:19:51.4900000
203515,815088,4,20.00,2026-05-13 01:19:51.5033333
203729,816283,4,20.00,2026-05-13 01:19:51.9233333
203737,816233,4,20.00,2026-05-13 01:19:51.9333333
203809,816966,4,20.00,2026-05-13 01:19:52.1133333
203836,816880,4,20.00,2026-05-13 01:19:52.1333333
203871,816729,4,20.00,2026-05-13 01:19:52.1633333
203979,817328,4,20.00,2026-05-13 01:19:52.3800000
203996,817252,4,20.00,2026-05-13 01:19:52.3933333
204053,817990,4,20.00,2026-05-13 01:19:52.5766667
204121,817695,4,20.00,2026-05-13 01:19:52.6333333
204137,817649,4,20.00,2026-05-13 01:19:52.6400000
204319,818894,4,20.00,2026-05-13 01:19:53.0700000
204332,818842,4,20.00,2026-05-13 01:19:53.0800000
204333,818830,4,20.00,2026-05-13 01:19:53.0833333
204368,818700,4,20.00,2026-05-13 01:19:53.1100000
204379,818668,4,20.00,2026-05-13 01:19:53.1166667
204486,819251,4,20.00,2026-05-13 01:19:53.3333333
204548,819008,4,20.00,2026-05-13 01:19:53.3800000
204573,819926,4,20.00,2026-05-13 01:19:53.5266667
204674,820436,4,20.00,2026-05-13 01:19:53.7566667
204680,820417,4,20.00,2026-05-13 01:19:53.7600000
204701,820316,4,20.00,2026-05-13 01:19:53.7800000
204709,820278,4,20.00,2026-05-13 01:19:53.7866667
204730,820194,4,20.00,2026-05-13 01:19:53.8033333
204732,820188,4,20.00,2026-05-13 01:19:53.8033333
204810,820931,4,20.00,2026-05-13 01:19:53.9900000
204821,820893,4,20.00,2026-05-13 01:19:53.9966667
204824,820881,4,20.00,2026-05-13 01:19:54.0000000
204876,820711,4,20.00,2026-05-13 01:19:54.0300000
204927,820501,4,20.00,2026-05-13 01:19:54.0700000
205071,821975,4,20.00,2026-05-13 01:19:54.4300000
205174,821526,4,20.00,2026-05-13 01:19:54.5166667
205184,822481,4,20.00,2026-05-13 01:19:54.6533333
205317,822996,4,20.00,2026-05-13 01:19:54.8966667
205352,822870,4,20.00,2026-05-13 01:19:54.9200000
205370,822800,4,20.00,2026-05-13 01:19:54.9333333
205399,822664,4,20.00,2026-05-13 01:19:54.9600000
205419,822589,4,20.00,2026-05-13 01:19:54.9733333
205448,823497,4,20.00,2026-05-13 01:19:55.1266667
205473,823416,4,20.00,2026-05-13 01:19:55.1433333
205550,823090,4,20.00,2026-05-13 01:19:55.2033333
205596,823931,4,20.00,2026-05-13 01:19:55.3700000
205762,824251,4,20.00,2026-05-13 01:19:55.6433333
205818,824047,4,20.00,2026-05-13 01:19:55.6833333
205823,824034,4,20.00,2026-05-13 01:19:55.6833333
205844,824962,4,20.00,2026-05-13 01:19:55.8400000
205879,824833,4,20.00,2026-05-13 01:19:55.8666667
205940,824579,4,20.00,2026-05-13 01:19:55.9166667
205961,824508,4,20.00,2026-05-13 01:19:55.9300000
206031,825244,4,20.00,2026-05-13 01:19:56.1200000
206062,825125,4,20.00,2026-05-13 01:19:56.1400000
206257,826216,4,20.00,2026-05-13 01:19:56.5900000
206276,826148,4,20.00,2026-05-13 01:19:56.6033333
206307,826015,4,20.00,2026-05-13 01:19:56.6300000
206379,826717,4,20.00,2026-05-13 01:19:56.8200000
206689,827555,4,20.00,2026-05-13 01:19:57.3200000
206985,829220,4,20.00,2026-05-13 01:19:57.9833333
206999,829155,4,20.00,2026-05-13 01:19:57.9966667
207067,829929,4,20.00,2026-05-13 01:19:58.1700000
207133,829654,4,20.00,2026-05-13 01:19:58.2266667
207236,830219,4,20.00,2026-05-13 01:19:58.4500000
207296,830984,4,20.00,2026-05-13 01:19:58.6333333
207339,830833,4,20.00,2026-05-13 01:19:58.6633333
207394,830609,4,20.00,2026-05-13 01:19:58.7033333
207401,830585,4,20.00,2026-05-13 01:19:58.7100000
207452,831391,4,20.00,2026-05-13 01:19:58.8800000
207453,831389,4,20.00,2026-05-13 01:19:58.8833333
207485,831273,4,20.00,2026-05-13 01:19:58.9033333
207503,831169,4,20.00,2026-05-13 01:19:58.9233333
207508,831148,4,20.00,2026-05-13 01:19:58.9300000
207529,831067,4,20.00,2026-05-13 01:19:58.9433333
207635,831721,4,20.00,2026-05-13 01:19:59.1466667
207681,831520,4,20.00,2026-05-13 01:19:59.1866667
207686,832493,4,20.00,2026-05-13 01:19:59.3200000
207828,832895,4,20.00,2026-05-13 01:19:59.5666667
207920,832538,4,20.00,2026-05-13 01:19:59.6366667
207929,832508,4,20.00,2026-05-13 01:19:59.6433333
207958,833371,4,20.00,2026-05-13 01:19:59.8066667
208051,833016,4,20.00,2026-05-13 01:19:59.8733333
208053,834000,4,20.00,2026-05-13 01:20:00.0266667
208109,833779,4,20.00,2026-05-13 01:20:00.0733333
208133,833680,4,20.00,2026-05-13 01:20:00.0933333
208183,834484,4,20.00,2026-05-13 01:20:00.2633333
208198,834416,4,20.00,2026-05-13 01:20:00.2766667
208348,834842,4,20.00,2026-05-13 01:20:00.5233333
208405,834603,4,20.00,2026-05-13 01:20:00.5700000
208469,835399,4,20.00,2026-05-13 01:20:00.7666667
208478,835371,4,20.00,2026-05-13 01:20:00.7733333
208519,835165,4,20.00,2026-05-13 01:20:00.8266667
208662,835638,4,20.00,2026-05-13 01:20:01.1233333
208670,835604,4,20.00,2026-05-13 01:20:01.1300000
208686,835530,4,20.00,2026-05-13 01:20:01.1500000
208738,836346,4,20.00,2026-05-13 01:20:01.3100000
208759,836255,4,20.00,2026-05-13 01:20:01.3266667
208816,836079,4,20.00,2026-05-13 01:20:01.3633333
208895,836777,4,20.00,2026-05-13 01:20:01.5466667
208989,837398,4,20.00,2026-05-13 01:20:01.7533333
209004,837316,4,20.00,2026-05-13 01:20:01.7666667
209041,837178,4,20.00,2026-05-13 01:20:01.7933333
209155,837660,4,20.00,2026-05-13 01:20:02.0266667
209244,838224,4,20.00,2026-05-13 01:20:02.2433333
209308,838994,4,20.00,2026-05-13 01:20:02.4300000
209345,838854,4,20.00,2026-05-13 01:20:02.4566667
209401,838670,4,20.00,2026-05-13 01:20:02.4933333
209412,838632,4,20.00,2026-05-13 01:20:02.5000000
209486,839330,4,20.00,2026-05-13 01:20:02.6900000
209631,839763,4,20.00,2026-05-13 01:20:02.9400000
209637,839742,4,20.00,2026-05-13 01:20:02.9433333
209685,839554,4,20.00,2026-05-13 01:20:02.9800000
209696,840494,4,20.00,2026-05-13 01:20:03.1200000
209707,840448,4,20.00,2026-05-13 01:20:03.1300000
209744,840297,4,20.00,2026-05-13 01:20:03.1566667
209763,840226,4,20.00,2026-05-13 01:20:03.1700000
209815,840008,4,20.00,2026-05-13 01:20:03.2133333
209820,840996,4,20.00,2026-05-13 01:20:03.3500000
209850,840897,4,20.00,2026-05-13 01:20:03.3733333
209868,840830,4,20.00,2026-05-13 01:20:03.3900000
209871,840810,4,20.00,2026-05-13 01:20:03.3933333
209909,840656,4,20.00,2026-05-13 01:20:03.4266667
210043,841088,4,20.00,2026-05-13 01:20:03.6733333
210046,841074,4,20.00,2026-05-13 01:20:03.6766667
210069,841975,4,20.00,2026-05-13 01:20:03.8300000
210080,841934,4,20.00,2026-05-13 01:20:03.8400000
210104,841863,4,20.00,2026-05-13 01:20:03.8533333
210271,842177,4,20.00,2026-05-13 01:20:04.1333333
210317,842957,4,20.00,2026-05-13 01:20:04.3100000
210330,842924,4,20.00,2026-05-13 01:20:04.3166667
210480,843330,4,20.00,2026-05-13 01:20:04.5666667
210583,843965,4,20.00,2026-05-13 01:20:04.7733333
210634,843782,4,20.00,2026-05-13 01:20:04.8100000
210683,843584,4,20.00,2026-05-13 01:20:04.8500000
210904,844742,4,20.00,2026-05-13 01:20:05.2800000
210928,844644,4,20.00,2026-05-13 01:20:05.2966667
210941,844599,4,20.00,2026-05-13 01:20:05.3033333
210974,845474,4,20.00,2026-05-13 01:20:05.4633333
211022,845293,4,20.00,2026-05-13 01:20:05.5000000
211026,845274,4,20.00,2026-05-13 01:20:05.5033333
211054,845154,4,20.00,2026-05-13 01:20:05.5233333
211078,845061,4,20.00,2026-05-13 01:20:05.5433333
211143,845774,4,20.00,2026-05-13 01:20:05.7333333
211146,845755,4,20.00,2026-05-13 01:20:05.7366667
211177,845645,4,20.00,2026-05-13 01:20:05.7566667
211206,845533,4,20.00,2026-05-13 01:20:05.7800000
211367,846927,4,20.00,2026-05-13 01:20:06.1666667
211431,846678,4,20.00,2026-05-13 01:20:06.2166667
211493,847454,4,20.00,2026-05-13 01:20:06.3866667
211499,847421,4,20.00,2026-05-13 01:20:06.3933333
211555,847162,4,20.00,2026-05-13 01:20:06.4433333
211566,847122,4,20.00,2026-05-13 01:20:06.4500000
211617,847875,4,20.00,2026-05-13 01:20:06.6300000
211619,847872,4,20.00,2026-05-13 01:20:06.6300000
211628,847848,4,20.00,2026-05-13 01:20:06.6366667
211656,847724,4,20.00,2026-05-13 01:20:06.6600000
211658,847722,4,20.00,2026-05-13 01:20:06.6600000
211672,847671,4,20.00,2026-05-13 01:20:06.6700000
211699,847529,4,20.00,2026-05-13 01:20:06.6966667
211741,848350,4,20.00,2026-05-13 01:20:06.8733333
211812,848066,4,20.00,2026-05-13 01:20:06.9300000
211816,848051,4,20.00,2026-05-13 01:20:06.9300000
211824,848020,4,20.00,2026-05-13 01:20:06.9366667
211914,848638,4,20.00,2026-05-13 01:20:07.1433333
211984,849343,4,20.00,2026-05-13 01:20:07.3400000
212017,849217,4,20.00,2026-05-13 01:20:07.3633333
212046,849115,4,20.00,2026-05-13 01:20:07.3833333
212089,849958,4,20.00,2026-05-13 01:20:07.5500000
212137,849733,4,20.00,2026-05-13 01:20:07.5933333
212138,849728,4,20.00,2026-05-13 01:20:07.5933333
212142,849717,4,20.00,2026-05-13 01:20:07.5966667
212192,849543,4,20.00,2026-05-13 01:20:07.6300000
212199,849523,4,20.00,2026-05-13 01:20:07.6333333
212204,850491,4,20.00,2026-05-13 01:20:07.7733333
212241,850308,4,20.00,2026-05-13 01:20:07.8100000
212274,850189,4,20.00,2026-05-13 01:20:07.8300000
212366,850870,4,20.00,2026-05-13 01:20:08.0333333
212413,850680,4,20.00,2026-05-13 01:20:08.0700000
212419,850657,4,20.00,2026-05-13 01:20:08.0733333
212448,850525,4,20.00,2026-05-13 01:20:08.1000000
212464,851451,4,20.00,2026-05-13 01:20:08.2466667
212483,851395,4,20.00,2026-05-13 01:20:08.2566667
212579,851978,4,20.00,2026-05-13 01:20:08.4666667
212614,851816,4,20.00,2026-05-13 01:20:08.5000000
212792,852078,4,20.00,2026-05-13 01:20:08.7966667
212814,853000,4,20.00,2026-05-13 01:20:08.9566667
212878,852751,4,20.00,2026-05-13 01:20:09.0066667
212881,852748,4,20.00,2026-05-13 01:20:09.0066667
213080,853931,4,20.00,2026-05-13 01:20:09.4433333
213107,853836,4,20.00,2026-05-13 01:20:09.4600000
213145,853702,4,20.00,2026-05-13 01:20:09.4866667
213167,853603,4,20.00,2026-05-13 01:20:09.5066667
213300,854054,4,20.00,2026-05-13 01:20:09.7500000
213352,854845,4,20.00,2026-05-13 01:20:09.9200000
213361,854812,4,20.00,2026-05-13 01:20:09.9233333
213451,855460,4,20.00,2026-05-13 01:20:10.1266667
213546,855103,4,20.00,2026-05-13 01:20:10.2000000
213639,855718,4,20.00,2026-05-13 01:20:10.4133333
213709,856428,4,20.00,2026-05-13 01:20:10.6133333
213747,856272,4,20.00,2026-05-13 01:20:10.6433333
213772,856176,4,20.00,2026-05-13 01:20:10.6600000
213939,856567,4,20.00,2026-05-13 01:20:10.9166667
213941,856562,4,20.00,2026-05-13 01:20:10.9166667
213958,857499,4,20.00,2026-05-13 01:20:11.0766667
214170,857635,4,20.00,2026-05-13 01:20:11.3866667
214178,857585,4,20.00,2026-05-13 01:20:11.3966667
214183,857555,4,20.00,2026-05-13 01:20:11.4033333
214209,858445,4,20.00,2026-05-13 01:20:11.5600000
214234,858354,4,20.00,2026-05-13 01:20:11.5766667
214236,858351,4,20.00,2026-05-13 01:20:11.5766667
214258,858236,4,20.00,2026-05-13 01:20:11.6000000
214270,858192,4,20.00,2026-05-13 01:20:11.6066667
214286,858124,4,20.00,2026-05-13 01:20:11.6200000
214380,858714,4,20.00,2026-05-13 01:20:11.8300000
214384,858698,4,20.00,2026-05-13 01:20:11.8333333
214520,859185,4,20.00,2026-05-13 01:20:12.0666667
214541,859087,4,20.00,2026-05-13 01:20:12.0866667
214570,859009,4,20.00,2026-05-13 01:20:12.1000000
214579,859968,4,20.00,2026-05-13 01:20:12.2366667
214615,859840,4,20.00,2026-05-13 01:20:12.2633333
214717,860484,4,20.00,2026-05-13 01:20:12.5266667
214753,860362,4,20.00,2026-05-13 01:20:12.5500000
214768,860279,4,20.00,2026-05-13 01:20:12.5633333
214782,860246,4,20.00,2026-05-13 01:20:12.5700000
214830,860080,4,20.00,2026-05-13 01:20:12.6033333
214836,860061,4,20.00,2026-05-13 01:20:12.6066667
214862,860991,4,20.00,2026-05-13 01:20:12.7566667
214890,860883,4,20.00,2026-05-13 01:20:12.7766667
214977,860578,4,20.00,2026-05-13 01:20:12.8366667
214988,860547,4,20.00,2026-05-13 01:20:12.8433333
215009,861490,4,20.00,2026-05-13 01:20:13.0033333
215045,861355,4,20.00,2026-05-13 01:20:13.0333333
215157,861941,4,20.00,2026-05-13 01:20:13.2500000
215163,861920,4,20.00,2026-05-13 01:20:13.2533333
215227,861650,4,20.00,2026-05-13 01:20:13.3066667
215323,862230,4,20.00,2026-05-13 01:20:13.5233333
215348,862092,4,20.00,2026-05-13 01:20:13.5533333
215470,862647,4,20.00,2026-05-13 01:20:13.7700000
215540,863403,4,20.00,2026-05-13 01:20:13.9600000
215624,863082,4,20.00,2026-05-13 01:20:14.0266667
215681,863867,4,20.00,2026-05-13 01:20:14.2000000
215703,863790,4,20.00,2026-05-13 01:20:14.2133333
215705,863788,4,20.00,2026-05-13 01:20:14.2133333
215706,863782,4,20.00,2026-05-13 01:20:14.2166667
215735,863663,4,20.00,2026-05-13 01:20:14.2400000
215745,863636,4,20.00,2026-05-13 01:20:14.2433333
215810,864359,4,20.00,2026-05-13 01:20:14.4266667
215814,864353,4,20.00,2026-05-13 01:20:14.4266667
215845,864209,4,20.00,2026-05-13 01:20:14.4566667
215879,864050,4,20.00,2026-05-13 01:20:14.4866667
215891,864023,4,20.00,2026-05-13 01:20:14.4900000
215931,864824,4,20.00,2026-05-13 01:20:14.6500000
215947,864766,4,20.00,2026-05-13 01:20:14.6633333
215950,864755,4,20.00,2026-05-13 01:20:14.6666667
215985,864599,4,20.00,2026-05-13 01:20:14.6966667
216054,865330,4,20.00,2026-05-13 01:20:14.8733333
216083,865245,4,20.00,2026-05-13 01:20:14.8900000
216134,865068,4,20.00,2026-05-13 01:20:14.9266667
216222,865724,4,20.00,2026-05-13 01:20:15.1266667
216280,865504,4,20.00,2026-05-13 01:20:15.1666667
216506,866567,4,20.00,2026-05-13 01:20:15.6266667
216516,866525,4,20.00,2026-05-13 01:20:15.6366667
216593,867203,4,20.00,2026-05-13 01:20:15.8366667
216596,867192,4,20.00,2026-05-13 01:20:15.8400000
216627,867077,4,20.00,2026-05-13 01:20:15.8600000
216660,867930,4,20.00,2026-05-13 01:20:16.0233333
216663,867900,4,20.00,2026-05-13 01:20:16.0300000
216696,867802,4,20.00,2026-05-13 01:20:16.0500000
216707,867756,4,20.00,2026-05-13 01:20:16.0600000
216835,868231,4,20.00,2026-05-13 01:20:16.3000000
216840,868215,4,20.00,2026-05-13 01:20:16.3033333
216899,868947,4,20.00,2026-05-13 01:20:16.5033333
216931,868829,4,20.00,2026-05-13 01:20:16.5266667
216953,868746,4,20.00,2026-05-13 01:20:16.5433333
216970,868655,4,20.00,2026-05-13 01:20:16.5600000
216980,868622,4,20.00,2026-05-13 01:20:16.5666667
216998,868550,4,20.00,2026-05-13 01:20:16.5800000
217025,869441,4,20.00,2026-05-13 01:20:16.7366667
217027,869431,4,20.00,2026-05-13 01:20:16.7400000
217033,869414,4,20.00,2026-05-13 01:20:16.7433333
217059,869309,4,20.00,2026-05-13 01:20:16.7633333
217181,869785,4,20.00,2026-05-13 01:20:16.9966667
217184,869776,4,20.00,2026-05-13 01:20:17.0000000
217222,869596,4,20.00,2026-05-13 01:20:17.0333333
217285,870335,4,20.00,2026-05-13 01:20:17.2266667
217372,870986,4,20.00,2026-05-13 01:20:17.4200000
217393,870921,4,20.00,2026-05-13 01:20:17.4333333
217401,870892,4,20.00,2026-05-13 01:20:17.4400000
217421,870815,4,20.00,2026-05-13 01:20:17.4533333
217480,870599,4,20.00,2026-05-13 01:20:17.4933333
217562,871224,4,20.00,2026-05-13 01:20:17.7100000
217597,871075,4,20.00,2026-05-13 01:20:17.7400000
217670,871779,4,20.00,2026-05-13 01:20:17.9200000
217680,871761,4,20.00,2026-05-13 01:20:17.9233333
217719,871618,4,20.00,2026-05-13 01:20:17.9533333
217784,872381,4,20.00,2026-05-13 01:20:18.1366667
217858,872070,4,20.00,2026-05-13 01:20:18.1933333
217880,872990,4,20.00,2026-05-13 01:20:18.3433333
217925,872815,4,20.00,2026-05-13 01:20:18.3766667
217990,872553,4,20.00,2026-05-13 01:20:18.4300000
218072,873183,4,20.00,2026-05-13 01:20:18.6333333
218080,873157,4,20.00,2026-05-13 01:20:18.6400000
218102,873051,4,20.00,2026-05-13 01:20:18.6600000
218125,873951,4,20.00,2026-05-13 01:20:18.8166667
218141,873890,4,20.00,2026-05-13 01:20:18.8300000
218259,874421,4,20.00,2026-05-13 01:20:19.0633333
218298,874243,4,20.00,2026-05-13 01:20:19.1000000
218322,874107,4,20.00,2026-05-13 01:20:19.1266667
218505,875387,4,20.00,2026-05-13 01:20:19.5366667
218513,875361,4,20.00,2026-05-13 01:20:19.5433333
218636,875865,4,20.00,2026-05-13 01:20:19.7733333
218752,876390,4,20.00,2026-05-13 01:20:20.0000000
218758,876367,4,20.00,2026-05-13 01:20:20.0033333
218808,876155,4,20.00,2026-05-13 01:20:20.0433333
218823,876108,4,20.00,2026-05-13 01:20:20.0533333
218827,876098,4,20.00,2026-05-13 01:20:20.0566667
218873,876964,4,20.00,2026-05-13 01:20:20.2166667
218944,876683,4,20.00,2026-05-13 01:20:20.2700000
218980,876567,4,20.00,2026-05-13 01:20:20.2900000
219009,877459,4,20.00,2026-05-13 01:20:20.4400000
219058,877236,4,20.00,2026-05-13 01:20:20.4833333
219065,877221,4,20.00,2026-05-13 01:20:20.4866667
219066,877219,4,20.00,2026-05-13 01:20:20.4866667
219073,877181,4,20.00,2026-05-13 01:20:20.4966667
219079,877162,4,20.00,2026-05-13 01:20:20.5000000
219089,877140,4,20.00,2026-05-13 01:20:20.5033333
219113,877026,4,20.00,2026-05-13 01:20:20.5266667
219133,877935,4,20.00,2026-05-13 01:20:20.6833333
219236,877503,4,20.00,2026-05-13 01:20:20.7633333
219295,878231,4,20.00,2026-05-13 01:20:20.9566667
219341,878052,4,20.00,2026-05-13 01:20:20.9933333
219368,878961,4,20.00,2026-05-13 01:20:21.1566667
219415,878728,4,20.00,2026-05-13 01:20:21.2000000
219422,878708,4,20.00,2026-05-13 01:20:21.2033333
219464,878548,4,20.00,2026-05-13 01:20:21.2366667
219469,878535,4,20.00,2026-05-13 01:20:21.2400000
219498,879414,4,20.00,2026-05-13 01:20:21.4033333
219505,879396,4,20.00,2026-05-13 01:20:21.4066667
219509,879388,4,20.00,2026-05-13 01:20:21.4100000
219528,879315,4,20.00,2026-05-13 01:20:21.4233333
219562,879192,4,20.00,2026-05-13 01:20:21.4466667
219726,879592,4,20.00,2026-05-13 01:20:21.7000000
219768,880417,4,20.00,2026-05-13 01:20:21.8933333
219806,880284,4,20.00,2026-05-13 01:20:21.9266667
219849,880069,4,20.00,2026-05-13 01:20:21.9666667
219919,880785,4,20.00,2026-05-13 01:20:22.1600000
219987,881498,4,20.00,2026-05-13 01:20:22.3500000
220055,881239,4,20.00,2026-05-13 01:20:22.4000000
220075,881160,4,20.00,2026-05-13 01:20:22.4166667
220077,881152,4,20.00,2026-05-13 01:20:22.4200000
220110,881027,4,20.00,2026-05-13 01:20:22.4433333
220131,881946,4,20.00,2026-05-13 01:20:22.5900000
220152,881840,4,20.00,2026-05-13 01:20:22.6100000
220199,881659,4,20.00,2026-05-13 01:20:22.6466667
220238,881519,4,20.00,2026-05-13 01:20:22.6766667
220506,883354,4,20.00,2026-05-13 01:20:23.3000000
220567,883156,4,20.00,2026-05-13 01:20:23.3400000
220599,883007,4,20.00,2026-05-13 01:20:23.3700000
220655,883841,4,20.00,2026-05-13 01:20:23.5966667
220672,883801,4,20.00,2026-05-13 01:20:23.6033333
220684,883765,4,20.00,2026-05-13 01:20:23.6100000
220714,883663,4,20.00,2026-05-13 01:20:23.6300000
220716,883660,4,20.00,2026-05-13 01:20:23.6300000
220718,883653,4,20.00,2026-05-13 01:20:23.6333333
220746,883563,4,20.00,2026-05-13 01:20:23.6500000
220766,884500,4,20.00,2026-05-13 01:20:23.7966667
220790,884396,4,20.00,2026-05-13 01:20:23.8166667
220890,884034,4,20.00,2026-05-13 01:20:23.8833333
220949,884726,4,20.00,2026-05-13 01:20:24.0900000
220959,884702,4,20.00,2026-05-13 01:20:24.0966667
221068,885286,4,20.00,2026-05-13 01:20:24.3133333
221090,885155,4,20.00,2026-05-13 01:20:24.3400000
221094,885142,4,20.00,2026-05-13 01:20:24.3400000
221102,885097,4,20.00,2026-05-13 01:20:24.3500000
221121,885021,4,20.00,2026-05-13 01:20:24.3633333
221155,885846,4,20.00,2026-05-13 01:20:24.5266667
221177,885786,4,20.00,2026-05-13 01:20:24.5366667
221274,886452,4,20.00,2026-05-13 01:20:24.7300000
221325,886257,4,20.00,2026-05-13 01:20:24.7700000
221349,886161,4,20.00,2026-05-13 01:20:24.7866667
221494,887494,4,20.00,2026-05-13 01:20:25.1900000
221501,887453,4,20.00,2026-05-13 01:20:25.1966667
221624,887884,4,20.00,2026-05-13 01:20:25.4366667
221677,887665,4,20.00,2026-05-13 01:20:25.4800000
221822,888078,4,20.00,2026-05-13 01:20:25.7200000
221825,888073,4,20.00,2026-05-13 01:20:25.7200000
221845,888005,4,20.00,2026-05-13 01:20:25.7333333
221846,888003,4,20.00,2026-05-13 01:20:25.7333333
221858,888953,4,20.00,2026-05-13 01:20:25.8733333
221860,888945,4,20.00,2026-05-13 01:20:25.8733333
221878,888871,4,20.00,2026-05-13 01:20:25.8900000
221906,888708,4,20.00,2026-05-13 01:20:25.9200000
221962,889465,4,20.00,2026-05-13 01:20:26.1000000
221971,889433,4,20.00,2026-05-13 01:20:26.1066667
222027,889193,4,20.00,2026-05-13 01:20:26.1533333
222155,889643,4,20.00,2026-05-13 01:20:26.4166667
222195,890478,4,20.00,2026-05-13 01:20:26.5833333
222225,890353,4,20.00,2026-05-13 01:20:26.6066667
222226,890351,4,20.00,2026-05-13 01:20:26.6066667
222248,890288,4,20.00,2026-05-13 01:20:26.6200000
222288,890139,4,20.00,2026-05-13 01:20:26.6466667
222316,890037,4,20.00,2026-05-13 01:20:26.6666667
222341,890939,4,20.00,2026-05-13 01:20:26.8133333
222393,890741,4,20.00,2026-05-13 01:20:26.8500000
222396,890732,4,20.00,2026-05-13 01:20:26.8500000
222411,890674,4,20.00,2026-05-13 01:20:26.8633333
222437,890557,4,20.00,2026-05-13 01:20:26.8833333
222442,890550,4,20.00,2026-05-13 01:20:26.8866667
222451,890525,4,20.00,2026-05-13 01:20:26.8900000
222540,891133,4,20.00,2026-05-13 01:20:27.1533333
222574,891991,4,20.00,2026-05-13 01:20:27.3166667
222583,891952,4,20.00,2026-05-13 01:20:27.3233333
222613,891832,4,20.00,2026-05-13 01:20:27.3466667
222738,892296,4,20.00,2026-05-13 01:20:27.5800000
222743,892278,4,20.00,2026-05-13 01:20:27.5866667
222805,892029,4,20.00,2026-05-13 01:20:27.6333333
222886,892719,4,20.00,2026-05-13 01:20:27.8366667
223060,893017,4,20.00,2026-05-13 01:20:28.1166667
223075,893974,4,20.00,2026-05-13 01:20:28.2566667
223153,893640,4,20.00,2026-05-13 01:20:28.3200000
223170,893594,4,20.00,2026-05-13 01:20:28.3300000
223177,893577,4,20.00,2026-05-13 01:20:28.3300000
223196,894484,4,20.00,2026-05-13 01:20:28.4766667
223222,894359,4,20.00,2026-05-13 01:20:28.5000000
223287,894088,4,20.00,2026-05-13 01:20:28.5500000
223326,894935,4,20.00,2026-05-13 01:20:28.7133333
223327,894929,4,20.00,2026-05-13 01:20:28.7166667
223393,894685,4,20.00,2026-05-13 01:20:28.7600000
223456,895444,4,20.00,2026-05-13 01:20:28.9400000
223589,895910,4,20.00,2026-05-13 01:20:29.1800000
223649,895681,4,20.00,2026-05-13 01:20:29.2233333
223658,895641,4,20.00,2026-05-13 01:20:29.2333333
223661,895629,4,20.00,2026-05-13 01:20:29.2333333
223673,895558,4,20.00,2026-05-13 01:20:29.2500000
223756,896222,4,20.00,2026-05-13 01:20:29.4433333
223917,896564,4,20.00,2026-05-13 01:20:29.7033333
224034,897049,4,20.00,2026-05-13 01:20:29.9433333
224074,897858,4,20.00,2026-05-13 01:20:30.1166667
224133,897640,4,20.00,2026-05-13 01:20:30.1633333
224167,897527,4,20.00,2026-05-13 01:20:30.1866667
224177,898500,4,20.00,2026-05-13 01:20:30.3266667
224242,898262,4,20.00,2026-05-13 01:20:30.3700000
224262,898157,4,20.00,2026-05-13 01:20:30.3900000
224420,898520,4,20.00,2026-05-13 01:20:30.6466667
224448,899427,4,20.00,2026-05-13 01:20:30.8066667
224574,899912,4,20.00,2026-05-13 01:20:31.0433333
224675,900451,4,20.00,2026-05-13 01:20:31.2700000
224706,900313,4,20.00,2026-05-13 01:20:31.2966667
224763,900073,4,20.00,2026-05-13 01:20:31.3400000
224766,900060,4,20.00,2026-05-13 01:20:31.3433333
224781,900989,4,20.00,2026-05-13 01:20:31.4900000
224786,900966,4,20.00,2026-05-13 01:20:31.4966667
224819,900824,4,20.00,2026-05-13 01:20:31.5233333
224870,900664,4,20.00,2026-05-13 01:20:31.5600000
224942,901359,4,20.00,2026-05-13 01:20:31.7800000
225046,901992,4,20.00,2026-05-13 01:20:31.9800000
225076,901864,4,20.00,2026-05-13 01:20:32.0033333
225203,902301,4,20.00,2026-05-13 01:20:32.2433333
225235,902182,4,20.00,2026-05-13 01:20:32.2700000
225362,902725,4,20.00,2026-05-13 01:20:32.4933333
225372,902664,4,20.00,2026-05-13 01:20:32.5066667
225431,903433,4,20.00,2026-05-13 01:20:32.6866667
225452,903344,4,20.00,2026-05-13 01:20:32.7033333
225460,903288,4,20.00,2026-05-13 01:20:32.7133333
225488,903183,4,20.00,2026-05-13 01:20:32.7333333
225508,903115,4,20.00,2026-05-13 01:20:32.7466667
225547,903939,4,20.00,2026-05-13 01:20:32.9200000
225599,903742,4,20.00,2026-05-13 01:20:32.9600000
225632,903610,4,20.00,2026-05-13 01:20:32.9866667
225658,903535,4,20.00,2026-05-13 01:20:33.0000000
225729,904231,4,20.00,2026-05-13 01:20:33.2033333
225771,904027,4,20.00,2026-05-13 01:20:33.2433333
225850,904743,4,20.00,2026-05-13 01:20:33.4266667
225885,904611,4,20.00,2026-05-13 01:20:33.4500000
225903,904535,4,20.00,2026-05-13 01:20:33.4666667
225915,904504,4,20.00,2026-05-13 01:20:33.4733333
226003,905185,4,20.00,2026-05-13 01:20:33.6700000
226101,905782,4,20.00,2026-05-13 01:20:33.8800000
226213,906353,4,20.00,2026-05-13 01:20:34.1033333
226273,906033,4,20.00,2026-05-13 01:20:34.1700000
226344,906770,4,20.00,2026-05-13 01:20:34.3600000
226346,906764,4,20.00,2026-05-13 01:20:34.3600000
226347,906762,4,20.00,2026-05-13 01:20:34.3600000
226373,906657,4,20.00,2026-05-13 01:20:34.3833333
226402,906577,4,20.00,2026-05-13 01:20:34.4000000
226496,907260,4,20.00,2026-05-13 01:20:34.6033333
226537,907104,4,20.00,2026-05-13 01:20:34.6366667
226588,907899,4,20.00,2026-05-13 01:20:34.8100000
226690,908496,4,20.00,2026-05-13 01:20:35.0333333
226719,908370,4,20.00,2026-05-13 01:20:35.0600000
226787,908053,4,20.00,2026-05-13 01:20:35.1266667
226955,909481,4,20.00,2026-05-13 01:20:35.5233333
226997,909285,4,20.00,2026-05-13 01:20:35.5700000
227002,909264,4,20.00,2026-05-13 01:20:35.5766667
227016,909197,4,20.00,2026-05-13 01:20:35.5933333
227022,909157,4,20.00,2026-05-13 01:20:35.6000000
227090,909887,4,20.00,2026-05-13 01:20:35.8033333
227115,909790,4,20.00,2026-05-13 01:20:35.8266667
227119,909776,4,20.00,2026-05-13 01:20:35.8266667
227122,909767,4,20.00,2026-05-13 01:20:35.8300000
227132,909730,4,20.00,2026-05-13 01:20:35.8366667
227155,909648,4,20.00,2026-05-13 01:20:35.8533333
227161,909628,4,20.00,2026-05-13 01:20:35.8566667
227247,910312,4,20.00,2026-05-13 01:20:36.0666667
227348,910919,4,20.00,2026-05-13 01:20:36.2733333
227358,910870,4,20.00,2026-05-13 01:20:36.2800000
227435,910565,4,20.00,2026-05-13 01:20:36.3433333
227498,911303,4,20.00,2026-05-13 01:20:36.5200000
227524,911223,4,20.00,2026-05-13 01:20:36.5366667
227533,911194,4,20.00,2026-05-13 01:20:36.5400000
227661,911717,4,20.00,2026-05-13 01:20:36.7733333
227667,911681,4,20.00,2026-05-13 01:20:36.7800000
227693,911568,4,20.00,2026-05-13 01:20:36.8033333
227784,912240,4,20.00,2026-05-13 01:20:37.0000000
227886,912845,4,20.00,2026-05-13 01:20:37.2133333
227893,912819,4,20.00,2026-05-13 01:20:37.2200000
227912,912736,4,20.00,2026-05-13 01:20:37.2333333
227954,912526,4,20.00,2026-05-13 01:20:37.2733333
227973,913433,4,20.00,2026-05-13 01:20:37.4266667
227991,913368,4,20.00,2026-05-13 01:20:37.4400000
227999,913324,4,20.00,2026-05-13 01:20:37.4500000
228037,913179,4,20.00,2026-05-13 01:20:37.4800000
228051,913149,4,20.00,2026-05-13 01:20:37.4866667
228160,913721,4,20.00,2026-05-13 01:20:37.7066667
228235,914423,4,20.00,2026-05-13 01:20:37.8900000
228297,914156,4,20.00,2026-05-13 01:20:37.9400000
228315,914082,4,20.00,2026-05-13 01:20:37.9566667
228330,914020,4,20.00,2026-05-13 01:20:37.9666667
228432,914569,4,20.00,2026-05-13 01:20:38.2033333
228453,915477,4,20.00,2026-05-13 01:20:38.3566667
228472,915417,4,20.00,2026-05-13 01:20:38.3700000
228496,915330,4,20.00,2026-05-13 01:20:38.3866667
228523,915213,4,20.00,2026-05-13 01:20:38.4100000
228531,915182,4,20.00,2026-05-13 01:20:38.4133333
228535,915163,4,20.00,2026-05-13 01:20:38.4166667
228560,915083,4,20.00,2026-05-13 01:20:38.4333333
228566,915053,4,20.00,2026-05-13 01:20:38.4400000
228594,915939,4,20.00,2026-05-13 01:20:38.5900000
228598,915932,4,20.00,2026-05-13 01:20:38.5900000
228615,915871,4,20.00,2026-05-13 01:20:38.6033333
228662,915653,4,20.00,2026-05-13 01:20:38.6433333
228676,915592,4,20.00,2026-05-13 01:20:38.6566667
228706,916460,4,20.00,2026-05-13 01:20:38.8166667
228743,916283,4,20.00,2026-05-13 01:20:38.8500000
228757,916241,4,20.00,2026-05-13 01:20:38.8566667
228760,916238,4,20.00,2026-05-13 01:20:38.8566667
228761,916233,4,20.00,2026-05-13 01:20:38.8600000
228768,916215,4,20.00,2026-05-13 01:20:38.8600000
228785,916156,4,20.00,2026-05-13 01:20:38.8733333
228794,916130,4,20.00,2026-05-13 01:20:38.8800000
228836,916973,4,20.00,2026-05-13 01:20:39.0466667
228966,917460,4,20.00,2026-05-13 01:20:39.2800000
228987,917383,4,20.00,2026-05-13 01:20:39.2933333
229044,917177,4,20.00,2026-05-13 01:20:39.3366667
229119,917886,4,20.00,2026-05-13 01:20:39.5333333
229128,917845,4,20.00,2026-05-13 01:20:39.5400000
229131,917839,4,20.00,2026-05-13 01:20:39.5433333
229162,917695,4,20.00,2026-05-13 01:20:39.5700000
229185,917614,4,20.00,2026-05-13 01:20:39.5866667
229214,917527,4,20.00,2026-05-13 01:20:39.6033333
229392,918866,4,20.00,2026-05-13 01:20:40.0733333
229461,918610,4,20.00,2026-05-13 01:20:40.1200000
229531,919353,4,20.00,2026-05-13 01:20:40.3066667
229579,919155,4,20.00,2026-05-13 01:20:40.3433333
229653,919853,4,20.00,2026-05-13 01:20:40.5400000
229654,919851,4,20.00,2026-05-13 01:20:40.5400000
229735,919563,4,20.00,2026-05-13 01:20:40.5933333
229779,920403,4,20.00,2026-05-13 01:20:40.7533333
229813,920250,4,20.00,2026-05-13 01:20:40.7833333
229988,920558,4,20.00,2026-05-13 01:20:41.0533333
230056,921272,4,20.00,2026-05-13 01:20:41.2433333
230083,921173,4,20.00,2026-05-13 01:20:41.2633333
230110,921072,4,20.00,2026-05-13 01:20:41.2833333
230119,921038,4,20.00,2026-05-13 01:20:41.2900000
230185,921758,4,20.00,2026-05-13 01:20:41.4866667
230190,921732,4,20.00,2026-05-13 01:20:41.4900000
230211,921654,4,20.00,2026-05-13 01:20:41.5066667
230218,921621,4,20.00,2026-05-13 01:20:41.5100000
230259,922460,4,20.00,2026-05-13 01:20:41.6766667
230268,922443,4,20.00,2026-05-13 01:20:41.6800000
230435,922740,4,20.00,2026-05-13 01:20:41.9533333
230472,922585,4,20.00,2026-05-13 01:20:41.9900000
230498,923481,4,20.00,2026-05-13 01:20:42.1500000
230653,923819,4,20.00,2026-05-13 01:20:42.4200000
230733,923529,4,20.00,2026-05-13 01:20:42.4833333
230736,923512,4,20.00,2026-05-13 01:20:42.4866667
230755,924445,4,20.00,2026-05-13 01:20:42.6433333
230756,924441,4,20.00,2026-05-13 01:20:42.6433333
230862,924984,4,20.00,2026-05-13 01:20:42.8700000
230951,924664,4,20.00,2026-05-13 01:20:42.9300000
230997,925494,4,20.00,2026-05-13 01:20:43.1033333
231026,925408,4,20.00,2026-05-13 01:20:43.1200000
231053,925283,4,20.00,2026-05-13 01:20:43.1466667
231141,925915,4,20.00,2026-05-13 01:20:43.3633333
231173,925776,4,20.00,2026-05-13 01:20:43.3966667
231228,925523,4,20.00,2026-05-13 01:20:43.4500000
231303,926179,4,20.00,2026-05-13 01:20:43.6400000
231344,926023,4,20.00,2026-05-13 01:20:43.6700000
231362,926959,4,20.00,2026-05-13 01:20:43.8200000
231467,926556,4,20.00,2026-05-13 01:20:43.9100000
231504,927421,4,20.00,2026-05-13 01:20:44.0633333
231526,927339,4,20.00,2026-05-13 01:20:44.0800000
231554,927236,4,20.00,2026-05-13 01:20:44.1033333
231588,927101,4,20.00,2026-05-13 01:20:44.1300000
231606,927008,4,20.00,2026-05-13 01:20:44.1466667
231748,928488,4,20.00,2026-05-13 01:20:44.5133333
231751,928477,4,20.00,2026-05-13 01:20:44.5166667
231768,928396,4,20.00,2026-05-13 01:20:44.5366667
231800,928264,4,20.00,2026-05-13 01:20:44.5666667
231841,928122,4,20.00,2026-05-13 01:20:44.5933333
231845,928113,4,20.00,2026-05-13 01:20:44.5966667
231853,928075,4,20.00,2026-05-13 01:20:44.6033333
231890,928938,4,20.00,2026-05-13 01:20:44.7633333
231913,928829,4,20.00,2026-05-13 01:20:44.7866667
231985,928587,4,20.00,2026-05-13 01:20:44.8366667
232008,929495,4,20.00,2026-05-13 01:20:45.0100000
232083,929234,4,20.00,2026-05-13 01:20:45.0600000
232093,929202,4,20.00,2026-05-13 01:20:45.0666667
232130,929084,4,20.00,2026-05-13 01:20:45.0900000
232208,929772,4,20.00,2026-05-13 01:20:45.2900000
232238,929615,4,20.00,2026-05-13 01:20:45.3200000
232515,931487,4,20.00,2026-05-13 01:20:45.9333333
232598,931182,4,20.00,2026-05-13 01:20:45.9933333
232601,931162,4,20.00,2026-05-13 01:20:45.9966667
232675,931902,4,20.00,2026-05-13 01:20:46.1800000
232692,931822,4,20.00,2026-05-13 01:20:46.1966667
232760,931530,4,20.00,2026-05-13 01:20:46.2533333
232794,932404,4,20.00,2026-05-13 01:20:46.4100000
232818,932324,4,20.00,2026-05-13 01:20:46.4266667
232878,932063,4,20.00,2026-05-13 01:20:46.4766667
232911,932963,4,20.00,2026-05-13 01:20:46.6300000
232944,932833,4,20.00,2026-05-13 01:20:46.6533333
232972,932735,4,20.00,2026-05-13 01:20:46.6733333
232983,932692,4,20.00,2026-05-13 01:20:46.6800000
232993,932642,4,20.00,2026-05-13 01:20:46.6900000
233013,932573,4,20.00,2026-05-13 01:20:46.7066667
233067,933379,4,20.00,2026-05-13 01:20:46.8800000
233159,933010,4,20.00,2026-05-13 01:20:46.9500000
233168,933962,4,20.00,2026-05-13 01:20:47.0966667
233252,933566,4,20.00,2026-05-13 01:20:47.1700000
233394,934007,4,20.00,2026-05-13 01:20:47.4166667
233408,934959,4,20.00,2026-05-13 01:20:47.5600000
233429,934868,4,20.00,2026-05-13 01:20:47.5766667
233495,934626,4,20.00,2026-05-13 01:20:47.6233333
233526,934534,4,20.00,2026-05-13 01:20:47.6400000
233620,935163,4,20.00,2026-05-13 01:20:47.8533333
233622,935158,4,20.00,2026-05-13 01:20:47.8533333
233629,935136,4,20.00,2026-05-13 01:20:47.8600000
233697,935888,4,20.00,2026-05-13 01:20:48.0366667
233719,935814,4,20.00,2026-05-13 01:20:48.0500000
233741,935718,4,20.00,2026-05-13 01:20:48.0700000
233788,935527,4,20.00,2026-05-13 01:20:48.1066667
233791,935518,4,20.00,2026-05-13 01:20:48.1066667
233859,936241,4,20.00,2026-05-13 01:20:48.2933333
233880,936134,4,20.00,2026-05-13 01:20:48.3133333
233889,936103,4,20.00,2026-05-13 01:20:48.3200000
233924,936955,4,20.00,2026-05-13 01:20:48.4900000
233958,936836,4,20.00,2026-05-13 01:20:48.5200000
234076,937449,4,20.00,2026-05-13 01:20:48.7366667
234119,937277,4,20.00,2026-05-13 01:20:48.7700000
234185,937987,4,20.00,2026-05-13 01:20:48.9600000
234199,937943,4,20.00,2026-05-13 01:20:48.9666667
234221,937877,4,20.00,2026-05-13 01:20:48.9800000
234324,938470,4,20.00,2026-05-13 01:20:49.1966667
234348,938372,4,20.00,2026-05-13 01:20:49.2166667
234369,938306,4,20.00,2026-05-13 01:20:49.2300000
234550,938553,4,20.00,2026-05-13 01:20:49.5066667
234603,939340,4,20.00,2026-05-13 01:20:49.6800000
234757,939788,4,20.00,2026-05-13 01:20:49.9233333
234775,939723,4,20.00,2026-05-13 01:20:49.9366667
234822,939525,4,20.00,2026-05-13 01:20:49.9733333
234836,940472,4,20.00,2026-05-13 01:20:50.1200000
234853,940420,4,20.00,2026-05-13 01:20:50.1300000
234864,940388,4,20.00,2026-05-13 01:20:50.1400000
234877,940336,4,20.00,2026-05-13 01:20:50.1500000
234929,940122,4,20.00,2026-05-13 01:20:50.1900000
234948,940054,4,20.00,2026-05-13 01:20:50.2000000
235014,940763,4,20.00,2026-05-13 01:20:50.3933333
235061,940537,4,20.00,2026-05-13 01:20:50.4333333
235085,941442,4,20.00,2026-05-13 01:20:50.5900000
235122,941309,4,20.00,2026-05-13 01:20:50.6133333
235167,941135,4,20.00,2026-05-13 01:20:50.6500000
235250,941791,4,20.00,2026-05-13 01:20:50.8633333
235365,942371,4,20.00,2026-05-13 01:20:51.0800000
235471,942945,4,20.00,2026-05-13 01:20:51.2900000
235477,942919,4,20.00,2026-05-13 01:20:51.2966667
235478,942915,4,20.00,2026-05-13 01:20:51.2966667
235564,942548,4,20.00,2026-05-13 01:20:51.3666667
235573,942530,4,20.00,2026-05-13 01:20:51.3700000
235604,943436,4,20.00,2026-05-13 01:20:51.5200000
235627,943354,4,20.00,2026-05-13 01:20:51.5366667
235726,943977,4,20.00,2026-05-13 01:20:51.7400000
235845,944470,4,20.00,2026-05-13 01:20:51.9833333
235847,944464,4,20.00,2026-05-13 01:20:51.9833333
235872,944365,4,20.00,2026-05-13 01:20:52.0033333
235875,944355,4,20.00,2026-05-13 01:20:52.0066667
235888,944296,4,20.00,2026-05-13 01:20:52.0166667
235904,944240,4,20.00,2026-05-13 01:20:52.0266667
235915,944202,4,20.00,2026-05-13 01:20:52.0333333
236002,944854,4,20.00,2026-05-13 01:20:52.2400000
236017,944788,4,20.00,2026-05-13 01:20:52.2533333
236066,944600,4,20.00,2026-05-13 01:20:52.2900000
236113,945436,4,20.00,2026-05-13 01:20:52.4666667
236121,945393,4,20.00,2026-05-13 01:20:52.4766667
236172,945217,4,20.00,2026-05-13 01:20:52.5133333
236188,945160,4,20.00,2026-05-13 01:20:52.5233333
236219,945057,4,20.00,2026-05-13 01:20:52.5433333
236221,945049,4,20.00,2026-05-13 01:20:52.5433333
236339,945546,4,20.00,2026-05-13 01:20:52.7800000
236385,946383,4,20.00,2026-05-13 01:20:52.9600000
236426,946254,4,20.00,2026-05-13 01:20:52.9933333
236447,946180,4,20.00,2026-05-13 01:20:53.0100000
236462,946125,4,20.00,2026-05-13 01:20:53.0200000
236469,946097,4,20.00,2026-05-13 01:20:53.0233333
236473,946080,4,20.00,2026-05-13 01:20:53.0300000
236476,946071,4,20.00,2026-05-13 01:20:53.0300000
236606,946525,4,20.00,2026-05-13 01:20:53.2766667
236637,947387,4,20.00,2026-05-13 01:20:53.4300000
236738,947005,4,20.00,2026-05-13 01:20:53.5066667
236763,947909,4,20.00,2026-05-13 01:20:53.6533333
236849,947605,4,20.00,2026-05-13 01:20:53.7133333
236893,948416,4,20.00,2026-05-13 01:20:53.8866667
236903,948388,4,20.00,2026-05-13 01:20:53.8933333
236927,948281,4,20.00,2026-05-13 01:20:53.9133333
236954,948157,4,20.00,2026-05-13 01:20:53.9366667
237004,948987,4,20.00,2026-05-13 01:20:54.1100000
237056,948773,4,20.00,2026-05-13 01:20:54.1500000
237061,948760,4,20.00,2026-05-13 01:20:54.1533333
237174,949309,4,20.00,2026-05-13 01:20:54.3766667
237195,949239,4,20.00,2026-05-13 01:20:54.3900000
237210,949170,4,20.00,2026-05-13 01:20:54.4033333
237381,950457,4,20.00,2026-05-13 01:20:54.8133333
237470,950136,4,20.00,2026-05-13 01:20:54.8766667
237502,950023,4,20.00,2026-05-13 01:20:54.9000000
237539,950885,4,20.00,2026-05-13 01:20:55.0666667
237585,950667,4,20.00,2026-05-13 01:20:55.1066667
237594,950614,4,20.00,2026-05-13 01:20:55.1166667
237611,950555,4,20.00,2026-05-13 01:20:55.1300000
237632,951467,4,20.00,2026-05-13 01:20:55.2833333
237655,951373,4,20.00,2026-05-13 01:20:55.3000000
237681,951281,4,20.00,2026-05-13 01:20:55.3200000
237845,951620,4,20.00,2026-05-13 01:20:55.5833333
237891,952406,4,20.00,2026-05-13 01:20:55.7666667
237919,952303,4,20.00,2026-05-13 01:20:55.7866667
237989,952043,4,20.00,2026-05-13 01:20:55.8366667
238021,952937,4,20.00,2026-05-13 01:20:55.9966667
238196,953155,4,20.00,2026-05-13 01:20:56.2900000
238263,953935,4,20.00,2026-05-13 01:20:56.4633333
238277,953879,4,20.00,2026-05-13 01:20:56.4766667
238287,953834,4,20.00,2026-05-13 01:20:56.4833333
238297,953795,4,20.00,2026-05-13 01:20:56.4933333
238306,953766,4,20.00,2026-05-13 01:20:56.4966667
238354,953594,4,20.00,2026-05-13 01:20:56.5300000
238389,954480,4,20.00,2026-05-13 01:20:56.6866667
238444,954247,4,20.00,2026-05-13 01:20:56.7400000
238475,954140,4,20.00,2026-05-13 01:20:56.7700000
238508,954985,4,20.00,2026-05-13 01:20:56.9700000
238540,954840,4,20.00,2026-05-13 01:20:56.9966667
238565,954721,4,20.00,2026-05-13 01:20:57.0200000
238640,955458,4,20.00,2026-05-13 01:20:57.2066667
238682,955289,4,20.00,2026-05-13 01:20:57.2400000
238721,955105,4,20.00,2026-05-13 01:20:57.2766667
238736,955043,4,20.00,2026-05-13 01:20:57.2866667
238753,955971,4,20.00,2026-05-13 01:20:57.4366667
238756,955963,4,20.00,2026-05-13 01:20:57.4400000
238795,955830,4,20.00,2026-05-13 01:20:57.4633333
238849,955624,4,20.00,2026-05-13 01:20:57.5033333
238910,956360,4,20.00,2026-05-13 01:20:57.6900000
238943,956205,4,20.00,2026-05-13 01:20:57.7233333
239055,956773,4,20.00,2026-05-13 01:20:57.9600000
239092,956637,4,20.00,2026-05-13 01:20:57.9833333
239129,957481,4,20.00,2026-05-13 01:20:58.1400000
239218,957101,4,20.00,2026-05-13 01:20:58.2133333
239232,957043,4,20.00,2026-05-13 01:20:58.2266667
239257,957891,4,20.00,2026-05-13 01:20:58.3900000
239271,957840,4,20.00,2026-05-13 01:20:58.4000000
239311,957692,4,20.00,2026-05-13 01:20:58.4300000
239317,957649,4,20.00,2026-05-13 01:20:58.4366667
239448,958177,4,20.00,2026-05-13 01:20:58.6700000
239491,958023,4,20.00,2026-05-13 01:20:58.7000000
239531,958870,4,20.00,2026-05-13 01:20:58.8633333
239544,958811,4,20.00,2026-05-13 01:20:58.8733333
239558,958754,4,20.00,2026-05-13 01:20:58.8866667
239573,958692,4,20.00,2026-05-13 01:20:58.8966667
239650,959414,4,20.00,2026-05-13 01:20:59.0833333
239682,959281,4,20.00,2026-05-13 01:20:59.1100000
239855,959530,4,20.00,2026-05-13 01:20:59.3900000
239865,960494,4,20.00,2026-05-13 01:20:59.5466667
239893,960403,4,20.00,2026-05-13 01:20:59.5700000
239984,960041,4,20.00,2026-05-13 01:20:59.6500000
240065,960687,4,20.00,2026-05-13 01:20:59.8533333
240105,960533,4,20.00,2026-05-13 01:20:59.8833333
240119,961489,4,20.00,2026-05-13 01:21:00.0266667
240148,961382,4,20.00,2026-05-13 01:21:00.0466667
240161,961332,4,20.00,2026-05-13 01:21:00.0566667
240165,961312,4,20.00,2026-05-13 01:21:00.0600000
240183,961231,4,20.00,2026-05-13 01:21:00.0766667
240211,961107,4,20.00,2026-05-13 01:21:00.1000000
240229,961047,4,20.00,2026-05-13 01:21:00.1100000
240230,961044,4,20.00,2026-05-13 01:21:00.1100000
240244,961979,4,20.00,2026-05-13 01:21:00.2633333
240257,961915,4,20.00,2026-05-13 01:21:00.2766667
240317,961643,4,20.00,2026-05-13 01:21:00.3300000
240362,962441,4,20.00,2026-05-13 01:21:00.5100000
240374,962406,4,20.00,2026-05-13 01:21:00.5166667
240378,962382,4,20.00,2026-05-13 01:21:00.5233333
240415,962244,4,20.00,2026-05-13 01:21:00.5533333
240424,962217,4,20.00,2026-05-13 01:21:00.5600000
240531,962803,4,20.00,2026-05-13 01:21:00.7700000
240704,963127,4,20.00,2026-05-13 01:21:01.0400000
240732,963039,4,20.00,2026-05-13 01:21:01.0600000
240741,963007,4,20.00,2026-05-13 01:21:01.0666667
240808,963784,4,20.00,2026-05-13 01:21:01.3100000
240843,963633,4,20.00,2026-05-13 01:21:01.3433333
240867,963525,4,20.00,2026-05-13 01:21:01.3666667
240872,964500,4,20.00,2026-05-13 01:21:01.5033333
240873,964499,4,20.00,2026-05-13 01:21:01.5033333
240875,964495,4,20.00,2026-05-13 01:21:01.5066667
240879,964484,4,20.00,2026-05-13 01:21:01.5100000
240888,964438,4,20.00,2026-05-13 01:21:01.5166667
240914,964360,4,20.00,2026-05-13 01:21:01.5333333
240972,964129,4,20.00,2026-05-13 01:21:01.5833333
241049,964834,4,20.00,2026-05-13 01:21:01.7800000
241094,964664,4,20.00,2026-05-13 01:21:01.8166667
241190,965344,4,20.00,2026-05-13 01:21:02.0133333
241212,965274,4,20.00,2026-05-13 01:21:02.0266667
241213,965266,4,20.00,2026-05-13 01:21:02.0266667
241272,965997,4,20.00,2026-05-13 01:21:02.2100000
241322,965778,4,20.00,2026-05-13 01:21:02.2566667
241425,966383,4,20.00,2026-05-13 01:21:02.4700000
241474,966232,4,20.00,2026-05-13 01:21:02.5033333
241508,966070,4,20.00,2026-05-13 01:21:02.5366667
241595,966713,4,20.00,2026-05-13 01:21:02.7466667
241676,967390,4,20.00,2026-05-13 01:21:02.9466667
241713,967224,4,20.00,2026-05-13 01:21:02.9766667
241789,967933,4,20.00,2026-05-13 01:21:03.1700000
241801,967880,4,20.00,2026-05-13 01:21:03.1833333
241804,967869,4,20.00,2026-05-13 01:21:03.1833333
241844,967716,4,20.00,2026-05-13 01:21:03.2166667
241851,967700,4,20.00,2026-05-13 01:21:03.2200000
241873,967610,4,20.00,2026-05-13 01:21:03.2366667
241996,968110,4,20.00,2026-05-13 01:21:03.4800000
242070,968792,4,20.00,2026-05-13 01:21:03.6800000
242091,968717,4,20.00,2026-05-13 01:21:03.6933333
242100,968690,4,20.00,2026-05-13 01:21:03.6966667
242158,969466,4,20.00,2026-05-13 01:21:03.8700000
242196,969342,4,20.00,2026-05-13 01:21:03.8933333
242197,969331,4,20.00,2026-05-13 01:21:03.8966667
242217,969239,4,20.00,2026-05-13 01:21:03.9133333
242255,969063,4,20.00,2026-05-13 01:21:03.9466667
242318,969796,4,20.00,2026-05-13 01:21:04.1300000
242393,969503,4,20.00,2026-05-13 01:21:04.1866667
242597,970653,4,20.00,2026-05-13 01:21:04.6200000
242609,970595,4,20.00,2026-05-13 01:21:04.6300000
242638,971482,4,20.00,2026-05-13 01:21:04.7866667
242704,971238,4,20.00,2026-05-13 01:21:04.8333333
242716,971197,4,20.00,2026-05-13 01:21:04.8400000
242779,971943,4,20.00,2026-05-13 01:21:05.0333333
242820,971781,4,20.00,2026-05-13 01:21:05.0633333
242917,972379,4,20.00,2026-05-13 01:21:05.2766667
242995,972074,4,20.00,2026-05-13 01:21:05.3366667
243014,972004,4,20.00,2026-05-13 01:21:05.3500000
243046,972887,4,20.00,2026-05-13 01:21:05.5100000
243052,972868,4,20.00,2026-05-13 01:21:05.5133333
243068,972813,4,20.00,2026-05-13 01:21:05.5266667
243094,972713,4,20.00,2026-05-13 01:21:05.5433333
243236,973133,4,20.00,2026-05-13 01:21:05.7900000
243243,973110,4,20.00,2026-05-13 01:21:05.7966667
243305,973867,4,20.00,2026-05-13 01:21:05.9733333
243378,973589,4,20.00,2026-05-13 01:21:06.0266667
243394,973527,4,20.00,2026-05-13 01:21:06.0366667
243401,974497,4,20.00,2026-05-13 01:21:06.1800000
243521,974030,4,20.00,2026-05-13 01:21:06.2700000
243532,975000,4,20.00,2026-05-13 01:21:06.4133333
243554,974918,4,20.00,2026-05-13 01:21:06.4300000
243559,974905,4,20.00,2026-05-13 01:21:06.4333333
243602,974730,4,20.00,2026-05-13 01:21:06.4666667
243659,975500,4,20.00,2026-05-13 01:21:06.6466667
243675,975442,4,20.00,2026-05-13 01:21:06.6600000
243700,975312,4,20.00,2026-05-13 01:21:06.6833333
243725,975202,4,20.00,2026-05-13 01:21:06.7033333
243751,975077,4,20.00,2026-05-13 01:21:06.7266667
243756,975065,4,20.00,2026-05-13 01:21:06.7300000
243826,975778,4,20.00,2026-05-13 01:21:06.9200000
243875,975590,4,20.00,2026-05-13 01:21:06.9600000
243936,976330,4,20.00,2026-05-13 01:21:07.1533333
243995,976159,4,20.00,2026-05-13 01:21:07.1866667
244184,977432,4,20.00,2026-05-13 01:21:07.5900000
244197,977357,4,20.00,2026-05-13 01:21:07.6066667
244222,977238,4,20.00,2026-05-13 01:21:07.6300000
244251,977137,4,20.00,2026-05-13 01:21:07.6500000
244310,977875,4,20.00,2026-05-13 01:21:07.8366667
244391,977554,4,20.00,2026-05-13 01:21:07.8966667
244411,978476,4,20.00,2026-05-13 01:21:08.0500000
244446,978346,4,20.00,2026-05-13 01:21:08.1433333
244502,978122,4,20.00,2026-05-13 01:21:08.1900000
244562,978888,4,20.00,2026-05-13 01:21:08.3633333
244576,978825,4,20.00,2026-05-13 01:21:08.3766667
244581,978804,4,20.00,2026-05-13 01:21:08.3800000
244621,978641,4,20.00,2026-05-13 01:21:08.4133333
244626,978630,4,20.00,2026-05-13 01:21:08.4133333
244676,979461,4,20.00,2026-05-13 01:21:08.5866667
244809,979943,4,20.00,2026-05-13 01:21:08.8200000
244817,979898,4,20.00,2026-05-13 01:21:08.8300000
244853,979765,4,20.00,2026-05-13 01:21:08.8566667
244882,979634,4,20.00,2026-05-13 01:21:08.8833333
244949,980304,4,20.00,2026-05-13 01:21:09.0800000
244965,980256,4,20.00,2026-05-13 01:21:09.0900000
244978,980193,4,20.00,2026-05-13 01:21:09.1033333
244979,980187,4,20.00,2026-05-13 01:21:09.1033333
245088,980780,4,20.00,2026-05-13 01:21:09.3200000
245117,980632,4,20.00,2026-05-13 01:21:09.3466667
245119,980628,4,20.00,2026-05-13 01:21:09.3500000
245129,980573,4,20.00,2026-05-13 01:21:09.3600000
245145,980521,4,20.00,2026-05-13 01:21:09.3700000
245178,981379,4,20.00,2026-05-13 01:21:09.5233333
245233,981175,4,20.00,2026-05-13 01:21:09.5600000
245239,981149,4,20.00,2026-05-13 01:21:09.5666667
245249,981115,4,20.00,2026-05-13 01:21:09.5733333
245282,981985,4,20.00,2026-05-13 01:21:09.7300000
245320,981846,4,20.00,2026-05-13 01:21:09.7533333
245341,981757,4,20.00,2026-05-13 01:21:09.7700000
245351,981720,4,20.00,2026-05-13 01:21:09.7800000
245360,981690,4,20.00,2026-05-13 01:21:09.7833333
245382,981609,4,20.00,2026-05-13 01:21:09.8000000
245526,982058,4,20.00,2026-05-13 01:21:10.0500000
245549,982008,4,20.00,2026-05-13 01:21:10.0633333
245568,982954,4,20.00,2026-05-13 01:21:10.2100000
245705,983441,4,20.00,2026-05-13 01:21:10.4366667
245759,983260,4,20.00,2026-05-13 01:21:10.4700000
245851,983862,4,20.00,2026-05-13 01:21:10.6800000
245943,984400,4,20.00,2026-05-13 01:21:10.9066667
245949,984363,4,20.00,2026-05-13 01:21:10.9133333
245952,984339,4,20.00,2026-05-13 01:21:10.9166667
245997,984172,4,20.00,2026-05-13 01:21:10.9533333
246071,984917,4,20.00,2026-05-13 01:21:11.1466667
246082,984887,4,20.00,2026-05-13 01:21:11.1533333
246146,984596,4,20.00,2026-05-13 01:21:11.2200000
246213,985312,4,20.00,2026-05-13 01:21:11.4266667
246340,985770,4,20.00,2026-05-13 01:21:11.6666667
246382,985569,4,20.00,2026-05-13 01:21:11.7066667
246395,985513,4,20.00,2026-05-13 01:21:11.7166667
246408,986478,4,20.00,2026-05-13 01:21:11.8566667
246417,986446,4,20.00,2026-05-13 01:21:11.8633333
246454,986298,4,20.00,2026-05-13 01:21:11.8933333
246464,986262,4,20.00,2026-05-13 01:21:11.9000000
246479,986171,4,20.00,2026-05-13 01:21:11.9200000
246486,986129,4,20.00,2026-05-13 01:21:11.9300000
246514,986018,4,20.00,2026-05-13 01:21:11.9500000
246524,986989,4,20.00,2026-05-13 01:21:12.0933333
246527,986976,4,20.00,2026-05-13 01:21:12.0966667
246549,986902,4,20.00,2026-05-13 01:21:12.1100000
246555,986875,4,20.00,2026-05-13 01:21:12.1166667
246569,986830,4,20.00,2026-05-13 01:21:12.1233333
246585,986780,4,20.00,2026-05-13 01:21:12.1333333
246629,986607,4,20.00,2026-05-13 01:21:12.1700000
246749,987175,4,20.00,2026-05-13 01:21:12.3933333
246833,987883,4,20.00,2026-05-13 01:21:12.5766667
246849,987784,4,20.00,2026-05-13 01:21:12.5966667
246872,987667,4,20.00,2026-05-13 01:21:12.6166667
246924,988482,4,20.00,2026-05-13 01:21:12.7900000
246982,988227,4,20.00,2026-05-13 01:21:12.8433333
247038,988947,4,20.00,2026-05-13 01:21:13.0400000
247045,988914,4,20.00,2026-05-13 01:21:13.0500000
247077,988795,4,20.00,2026-05-13 01:21:13.0700000
247079,988783,4,20.00,2026-05-13 01:21:13.0733333
247107,988670,4,20.00,2026-05-13 01:21:13.0933333
247110,988656,4,20.00,2026-05-13 01:21:13.0966667
247132,988574,4,20.00,2026-05-13 01:21:13.1133333
247140,988520,4,20.00,2026-05-13 01:21:13.1233333
247234,989180,4,20.00,2026-05-13 01:21:13.3166667
247247,989137,4,20.00,2026-05-13 01:21:13.3233333
247252,989110,4,20.00,2026-05-13 01:21:13.3300000
247256,989097,4,20.00,2026-05-13 01:21:13.3333333
247288,989982,4,20.00,2026-05-13 01:21:13.4900000
247296,989951,4,20.00,2026-05-13 01:21:13.4933333
247308,989899,4,20.00,2026-05-13 01:21:13.5033333
247329,989811,4,20.00,2026-05-13 01:21:13.5200000
247355,989705,4,20.00,2026-05-13 01:21:13.5400000
247422,990377,4,20.00,2026-05-13 01:21:13.7300000
247567,990765,4,20.00,2026-05-13 01:21:13.9900000
247601,990619,4,20.00,2026-05-13 01:21:14.0166667
247623,990556,4,20.00,2026-05-13 01:21:14.0300000
247631,990532,4,20.00,2026-05-13 01:21:14.0333333
247661,991429,4,20.00,2026-05-13 01:21:14.1833333
247838,991707,4,20.00,2026-05-13 01:21:14.4533333
247896,992485,4,20.00,2026-05-13 01:21:14.6333333
247899,992477,4,20.00,2026-05-13 01:21:14.6366667
247932,992348,4,20.00,2026-05-13 01:21:14.6666667
248041,992964,4,20.00,2026-05-13 01:21:14.9066667
248057,992914,4,20.00,2026-05-13 01:21:14.9133333
248101,992728,4,20.00,2026-05-13 01:21:14.9533333
248175,993434,4,20.00,2026-05-13 01:21:15.1466667
248225,993239,4,20.00,2026-05-13 01:21:15.1833333
248244,993161,4,20.00,2026-05-13 01:21:15.2000000
248268,993088,4,20.00,2026-05-13 01:21:15.2133333
248275,993067,4,20.00,2026-05-13 01:21:15.2166667
248398,993575,4,20.00,2026-05-13 01:21:15.4500000
248431,994427,4,20.00,2026-05-13 01:21:15.6100000
248602,994804,4,20.00,2026-05-13 01:21:15.8733333
248613,994769,4,20.00,2026-05-13 01:21:15.8800000
248659,994616,4,20.00,2026-05-13 01:21:15.9233333
248689,995497,4,20.00,2026-05-13 01:21:16.0733333
248741,995240,4,20.00,2026-05-13 01:21:16.1233333
248777,995113,4,20.00,2026-05-13 01:21:16.1500000
248818,995964,4,20.00,2026-05-13 01:21:16.3100000
248844,995822,4,20.00,2026-05-13 01:21:16.3400000
248848,995806,4,20.00,2026-05-13 01:21:16.3400000
248851,995791,4,20.00,2026-05-13 01:21:16.3433333
248884,995658,4,20.00,2026-05-13 01:21:16.3700000
248902,995583,4,20.00,2026-05-13 01:21:16.3833333
249016,996165,4,20.00,2026-05-13 01:21:16.5966667
249040,996038,4,20.00,2026-05-13 01:21:16.6233333
249042,996027,4,20.00,2026-05-13 01:21:16.6233333
249065,996918,4,20.00,2026-05-13 01:21:16.7866667
249137,996668,4,20.00,2026-05-13 01:21:16.8666667
249171,996519,4,20.00,2026-05-13 01:21:16.9166667
249192,997421,4,20.00,2026-05-13 01:21:17.1200000
249210,997333,4,20.00,2026-05-13 01:21:17.1366667
249245,997225,4,20.00,2026-05-13 01:21:17.1566667
249307,997956,4,20.00,2026-05-13 01:21:17.3466667
249403,997552,4,20.00,2026-05-13 01:21:17.4266667
249444,998401,4,20.00,2026-05-13 01:21:17.5900000
249508,998163,4,20.00,2026-05-13 01:21:17.6333333
249534,998088,4,20.00,2026-05-13 01:21:17.6500000
249541,998055,4,20.00,2026-05-13 01:21:17.6566667
249573,998912,4,20.00,2026-05-13 01:21:17.8200000
249614,998736,4,20.00,2026-05-13 01:21:17.8633333
249818,999976,4,20.00,2026-05-13 01:21:18.2966667
250028,1000223,4,20.00,2026-05-13 01:21:18.5766667
250029,1000222,4,20.00,2026-05-13 01:21:18.5766667
250076,1000063,4,20.00,2026-05-13 01:21:18.6066667
250235,1001480,4,20.00,2026-05-13 01:21:18.9933333
250247,1001436,4,20.00,2026-05-13 01:21:19.0033333
250329,1001131,4,20.00,2026-05-13 01:21:19.0666667
250372,1001961,4,20.00,2026-05-13 01:21:19.2300000
250404,1001813,4,20.00,2026-05-13 01:21:19.2566667
250412,1001771,4,20.00,2026-05-13 01:21:19.2633333
250653,1002790,4,20.00,2026-05-13 01:21:19.7300000
250721,1002516,4,20.00,2026-05-13 01:21:19.7833333
250726,1002503,4,20.00,2026-05-13 01:21:19.7866667
250760,1003381,4,20.00,2026-05-13 01:21:19.9400000
250781,1003298,4,20.00,2026-05-13 01:21:19.9566667
250826,1003126,4,20.00,2026-05-13 01:21:19.9900000
250855,1003016,4,20.00,2026-05-13 01:21:20.0133333
250933,1003661,4,20.00,2026-05-13 01:21:20.2166667
250967,1003517,4,20.00,2026-05-13 01:21:20.2433333
250973,1003505,4,20.00,2026-05-13 01:21:20.2466667
250980,1004488,4,20.00,2026-05-13 01:21:20.3833333
251083,1004992,4,20.00,2026-05-13 01:21:20.6100000
251119,1004834,4,20.00,2026-05-13 01:21:20.6400000
251154,1004674,4,20.00,2026-05-13 01:21:20.6766667
251186,1004515,4,20.00,2026-05-13 01:21:20.7066667
251215,1005420,4,20.00,2026-05-13 01:21:20.8633333
251230,1005350,4,20.00,2026-05-13 01:21:20.8766667
251238,1005309,4,20.00,2026-05-13 01:21:20.8833333
251286,1005168,4,20.00,2026-05-13 01:21:20.9100000
251308,1005074,4,20.00,2026-05-13 01:21:20.9266667
251326,1005007,4,20.00,2026-05-13 01:21:20.9400000
251333,1005971,4,20.00,2026-05-13 01:21:21.0833333
251378,1005758,4,20.00,2026-05-13 01:21:21.1233333
251575,1006949,4,20.00,2026-05-13 01:21:21.5433333
251618,1006798,4,20.00,2026-05-13 01:21:21.5733333
251634,1006719,4,20.00,2026-05-13 01:21:21.5900000
251680,1006568,4,20.00,2026-05-13 01:21:21.6166667
251721,1007433,4,20.00,2026-05-13 01:21:21.7800000
251750,1007330,4,20.00,2026-05-13 01:21:21.8000000
251786,1007178,4,20.00,2026-05-13 01:21:21.8266667
251816,1007055,4,20.00,2026-05-13 01:21:21.8533333
251838,1007954,4,20.00,2026-05-13 01:21:22.0033333
251846,1007928,4,20.00,2026-05-13 01:21:22.0100000
251894,1007754,4,20.00,2026-05-13 01:21:22.0433333
251990,1008367,4,20.00,2026-05-13 01:21:22.2533333
252008,1008270,4,20.00,2026-05-13 01:21:22.2733333
252103,1008904,4,20.00,2026-05-13 01:21:22.4833333
252118,1008858,4,20.00,2026-05-13 01:21:22.4933333
252242,1009364,4,20.00,2026-05-13 01:21:22.7233333
252272,1009245,4,20.00,2026-05-13 01:21:22.7466667
252329,1009003,4,20.00,2026-05-13 01:21:22.7966667
252371,1009822,4,20.00,2026-05-13 01:21:22.9666667
252392,1009720,4,20.00,2026-05-13 01:21:22.9866667
252573,1010047,4,20.00,2026-05-13 01:21:23.2700000
252597,1010942,4,20.00,2026-05-13 01:21:23.4266667
252607,1010905,4,20.00,2026-05-13 01:21:23.4333333
252706,1010551,4,20.00,2026-05-13 01:21:23.5000000
252710,1010534,4,20.00,2026-05-13 01:21:23.5033333
252727,1011471,4,20.00,2026-05-13 01:21:23.6566667
252763,1011330,4,20.00,2026-05-13 01:21:23.6833333
252778,1011268,4,20.00,2026-05-13 01:21:23.6966667
252821,1011069,4,20.00,2026-05-13 01:21:23.7333333
252824,1011061,4,20.00,2026-05-13 01:21:23.7366667
252902,1011720,4,20.00,2026-05-13 01:21:23.9333333
252937,1011598,4,20.00,2026-05-13 01:21:23.9600000
253034,1012175,4,20.00,2026-05-13 01:21:24.1733333
253084,1012950,4,20.00,2026-05-13 01:21:24.3500000
253172,1012666,4,20.00,2026-05-13 01:21:24.4033333
253195,1012554,4,20.00,2026-05-13 01:21:24.4266667
253306,1013138,4,20.00,2026-05-13 01:21:24.6333333
253335,1013028,4,20.00,2026-05-13 01:21:24.6566667
253495,1014461,4,20.00,2026-05-13 01:21:25.0266667
253506,1014389,4,20.00,2026-05-13 01:21:25.0400000
253512,1014362,4,20.00,2026-05-13 01:21:25.0466667
253520,1014343,4,20.00,2026-05-13 01:21:25.0500000
253544,1014253,4,20.00,2026-05-13 01:21:25.0666667
253575,1014098,4,20.00,2026-05-13 01:21:25.0966667
253577,1014094,4,20.00,2026-05-13 01:21:25.0966667
253604,1014004,4,20.00,2026-05-13 01:21:25.1166667
253650,1014848,4,20.00,2026-05-13 01:21:25.2800000
253669,1014779,4,20.00,2026-05-13 01:21:25.2933333
253709,1014612,4,20.00,2026-05-13 01:21:25.3266667
253738,1015473,4,20.00,2026-05-13 01:21:25.4900000
253744,1015445,4,20.00,2026-05-13 01:21:25.4966667
253749,1015426,4,20.00,2026-05-13 01:21:25.5000000
253770,1015339,4,20.00,2026-05-13 01:21:25.5166667
253805,1015160,4,20.00,2026-05-13 01:21:25.5533333
253809,1015146,4,20.00,2026-05-13 01:21:25.5566667
253862,1015926,4,20.00,2026-05-13 01:21:25.7333333
253952,1015579,4,20.00,2026-05-13 01:21:25.8000000
253973,1016495,4,20.00,2026-05-13 01:21:25.9533333
254001,1016351,4,20.00,2026-05-13 01:21:25.9800000
254030,1016254,4,20.00,2026-05-13 01:21:26.0000000
254097,1016997,4,20.00,2026-05-13 01:21:26.1900000
254140,1016776,4,20.00,2026-05-13 01:21:26.2300000
254170,1016679,4,20.00,2026-05-13 01:21:26.2500000
254201,1016530,4,20.00,2026-05-13 01:21:26.2800000
254214,1017475,4,20.00,2026-05-13 01:21:26.4166667
254241,1017373,4,20.00,2026-05-13 01:21:26.4366667
254272,1017220,4,20.00,2026-05-13 01:21:26.4733333
254302,1017113,4,20.00,2026-05-13 01:21:26.4966667
254597,1018947,4,20.00,2026-05-13 01:21:27.1433333
254673,1018698,4,20.00,2026-05-13 01:21:27.1966667
254730,1019436,4,20.00,2026-05-13 01:21:27.3766667
254775,1019280,4,20.00,2026-05-13 01:21:27.4066667
254801,1019181,4,20.00,2026-05-13 01:21:27.4266667
254844,1019039,4,20.00,2026-05-13 01:21:27.4533333
254845,1019033,4,20.00,2026-05-13 01:21:27.4533333
254883,1019851,4,20.00,2026-05-13 01:21:27.6233333
254902,1019797,4,20.00,2026-05-13 01:21:27.6333333
254907,1019784,4,20.00,2026-05-13 01:21:27.6366667
254922,1019733,4,20.00,2026-05-13 01:21:27.6466667
254943,1019664,4,20.00,2026-05-13 01:21:27.6600000
254963,1019604,4,20.00,2026-05-13 01:21:27.6700000
255004,1020419,4,20.00,2026-05-13 01:21:27.8466667
255029,1020342,4,20.00,2026-05-13 01:21:27.8633333
255071,1020164,4,20.00,2026-05-13 01:21:27.9000000
255141,1020833,4,20.00,2026-05-13 01:21:28.1033333
255159,1020767,4,20.00,2026-05-13 01:21:28.1133333
255228,1021483,4,20.00,2026-05-13 01:21:28.3000000
255244,1021424,4,20.00,2026-05-13 01:21:28.3100000
255246,1021419,4,20.00,2026-05-13 01:21:28.3100000
255317,1021198,4,20.00,2026-05-13 01:21:28.3533333
255319,1021191,4,20.00,2026-05-13 01:21:28.3566667
255324,1021175,4,20.00,2026-05-13 01:21:28.3600000
255415,1021813,4,20.00,2026-05-13 01:21:28.5633333
255422,1021800,4,20.00,2026-05-13 01:21:28.5666667
255423,1021798,4,20.00,2026-05-13 01:21:28.5666667
255493,1021558,4,20.00,2026-05-13 01:21:28.6133333
255523,1022436,4,20.00,2026-05-13 01:21:28.7766667
255536,1022385,4,20.00,2026-05-13 01:21:28.7900000
255549,1022341,4,20.00,2026-05-13 01:21:28.7966667
255551,1022318,4,20.00,2026-05-13 01:21:28.8000000
255553,1022315,4,20.00,2026-05-13 01:21:28.8000000
255645,1022001,4,20.00,2026-05-13 01:21:28.8600000
255695,1022837,4,20.00,2026-05-13 01:21:29.0300000
255715,1022755,4,20.00,2026-05-13 01:21:29.0466667
255915,1023016,4,20.00,2026-05-13 01:21:29.3200000
255927,1023972,4,20.00,2026-05-13 01:21:29.4700000
255952,1023858,4,20.00,2026-05-13 01:21:29.4933333
255996,1023686,4,20.00,2026-05-13 01:21:29.5266667
256062,1024437,4,20.00,2026-05-13 01:21:29.7000000
256075,1024376,4,20.00,2026-05-13 01:21:29.7133333
256086,1024332,4,20.00,2026-05-13 01:21:29.7200000
256116,1024233,4,20.00,2026-05-13 01:21:29.7400000
256154,1024065,4,20.00,2026-05-13 01:21:29.7733333
256159,1024054,4,20.00,2026-05-13 01:21:29.7766667
256202,1024892,4,20.00,2026-05-13 01:21:29.9400000
256223,1024786,4,20.00,2026-05-13 01:21:29.9633333
256230,1024755,4,20.00,2026-05-13 01:21:29.9700000
256232,1024744,4,20.00,2026-05-13 01:21:29.9733333
256317,1025443,4,20.00,2026-05-13 01:21:30.1666667
256331,1025402,4,20.00,2026-05-13 01:21:30.1766667
256409,1025134,4,20.00,2026-05-13 01:21:30.2266667
256488,1025808,4,20.00,2026-05-13 01:21:30.4233333
256563,1025520,4,20.00,2026-05-13 01:21:30.4800000
256624,1026265,4,20.00,2026-05-13 01:21:30.6633333
256680,1026031,4,20.00,2026-05-13 01:21:30.7100000
256768,1026717,4,20.00,2026-05-13 01:21:30.9100000
256831,1027460,4,20.00,2026-05-13 01:21:31.0933333
256834,1027443,4,20.00,2026-05-13 01:21:31.0966667
256855,1027366,4,20.00,2026-05-13 01:21:31.1133333
256881,1027250,4,20.00,2026-05-13 01:21:31.1366667
256900,1027156,4,20.00,2026-05-13 01:21:31.1533333
256907,1027122,4,20.00,2026-05-13 01:21:31.1600000
256911,1027095,4,20.00,2026-05-13 01:21:31.1666667
256927,1027010,4,20.00,2026-05-13 01:21:31.1833333
257012,1027671,4,20.00,2026-05-13 01:21:31.3833333
257045,1028491,4,20.00,2026-05-13 01:21:31.5600000
257066,1028363,4,20.00,2026-05-13 01:21:31.5866667
257112,1028183,4,20.00,2026-05-13 01:21:31.6233333
257120,1028157,4,20.00,2026-05-13 01:21:31.6266667
257143,1028071,4,20.00,2026-05-13 01:21:31.6466667
257166,1028982,4,20.00,2026-05-13 01:21:31.8000000
257342,1029248,4,20.00,2026-05-13 01:21:32.0766667
257362,1029146,4,20.00,2026-05-13 01:21:32.0966667
257404,1029940,4,20.00,2026-05-13 01:21:32.2733333
257477,1029621,4,20.00,2026-05-13 01:21:32.3333333
257524,1030425,4,20.00,2026-05-13 01:21:32.5100000
257533,1030378,4,20.00,2026-05-13 01:21:32.5200000
257612,1030032,4,20.00,2026-05-13 01:21:32.5933333
257631,1030926,4,20.00,2026-05-13 01:21:32.7566667
257658,1030830,4,20.00,2026-05-13 01:21:32.7766667
257667,1030818,4,20.00,2026-05-13 01:21:32.7800000
257728,1030554,4,20.00,2026-05-13 01:21:32.8300000
257744,1031474,4,20.00,2026-05-13 01:21:33.0100000
257778,1031351,4,20.00,2026-05-13 01:21:33.0333333
257880,1031904,4,20.00,2026-05-13 01:21:33.2833333
257968,1031536,4,20.00,2026-05-13 01:21:33.3600000
258136,1032833,4,20.00,2026-05-13 01:21:33.7733333
258182,1032651,4,20.00,2026-05-13 01:21:33.8100000
258224,1032521,4,20.00,2026-05-13 01:21:33.8333333
258247,1033437,4,20.00,2026-05-13 01:21:33.9833333
258265,1033378,4,20.00,2026-05-13 01:21:33.9966667
258266,1033377,4,20.00,2026-05-13 01:21:33.9966667
258268,1033375,4,20.00,2026-05-13 01:21:33.9966667
258381,1033824,4,20.00,2026-05-13 01:21:34.2400000
258443,1033606,4,20.00,2026-05-13 01:21:34.2833333
258484,1034412,4,20.00,2026-05-13 01:21:34.4533333
258507,1034327,4,20.00,2026-05-13 01:21:34.4700000
258533,1034250,4,20.00,2026-05-13 01:21:34.4866667
258551,1034175,4,20.00,2026-05-13 01:21:34.5000000
258560,1034145,4,20.00,2026-05-13 01:21:34.5033333
258635,1034827,4,20.00,2026-05-13 01:21:34.7100000
258738,1035388,4,20.00,2026-05-13 01:21:34.9200000
258746,1035362,4,20.00,2026-05-13 01:21:34.9266667
258767,1035272,4,20.00,2026-05-13 01:21:34.9433333
258826,1035013,4,20.00,2026-05-13 01:21:34.9933333
258877,1035838,4,20.00,2026-05-13 01:21:35.1666667
258927,1035616,4,20.00,2026-05-13 01:21:35.2100000
259035,1036169,4,20.00,2026-05-13 01:21:35.4400000
259139,1036709,4,20.00,2026-05-13 01:21:35.6633333
259143,1036693,4,20.00,2026-05-13 01:21:35.6666667
259179,1036511,4,20.00,2026-05-13 01:21:35.7000000
259189,1037473,4,20.00,2026-05-13 01:21:35.8533333
259194,1037456,4,20.00,2026-05-13 01:21:35.8566667
259228,1037352,4,20.00,2026-05-13 01:21:35.8766667
259230,1037338,4,20.00,2026-05-13 01:21:35.8800000
259261,1037235,4,20.00,2026-05-13 01:21:35.9000000
259357,1037820,4,20.00,2026-05-13 01:21:36.1166667
259363,1037793,4,20.00,2026-05-13 01:21:36.1233333
259440,1038464,4,20.00,2026-05-13 01:21:36.3233333
259470,1038344,4,20.00,2026-05-13 01:21:36.3466667
259478,1038269,4,20.00,2026-05-13 01:21:36.3600000
259480,1038255,4,20.00,2026-05-13 01:21:36.3633333
259489,1038232,4,20.00,2026-05-13 01:21:36.3700000
259629,1038691,4,20.00,2026-05-13 01:21:36.6066667
259655,1038533,4,20.00,2026-05-13 01:21:36.6400000
259714,1039325,4,20.00,2026-05-13 01:21:36.8166667
259819,1039942,4,20.00,2026-05-13 01:21:37.0400000
259852,1039833,4,20.00,2026-05-13 01:21:37.0666667
259888,1039660,4,20.00,2026-05-13 01:21:37.1033333
259912,1039547,4,20.00,2026-05-13 01:21:37.1266667
259926,1040485,4,20.00,2026-05-13 01:21:37.2733333
260054,1040013,4,20.00,2026-05-13 01:21:37.6100000
260146,1040586,4,20.00,2026-05-13 01:21:37.8366667
260147,1040585,4,20.00,2026-05-13 01:21:37.8366667
260231,1041202,4,20.00,2026-05-13 01:21:38.0400000
260241,1041150,4,20.00,2026-05-13 01:21:38.0500000
260247,1041124,4,20.00,2026-05-13 01:21:38.0533333
260275,1041996,4,20.00,2026-05-13 01:21:38.2200000
260295,1041935,4,20.00,2026-05-13 01:21:38.2300000
260311,1041871,4,20.00,2026-05-13 01:21:38.2433333
260441,1042366,4,20.00,2026-05-13 01:21:38.5033333
260443,1042357,4,20.00,2026-05-13 01:21:38.5033333
260577,1042790,4,20.00,2026-05-13 01:21:38.7466667
260671,1043401,4,20.00,2026-05-13 01:21:38.9633333
260724,1043182,4,20.00,2026-05-13 01:21:39.0100000
260885,1043506,4,20.00,2026-05-13 01:21:39.2900000
