1,63,36438,2025-11-02,2026-01-02,3600.00,Fully Paid,8.40
3,69,39150,2026-01-23,2026-07-23,20000.00,Active,14.40
5,73,62635,2025-06-03,2025-11-03,22400.00,Fully Paid,8.40
7,76,9740,2024-11-28,2024-12-28,18000.00,Fully Paid,8.40
9,78,41856,2024-05-08,2024-08-08,9600.00,Fully Paid,6.00
10,79,53895,2026-02-28,2026-09-28,25000.00,Active,6.00
11,81,55647,2024-05-01,2024-11-01,23000.00,Fully Paid,14.40
14,90,46792,2024-12-18,2025-03-18,16000.00,Active,10.80
15,92,5824,2026-01-30,2026-09-30,16800.00,Active,10.80
16,105,11571,2024-06-22,2024-10-22,2500.00,Active,10.80
17,106,53956,2025-04-14,2026-01-14,11000.00,Fully Paid,10.80
18,109,58988,2026-02-11,2026-10-11,10000.00,Active,6.00
19,111,40264,2025-09-10,2026-04-10,28000.00,Fully Paid,6.00
20,112,54452,2026-04-20,2026-10-20,35000.00,Active,10.80
21,119,63156,2024-08-02,2025-02-02,20000.00,Fully Paid,10.80
23,128,55127,2024-02-07,2024-09-07,30000.00,Fully Paid,8.40
24,129,35555,2025-07-17,2025-11-17,1500.00,Active,14.40
25,130,49113,2024-08-26,2024-12-26,25000.00,Fully Paid,8.40
26,131,52374,2025-08-26,2025-11-26,16250.00,Fully Paid,6.00
28,138,3940,2026-05-06,2026-09-06,15000.00,Active,6.00
29,139,67644,2024-06-29,2025-01-29,10000.00,Fully Paid,6.00
30,141,51794,2025-01-30,2025-06-30,5000.00,Fully Paid,6.00
31,144,11306,2025-01-25,2025-02-25,15000.00,Fully Paid,6.00
33,151,66420,2025-01-26,2025-08-26,15000.00,Active,8.40
34,152,6278,2025-08-27,2025-12-27,5000.00,Fully Paid,6.00
35,153,39672,2026-02-08,2026-05-08,11550.00,Defaulted,6.00
37,160,33799,2025-04-28,2025-06-28,6000.00,Fully Paid,8.40
38,166,61614,2026-04-16,2026-06-16,5475.00,Active,6.00
40,170,51153,2026-03-02,2026-11-02,22400.00,Active,8.40
41,171,36603,2025-08-30,2025-11-30,15975.00,Fully Paid,8.40
42,175,57771,2024-08-16,2024-12-16,8000.00,Fully Paid,6.00
43,176,33211,2024-09-08,2024-10-08,7000.00,Active,10.80
44,179,6806,2024-05-06,2024-08-06,24575.00,Fully Paid,8.40
45,180,6265,2024-10-17,2025-07-17,3200.00,Fully Paid,6.00
47,192,39723,2026-04-19,2026-05-19,16000.00,Fully Paid,14.40
48,201,56915,2026-04-21,2026-09-21,5000.00,Active,8.40
49,204,56721,2024-11-22,2025-03-22,16000.00,Fully Paid,8.40
50,205,42093,2024-05-19,2024-06-19,18000.00,Fully Paid,8.40
51,207,36688,2024-05-31,2024-11-30,5600.00,Active,10.80
52,210,39316,2025-11-16,2026-02-16,11000.00,Fully Paid,6.00
53,211,1806,2024-12-29,2025-08-29,4000.00,Fully Paid,6.00
55,218,13830,2026-05-03,2026-08-03,4575.00,Active,6.00
58,228,16963,2025-08-18,2025-10-18,14000.00,Fully Paid,6.00
59,229,18659,2024-12-21,2025-08-21,24000.00,Defaulted,6.00
60,231,4737,2025-01-28,2025-08-28,14550.00,Active,6.00
62,236,46928,2024-08-10,2025-02-10,16000.00,Active,10.80
63,242,16478,2025-12-27,2026-01-27,6000.00,Fully Paid,6.00
64,244,16010,2025-05-30,2026-01-30,14875.00,Fully Paid,6.00
66,250,17925,2025-07-02,2025-09-02,12000.00,Fully Paid,10.80
67,252,37844,2024-06-25,2024-08-25,24000.00,Fully Paid,6.00
68,262,43270,2024-09-05,2025-02-05,10000.00,Fully Paid,8.40
69,266,7762,2024-03-22,2024-09-22,25000.00,Active,10.80
70,268,12197,2025-05-11,2025-06-11,25600.00,Fully Paid,6.00
73,273,49812,2025-12-25,2026-08-25,30000.00,Active,6.00
75,284,9184,2025-11-22,2026-04-22,6000.00,Fully Paid,6.00
77,288,40899,2024-02-03,2024-06-03,4475.00,Fully Paid,6.00
78,290,59802,2025-05-07,2025-09-07,20000.00,Fully Paid,8.40
79,296,6145,2025-10-23,2026-05-23,10000.00,Fully Paid,10.80
80,297,54632,2025-02-05,2025-07-05,22000.00,Fully Paid,14.40
81,301,5729,2025-03-18,2025-07-18,8400.00,Defaulted,6.00
82,302,63741,2024-06-04,2025-02-04,5000.00,Fully Paid,6.00
83,307,43359,2024-07-25,2025-01-25,20000.00,Active,8.40
84,314,47156,2025-04-07,2025-10-07,5000.00,Fully Paid,6.00
85,318,23394,2024-02-20,2024-10-20,20000.00,Fully Paid,10.80
87,327,45475,2025-11-20,2026-07-20,12000.00,Active,10.80
90,334,42272,2025-01-23,2025-02-23,16000.00,Fully Paid,8.40
92,338,29265,2026-01-06,2026-04-06,4700.00,Active,10.80
93,348,41665,2025-04-13,2025-11-13,3600.00,Fully Paid,6.00
95,351,26032,2024-11-06,2025-01-06,15000.00,Fully Paid,6.00
96,358,1275,2024-01-16,2024-10-16,3700.00,Fully Paid,8.40
98,360,43316,2024-02-20,2024-04-20,7200.00,Fully Paid,6.00
100,369,21457,2025-03-03,2025-11-03,16000.00,Fully Paid,8.40
101,373,15063,2024-04-19,2025-01-19,28000.00,Fully Paid,10.80
103,386,8863,2025-04-20,2025-06-20,14000.00,Fully Paid,6.00
106,394,25283,2024-05-28,2024-08-28,8000.00,Fully Paid,10.80
107,396,46495,2024-11-07,2025-02-07,10400.00,Fully Paid,6.00
112,417,28791,2025-09-13,2026-01-13,21000.00,Fully Paid,14.40
113,420,61938,2024-04-19,2024-06-19,6000.00,Fully Paid,8.40
114,421,2166,2024-01-09,2024-03-09,8400.00,Active,8.40
116,424,63151,2024-02-15,2024-07-15,20000.00,Fully Paid,8.40
117,426,25275,2026-01-03,2026-06-03,20000.00,Active,14.40
119,431,59914,2024-07-02,2024-12-02,10050.00,Fully Paid,10.80
121,444,34672,2025-10-14,2025-12-14,6400.00,Fully Paid,8.40
124,455,10547,2025-01-14,2025-04-14,6000.00,Fully Paid,10.80
125,463,66259,2025-05-24,2025-06-24,21000.00,Fully Paid,6.00
126,467,11290,2024-09-07,2025-02-07,22400.00,Defaulted,8.40
128,489,33706,2025-09-19,2026-02-19,20500.00,Fully Paid,14.40
129,491,49929,2026-03-11,2026-05-11,28000.00,Fully Paid,8.40
130,497,46636,2025-05-29,2026-02-28,23850.00,Fully Paid,14.40
131,503,1374,2025-04-10,2025-08-10,10000.00,Fully Paid,6.00
132,504,59340,2025-05-17,2025-08-17,19000.00,Fully Paid,6.00
133,505,16219,2025-03-20,2025-05-20,18000.00,Fully Paid,10.80
135,508,18446,2025-01-11,2025-05-11,6000.00,Defaulted,10.80
136,510,3647,2025-07-15,2026-01-15,5000.00,Fully Paid,6.00
137,513,37720,2025-03-27,2025-05-27,20000.00,Fully Paid,8.40
138,514,61966,2024-12-13,2025-08-13,8000.00,Fully Paid,8.40
140,526,34815,2025-04-03,2026-01-03,27850.00,Fully Paid,8.40
143,537,67474,2026-02-24,2026-11-24,14000.00,Active,10.80
144,538,9923,2024-06-22,2024-10-22,9000.00,Fully Paid,14.40
145,539,22965,2025-06-23,2025-09-23,8000.00,Fully Paid,6.00
146,541,13504,2026-01-14,2026-05-14,11200.00,Fully Paid,8.40
147,552,43639,2026-02-08,2026-11-08,1000.00,Active,10.80
148,553,36140,2024-06-27,2025-03-27,24950.00,Fully Paid,14.40
150,557,52043,2025-12-05,2026-01-05,2950.00,Fully Paid,6.00
151,559,16986,2026-02-14,2026-11-14,6000.00,Active,14.40
153,563,17913,2024-06-25,2025-02-25,10000.00,Fully Paid,8.40
154,566,20029,2025-02-16,2025-11-16,14450.00,Fully Paid,6.00
157,581,4148,2024-07-30,2025-02-28,20000.00,Fully Paid,10.80
158,583,34744,2025-04-26,2025-05-26,28000.00,Fully Paid,6.00
159,586,38987,2024-06-07,2025-01-07,30000.00,Fully Paid,8.40
162,591,53803,2026-02-22,2026-03-22,15000.00,Fully Paid,8.40
163,594,164,2025-11-06,2026-04-06,24000.00,Fully Paid,8.40
164,595,50276,2024-10-10,2025-05-10,6025.00,Active,10.80
165,600,2342,2025-10-08,2026-02-08,10000.00,Defaulted,6.00
166,602,21925,2024-05-26,2024-12-26,15000.00,Fully Paid,6.00
167,608,64986,2024-08-28,2024-12-28,5875.00,Fully Paid,6.00
169,611,62436,2025-06-03,2026-01-03,19200.00,Fully Paid,8.40
172,618,3564,2025-04-24,2025-08-24,20000.00,Fully Paid,8.40
175,626,12047,2025-08-30,2026-04-30,8400.00,Fully Paid,10.80
177,629,24179,2024-04-29,2024-07-29,20000.00,Fully Paid,10.80
178,632,5709,2024-10-19,2025-02-19,18700.00,Active,8.40
179,635,45215,2024-02-14,2024-03-14,30000.00,Fully Paid,8.40
180,637,67860,2024-11-30,2025-06-30,30000.00,Fully Paid,6.00
183,640,61591,2025-05-09,2025-06-09,3225.00,Fully Paid,10.80
184,641,50369,2026-04-16,2026-10-16,28000.00,Active,10.80
185,643,30182,2025-10-04,2026-06-04,12000.00,Active,8.40
186,647,66873,2025-10-07,2026-01-07,18000.00,Defaulted,6.00
187,650,1921,2025-10-19,2026-01-19,8750.00,Active,10.80
188,653,13579,2024-07-13,2024-11-13,12500.00,Fully Paid,6.00
190,660,1633,2026-02-24,2026-08-24,7000.00,Active,6.00
191,663,43665,2025-07-30,2025-08-30,15000.00,Fully Paid,6.00
192,667,1405,2025-11-04,2026-06-04,20000.00,Active,14.40
193,671,54973,2025-12-04,2026-09-04,13600.00,Active,8.40
194,674,35460,2025-09-13,2026-06-13,20000.00,Active,8.40
196,680,52995,2024-04-10,2024-12-10,16000.00,Active,10.80
197,682,42753,2025-02-19,2025-07-19,3200.00,Fully Paid,6.00
198,685,20737,2025-11-11,2026-07-11,15000.00,Active,6.00
199,694,61283,2025-09-06,2026-06-06,12000.00,Active,8.40
201,702,60967,2025-09-16,2026-02-16,2000.00,Fully Paid,8.40
202,705,6151,2025-09-12,2026-06-12,25000.00,Active,10.80
203,707,4751,2025-03-09,2025-11-09,3000.00,Fully Paid,8.40
204,709,42028,2026-03-07,2026-06-07,13200.00,Active,14.40
205,710,62374,2025-04-22,2025-08-22,5000.00,Defaulted,6.00
206,713,27139,2024-03-06,2024-04-06,10000.00,Defaulted,8.40
207,715,15422,2026-02-09,2026-10-09,1000.00,Active,6.00
208,716,45501,2024-11-05,2025-07-05,12000.00,Fully Paid,6.00
210,723,55605,2025-04-03,2025-11-03,10000.00,Active,8.40
211,724,46923,2024-05-30,2025-01-30,6000.00,Active,6.00
212,727,31433,2024-07-31,2025-04-30,3850.00,Fully Paid,6.00
213,728,66016,2025-10-24,2026-07-24,2000.00,Active,8.40
214,729,65725,2024-09-27,2024-11-27,20000.00,Fully Paid,10.80
217,739,36975,2024-01-18,2024-07-18,10000.00,Fully Paid,14.40
220,744,27005,2026-02-06,2026-03-06,4800.00,Fully Paid,6.00
221,747,15269,2025-07-18,2026-02-18,12000.00,Fully Paid,6.00
223,749,7826,2025-09-20,2026-06-20,9650.00,Active,8.40
224,751,56995,2024-11-20,2025-08-20,25000.00,Fully Paid,6.00
225,756,26597,2025-01-20,2025-04-20,9600.00,Fully Paid,8.40
226,757,40904,2024-01-27,2024-03-27,3600.00,Fully Paid,6.00
227,758,8820,2025-09-05,2026-01-05,12000.00,Fully Paid,8.40
228,759,25456,2025-02-09,2025-03-09,35000.00,Fully Paid,8.40
230,764,63077,2025-10-18,2026-03-18,7000.00,Fully Paid,10.80
231,765,55252,2024-12-29,2025-04-29,4500.00,Fully Paid,6.00
232,767,43358,2026-01-12,2026-02-12,19500.00,Fully Paid,6.00
233,768,48680,2025-10-03,2026-07-03,5000.00,Active,6.00
235,771,3840,2026-05-06,2026-09-06,14150.00,Active,6.00
238,783,33564,2024-11-14,2025-07-14,5000.00,Fully Paid,6.00
239,785,21689,2026-05-11,2026-07-11,4850.00,Active,8.40
240,792,47952,2026-02-19,2026-07-19,10000.00,Active,8.40
241,796,59065,2024-06-15,2024-10-15,5000.00,Fully Paid,10.80
242,798,59282,2025-09-04,2026-01-04,18000.00,Active,6.00
243,802,20981,2025-07-05,2026-02-05,9000.00,Fully Paid,10.80
247,815,16946,2024-06-16,2024-07-16,2000.00,Fully Paid,8.40
250,822,48007,2026-04-17,2026-07-17,18250.00,Active,8.40
256,843,37171,2024-06-29,2024-08-29,24000.00,Defaulted,8.40
257,844,847,2024-05-24,2024-10-24,8000.00,Defaulted,10.80
258,848,15583,2024-02-23,2024-06-23,8400.00,Fully Paid,6.00
261,857,42826,2025-10-12,2026-05-12,16000.00,Fully Paid,8.40
262,859,13710,2024-06-13,2024-09-13,2800.00,Defaulted,10.80
263,871,45622,2026-01-28,2026-02-28,20000.00,Defaulted,6.00
268,881,46916,2025-11-25,2026-08-25,4000.00,Active,8.40
270,886,12734,2024-02-27,2024-11-27,2500.00,Fully Paid,6.00
271,894,29128,2025-02-04,2025-04-04,24000.00,Active,8.40
272,902,36583,2025-03-30,2025-10-30,10000.00,Fully Paid,10.80
273,905,34822,2026-03-02,2026-09-02,15600.00,Active,6.00
274,906,6205,2025-01-09,2025-02-09,11400.00,Active,14.40
276,919,26597,2025-08-04,2026-01-04,7500.00,Fully Paid,6.00
277,920,30358,2025-03-22,2025-04-22,14000.00,Fully Paid,8.40
279,926,11156,2024-02-22,2024-10-22,10000.00,Fully Paid,6.00
280,927,67951,2025-11-05,2026-08-05,35000.00,Active,10.80
282,949,66023,2025-12-25,2026-02-25,15000.00,Fully Paid,6.00
283,954,26281,2025-01-07,2025-04-07,20000.00,Defaulted,10.80
286,960,4310,2024-01-28,2024-02-28,10000.00,Fully Paid,8.40
287,963,19,2024-07-15,2024-12-15,1000.00,Fully Paid,6.00
288,969,20169,2024-02-14,2024-10-14,10650.00,Fully Paid,8.40
289,972,46958,2026-03-23,2026-07-23,8000.00,Active,8.40
290,975,10387,2025-12-14,2026-02-14,10000.00,Defaulted,8.40
291,989,30384,2024-07-19,2025-02-19,24000.00,Fully Paid,10.80
292,990,67959,2025-11-03,2026-04-03,24000.00,Fully Paid,14.40
293,991,38178,2025-12-01,2026-01-01,6225.00,Fully Paid,8.40
295,997,60648,2024-10-07,2025-01-07,35000.00,Defaulted,6.00
296,999,22246,2024-03-18,2024-11-18,12125.00,Active,6.00
297,1006,20014,2025-12-09,2026-07-09,8000.00,Active,6.00
298,1009,19972,2025-02-22,2025-08-22,14225.00,Defaulted,14.40
300,1015,9515,2025-11-18,2026-06-18,10000.00,Active,10.80
301,1021,45128,2024-03-29,2024-10-29,15200.00,Fully Paid,6.00
302,1022,56790,2025-11-01,2026-01-01,5000.00,Active,6.00
303,1023,31194,2026-03-20,2026-09-20,28000.00,Active,8.40
304,1024,6837,2024-10-17,2025-04-17,10000.00,Fully Paid,8.40
307,1038,15190,2024-05-24,2024-07-24,8000.00,Active,10.80
310,1041,46624,2024-09-02,2024-11-02,9000.00,Fully Paid,6.00
311,1046,14065,2024-08-31,2025-02-28,15000.00,Fully Paid,6.00
312,1048,49626,2025-01-01,2025-03-01,22000.00,Fully Paid,6.00
313,1049,17104,2024-03-02,2024-06-02,30000.00,Fully Paid,14.40
318,1066,29924,2025-08-31,2025-12-31,7000.00,Fully Paid,6.00
319,1067,65910,2025-04-23,2025-12-23,4500.00,Fully Paid,6.00
321,1074,59075,2024-09-08,2025-06-08,7000.00,Fully Paid,10.80
323,1082,35408,2026-05-09,2027-02-09,7100.00,Active,6.00
325,1090,54978,2025-11-13,2026-05-13,28000.00,Fully Paid,10.80
326,1097,35576,2026-02-15,2026-06-15,3000.00,Active,6.00
327,1099,21606,2024-04-15,2024-12-15,5400.00,Active,8.40
328,1100,62957,2025-12-08,2026-04-08,10800.00,Active,6.00
331,1112,37077,2024-10-19,2025-07-19,14425.00,Fully Paid,8.40
332,1113,51711,2025-11-08,2026-03-08,6400.00,Defaulted,6.00
334,1122,50369,2024-04-27,2024-09-27,28000.00,Fully Paid,6.00
335,1127,5331,2025-03-05,2025-11-05,19500.00,Fully Paid,6.00
338,1134,23927,2024-08-02,2024-12-02,17000.00,Active,8.40
339,1138,41237,2025-11-02,2026-01-02,16550.00,Fully Paid,10.80
340,1139,19597,2025-04-22,2025-07-22,10000.00,Active,10.80
341,1152,225,2024-01-21,2024-10-21,35000.00,Fully Paid,14.40
344,1160,34192,2026-02-05,2026-03-05,25000.00,Active,8.40
345,1171,15122,2024-04-05,2024-05-05,18000.00,Fully Paid,6.00
346,1177,45633,2025-04-25,2025-06-25,13600.00,Fully Paid,6.00
347,1178,38958,2024-04-02,2024-09-02,12000.00,Fully Paid,8.40
348,1181,56304,2025-07-06,2025-08-06,16275.00,Fully Paid,6.00
349,1183,43311,2025-01-22,2025-02-22,21000.00,Fully Paid,6.00
350,1184,56456,2026-03-09,2026-08-09,15000.00,Active,6.00
351,1187,18256,2024-04-10,2025-01-10,23250.00,Fully Paid,6.00
352,1192,17267,2024-01-08,2024-07-08,10000.00,Fully Paid,6.00
353,1193,44942,2024-06-23,2025-03-23,12000.00,Fully Paid,8.40
354,1197,2108,2026-04-03,2027-01-03,3775.00,Active,10.80
355,1200,625,2025-07-21,2026-03-21,15000.00,Fully Paid,8.40
356,1207,3514,2025-12-20,2026-05-20,6000.00,Fully Paid,8.40
357,1211,50245,2025-05-22,2025-07-22,20000.00,Fully Paid,6.00
358,1213,44856,2025-03-15,2025-12-15,16000.00,Fully Paid,8.40
359,1219,35074,2025-05-29,2025-07-29,8000.00,Fully Paid,10.80
360,1221,24821,2025-01-09,2025-02-09,17500.00,Defaulted,6.00
362,1227,36738,2024-05-20,2024-07-20,7200.00,Fully Paid,6.00
363,1232,31454,2026-05-14,2026-06-14,12000.00,Active,8.40
365,1243,19621,2026-02-21,2026-11-21,20000.00,Active,8.40
366,1244,66464,2026-01-22,2026-03-22,7200.00,Active,6.00
367,1248,9302,2024-09-07,2025-04-07,13000.00,Fully Paid,6.00
369,1253,26632,2025-04-14,2025-06-14,11000.00,Fully Paid,14.40
370,1254,37374,2024-12-27,2025-08-27,10000.00,Fully Paid,6.00
371,1256,22624,2025-11-25,2026-07-25,3300.00,Active,8.40
372,1257,164,2024-11-10,2025-06-10,10000.00,Fully Paid,8.40
373,1259,29858,2025-04-10,2025-07-10,19200.00,Fully Paid,6.00
374,1260,13253,2025-12-30,2026-04-30,8000.00,Fully Paid,14.40
375,1263,2541,2025-04-13,2026-01-13,5000.00,Fully Paid,10.80
376,1265,31726,2025-12-29,2026-09-29,28000.00,Active,6.00
377,1267,4004,2024-05-28,2024-09-28,10000.00,Fully Paid,8.40
378,1268,41125,2024-12-04,2025-04-04,4000.00,Active,8.40
379,1273,15876,2025-05-17,2025-11-17,11725.00,Fully Paid,6.00
380,1274,21182,2026-02-06,2026-04-06,11375.00,Fully Paid,8.40
381,1282,3880,2024-03-27,2024-06-27,18500.00,Fully Paid,8.40
382,1284,59823,2025-11-29,2025-12-29,11200.00,Fully Paid,6.00
383,1285,5801,2025-09-07,2026-04-07,10000.00,Fully Paid,6.00
384,1288,2850,2026-01-28,2026-07-28,9600.00,Active,8.40
385,1291,55039,2025-12-11,2026-06-11,24000.00,Active,10.80
386,1293,59844,2024-09-26,2025-02-26,5000.00,Fully Paid,10.80
387,1299,16996,2024-02-11,2024-05-11,28000.00,Fully Paid,8.40
388,1301,27902,2024-07-18,2025-04-18,18000.00,Active,6.00
389,1302,51600,2024-09-16,2024-11-16,5400.00,Fully Paid,8.40
392,1313,61474,2024-03-06,2024-08-06,4000.00,Fully Paid,10.80
394,1316,16813,2026-02-08,2026-07-08,6000.00,Active,8.40
395,1317,42423,2025-11-27,2026-06-27,30000.00,Active,10.80
398,1322,3315,2024-08-23,2025-05-23,3000.00,Active,10.80
399,1324,34867,2025-08-28,2025-12-28,10000.00,Fully Paid,6.00
400,1325,56596,2026-03-30,2026-07-30,9000.00,Active,14.40
402,1336,42605,2024-07-01,2025-01-01,24000.00,Fully Paid,8.40
403,1337,30639,2024-08-23,2025-03-23,10000.00,Fully Paid,6.00
405,1339,4350,2024-09-18,2024-11-18,31000.00,Fully Paid,10.80
407,1345,39000,2024-09-01,2025-01-01,7400.00,Fully Paid,14.40
408,1347,26474,2024-01-15,2024-09-15,12300.00,Fully Paid,10.80
410,1357,63628,2024-08-09,2024-09-09,10000.00,Fully Paid,10.80
411,1365,1339,2024-05-06,2025-01-06,8000.00,Fully Paid,10.80
412,1369,42522,2025-10-10,2026-04-10,12000.00,Fully Paid,10.80
413,1371,31735,2025-02-07,2025-08-07,10000.00,Fully Paid,10.80
416,1389,19543,2025-04-27,2025-12-27,8675.00,Fully Paid,8.40
417,1393,3789,2024-01-08,2024-10-08,20000.00,Fully Paid,14.40
419,1407,11315,2026-01-27,2026-10-27,8000.00,Active,6.00
420,1408,61905,2024-01-28,2024-08-28,10000.00,Fully Paid,10.80
421,1410,64990,2026-05-15,2026-10-15,6500.00,Active,8.40
422,1411,26747,2025-10-24,2026-03-24,5000.00,Fully Paid,8.40
424,1414,23917,2024-05-03,2024-06-03,10000.00,Fully Paid,8.40
425,1415,59651,2026-01-25,2026-08-25,3500.00,Active,8.40
427,1418,12728,2024-05-16,2024-10-16,6000.00,Fully Paid,6.00
428,1419,14589,2025-09-06,2026-04-06,35000.00,Fully Paid,8.40
432,1432,51411,2026-02-07,2026-06-07,14150.00,Active,8.40
433,1434,999,2025-08-13,2025-09-13,5750.00,Fully Paid,10.80
434,1436,16824,2024-01-28,2024-05-28,35000.00,Fully Paid,8.40
437,1439,48573,2024-08-17,2025-03-17,5600.00,Fully Paid,10.80
438,1441,11156,2024-12-18,2025-08-18,8000.00,Fully Paid,6.00
441,1452,64369,2024-02-22,2024-11-22,17600.00,Fully Paid,14.40
443,1455,37008,2024-05-19,2024-12-19,4000.00,Defaulted,6.00
445,1459,47170,2026-02-23,2026-10-23,20000.00,Active,10.80
446,1461,62355,2025-05-19,2025-11-19,22500.00,Fully Paid,8.40
447,1463,47391,2026-05-05,2027-01-05,1000.00,Active,8.40
448,1464,51137,2024-05-10,2025-01-10,8000.00,Fully Paid,8.40
449,1466,3933,2025-10-08,2026-07-08,16800.00,Active,6.00
450,1467,56877,2025-05-23,2025-08-23,16000.00,Fully Paid,8.40
453,1478,16199,2024-11-15,2025-08-15,16700.00,Fully Paid,8.40
457,1483,388,2025-05-07,2025-07-07,20000.00,Fully Paid,8.40
458,1491,67085,2026-01-29,2026-02-28,12000.00,Active,10.80
459,1494,21761,2024-08-11,2024-12-11,11300.00,Fully Paid,6.00
460,1495,3858,2024-06-15,2025-01-15,14075.00,Fully Paid,6.00
461,1496,30936,2025-02-13,2025-11-13,12225.00,Fully Paid,8.40
463,1503,13194,2026-03-17,2026-06-17,6000.00,Active,6.00
464,1508,38249,2024-12-15,2025-03-15,26900.00,Fully Paid,14.40
465,1509,66887,2025-08-28,2025-09-28,24000.00,Active,10.80
467,1515,54273,2025-04-06,2025-07-06,25000.00,Fully Paid,8.40
469,1528,53793,2024-11-21,2025-02-21,20000.00,Active,10.80
470,1533,38772,2025-08-19,2026-02-19,10000.00,Fully Paid,14.40
472,1539,48902,2025-10-23,2026-02-23,20000.00,Fully Paid,10.80
474,1544,5751,2024-02-16,2024-06-16,24000.00,Fully Paid,14.40
475,1546,37168,2025-03-12,2025-10-12,26575.00,Fully Paid,6.00
477,1550,56123,2025-01-28,2025-09-28,12300.00,Active,10.80
478,1551,37527,2025-09-29,2026-02-28,7025.00,Fully Paid,6.00
479,1553,43609,2025-02-25,2025-08-25,8425.00,Fully Paid,10.80
480,1556,40408,2024-07-01,2024-09-01,15000.00,Fully Paid,6.00
481,1560,27217,2026-04-24,2026-05-24,20000.00,Fully Paid,8.40
482,1561,3501,2025-10-26,2026-04-26,28000.00,Fully Paid,10.80
483,1562,29128,2024-07-22,2024-08-22,15000.00,Fully Paid,10.80
484,1564,14746,2025-12-22,2026-04-22,35000.00,Fully Paid,10.80
485,1566,24790,2024-02-21,2024-03-21,4000.00,Fully Paid,6.00
486,1567,18668,2024-06-18,2025-03-18,28800.00,Fully Paid,8.40
487,1569,24337,2024-06-11,2024-11-11,20000.00,Fully Paid,8.40
488,1572,44154,2025-07-26,2025-12-26,7200.00,Fully Paid,6.00
489,1574,53691,2024-05-31,2024-10-31,13875.00,Active,10.80
493,1597,26471,2025-10-08,2026-04-08,12500.00,Fully Paid,8.40
495,1603,42196,2025-09-14,2026-04-14,8000.00,Fully Paid,10.80
498,1614,25874,2024-09-28,2025-06-28,4800.00,Fully Paid,6.00
499,1616,56231,2024-10-09,2025-06-09,18525.00,Fully Paid,10.80
501,1620,51239,2025-06-23,2025-08-23,22000.00,Fully Paid,6.00
502,1626,55890,2025-10-26,2026-02-26,20000.00,Fully Paid,6.00
504,1629,50778,2024-12-04,2025-02-04,14275.00,Fully Paid,8.40
505,1633,51994,2024-02-23,2024-10-23,27200.00,Fully Paid,8.40
508,1638,46321,2025-02-04,2025-08-04,20000.00,Fully Paid,10.80
509,1644,39524,2025-01-20,2025-03-20,9600.00,Active,6.00
510,1645,12412,2024-12-07,2025-07-07,12000.00,Fully Paid,6.00
511,1646,66995,2026-01-06,2026-04-06,3000.00,Fully Paid,6.00
513,1651,16788,2025-04-15,2025-12-15,15000.00,Fully Paid,6.00
514,1652,35551,2024-12-22,2025-04-22,24200.00,Fully Paid,6.00
515,1653,20926,2025-11-09,2026-08-09,5000.00,Active,8.40
516,1654,21480,2024-11-14,2025-01-14,20000.00,Fully Paid,6.00
517,1661,14196,2026-03-25,2026-05-25,12000.00,Fully Paid,6.00
518,1663,12121,2025-12-24,2026-05-24,9000.00,Fully Paid,14.40
520,1669,56861,2026-01-23,2026-09-23,11050.00,Active,10.80
521,1672,14353,2024-07-22,2024-08-22,7250.00,Fully Paid,6.00
523,1678,33620,2025-06-08,2026-02-08,16000.00,Fully Paid,6.00
524,1680,67900,2024-08-16,2024-10-16,10000.00,Fully Paid,6.00
525,1682,33925,2024-06-29,2024-08-29,30000.00,Fully Paid,8.40
526,1686,11410,2025-04-02,2025-06-02,15000.00,Fully Paid,6.00
527,1691,64279,2024-11-07,2025-08-07,15300.00,Fully Paid,6.00
528,1692,65427,2024-12-25,2025-07-25,16325.00,Active,10.80
529,1702,1248,2024-10-25,2025-01-25,35000.00,Fully Paid,8.40
530,1703,1204,2024-10-06,2025-07-06,20000.00,Fully Paid,10.80
531,1704,27110,2024-10-09,2025-05-09,13000.00,Fully Paid,6.00
532,1718,476,2025-04-23,2025-07-23,25000.00,Fully Paid,8.40
534,1721,62301,2026-04-08,2026-06-08,10550.00,Active,6.00
535,1722,1583,2024-07-29,2024-11-29,10900.00,Fully Paid,8.40
536,1723,43516,2024-09-26,2025-05-26,15000.00,Fully Paid,8.40
537,1725,35130,2024-04-29,2024-07-29,4000.00,Defaulted,8.40
539,1740,22194,2025-10-20,2025-11-20,28025.00,Active,6.00
540,1741,7373,2026-02-12,2026-09-12,18850.00,Active,10.80
541,1747,21876,2024-08-11,2025-04-11,7525.00,Active,6.00
542,1749,39558,2025-10-29,2026-04-29,23100.00,Fully Paid,10.80
543,1751,56767,2026-04-26,2026-08-26,21125.00,Active,6.00
544,1753,55236,2024-06-10,2024-12-10,27275.00,Fully Paid,10.80
545,1755,4142,2025-10-16,2026-03-16,18000.00,Fully Paid,14.40
546,1759,9354,2025-07-02,2026-01-02,1500.00,Fully Paid,6.00
548,1765,54457,2025-04-29,2025-07-29,10525.00,Fully Paid,6.00
549,1768,57378,2025-09-13,2026-05-13,16500.00,Active,14.40
551,1780,49371,2026-04-11,2026-06-11,27300.00,Active,14.40
552,1783,36412,2026-01-07,2026-08-07,6025.00,Active,6.00
553,1786,8197,2025-03-21,2025-07-21,23000.00,Active,8.40
555,1796,52158,2024-05-15,2024-06-15,16025.00,Active,6.00
556,1801,17998,2024-01-04,2024-08-04,16000.00,Fully Paid,10.80
561,1813,6803,2026-02-10,2026-05-10,4525.00,Fully Paid,8.40
565,1823,66031,2025-08-29,2025-11-29,7000.00,Fully Paid,6.00
566,1826,57579,2026-03-14,2026-09-14,8600.00,Active,6.00
567,1828,21876,2025-04-27,2026-01-27,35000.00,Fully Paid,6.00
571,1846,38616,2024-08-12,2025-04-12,30000.00,Fully Paid,6.00
572,1847,4557,2024-06-10,2025-02-10,2125.00,Fully Paid,6.00
574,1854,24653,2026-01-26,2026-05-26,12000.00,Active,10.80
575,1857,40009,2025-04-17,2025-10-17,5000.00,Defaulted,10.80
576,1863,17668,2026-02-15,2026-08-15,20000.00,Active,10.80
577,1864,41161,2024-06-20,2024-07-20,3000.00,Fully Paid,6.00
578,1867,55791,2024-07-24,2025-04-24,8500.00,Fully Paid,6.00
580,1869,56150,2025-02-22,2025-08-22,10000.00,Fully Paid,10.80
581,1875,61977,2025-12-22,2026-08-22,10000.00,Active,10.80
582,1877,43062,2024-01-13,2024-08-13,24000.00,Fully Paid,10.80
584,1888,63223,2024-09-02,2025-04-02,12675.00,Fully Paid,6.00
590,1913,46376,2025-03-30,2025-06-30,24900.00,Active,14.40
591,1919,3347,2024-05-02,2024-08-02,6000.00,Fully Paid,14.40
592,1921,3309,2024-04-13,2024-12-13,20400.00,Active,10.80
593,1923,67363,2024-06-04,2025-02-04,8000.00,Fully Paid,6.00
594,1926,56798,2024-01-01,2024-04-01,5600.00,Fully Paid,8.40
595,1927,41272,2024-08-22,2025-04-22,10250.00,Fully Paid,10.80
596,1928,64927,2024-11-02,2025-07-02,1400.00,Fully Paid,6.00
597,1929,6068,2024-11-28,2025-01-28,17125.00,Defaulted,8.40
598,1937,11965,2025-03-27,2025-06-27,2400.00,Fully Paid,6.00
599,1939,45648,2025-04-08,2025-08-08,21000.00,Fully Paid,10.80
600,1940,18661,2024-01-21,2024-09-21,8000.00,Fully Paid,14.40
602,1942,25097,2024-09-19,2024-12-19,14400.00,Fully Paid,8.40
603,1943,28063,2024-05-02,2025-01-02,7000.00,Active,8.40
604,1944,38637,2025-06-11,2026-02-11,28500.00,Fully Paid,6.00
605,1945,32463,2025-04-19,2026-01-19,35000.00,Fully Paid,8.40
607,1950,34172,2024-02-08,2024-03-08,7000.00,Fully Paid,14.40
608,1951,8145,2025-04-05,2026-01-05,10000.00,Fully Paid,6.00
609,1957,66256,2025-05-28,2025-10-28,6000.00,Fully Paid,6.00
610,1961,2981,2024-05-09,2024-09-09,14000.00,Fully Paid,6.00
611,1965,54068,2025-12-17,2026-04-17,25000.00,Fully Paid,10.80
612,1966,63849,2025-02-28,2025-08-28,10000.00,Active,6.00
613,1968,5828,2024-10-23,2025-01-23,5600.00,Fully Paid,6.00
614,1976,50810,2025-03-05,2025-08-05,6000.00,Fully Paid,6.00
615,1979,36214,2025-09-03,2026-02-03,24000.00,Fully Paid,8.40
620,1985,55471,2025-10-05,2026-07-05,25000.00,Active,8.40
621,1987,6405,2024-12-09,2025-09-09,15000.00,Fully Paid,14.40
624,1996,45053,2025-11-22,2026-01-22,2800.00,Fully Paid,8.40
627,2020,57917,2025-01-30,2025-10-30,20000.00,Fully Paid,10.80
628,2022,50414,2025-08-07,2025-10-07,21900.00,Active,6.00
630,2026,536,2025-11-03,2026-02-03,24000.00,Fully Paid,10.80
632,2029,22041,2025-02-22,2025-09-22,5050.00,Fully Paid,8.40
634,2031,20453,2024-06-21,2025-02-21,14400.00,Defaulted,6.00
635,2032,30062,2024-10-25,2025-02-25,9000.00,Active,6.00
636,2033,39786,2024-05-23,2024-09-23,12000.00,Fully Paid,10.80
637,2034,51830,2024-10-22,2024-12-22,13000.00,Defaulted,8.40
639,2038,8249,2025-01-17,2025-02-17,5600.00,Active,6.00
640,2041,58545,2025-11-15,2026-03-15,21000.00,Fully Paid,10.80
642,2056,49399,2025-12-13,2026-08-13,15000.00,Active,10.80
643,2057,44237,2024-07-30,2024-11-30,14000.00,Fully Paid,6.00
645,2060,10091,2025-12-12,2026-04-12,18000.00,Fully Paid,14.40
646,2061,23643,2026-01-29,2026-07-29,4400.00,Active,6.00
648,2072,7832,2024-04-16,2024-10-16,8975.00,Fully Paid,8.40
649,2073,27110,2025-03-16,2025-09-16,20000.00,Fully Paid,6.00
650,2075,26824,2024-02-19,2024-11-19,15000.00,Fully Paid,10.80
651,2077,54938,2025-10-29,2026-05-29,30000.00,Active,14.40
652,2079,46923,2025-05-10,2025-06-10,3000.00,Fully Paid,6.00
653,2081,66083,2024-05-23,2024-07-23,15000.00,Fully Paid,14.40
654,2084,50653,2025-03-31,2025-11-30,20000.00,Fully Paid,8.40
655,2091,9138,2024-12-02,2025-09-02,6000.00,Fully Paid,6.00
656,2092,34298,2025-09-18,2026-05-18,5000.00,Fully Paid,6.00
657,2093,47623,2024-08-07,2025-01-07,15000.00,Fully Paid,10.80
658,2096,57850,2025-09-28,2026-05-28,5000.00,Active,6.00
660,2105,39470,2025-03-25,2025-06-25,10000.00,Fully Paid,8.40
661,2106,28248,2025-09-10,2026-03-10,25000.00,Fully Paid,14.40
663,2108,26347,2025-11-30,2025-12-30,10000.00,Fully Paid,14.40
664,2111,17835,2024-01-04,2024-06-04,6000.00,Fully Paid,8.40
665,2120,17892,2024-07-14,2024-12-14,15000.00,Fully Paid,8.40
666,2121,23061,2024-03-27,2024-05-27,2000.00,Fully Paid,6.00
667,2124,50526,2025-10-14,2025-11-14,16000.00,Fully Paid,6.00
669,2129,19369,2024-03-31,2024-12-31,8400.00,Fully Paid,8.40
670,2131,15338,2024-07-09,2024-12-09,7200.00,Fully Paid,8.40
671,2132,66037,2024-05-04,2024-08-04,7000.00,Fully Paid,8.40
672,2135,68064,2024-04-22,2024-12-22,35000.00,Fully Paid,8.40
674,2137,3263,2025-08-09,2026-02-09,18025.00,Fully Paid,10.80
675,2138,15943,2024-06-23,2024-07-23,10000.00,Fully Paid,10.80
677,2148,51745,2025-01-30,2025-03-30,16000.00,Fully Paid,10.80
678,2154,12927,2024-12-08,2025-07-08,15000.00,Fully Paid,8.40
679,2156,23945,2025-06-22,2025-11-22,8450.00,Fully Paid,10.80
681,2162,25171,2025-12-02,2026-05-02,15000.00,Fully Paid,10.80
682,2163,26157,2025-09-30,2026-06-30,15000.00,Active,10.80
683,2165,18054,2025-09-18,2025-11-18,8400.00,Fully Paid,6.00
684,2168,47340,2025-09-13,2026-02-13,5500.00,Fully Paid,10.80
686,2176,45117,2025-06-27,2026-02-27,5000.00,Fully Paid,8.40
687,2180,59980,2024-12-03,2025-07-03,2400.00,Fully Paid,6.00
689,2189,57564,2025-12-02,2026-08-02,16800.00,Active,8.40
690,2190,15911,2024-05-22,2024-12-22,5000.00,Active,8.40
691,2191,23656,2025-09-26,2025-11-26,8000.00,Fully Paid,10.80
692,2193,6003,2024-04-08,2024-09-08,30000.00,Fully Paid,6.00
695,2200,20996,2026-01-24,2026-02-24,15000.00,Fully Paid,8.40
696,2201,25514,2025-12-04,2026-06-04,4800.00,Active,8.40
697,2202,20473,2025-08-02,2026-03-02,8400.00,Active,10.80
698,2203,17948,2024-08-08,2024-10-08,27000.00,Fully Paid,8.40
699,2204,59309,2024-02-14,2024-07-14,10900.00,Fully Paid,8.40
700,2206,30407,2026-01-09,2026-04-09,23000.00,Fully Paid,6.00
703,2221,55202,2025-11-02,2026-02-02,10000.00,Fully Paid,6.00
704,2224,21806,2024-02-21,2024-06-21,1050.00,Fully Paid,6.00
706,2228,55366,2026-05-18,2026-12-18,7000.00,Active,10.80
707,2230,57979,2024-08-07,2024-09-07,4500.00,Fully Paid,6.00
708,2232,13863,2024-03-03,2024-11-03,7200.00,Fully Paid,10.80
709,2235,25586,2024-02-13,2024-10-13,4000.00,Fully Paid,6.00
710,2241,56565,2024-01-30,2024-06-30,5925.00,Fully Paid,8.40
711,2242,27662,2025-04-23,2025-06-23,3600.00,Fully Paid,8.40
714,2254,60173,2026-05-03,2026-08-03,15000.00,Active,6.00
715,2259,21086,2025-05-25,2025-06-25,5600.00,Fully Paid,8.40
717,2263,58193,2025-08-29,2025-09-29,24000.00,Fully Paid,8.40
719,2268,126,2024-07-14,2025-04-14,10000.00,Fully Paid,14.40
721,2271,15145,2025-03-20,2025-10-20,7200.00,Fully Paid,6.00
722,2272,9488,2024-11-30,2025-08-30,29000.00,Fully Paid,6.00
724,2276,33813,2024-12-22,2025-04-22,15000.00,Fully Paid,10.80
725,2277,35950,2024-04-27,2024-05-27,15000.00,Active,8.40
726,2278,41660,2024-09-02,2024-10-02,25000.00,Active,6.00
727,2279,18145,2024-04-11,2024-08-11,10000.00,Fully Paid,10.80
728,2280,11806,2024-09-12,2025-06-12,7350.00,Fully Paid,6.00
733,2299,64986,2025-01-30,2025-02-28,8000.00,Fully Paid,8.40
734,2301,67852,2026-02-23,2026-10-23,24000.00,Active,14.40
735,2302,40147,2025-03-23,2025-12-23,15000.00,Fully Paid,6.00
736,2303,27398,2025-01-17,2025-09-17,30000.00,Fully Paid,6.00
737,2304,29244,2024-01-29,2024-06-29,6000.00,Fully Paid,6.00
739,2312,58523,2025-10-15,2026-04-15,25200.00,Fully Paid,10.80
740,2319,47340,2025-11-11,2026-01-11,2975.00,Active,14.40
746,2351,19049,2025-11-27,2026-08-27,3200.00,Active,8.40
748,2354,28251,2026-01-22,2026-05-22,25600.00,Fully Paid,6.00
749,2355,58209,2024-10-22,2025-02-22,9800.00,Fully Paid,6.00
750,2356,40038,2025-06-22,2025-10-22,5600.00,Active,10.80
752,2362,64544,2024-09-15,2025-04-15,27000.00,Fully Paid,6.00
753,2363,45595,2025-09-11,2026-03-11,11500.00,Fully Paid,10.80
754,2365,32687,2025-11-12,2026-07-12,8000.00,Active,8.40
755,2376,20453,2026-05-13,2027-02-13,1200.00,Active,14.40
756,2379,60079,2025-08-09,2026-04-09,26975.00,Active,6.00
757,2380,10664,2025-06-13,2025-11-13,16000.00,Fully Paid,8.40
758,2381,10311,2024-09-14,2025-02-14,2750.00,Fully Paid,14.40
759,2383,31042,2025-03-31,2025-04-30,2400.00,Active,14.40
762,2399,8631,2024-06-24,2025-03-24,10000.00,Defaulted,6.00
763,2400,58650,2025-04-02,2025-09-02,5000.00,Fully Paid,6.00
764,2404,51422,2025-04-26,2025-11-26,17500.00,Fully Paid,6.00
765,2405,45201,2024-01-26,2024-04-26,13000.00,Fully Paid,14.40
766,2406,2548,2025-06-01,2025-11-01,19625.00,Fully Paid,6.00
767,2410,8282,2025-02-10,2025-04-10,13000.00,Fully Paid,10.80
768,2413,41237,2026-05-18,2026-07-18,9600.00,Active,6.00
769,2417,47159,2025-12-29,2026-05-29,14600.00,Active,8.40
772,2423,54023,2025-05-09,2025-06-09,9450.00,Fully Paid,8.40
773,2427,22210,2025-08-20,2025-10-20,10000.00,Fully Paid,10.80
774,2432,18641,2026-03-13,2026-04-13,5600.00,Fully Paid,8.40
776,2435,37211,2024-02-04,2024-11-04,24000.00,Fully Paid,14.40
778,2444,25455,2025-07-09,2025-09-09,6000.00,Fully Paid,6.00
779,2449,35591,2026-04-15,2026-12-15,35000.00,Active,6.00
780,2452,34256,2024-08-23,2025-01-23,5000.00,Fully Paid,8.40
781,2455,12694,2025-12-14,2026-06-14,2500.00,Active,10.80
782,2460,31615,2025-04-06,2025-05-06,20000.00,Fully Paid,14.40
784,2472,8586,2024-09-03,2025-02-03,8000.00,Fully Paid,6.00
786,2483,57941,2025-02-24,2025-03-24,17750.00,Fully Paid,10.80
787,2486,58977,2026-01-21,2026-06-21,11675.00,Active,8.40
790,2492,40548,2025-05-20,2025-06-20,9200.00,Fully Paid,6.00
791,2493,24376,2025-11-03,2026-03-03,15000.00,Fully Paid,8.40
793,2495,12650,2024-10-13,2025-03-13,10000.00,Fully Paid,6.00
794,2498,56903,2024-09-04,2025-01-04,30375.00,Fully Paid,6.00
795,2507,50326,2026-02-15,2026-04-15,25000.00,Fully Paid,10.80
796,2512,67861,2024-05-24,2025-02-24,9600.00,Fully Paid,10.80
797,2515,22224,2025-09-04,2026-06-04,16000.00,Active,6.00
799,2519,20413,2024-02-22,2024-05-22,21000.00,Fully Paid,6.00
800,2520,18650,2024-01-19,2024-06-19,4800.00,Fully Paid,10.80
801,2526,5374,2024-06-24,2024-10-24,8500.00,Defaulted,8.40
803,2530,30902,2025-12-30,2026-04-30,35000.00,Fully Paid,6.00
804,2532,41342,2024-11-10,2025-04-10,18000.00,Fully Paid,8.40
805,2535,1971,2024-07-27,2024-10-27,16000.00,Fully Paid,6.00
807,2540,53240,2024-12-31,2025-09-30,4500.00,Fully Paid,6.00
809,2556,47206,2024-12-08,2025-04-08,9400.00,Fully Paid,8.40
812,2559,12863,2024-11-01,2025-03-01,7700.00,Fully Paid,10.80
813,2560,54992,2025-04-30,2025-07-30,5000.00,Fully Paid,6.00
814,2563,7952,2024-01-05,2024-02-05,8000.00,Fully Paid,6.00
815,2565,36227,2024-09-23,2024-12-23,15000.00,Fully Paid,6.00
816,2569,21948,2024-07-25,2025-01-25,12000.00,Active,6.00
817,2571,31725,2024-10-14,2025-01-14,6000.00,Fully Paid,14.40
818,2572,5921,2024-04-03,2024-11-03,20000.00,Active,8.40
819,2575,56178,2024-02-16,2024-08-16,2950.00,Fully Paid,6.00
820,2577,50189,2024-05-06,2024-11-06,35000.00,Fully Paid,6.00
821,2578,2762,2024-01-19,2024-09-19,11000.00,Fully Paid,6.00
822,2579,26155,2024-12-05,2025-02-05,8800.00,Fully Paid,6.00
826,2592,35831,2025-02-20,2025-09-20,15300.00,Fully Paid,14.40
827,2598,29874,2026-04-06,2026-09-06,11000.00,Active,10.80
829,2602,55297,2024-06-12,2024-10-12,33500.00,Fully Paid,14.40
831,2605,3865,2024-05-14,2024-12-14,10000.00,Fully Paid,8.40
833,2609,22226,2024-09-21,2025-01-21,2000.00,Fully Paid,8.40
834,2612,43905,2024-06-05,2024-07-05,5000.00,Fully Paid,6.00
835,2613,65892,2025-10-05,2026-03-05,5000.00,Active,6.00
836,2615,34864,2025-09-08,2025-11-08,8000.00,Fully Paid,6.00
837,2620,182,2025-07-01,2025-11-01,20000.00,Fully Paid,10.80
838,2623,26185,2026-01-25,2026-02-25,25000.00,Active,6.00
840,2631,67860,2024-04-16,2024-11-16,8000.00,Fully Paid,6.00
841,2636,31872,2024-08-04,2025-04-04,15000.00,Active,10.80
842,2641,6853,2025-01-14,2025-05-14,15000.00,Fully Paid,6.00
844,2653,53319,2024-07-14,2024-11-14,20000.00,Active,6.00
845,2654,29349,2025-07-21,2026-03-21,25000.00,Fully Paid,10.80
847,2662,62020,2025-05-09,2025-08-09,14000.00,Fully Paid,6.00
850,2687,59865,2024-12-08,2025-09-08,10000.00,Fully Paid,8.40
851,2691,7215,2025-09-21,2026-03-21,16225.00,Fully Paid,8.40
852,2694,65724,2025-10-19,2025-12-19,24000.00,Fully Paid,8.40
855,2703,25203,2025-04-11,2025-10-11,8000.00,Fully Paid,6.00
856,2707,34384,2024-04-29,2024-06-29,10000.00,Fully Paid,8.40
857,2712,63901,2025-04-14,2025-12-14,5000.00,Fully Paid,6.00
858,2714,59541,2025-09-10,2025-12-10,9000.00,Fully Paid,10.80
859,2725,63402,2024-09-03,2025-01-03,20000.00,Active,6.00
861,2730,38767,2026-01-24,2026-08-24,11200.00,Active,10.80
862,2731,4309,2026-03-17,2026-05-17,14400.00,Defaulted,6.00
863,2736,31733,2025-03-16,2025-04-16,8800.00,Fully Paid,10.80
865,2740,28625,2024-05-28,2024-10-28,30000.00,Active,6.00
868,2744,39937,2025-11-01,2026-08-01,8000.00,Active,8.40
871,2756,31725,2024-10-02,2024-11-02,20800.00,Defaulted,6.00
872,2757,58137,2024-03-21,2024-12-21,30400.00,Fully Paid,6.00
873,2760,65253,2025-02-13,2025-08-13,15000.00,Active,10.80
874,2763,18471,2025-12-11,2026-04-11,21000.00,Fully Paid,6.00
875,2766,16854,2025-04-17,2025-11-17,12000.00,Fully Paid,6.00
877,2774,50901,2024-01-02,2024-06-02,11675.00,Fully Paid,6.00
880,2783,8983,2025-06-18,2025-09-18,12000.00,Fully Paid,8.40
881,2785,54075,2024-02-20,2024-11-20,1500.00,Fully Paid,14.40
882,2793,57333,2024-05-25,2025-01-25,16800.00,Fully Paid,8.40
883,2794,14601,2025-06-16,2025-12-16,12000.00,Fully Paid,6.00
885,2799,4482,2025-09-29,2025-12-29,13000.00,Fully Paid,14.40
886,2800,4893,2024-10-30,2025-01-30,5000.00,Fully Paid,8.40
887,2801,9975,2026-02-20,2026-10-20,5000.00,Active,10.80
888,2803,62099,2024-01-24,2024-02-24,5600.00,Active,6.00
889,2804,43236,2025-09-12,2025-11-12,9600.00,Fully Paid,8.40
890,2805,21900,2024-11-21,2025-04-21,5000.00,Fully Paid,8.40
891,2807,4556,2024-01-02,2024-04-02,7675.00,Fully Paid,6.00
893,2811,58218,2024-09-03,2024-12-03,5000.00,Fully Paid,14.40
894,2812,15957,2026-02-09,2026-08-09,12000.00,Active,6.00
895,2815,1435,2024-09-29,2025-03-29,7850.00,Fully Paid,8.40
896,2819,67363,2026-02-21,2026-05-21,11900.00,Fully Paid,6.00
897,2822,15550,2024-07-29,2025-02-28,24000.00,Fully Paid,10.80
898,2825,31331,2025-12-03,2026-08-03,12000.00,Active,6.00
899,2827,56566,2025-09-25,2026-04-25,10000.00,Defaulted,6.00
900,2829,42853,2025-01-06,2025-10-06,10000.00,Fully Paid,8.40
901,2832,35096,2024-04-18,2025-01-18,2525.00,Fully Paid,10.80
902,2836,17241,2024-07-02,2024-10-02,24000.00,Defaulted,10.80
903,2837,3263,2026-01-12,2026-02-12,35000.00,Fully Paid,6.00
904,2841,27343,2025-06-24,2025-10-24,24000.00,Fully Paid,10.80
907,2854,36271,2025-05-20,2025-07-20,6000.00,Fully Paid,10.80
909,2856,54293,2024-07-20,2025-01-20,7525.00,Fully Paid,8.40
911,2871,17135,2024-05-15,2024-06-15,15000.00,Fully Paid,8.40
912,2874,31529,2024-05-18,2024-12-18,28000.00,Fully Paid,14.40
914,2885,13076,2024-08-08,2024-12-08,15000.00,Active,6.00
917,2891,11063,2025-07-18,2026-03-18,4000.00,Fully Paid,6.00
920,2901,35151,2025-05-15,2025-07-15,35000.00,Fully Paid,8.40
921,2902,28484,2025-10-04,2026-01-04,16000.00,Fully Paid,8.40
922,2903,27671,2024-03-06,2024-07-06,24000.00,Fully Paid,10.80
923,2908,14149,2024-08-30,2024-09-30,15000.00,Fully Paid,14.40
925,2914,44526,2026-01-12,2026-06-12,1000.00,Active,6.00
926,2918,35289,2025-02-20,2025-06-20,6400.00,Active,8.40
928,2924,23078,2025-05-08,2025-07-08,16000.00,Fully Paid,8.40
929,2929,21046,2025-08-07,2025-12-07,18000.00,Fully Paid,6.00
932,2936,19986,2025-01-20,2025-03-20,27000.00,Fully Paid,6.00
937,2950,28462,2026-04-13,2026-08-13,6000.00,Active,14.40
939,2956,36973,2024-11-02,2025-06-02,35000.00,Fully Paid,6.00
940,2962,49162,2025-09-14,2026-04-14,16000.00,Fully Paid,8.40
942,2977,3127,2024-01-21,2024-05-21,10000.00,Fully Paid,8.40
943,2980,45676,2026-04-16,2026-11-16,8000.00,Active,6.00
944,2985,64126,2024-11-14,2025-04-14,11000.00,Fully Paid,8.40
945,2990,49456,2025-10-18,2026-04-18,2500.00,Active,6.00
946,2991,26846,2025-03-11,2025-04-11,20000.00,Fully Paid,6.00
947,2993,65262,2024-11-15,2025-07-15,23825.00,Fully Paid,8.40
950,2997,55798,2024-12-09,2025-08-09,30000.00,Fully Paid,6.00
951,2998,29462,2024-08-14,2025-02-14,7850.00,Fully Paid,10.80
953,3006,65475,2024-05-04,2025-01-04,11000.00,Fully Paid,14.40
954,3012,41223,2025-09-29,2026-01-29,2500.00,Active,6.00
955,3015,41073,2025-05-09,2025-08-09,16000.00,Fully Paid,6.00
957,3020,4148,2025-08-04,2025-11-04,23000.00,Fully Paid,6.00
959,3031,23748,2026-05-15,2027-01-15,4200.00,Active,10.80
960,3032,3977,2024-01-19,2024-06-19,20000.00,Fully Paid,6.00
961,3038,7868,2025-10-16,2026-06-16,7500.00,Active,14.40
962,3040,15105,2024-04-11,2024-08-11,20000.00,Active,6.00
963,3047,7589,2024-04-25,2024-12-25,23000.00,Fully Paid,6.00
964,3049,57362,2024-12-20,2025-04-20,20000.00,Fully Paid,6.00
966,3053,18719,2024-07-05,2024-08-05,5600.00,Fully Paid,6.00
968,3059,37324,2025-01-14,2025-07-14,16800.00,Fully Paid,6.00
969,3060,2762,2025-02-10,2025-10-10,28000.00,Fully Paid,10.80
970,3062,41341,2025-12-07,2026-08-07,20000.00,Active,6.00
971,3066,38270,2026-01-16,2026-10-16,8000.00,Active,6.00
972,3067,38012,2025-06-24,2025-08-24,7000.00,Fully Paid,8.40
973,3068,61178,2024-10-19,2025-03-19,6000.00,Fully Paid,6.00
974,3081,1233,2025-03-17,2025-04-17,15000.00,Fully Paid,14.40
975,3083,2604,2026-05-04,2026-10-04,8500.00,Active,8.40
976,3084,48513,2025-09-05,2026-02-05,20000.00,Fully Paid,14.40
977,3086,37032,2026-02-21,2026-10-21,9800.00,Active,6.00
978,3088,13837,2025-04-23,2025-09-23,27025.00,Fully Paid,6.00
979,3089,50872,2025-10-16,2025-12-16,12000.00,Fully Paid,6.00
984,3105,4726,2024-12-06,2025-06-06,18000.00,Fully Paid,8.40
985,3107,45599,2024-11-03,2025-07-03,4000.00,Fully Paid,10.80
986,3108,9946,2025-10-27,2026-04-27,20000.00,Active,14.40
987,3109,33356,2025-11-26,2026-06-26,6000.00,Active,6.00
988,3112,23544,2025-09-02,2025-12-02,15000.00,Fully Paid,10.80
989,3115,25499,2025-07-30,2026-02-28,4000.00,Fully Paid,6.00
990,3118,33460,2025-07-24,2026-03-24,5000.00,Fully Paid,6.00
991,3121,4017,2026-05-17,2026-10-17,5000.00,Active,10.80
992,3122,52271,2024-12-14,2025-09-14,16000.00,Fully Paid,8.40
993,3126,29868,2025-05-10,2026-02-10,20000.00,Fully Paid,6.00
994,3129,39975,2025-01-29,2025-09-29,6200.00,Active,6.00
995,3130,18054,2025-09-02,2026-03-02,16000.00,Fully Paid,8.40
996,3134,29695,2025-09-30,2025-11-30,7075.00,Fully Paid,8.40
997,3137,56954,2024-06-20,2025-01-20,5000.00,Fully Paid,8.40
998,3142,12656,2025-10-14,2026-07-14,7000.00,Active,10.80
999,3143,48379,2024-04-16,2024-07-16,15600.00,Fully Paid,14.40
1001,3152,58360,2024-12-08,2025-01-08,3500.00,Fully Paid,8.40
1002,3154,48985,2024-04-16,2025-01-16,15200.00,Fully Paid,6.00
1003,3157,56493,2024-01-02,2024-08-02,8000.00,Active,6.00
1004,3159,59056,2025-01-23,2025-04-23,15000.00,Fully Paid,10.80
1005,3165,14284,2025-04-17,2025-09-17,10800.00,Defaulted,10.80
1006,3168,28486,2024-10-12,2025-05-12,9000.00,Fully Paid,6.00
1007,3170,42911,2025-08-27,2026-01-27,13625.00,Fully Paid,6.00
1008,3175,17668,2026-04-24,2026-05-24,4500.00,Fully Paid,10.80
1010,3186,61695,2025-11-29,2026-01-29,22675.00,Active,6.00
1011,3187,28481,2026-04-04,2026-11-04,15125.00,Active,6.00
1012,3189,2258,2024-03-19,2024-09-19,9000.00,Fully Paid,6.00
1014,3200,4916,2024-09-30,2024-11-30,3600.00,Active,10.80
1016,3202,9415,2025-01-17,2025-08-17,18000.00,Fully Paid,6.00
1017,3204,4076,2024-01-29,2024-08-29,11150.00,Fully Paid,10.80
1018,3205,4481,2024-08-22,2024-11-22,26000.00,Fully Paid,14.40
1020,3219,65686,2026-05-01,2027-02-01,6000.00,Active,8.40
1021,3224,32697,2025-05-26,2025-08-26,6025.00,Fully Paid,6.00
1022,3226,27511,2024-11-11,2025-07-11,15000.00,Fully Paid,10.80
1023,3228,45121,2024-11-09,2025-02-09,10000.00,Fully Paid,8.40
1024,3232,48692,2025-06-11,2025-12-11,4800.00,Fully Paid,10.80
1026,3238,53589,2025-10-16,2025-11-16,24000.00,Fully Paid,6.00
1027,3240,30775,2025-07-18,2025-12-18,2000.00,Fully Paid,6.00
1028,3244,19172,2024-11-14,2025-07-14,5000.00,Fully Paid,6.00
1029,3245,9964,2025-11-02,2026-01-02,5000.00,Fully Paid,8.40
1030,3247,63117,2024-08-27,2024-09-27,20000.00,Active,6.00
1033,3251,66959,2026-02-19,2026-06-19,12000.00,Active,10.80
1034,3252,38093,2024-07-29,2024-09-29,12000.00,Active,6.00
1035,3253,818,2025-04-30,2025-11-30,4000.00,Defaulted,10.80
1036,3254,42852,2025-12-27,2026-01-27,29750.00,Fully Paid,8.40
1037,3257,20540,2025-10-11,2025-11-11,8000.00,Fully Paid,6.00
1038,3259,46554,2024-11-28,2025-07-28,11200.00,Fully Paid,8.40
1043,3274,56426,2024-05-17,2024-10-17,8000.00,Fully Paid,10.80
1044,3277,10656,2026-01-08,2026-04-08,10500.00,Fully Paid,8.40
1045,3280,16185,2024-12-31,2025-03-31,22950.00,Active,10.80
1046,3284,64850,2026-04-10,2026-08-10,26400.00,Active,6.00
1047,3285,56536,2024-11-05,2025-04-05,25000.00,Fully Paid,8.40
1049,3294,35130,2024-11-16,2025-04-16,14075.00,Fully Paid,6.00
1050,3295,9731,2026-04-29,2026-11-29,20000.00,Active,10.80
1051,3298,13974,2025-10-31,2026-04-30,15000.00,Fully Paid,8.40
1055,3308,26185,2024-05-29,2024-07-29,7200.00,Fully Paid,8.40
1056,3312,51717,2025-08-17,2026-01-17,24000.00,Fully Paid,6.00
1058,3322,63077,2025-09-07,2026-01-07,4225.00,Active,8.40
1060,3325,25609,2025-05-09,2026-01-09,1400.00,Fully Paid,6.00
1061,3329,49760,2025-03-06,2025-04-06,2800.00,Fully Paid,10.80
1063,3334,49526,2025-06-19,2026-02-19,10000.00,Fully Paid,8.40
1064,3336,33821,2024-05-07,2024-09-07,5000.00,Fully Paid,10.80
1065,3337,44930,2024-09-24,2025-02-24,9000.00,Fully Paid,14.40
1066,3339,300,2024-03-12,2024-05-12,27000.00,Active,8.40
1067,3340,4165,2025-12-31,2026-06-30,10000.00,Active,8.40
1068,3341,57870,2025-04-10,2025-10-10,1000.00,Fully Paid,10.80
1070,3357,10990,2025-07-06,2025-08-06,10600.00,Fully Paid,6.00
1072,3361,14259,2025-07-20,2025-08-20,7000.00,Fully Paid,8.40
1073,3363,53883,2024-03-19,2024-08-19,4000.00,Fully Paid,6.00
1075,3365,62351,2024-08-24,2025-03-24,4000.00,Fully Paid,8.40
1076,3368,17998,2024-10-10,2025-01-10,18575.00,Fully Paid,10.80
1077,3378,24530,2024-09-11,2024-11-11,2000.00,Active,6.00
1078,3379,32949,2024-04-13,2024-08-13,10000.00,Fully Paid,6.00
1080,3387,59282,2026-05-17,2026-06-17,9000.00,Active,10.80
1081,3388,25179,2026-04-22,2026-12-22,24000.00,Active,8.40
1082,3397,38693,2024-04-21,2024-10-21,2000.00,Fully Paid,8.40
1084,3400,56493,2024-05-24,2024-07-24,25000.00,Fully Paid,8.40
1085,3401,59414,2024-10-07,2025-03-07,12000.00,Fully Paid,14.40
1086,3404,28410,2024-08-23,2024-10-23,12000.00,Fully Paid,8.40
1088,3406,51997,2025-01-14,2025-05-14,6000.00,Defaulted,8.40
1090,3408,48365,2026-03-16,2026-11-16,18000.00,Active,10.80
1091,3413,34142,2026-05-06,2026-10-06,12000.00,Active,6.00
1093,3426,66177,2025-11-03,2026-08-03,10000.00,Active,10.80
1094,3427,49173,2026-03-12,2026-11-12,12000.00,Active,6.00
1095,3429,31331,2025-10-17,2026-02-17,35000.00,Fully Paid,8.40
1097,3432,37363,2025-08-12,2025-09-12,14000.00,Fully Paid,10.80
1099,3436,63913,2025-01-25,2025-03-25,20000.00,Fully Paid,6.00
1100,3442,57703,2026-01-21,2026-02-21,6000.00,Fully Paid,6.00
1101,3443,64584,2024-08-27,2025-03-27,22900.00,Fully Paid,6.00
1102,3444,48958,2025-11-22,2026-07-22,5000.00,Active,14.40
1103,3447,62532,2025-12-03,2026-03-03,25000.00,Fully Paid,8.40
1104,3453,9627,2025-06-13,2025-12-13,3000.00,Fully Paid,6.00
1105,3455,47456,2025-09-21,2026-02-21,12000.00,Fully Paid,6.00
1106,3460,29005,2024-07-13,2025-02-13,16800.00,Fully Paid,8.40
1107,3461,54476,2024-02-10,2024-09-10,3600.00,Fully Paid,10.80
1108,3463,43333,2024-10-20,2025-07-20,2500.00,Fully Paid,6.00
1109,3464,53043,2025-09-01,2026-04-01,3000.00,Active,8.40
1110,3467,16726,2024-01-16,2024-04-16,22000.00,Fully Paid,6.00
1112,3471,12921,2024-11-14,2025-01-14,16800.00,Fully Paid,10.80
1113,3475,4145,2025-11-18,2026-01-18,8000.00,Fully Paid,14.40
1114,3476,2211,2025-10-11,2025-12-11,15000.00,Active,6.00
1116,3484,50667,2025-07-04,2025-12-04,4000.00,Fully Paid,10.80
1117,3487,46531,2024-05-11,2024-09-11,16800.00,Fully Paid,14.40
1118,3489,45927,2024-04-27,2025-01-27,15000.00,Fully Paid,8.40
1119,3493,3723,2025-02-19,2025-11-19,28800.00,Fully Paid,10.80
1120,3494,52839,2024-10-29,2025-02-28,15000.00,Fully Paid,6.00
1121,3495,33689,2025-02-25,2025-09-25,10900.00,Fully Paid,8.40
1122,3496,2094,2026-05-08,2026-12-08,9600.00,Active,8.40
1125,3516,59919,2026-03-04,2026-07-04,10000.00,Active,14.40
1126,3523,42706,2025-02-17,2025-11-17,2000.00,Fully Paid,8.40
1127,3529,7670,2025-04-12,2026-01-12,22000.00,Fully Paid,6.00
1128,3532,59530,2025-04-21,2026-01-21,18800.00,Fully Paid,6.00
1129,3534,53388,2024-10-23,2025-02-23,2500.00,Fully Paid,6.00
1130,3536,33211,2026-05-08,2026-12-08,14000.00,Active,6.00
1131,3539,38977,2025-07-29,2025-12-29,2000.00,Fully Paid,8.40
1132,3545,15338,2024-03-16,2024-04-16,16000.00,Active,6.00
1133,3546,35129,2025-07-05,2025-12-05,16000.00,Fully Paid,10.80
1134,3548,15941,2024-08-10,2024-09-10,10100.00,Fully Paid,8.40
1135,3549,59795,2025-03-30,2025-11-30,33850.00,Fully Paid,8.40
1136,3550,41092,2024-06-03,2025-03-03,4800.00,Fully Paid,8.40
1137,3551,63269,2025-05-13,2025-09-13,7700.00,Fully Paid,8.40
1138,3554,30253,2026-01-28,2026-05-28,6000.00,Active,6.00
1141,3559,42173,2024-01-06,2024-05-06,10000.00,Fully Paid,14.40
1143,3565,24737,2025-03-29,2025-05-29,15000.00,Fully Paid,6.00
1144,3569,60943,2025-04-16,2026-01-16,14000.00,Active,6.00
1145,3572,21031,2024-03-15,2024-09-15,16000.00,Active,10.80
1146,3574,57248,2024-01-22,2024-09-22,16000.00,Fully Paid,8.40
1147,3575,20903,2026-03-21,2026-09-21,15000.00,Active,8.40
1148,3584,20376,2025-12-03,2026-08-03,5000.00,Active,6.00
1149,3585,22282,2026-03-06,2026-07-06,1050.00,Active,8.40
1151,3600,19683,2025-06-07,2025-11-07,27125.00,Fully Paid,6.00
1152,3603,54904,2025-10-14,2026-07-14,15000.00,Active,14.40
1154,3605,62106,2024-04-25,2024-10-25,23650.00,Fully Paid,6.00
1155,3607,5764,2025-03-05,2025-04-05,10000.00,Active,10.80
1157,3615,8532,2025-06-30,2025-12-30,14400.00,Fully Paid,6.00
1158,3616,39636,2024-11-26,2025-06-26,5000.00,Fully Paid,10.80
1159,3619,9103,2025-01-04,2025-09-04,4300.00,Fully Paid,14.40
1160,3621,26967,2024-05-20,2024-07-20,15000.00,Active,8.40
1163,3631,67493,2025-08-20,2025-09-20,8500.00,Defaulted,6.00
1164,3648,66743,2025-06-12,2026-03-12,20000.00,Fully Paid,10.80
1165,3650,20433,2024-05-26,2024-10-26,7000.00,Fully Paid,6.00
1166,3654,32544,2024-02-29,2024-07-29,32725.00,Active,8.40
1168,3658,51060,2025-06-05,2025-12-05,16000.00,Fully Paid,8.40
1170,3661,25952,2026-04-09,2026-07-09,2700.00,Active,6.00
1171,3670,6105,2024-10-30,2025-03-30,16000.00,Active,10.80
1175,3681,6372,2024-10-23,2024-11-23,16000.00,Fully Paid,8.40
1176,3683,14595,2024-05-20,2024-08-20,22425.00,Active,8.40
1177,3686,6868,2024-07-07,2024-10-07,12000.00,Fully Paid,6.00
1178,3696,54960,2024-03-19,2024-05-19,25000.00,Fully Paid,8.40
1179,3701,62827,2026-01-03,2026-04-03,10000.00,Active,6.00
1180,3703,56722,2025-12-02,2026-01-02,3825.00,Active,6.00
1183,3708,8861,2024-11-21,2025-01-21,12000.00,Fully Paid,8.40
1184,3709,5705,2024-01-01,2024-08-01,15000.00,Fully Paid,8.40
1185,3714,23043,2024-03-20,2024-06-20,12000.00,Fully Paid,6.00
1186,3716,53319,2024-10-31,2025-04-30,3600.00,Active,8.40
1190,3725,28499,2024-04-25,2024-07-25,4000.00,Fully Paid,8.40
1191,3734,46735,2024-09-15,2025-02-15,19875.00,Fully Paid,6.00
1192,3736,46063,2025-08-04,2025-11-04,10075.00,Fully Paid,8.40
1195,3741,38564,2024-02-14,2024-07-14,4100.00,Active,6.00
1197,3746,34204,2024-01-21,2024-06-21,16000.00,Fully Paid,10.80
1198,3747,51665,2025-02-18,2025-09-18,15000.00,Active,8.40
1199,3755,67932,2025-06-03,2025-12-03,7000.00,Fully Paid,10.80
1200,3756,29799,2025-12-13,2026-01-13,23000.00,Fully Paid,8.40
1201,3768,32309,2026-05-19,2026-09-19,6300.00,Active,14.40
1202,3770,39239,2025-05-23,2025-06-23,15075.00,Active,6.00
1203,3773,60711,2025-02-19,2025-03-19,6000.00,Fully Paid,8.40
1204,3776,37454,2024-02-24,2024-09-24,9600.00,Active,8.40
1206,3787,49401,2025-01-16,2025-07-16,21000.00,Fully Paid,10.80
1209,3797,6865,2025-09-20,2025-11-20,24000.00,Active,6.00
1210,3799,22180,2025-02-05,2025-05-05,30000.00,Fully Paid,10.80
1212,3804,2028,2026-03-22,2026-08-22,11025.00,Active,8.40
1213,3805,49149,2025-11-29,2026-01-29,15000.00,Fully Paid,6.00
1214,3807,34741,2025-02-11,2025-05-11,24500.00,Fully Paid,8.40
1215,3811,17506,2025-02-15,2025-08-15,8000.00,Fully Paid,6.00
1216,3814,22050,2024-12-07,2025-07-07,7100.00,Active,6.00
1217,3818,51942,2025-07-11,2025-12-11,2775.00,Fully Paid,14.40
1218,3819,61439,2025-02-27,2025-05-27,7500.00,Fully Paid,6.00
1219,3820,66337,2026-04-05,2026-10-05,26850.00,Active,10.80
1221,3825,4767,2025-05-25,2025-12-25,22000.00,Fully Paid,14.40
1222,3832,33585,2025-10-25,2026-06-25,35000.00,Active,6.00
1223,3835,23927,2024-02-02,2024-11-02,3600.00,Fully Paid,6.00
1224,3836,57068,2025-11-12,2026-05-12,24000.00,Fully Paid,6.00
1225,3837,31494,2024-03-05,2024-10-05,15000.00,Fully Paid,6.00
1226,3839,52205,2025-05-12,2025-07-12,21000.00,Fully Paid,6.00
1227,3847,10096,2026-01-10,2026-05-10,12000.00,Fully Paid,6.00
1228,3848,55086,2024-06-06,2024-07-06,12000.00,Fully Paid,6.00
1230,3855,41326,2024-06-18,2025-01-18,17000.00,Fully Paid,6.00
1231,3860,67738,2025-08-15,2025-12-15,35000.00,Fully Paid,6.00
1232,3861,15375,2024-07-21,2024-08-21,7725.00,Active,8.40
1233,3862,25899,2024-03-01,2024-05-01,21000.00,Fully Paid,10.80
1234,3863,52183,2025-12-11,2026-05-11,9600.00,Fully Paid,8.40
1235,3864,19357,2025-04-19,2025-09-19,22000.00,Fully Paid,8.40
1236,3866,62841,2026-03-03,2026-11-03,19600.00,Active,6.00
1239,3881,35980,2024-11-28,2025-06-28,22775.00,Fully Paid,6.00
1240,3884,43792,2025-11-13,2026-02-13,7000.00,Fully Paid,6.00
1242,3891,54075,2024-10-11,2025-05-11,4600.00,Fully Paid,6.00
1243,3895,14314,2024-02-09,2024-07-09,10000.00,Fully Paid,10.80
1246,3906,1372,2026-03-17,2026-05-17,31750.00,Fully Paid,10.80
1247,3909,22844,2025-12-01,2026-01-01,15000.00,Fully Paid,6.00
1248,3911,52367,2025-09-30,2026-05-30,15000.00,Active,6.00
1250,3915,8770,2026-04-17,2026-06-17,24000.00,Active,10.80
1251,3918,20762,2026-03-14,2026-07-14,9000.00,Active,8.40
1252,3920,31868,2024-02-23,2024-11-23,14000.00,Fully Paid,14.40
1253,3921,7478,2026-01-13,2026-08-13,15000.00,Active,8.40
1255,3926,38876,2024-05-01,2025-02-01,18000.00,Fully Paid,10.80
1257,3939,44158,2025-02-04,2025-10-04,10000.00,Fully Paid,14.40
1258,3942,42342,2026-03-29,2026-07-29,13600.00,Active,6.00
1259,3944,43986,2025-03-23,2025-06-23,25000.00,Fully Paid,10.80
1260,3945,31221,2024-09-07,2024-12-07,4975.00,Fully Paid,6.00
1261,3947,53057,2025-12-12,2026-04-12,11000.00,Active,14.40
1262,3949,17140,2025-07-01,2025-08-01,12000.00,Fully Paid,8.40
1263,3952,52008,2024-02-02,2024-11-02,10000.00,Fully Paid,6.00
1264,3959,36777,2025-12-07,2026-08-07,7000.00,Active,8.40
1265,3961,52459,2025-03-31,2025-05-31,24000.00,Fully Paid,8.40
1267,3967,64561,2024-05-02,2024-12-02,20925.00,Fully Paid,6.00
1269,3972,677,2025-02-08,2025-10-08,12000.00,Fully Paid,14.40
1270,3973,64828,2024-05-30,2024-11-30,20000.00,Active,6.00
1272,3982,19387,2024-08-31,2025-03-31,3150.00,Fully Paid,8.40
1273,3984,3758,2024-06-17,2024-07-17,5000.00,Fully Paid,6.00
1274,3985,5238,2025-01-25,2025-03-25,18000.00,Fully Paid,10.80
1275,3986,37138,2026-03-25,2026-10-25,28000.00,Active,8.40
1276,3988,67936,2026-05-17,2026-09-17,10000.00,Active,14.40
1277,3990,31583,2025-07-25,2025-11-25,7200.00,Fully Paid,8.40
1279,3994,5167,2025-08-13,2026-01-13,6000.00,Fully Paid,10.80
1282,4003,27630,2025-12-31,2026-02-28,9475.00,Fully Paid,6.00
1283,4005,64502,2026-01-01,2026-08-01,5000.00,Active,6.00
1285,4008,45717,2026-04-29,2026-11-29,28000.00,Active,10.80
1287,4019,51288,2024-04-27,2024-10-27,6050.00,Fully Paid,8.40
1288,4021,9210,2025-05-06,2025-08-06,12000.00,Fully Paid,8.40
1289,4022,15649,2025-01-08,2025-07-08,12000.00,Fully Paid,6.00
1290,4023,5127,2024-10-31,2025-05-31,14000.00,Fully Paid,6.00
1292,4029,7234,2026-01-03,2026-05-03,18900.00,Active,6.00
1294,4033,34852,2025-03-04,2025-06-04,24000.00,Fully Paid,14.40
1296,4043,29840,2025-12-23,2026-08-23,3200.00,Active,6.00
1297,4048,41812,2025-02-14,2025-07-14,6000.00,Fully Paid,8.40
1299,4054,23812,2024-04-05,2024-08-05,7500.00,Fully Paid,6.00
1300,4059,16176,2025-01-09,2025-03-09,15000.00,Fully Paid,10.80
1301,4062,43986,2025-06-26,2025-07-26,5500.00,Active,6.00
1302,4063,3670,2025-02-26,2025-07-26,15500.00,Fully Paid,6.00
1303,4068,59487,2025-01-28,2025-09-28,8450.00,Defaulted,6.00
1304,4074,44072,2024-06-14,2024-12-14,13800.00,Fully Paid,10.80
1306,4077,58106,2024-08-15,2025-04-15,17000.00,Fully Paid,10.80
1307,4079,61691,2025-05-27,2025-09-27,15000.00,Fully Paid,6.00
1308,4081,12322,2024-08-10,2024-12-10,2000.00,Fully Paid,8.40
1309,4083,25909,2025-04-19,2025-10-19,2425.00,Fully Paid,6.00
1310,4085,10778,2024-10-26,2025-01-26,12000.00,Fully Paid,6.00
1311,4087,31189,2024-01-25,2024-07-25,5400.00,Fully Paid,6.00
1312,4088,46969,2025-12-21,2026-08-21,3000.00,Active,8.40
1313,4090,60379,2024-07-29,2025-01-29,6300.00,Fully Paid,6.00
1315,4097,41955,2025-11-12,2026-08-12,7000.00,Active,10.80
1316,4098,38833,2024-06-20,2024-07-20,6000.00,Fully Paid,6.00
1317,4101,39108,2024-08-28,2024-10-28,15000.00,Fully Paid,8.40
1318,4102,39693,2025-12-17,2026-06-17,25000.00,Active,14.40
1319,4103,29186,2024-02-29,2024-05-29,12000.00,Fully Paid,10.80
1320,4105,64850,2026-04-04,2026-05-04,19400.00,Active,6.00
1321,4108,34169,2024-03-14,2024-05-14,14275.00,Fully Paid,8.40
1322,4112,12398,2026-02-01,2026-05-01,27275.00,Fully Paid,6.00
1323,4115,5603,2025-12-24,2026-07-24,6000.00,Active,8.40
1325,4117,35652,2025-05-22,2025-11-22,20000.00,Fully Paid,8.40
1327,4130,53058,2024-04-30,2024-09-30,18000.00,Fully Paid,8.40
1329,4136,7541,2025-01-22,2025-03-22,13000.00,Fully Paid,6.00
1330,4138,25853,2025-06-07,2025-07-07,1000.00,Fully Paid,6.00
1331,4139,43513,2024-11-12,2024-12-12,3200.00,Fully Paid,6.00
1332,4144,59469,2024-11-12,2025-08-12,25000.00,Fully Paid,8.40
1334,4146,31398,2025-09-08,2026-02-08,8000.00,Fully Paid,10.80
1335,4147,3532,2025-04-23,2025-05-23,18000.00,Fully Paid,10.80
1337,4153,20926,2024-08-22,2025-05-22,4500.00,Fully Paid,14.40
1338,4154,27633,2025-10-15,2026-04-15,1000.00,Fully Paid,10.80
1340,4163,25664,2026-04-28,2026-07-28,14000.00,Active,6.00
1341,4164,65667,2024-06-08,2024-11-08,6025.00,Fully Paid,6.00
1342,4167,2382,2025-06-17,2025-11-17,11200.00,Fully Paid,6.00
1343,4169,55543,2025-12-10,2026-07-10,12000.00,Active,6.00
1344,4170,23866,2026-02-03,2026-08-03,24000.00,Active,10.80
1346,4182,36938,2025-05-25,2026-01-25,10000.00,Defaulted,8.40
1347,4189,48681,2024-04-07,2024-09-07,12000.00,Fully Paid,6.00
1349,4198,14237,2025-03-06,2025-05-06,24000.00,Active,8.40
1350,4205,25742,2025-08-14,2026-03-14,22000.00,Fully Paid,6.00
1352,4209,66416,2024-03-25,2024-04-25,5000.00,Fully Paid,10.80
1354,4213,62372,2024-10-13,2024-11-13,8000.00,Fully Paid,8.40
1356,4220,34439,2025-09-24,2026-06-24,14400.00,Active,6.00
1357,4221,48260,2026-03-09,2026-05-09,7800.00,Fully Paid,10.80
1359,4230,20740,2025-12-02,2026-08-02,10000.00,Active,8.40
1361,4232,56034,2024-05-01,2024-06-01,21000.00,Fully Paid,14.40
1363,4251,975,2024-09-02,2025-06-02,8400.00,Fully Paid,6.00
1364,4252,34454,2025-06-30,2025-09-30,25000.00,Active,6.00
1368,4269,4280,2026-01-03,2026-02-03,9225.00,Active,8.40
1369,4270,31421,2025-02-24,2025-07-24,21600.00,Fully Paid,8.40
1370,4271,12353,2026-03-15,2026-12-15,8000.00,Active,10.80
1373,4280,6117,2026-03-23,2026-09-23,21000.00,Active,6.00
1374,4282,45927,2024-12-02,2025-09-02,10400.00,Fully Paid,14.40
1375,4284,59536,2025-08-24,2025-10-24,8000.00,Defaulted,14.40
1376,4286,42342,2025-12-05,2026-01-05,14000.00,Fully Paid,10.80
1377,4289,28663,2026-05-13,2026-09-13,8000.00,Active,14.40
1378,4292,51413,2024-07-22,2024-10-22,35000.00,Fully Paid,6.00
1379,4293,67047,2025-02-24,2025-03-24,35000.00,Fully Paid,10.80
1380,4298,25678,2026-04-30,2027-01-30,6400.00,Active,6.00
1381,4308,46466,2026-02-15,2026-05-15,28800.00,Fully Paid,8.40
1382,4311,8017,2025-10-27,2026-06-27,10000.00,Active,6.00
1383,4313,64954,2024-09-22,2025-03-22,21000.00,Defaulted,10.80
1386,4319,53617,2025-06-02,2025-09-02,15000.00,Fully Paid,10.80
1387,4320,40808,2024-11-17,2025-01-17,23000.00,Fully Paid,14.40
1388,4322,21067,2024-10-15,2025-04-15,19000.00,Fully Paid,6.00
1391,4334,26755,2024-12-15,2025-08-15,5300.00,Fully Paid,14.40
1392,4335,22964,2025-04-19,2025-09-19,12000.00,Active,10.80
1393,4337,53058,2025-08-16,2026-01-16,15600.00,Fully Paid,10.80
1394,4338,10091,2025-12-06,2026-05-06,7500.00,Fully Paid,10.80
1396,4347,19167,2025-01-22,2025-05-22,3000.00,Fully Paid,8.40
1397,4349,60682,2025-10-25,2026-05-25,17950.00,Fully Paid,10.80
1398,4350,15833,2025-10-03,2026-03-03,19000.00,Fully Paid,10.80
1399,4351,36014,2024-11-16,2025-07-16,16000.00,Fully Paid,8.40
1402,4359,56566,2024-02-19,2024-04-19,8400.00,Fully Paid,6.00
1403,4360,19828,2024-01-14,2024-02-14,2900.00,Fully Paid,14.40
1404,4368,17936,2024-06-27,2024-07-27,4000.00,Fully Paid,8.40
1406,4378,52341,2026-04-16,2026-06-16,16000.00,Active,10.80
1407,4381,39146,2024-12-06,2025-01-06,16000.00,Active,8.40
1408,4382,6064,2024-02-14,2024-09-14,28000.00,Fully Paid,8.40
1409,4383,50175,2024-03-28,2024-10-28,3200.00,Fully Paid,6.00
1410,4385,64828,2025-08-30,2025-11-30,9600.00,Fully Paid,6.00
1411,4387,53956,2024-04-05,2024-08-05,6000.00,Fully Paid,6.00
1412,4388,43297,2026-04-14,2026-11-14,17600.00,Active,6.00
1413,4392,65058,2026-02-21,2026-09-21,23000.00,Active,6.00
1414,4398,30520,2024-01-30,2024-09-30,3000.00,Fully Paid,8.40
1416,4400,36461,2025-06-05,2026-02-05,6000.00,Active,8.40
1419,4409,16147,2024-07-20,2024-09-20,10000.00,Fully Paid,6.00
1420,4410,2411,2024-06-05,2025-03-05,5000.00,Fully Paid,6.00
1423,4414,66049,2024-08-12,2025-04-12,4000.00,Fully Paid,6.00
1424,4416,9277,2024-01-10,2024-06-10,15000.00,Fully Paid,14.40
1426,4419,7486,2024-03-27,2024-06-27,30000.00,Fully Paid,6.00
1427,4421,39939,2025-10-23,2026-05-23,15600.00,Fully Paid,8.40
1428,4422,56179,2025-04-24,2025-11-24,14000.00,Fully Paid,6.00
1429,4425,2363,2025-10-19,2026-03-19,28000.00,Fully Paid,8.40
1430,4429,52717,2025-10-10,2026-01-10,7000.00,Fully Paid,10.80
1432,4436,22465,2025-09-27,2026-03-27,20000.00,Fully Paid,10.80
1433,4438,19965,2025-09-07,2026-06-07,12000.00,Active,8.40
1434,4439,44394,2024-06-28,2025-01-28,13500.00,Active,8.40
1436,4441,48757,2025-02-25,2025-11-25,12000.00,Active,8.40
1439,4446,23879,2026-02-02,2026-11-02,18000.00,Active,8.40
1440,4451,66966,2025-04-22,2025-09-22,11500.00,Fully Paid,8.40
1441,4459,25663,2025-08-02,2025-09-02,28000.00,Fully Paid,6.00
1442,4463,13297,2026-04-08,2026-07-08,10000.00,Active,8.40
1443,4464,42708,2025-07-20,2025-08-20,15000.00,Fully Paid,8.40
1444,4468,35460,2026-04-30,2027-01-30,18000.00,Active,6.00
1445,4472,38732,2024-02-01,2024-05-01,7200.00,Fully Paid,6.00
1446,4478,25186,2025-11-05,2026-07-05,15000.00,Active,8.40
1447,4479,14876,2025-03-02,2025-08-02,13700.00,Fully Paid,6.00
1448,4482,29826,2026-03-29,2026-07-29,21000.00,Active,14.40
1449,4485,11590,2026-05-15,2026-12-15,20000.00,Active,6.00
1450,4487,9045,2026-04-01,2026-10-01,4300.00,Active,6.00
1451,4489,43127,2026-03-31,2026-04-30,3000.00,Fully Paid,6.00
1452,4494,65889,2024-03-29,2024-07-29,16000.00,Active,6.00
1453,4495,34564,2024-08-15,2024-11-15,16775.00,Fully Paid,6.00
1454,4499,30712,2024-08-13,2025-01-13,22525.00,Fully Paid,6.00
1455,4502,34268,2024-08-14,2024-09-14,20000.00,Active,8.40
1456,4503,61320,2025-06-22,2026-02-22,25000.00,Fully Paid,10.80
1457,4505,51628,2024-01-15,2024-08-15,11000.00,Fully Paid,8.40
1458,4515,36043,2024-06-01,2024-12-01,9150.00,Fully Paid,6.00
1459,4516,37497,2025-08-29,2026-01-29,8000.00,Fully Paid,8.40
1460,4519,7526,2024-12-20,2025-02-20,12000.00,Fully Paid,10.80
1461,4521,43721,2024-03-28,2024-08-28,11400.00,Fully Paid,6.00
1462,4522,32267,2024-03-07,2024-09-07,6000.00,Fully Paid,6.00
1463,4523,19368,2025-07-09,2025-10-09,21600.00,Fully Paid,8.40
1464,4525,51225,2026-03-13,2026-08-13,16275.00,Active,14.40
1465,4526,65937,2026-02-09,2026-10-09,10000.00,Active,8.40
1467,4532,64567,2025-12-15,2026-02-15,18000.00,Fully Paid,14.40
1468,4536,6016,2025-12-16,2026-05-16,5600.00,Fully Paid,6.00
1469,4537,50456,2024-09-10,2024-11-10,5000.00,Fully Paid,8.40
1470,4540,18821,2025-12-13,2026-05-13,7000.00,Fully Paid,10.80
1472,4543,51559,2024-01-18,2024-07-18,17500.00,Fully Paid,6.00
1474,4548,24649,2025-06-29,2025-12-29,9600.00,Fully Paid,8.40
1476,4567,20327,2026-04-29,2026-09-29,30000.00,Active,6.00
1478,4571,44644,2024-01-28,2024-05-28,3600.00,Active,14.40
1479,4575,5705,2024-03-07,2024-07-07,10000.00,Active,6.00
1480,4576,67936,2024-10-06,2024-11-06,32350.00,Fully Paid,6.00
1481,4580,32882,2024-09-29,2024-10-29,5000.00,Active,10.80
1483,4588,43504,2026-02-20,2026-04-20,7675.00,Fully Paid,8.40
1484,4590,25518,2026-05-03,2026-07-03,10000.00,Active,10.80
1486,4594,23281,2024-07-14,2025-04-14,30000.00,Active,6.00
1487,4596,61417,2025-03-24,2025-05-24,10000.00,Active,14.40
1488,4603,24984,2024-09-08,2025-05-08,1500.00,Fully Paid,8.40
1489,4605,56722,2026-05-07,2026-09-07,24325.00,Active,8.40
1490,4608,42886,2025-12-01,2026-05-01,14400.00,Fully Paid,6.00
1491,4611,26081,2025-02-05,2025-05-05,5000.00,Active,8.40
1495,4618,21582,2024-02-29,2024-06-29,24000.00,Fully Paid,8.40
1496,4622,33334,2025-10-14,2026-07-14,9300.00,Active,8.40
1497,4625,16040,2024-09-14,2024-12-14,20000.00,Active,6.00
1498,4626,33813,2026-02-22,2026-07-22,13375.00,Active,10.80
1500,4629,5452,2025-11-04,2026-08-04,6000.00,Active,10.80
1501,4633,531,2024-04-10,2024-10-10,35000.00,Fully Paid,6.00
1502,4637,57372,2025-04-19,2025-11-19,15000.00,Fully Paid,8.40
1503,4641,45975,2025-07-14,2025-11-14,15000.00,Fully Paid,8.40
1504,4645,28520,2025-09-06,2026-03-06,11000.00,Fully Paid,6.00
1506,4649,30138,2024-02-20,2024-10-20,30000.00,Fully Paid,10.80
1509,4656,30096,2025-09-13,2025-12-13,17000.00,Fully Paid,8.40
1510,4657,37780,2025-03-20,2025-10-20,12000.00,Active,6.00
1511,4666,14353,2024-12-27,2025-06-27,9500.00,Fully Paid,6.00
1512,4667,20887,2025-12-06,2026-08-06,16000.00,Active,6.00
1513,4672,34584,2024-04-18,2024-08-18,5000.00,Active,6.00
1517,4683,13628,2024-10-25,2025-07-25,21500.00,Fully Paid,8.40
1522,4698,58293,2026-03-09,2026-04-09,30000.00,Fully Paid,8.40
1524,4702,56247,2025-03-29,2025-10-29,28000.00,Fully Paid,10.80
1525,4706,4347,2025-06-29,2025-09-29,28000.00,Fully Paid,8.40
1526,4708,45475,2024-03-09,2024-10-09,1000.00,Active,6.00
1527,4709,18922,2026-05-01,2026-08-01,20250.00,Active,6.00
1531,4723,13837,2025-07-02,2026-02-02,15000.00,Fully Paid,10.80
1532,4724,54118,2024-06-29,2024-07-29,9650.00,Fully Paid,6.00
1534,4727,17345,2024-10-14,2025-02-14,11800.00,Fully Paid,6.00
1536,4731,2506,2025-10-14,2025-11-14,30000.00,Fully Paid,14.40
1537,4736,60643,2024-01-03,2024-09-03,15000.00,Fully Paid,10.80
1538,4738,28944,2024-05-18,2025-02-18,15000.00,Fully Paid,10.80
1539,4740,29554,2026-03-12,2026-04-12,4000.00,Fully Paid,6.00
1542,4748,9360,2024-12-29,2025-05-29,6000.00,Fully Paid,8.40
1543,4751,20169,2026-03-17,2026-04-17,10000.00,Fully Paid,6.00
1544,4758,1958,2024-10-18,2025-03-18,11650.00,Fully Paid,14.40
1545,4760,4191,2024-06-30,2025-01-30,25525.00,Fully Paid,14.40
1547,4763,53598,2025-07-17,2026-04-17,10000.00,Active,6.00
1549,4765,792,2025-10-31,2026-06-30,8000.00,Active,6.00
1550,4774,24192,2026-02-19,2026-03-19,1000.00,Fully Paid,6.00
1551,4775,48299,2025-04-16,2025-12-16,6600.00,Fully Paid,6.00
1552,4778,14295,2025-06-30,2025-07-30,21000.00,Fully Paid,10.80
1554,4784,4571,2024-09-30,2025-02-28,21000.00,Fully Paid,10.80
1558,4805,3613,2024-08-06,2025-04-06,8000.00,Fully Paid,6.00
1559,4806,55729,2025-01-08,2025-04-08,7000.00,Active,8.40
1560,4807,56704,2025-10-23,2026-07-23,21600.00,Active,8.40
1561,4811,28235,2025-12-24,2026-01-24,15000.00,Fully Paid,6.00
1564,4819,42162,2025-08-02,2026-05-02,10000.00,Fully Paid,10.80
1565,4820,66966,2024-09-11,2025-02-11,12000.00,Fully Paid,14.40
1567,4824,37263,2024-05-04,2025-02-04,4000.00,Fully Paid,10.80
1568,4825,58112,2026-03-06,2026-11-06,12075.00,Active,8.40
1569,4829,7170,2024-03-30,2024-06-30,22100.00,Fully Paid,6.00
1570,4832,14108,2024-04-27,2024-12-27,20000.00,Fully Paid,8.40
1572,4836,32184,2024-08-31,2025-05-31,25000.00,Fully Paid,6.00
1573,4837,16692,2024-08-28,2025-05-28,10825.00,Fully Paid,6.00
1575,4842,11319,2025-07-17,2025-09-17,35000.00,Fully Paid,6.00
1577,4853,26104,2024-12-22,2025-05-22,7500.00,Fully Paid,10.80
1578,4855,34771,2024-07-07,2024-12-07,14950.00,Fully Paid,8.40
1579,4857,3795,2026-01-24,2026-03-24,7000.00,Fully Paid,6.00
1582,4869,24989,2024-01-23,2024-10-23,12600.00,Fully Paid,8.40
1583,4870,12777,2025-08-22,2026-01-22,4000.00,Active,10.80
1584,4875,42269,2025-07-07,2026-04-07,4800.00,Fully Paid,8.40
1587,4881,16176,2024-10-22,2025-01-22,11850.00,Fully Paid,6.00
1588,4887,528,2026-03-22,2026-04-22,35000.00,Fully Paid,6.00
1589,4892,15898,2024-08-25,2025-02-25,20350.00,Active,6.00
1590,4893,66015,2025-10-04,2025-11-04,30000.00,Fully Paid,8.40
1591,4895,3513,2026-04-09,2026-11-09,28000.00,Active,8.40
1592,4899,60648,2025-11-04,2025-12-04,5000.00,Fully Paid,10.80
1593,4900,58901,2024-11-01,2025-07-01,16000.00,Active,6.00
1595,4912,51742,2025-05-03,2025-11-03,35000.00,Fully Paid,6.00
1597,4916,37253,2024-01-20,2024-05-20,10000.00,Fully Paid,6.00
1598,4919,22582,2024-09-06,2025-01-06,5000.00,Fully Paid,8.40
1600,4925,51600,2024-12-24,2025-04-24,6025.00,Fully Paid,6.00
1601,4936,57283,2025-05-23,2025-07-23,6000.00,Fully Paid,8.40
1602,4939,63738,2024-05-14,2025-01-14,7200.00,Fully Paid,6.00
1603,4940,14105,2024-06-12,2025-03-12,10000.00,Fully Paid,10.80
1604,4941,63980,2025-02-28,2025-11-28,20400.00,Defaulted,8.40
1606,4943,56014,2025-08-04,2025-10-04,8000.00,Fully Paid,14.40
1607,4947,67435,2024-03-31,2024-09-30,35000.00,Fully Paid,8.40
1608,4949,52141,2024-12-24,2025-06-24,25000.00,Fully Paid,6.00
1610,4955,2610,2024-06-20,2025-01-20,6000.00,Fully Paid,6.00
1612,4963,32909,2024-01-02,2024-07-02,10000.00,Fully Paid,10.80
1613,4969,55465,2025-04-13,2025-05-13,17000.00,Defaulted,8.40
1614,4970,56412,2026-05-08,2026-10-08,10000.00,Active,14.40
1615,4971,35146,2025-08-30,2026-05-30,7200.00,Active,6.00
1617,4974,25677,2026-05-02,2027-02-02,25000.00,Active,6.00
1618,4975,2524,2024-10-14,2025-05-14,33000.00,Fully Paid,10.80
1619,4977,2800,2025-11-30,2026-03-30,16000.00,Fully Paid,14.40
1621,4984,45370,2024-02-09,2024-03-09,7200.00,Fully Paid,6.00
1623,4997,45471,2024-06-10,2025-02-10,18000.00,Fully Paid,10.80
1625,5003,12348,2024-01-28,2024-07-28,3600.00,Active,6.00
1626,5008,2262,2024-03-09,2024-11-09,12000.00,Active,8.40
1627,5009,17172,2025-09-22,2025-12-22,12000.00,Fully Paid,8.40
1628,5012,6833,2025-05-09,2025-09-09,35000.00,Fully Paid,6.00
1629,5016,51462,2026-05-15,2027-02-15,21000.00,Active,6.00
1630,5019,31971,2025-05-01,2025-07-01,3775.00,Fully Paid,8.40
1631,5020,46105,2025-12-02,2026-02-02,13325.00,Fully Paid,10.80
1632,5021,13587,2024-07-28,2024-08-28,5000.00,Fully Paid,6.00
1633,5025,58224,2024-10-20,2025-02-20,14400.00,Fully Paid,6.00
1634,5026,63202,2024-02-22,2024-07-22,10375.00,Fully Paid,6.00
1635,5030,58967,2025-01-19,2025-02-19,19975.00,Fully Paid,8.40
1636,5031,19172,2025-05-02,2025-10-02,6000.00,Fully Paid,8.40
1638,5034,67689,2025-10-29,2026-04-29,10000.00,Fully Paid,8.40
1639,5041,58065,2025-10-08,2026-07-08,4000.00,Active,6.00
1640,5042,48155,2025-08-30,2026-04-30,8000.00,Fully Paid,6.00
1641,5043,48155,2025-08-14,2025-09-14,16800.00,Fully Paid,6.00
1642,5051,67738,2025-01-11,2025-08-11,10000.00,Fully Paid,8.40
1643,5053,47295,2026-01-01,2026-03-01,21000.00,Fully Paid,8.40
1644,5054,32967,2026-02-24,2026-09-24,24000.00,Active,6.00
1648,5064,65780,2025-07-23,2025-12-23,7375.00,Fully Paid,8.40
1650,5084,67417,2025-09-01,2026-03-01,8000.00,Fully Paid,10.80
1651,5086,55258,2024-07-28,2024-08-28,13625.00,Fully Paid,8.40
1652,5088,18139,2025-09-15,2026-01-15,20000.00,Fully Paid,8.40
1654,5092,67412,2024-03-11,2024-11-11,22400.00,Fully Paid,6.00
1655,5096,64905,2024-12-04,2025-08-04,4000.00,Fully Paid,10.80
1657,5105,11130,2025-07-28,2026-04-28,7075.00,Fully Paid,10.80
1658,5108,1470,2024-11-18,2025-05-18,20000.00,Fully Paid,8.40
1660,5117,23642,2025-06-18,2025-08-18,6200.00,Fully Paid,6.00
1661,5119,18010,2025-03-25,2025-12-25,5000.00,Active,6.00
1663,5126,18321,2025-06-11,2026-02-11,12000.00,Active,6.00
1664,5127,38250,2024-08-10,2025-05-10,35000.00,Defaulted,6.00
1665,5129,21925,2024-06-17,2025-02-17,20000.00,Fully Paid,8.40
1666,5131,35843,2025-09-25,2026-02-25,10000.00,Active,6.00
1668,5133,18809,2024-03-01,2024-04-01,12500.00,Fully Paid,6.00
1670,5135,49303,2026-02-19,2026-09-19,8000.00,Active,8.40
1671,5141,12181,2024-08-15,2025-01-15,28000.00,Active,14.40
1672,5142,54485,2025-06-27,2025-12-27,18725.00,Active,6.00
1673,5144,50012,2025-11-19,2026-03-19,9600.00,Fully Paid,6.00
1675,5147,5886,2024-06-08,2024-09-08,3000.00,Fully Paid,6.00
1676,5150,9892,2025-07-21,2026-01-21,10000.00,Fully Paid,6.00
1678,5157,26104,2026-05-19,2026-11-19,8950.00,Active,10.80
1679,5161,6121,2025-05-27,2025-11-27,20000.00,Fully Paid,6.00
1680,5163,37710,2025-11-24,2026-01-24,7000.00,Fully Paid,6.00
1682,5170,33791,2025-10-24,2026-05-24,19800.00,Active,8.40
1683,5174,33788,2025-05-29,2025-07-29,3975.00,Fully Paid,6.00
1684,5178,2724,2024-11-04,2025-05-04,4200.00,Fully Paid,8.40
1685,5182,26629,2025-11-13,2026-06-13,2000.00,Active,10.80
1686,5187,22924,2024-09-01,2025-05-01,32725.00,Fully Paid,6.00
1687,5190,46549,2025-04-25,2025-11-25,7175.00,Fully Paid,8.40
1688,5192,66766,2025-03-21,2025-05-21,11000.00,Fully Paid,8.40
1689,5193,38726,2024-01-19,2024-05-19,5000.00,Fully Paid,8.40
1690,5195,49373,2024-10-25,2025-06-25,9000.00,Fully Paid,10.80
1691,5196,40051,2024-12-02,2025-09-02,12000.00,Fully Paid,10.80
1693,5206,36175,2024-08-08,2025-03-08,18000.00,Fully Paid,8.40
1695,5208,62214,2025-08-12,2025-09-12,25000.00,Fully Paid,10.80
1698,5227,16306,2024-01-30,2024-02-29,5000.00,Fully Paid,8.40
1700,5237,25444,2024-07-05,2024-09-05,16750.00,Defaulted,14.40
1702,5240,56500,2025-09-27,2026-04-27,15000.00,Fully Paid,6.00
1704,5244,2209,2026-04-20,2026-05-20,20400.00,Fully Paid,6.00
1705,5248,54119,2025-03-30,2025-06-30,21000.00,Active,14.40
1707,5257,41112,2025-03-24,2025-07-24,7000.00,Fully Paid,10.80
1708,5260,12121,2025-07-16,2026-01-16,7450.00,Active,6.00
1710,5268,49243,2024-09-14,2024-10-14,7000.00,Fully Paid,6.00
1713,5272,18179,2026-03-24,2026-11-24,6800.00,Active,6.00
1714,5273,37324,2026-04-02,2026-05-02,6000.00,Active,6.00
1716,5280,26342,2024-03-26,2024-04-26,26000.00,Fully Paid,8.40
1718,5283,67664,2025-08-10,2026-04-10,13200.00,Fully Paid,6.00
1721,5292,11219,2025-07-26,2026-03-26,3750.00,Fully Paid,8.40
1722,5294,60092,2025-07-07,2025-11-07,16000.00,Fully Paid,10.80
1723,5295,21645,2025-02-10,2025-06-10,7000.00,Active,8.40
1724,5303,20248,2024-07-16,2025-01-16,20000.00,Defaulted,6.00
1726,5305,55788,2025-12-21,2026-03-21,3000.00,Fully Paid,8.40
1727,5307,68031,2024-04-27,2024-08-27,10000.00,Defaulted,6.00
1730,5312,7850,2026-01-15,2026-03-15,21500.00,Fully Paid,6.00
1732,5315,1891,2024-04-16,2024-12-16,12000.00,Fully Paid,6.00
1733,5316,62116,2025-12-25,2026-02-25,15000.00,Fully Paid,6.00
1734,5324,51222,2025-09-16,2025-12-16,1200.00,Fully Paid,8.40
1735,5329,1762,2024-06-09,2024-09-09,10000.00,Fully Paid,6.00
1736,5333,46696,2025-11-26,2025-12-26,13000.00,Fully Paid,14.40
1738,5337,16287,2026-02-12,2026-06-12,20000.00,Active,6.00
1739,5340,46674,2025-06-09,2025-12-09,5000.00,Fully Paid,8.40
1740,5341,10107,2025-05-06,2025-12-06,2000.00,Fully Paid,8.40
1743,5350,17043,2024-10-25,2025-02-25,3650.00,Fully Paid,8.40
1744,5351,5751,2025-09-09,2025-12-09,12600.00,Fully Paid,10.80
1745,5367,61185,2025-03-16,2025-04-16,23000.00,Active,8.40
1746,5368,62215,2025-08-16,2026-02-16,5000.00,Fully Paid,6.00
1748,5372,23104,2024-07-10,2024-09-10,20000.00,Fully Paid,6.00
1750,5387,48322,2026-05-17,2026-12-17,3400.00,Active,6.00
1751,5396,20881,2025-07-29,2026-03-29,3000.00,Active,8.40
1752,5398,52462,2024-07-27,2025-02-27,16000.00,Fully Paid,10.80
1753,5399,7936,2025-05-25,2025-08-25,10000.00,Active,6.00
1754,5408,49441,2024-08-10,2024-11-10,5000.00,Active,14.40
1755,5409,22785,2025-02-15,2025-05-15,16000.00,Fully Paid,6.00
1757,5420,3218,2024-01-14,2024-03-14,20625.00,Fully Paid,6.00
1765,5446,49360,2025-04-13,2025-11-13,16000.00,Fully Paid,10.80
1766,5447,13063,2024-10-06,2025-04-06,12000.00,Fully Paid,10.80
1767,5450,8446,2025-11-21,2026-07-21,15000.00,Active,10.80
1768,5451,36144,2026-04-15,2026-07-15,16800.00,Active,6.00
1770,5457,30074,2025-07-31,2025-11-30,18000.00,Fully Paid,8.40
1771,5458,35323,2024-01-12,2024-05-12,16000.00,Fully Paid,8.40
1772,5462,22968,2025-04-09,2025-07-09,6000.00,Fully Paid,10.80
1774,5465,7911,2025-04-20,2025-12-20,25000.00,Fully Paid,8.40
1775,5469,25121,2025-05-09,2025-06-09,16200.00,Fully Paid,10.80
1776,5472,14417,2025-04-18,2025-10-18,15000.00,Active,10.80
1778,5475,23361,2025-08-13,2026-01-13,7100.00,Active,14.40
1779,5476,11135,2025-08-03,2026-05-03,10000.00,Fully Paid,8.40
1780,5483,58076,2025-01-01,2025-03-01,17000.00,Fully Paid,6.00
1781,5485,42546,2024-07-03,2024-10-03,11000.00,Fully Paid,8.40
1782,5486,27777,2024-07-15,2025-04-15,30000.00,Active,10.80
1783,5487,66633,2024-09-05,2025-05-05,8000.00,Fully Paid,8.40
1786,5501,1514,2026-03-02,2026-08-02,24000.00,Active,8.40
1787,5502,48150,2024-08-10,2024-10-10,10200.00,Fully Paid,8.40
1790,5518,16929,2025-02-16,2025-03-16,35000.00,Active,8.40
1791,5522,30787,2025-07-25,2025-11-25,8000.00,Active,8.40
1792,5523,14493,2026-03-06,2026-11-06,8000.00,Active,14.40
1793,5525,51429,2024-06-06,2025-02-06,16625.00,Fully Paid,6.00
1794,5526,7058,2024-06-14,2024-10-14,20000.00,Fully Paid,8.40
1795,5528,29289,2025-04-13,2025-08-13,20000.00,Fully Paid,8.40
1796,5533,50099,2024-06-01,2024-09-01,35000.00,Fully Paid,6.00
1797,5535,24432,2025-12-24,2026-02-24,6000.00,Defaulted,8.40
1799,5538,33511,2024-05-12,2024-10-12,8000.00,Fully Paid,10.80
1800,5542,6797,2024-02-24,2024-07-24,12800.00,Fully Paid,14.40
1802,5545,39279,2025-10-12,2025-11-12,13000.00,Fully Paid,14.40
1804,5554,49586,2025-01-15,2025-03-15,20250.00,Fully Paid,10.80
1805,5555,60928,2025-12-03,2026-03-03,6500.00,Active,6.00
1806,5564,2506,2025-01-18,2025-07-18,6300.00,Active,8.40
1807,5565,56619,2024-03-17,2024-09-17,4000.00,Fully Paid,8.40
1809,5569,31829,2025-05-20,2025-09-20,9000.00,Active,8.40
1811,5573,48779,2024-08-12,2025-02-12,20000.00,Fully Paid,8.40
1813,5585,40937,2024-02-04,2024-05-04,28000.00,Fully Paid,8.40
1815,5592,9804,2025-07-22,2025-09-22,19000.00,Active,8.40
1816,5594,11720,2024-03-28,2024-09-28,18000.00,Fully Paid,14.40
1818,5597,40746,2025-10-07,2026-06-07,9000.00,Active,6.00
1819,5599,29830,2024-04-07,2024-10-07,20000.00,Fully Paid,6.00
1821,5603,21855,2024-09-22,2024-11-22,18200.00,Fully Paid,6.00
1822,5605,41045,2025-10-13,2026-07-13,4800.00,Active,6.00
1824,5614,25634,2026-01-03,2026-07-03,4800.00,Active,8.40
1825,5615,32808,2025-12-01,2026-07-01,10000.00,Active,6.00
1827,5623,24725,2024-08-24,2024-09-24,20650.00,Fully Paid,14.40
1829,5626,24904,2024-12-20,2025-01-20,8000.00,Fully Paid,6.00
1830,5627,29503,2026-01-05,2026-05-05,12000.00,Fully Paid,8.40
1831,5628,25965,2026-01-30,2026-07-30,12000.00,Active,10.80
1834,5637,30441,2024-10-19,2024-12-19,6000.00,Fully Paid,10.80
1835,5639,55580,2025-03-26,2025-05-26,2100.00,Fully Paid,6.00
1836,5640,65348,2026-03-09,2026-11-09,10000.00,Active,6.00
1837,5642,27189,2025-04-22,2025-10-22,2000.00,Fully Paid,10.80
1838,5652,27658,2024-08-23,2024-11-23,20600.00,Active,10.80
1839,5654,2826,2024-11-04,2025-04-04,25200.00,Fully Paid,6.00
1840,5656,38787,2025-03-05,2025-12-05,12000.00,Fully Paid,6.00
1841,5657,12512,2026-01-02,2026-02-02,12000.00,Active,6.00
1842,5659,56337,2025-07-02,2025-10-02,18000.00,Fully Paid,8.40
1843,5663,28912,2024-12-07,2025-04-07,15000.00,Fully Paid,8.40
1844,5664,36058,2025-02-17,2025-11-17,8400.00,Fully Paid,8.40
1845,5666,29766,2025-03-22,2025-04-22,2400.00,Fully Paid,8.40
1846,5667,35635,2026-03-29,2026-05-29,12000.00,Active,8.40
1847,5669,27134,2025-08-21,2025-12-21,15000.00,Fully Paid,6.00
1848,5672,25095,2024-07-22,2024-12-22,4800.00,Fully Paid,8.40
1849,5674,54695,2025-02-23,2025-07-23,24000.00,Fully Paid,14.40
1850,5676,60011,2025-09-01,2025-11-01,1500.00,Fully Paid,6.00
1851,5679,48113,2026-04-02,2026-07-02,5000.00,Active,10.80
1852,5681,37326,2024-01-18,2024-03-18,10500.00,Defaulted,14.40
1853,5689,8491,2024-07-12,2025-03-12,7500.00,Defaulted,8.40
1854,5690,8085,2024-04-10,2024-07-10,5600.00,Fully Paid,8.40
1855,5696,1009,2024-10-29,2025-07-29,15500.00,Fully Paid,14.40
1856,5699,56375,2025-12-31,2026-07-31,5000.00,Active,14.40
1857,5704,13697,2026-03-29,2026-08-29,16000.00,Active,10.80
1858,5710,93,2024-03-17,2024-10-17,10000.00,Fully Paid,6.00
1859,5713,57575,2024-04-07,2025-01-07,35000.00,Active,6.00
1863,5726,15049,2025-02-24,2025-08-24,9700.00,Fully Paid,6.00
1864,5729,23400,2025-10-19,2026-07-19,21600.00,Active,14.40
1865,5733,40374,2024-06-21,2024-12-21,8000.00,Defaulted,10.80
1870,5744,38555,2024-11-08,2025-08-08,20000.00,Fully Paid,6.00
1873,5760,26699,2024-01-30,2024-09-30,19200.00,Fully Paid,6.00
1874,5764,4946,2024-12-19,2025-01-19,24000.00,Fully Paid,6.00
1875,5773,60651,2025-10-18,2026-02-18,8000.00,Fully Paid,14.40
1876,5777,25000,2024-08-23,2025-01-23,10000.00,Active,8.40
1878,5792,53006,2024-12-04,2025-03-04,4325.00,Fully Paid,8.40
1880,5797,61973,2025-11-09,2026-06-09,6000.00,Active,6.00
1881,5799,38336,2024-11-05,2024-12-05,2600.00,Defaulted,6.00
1883,5811,9288,2025-03-08,2025-04-08,22000.00,Fully Paid,6.00
1884,5823,60945,2024-06-20,2025-01-20,18000.00,Fully Paid,8.40
1885,5827,12197,2025-06-08,2026-02-08,15700.00,Fully Paid,6.00
1886,5828,17782,2025-01-04,2025-09-04,35000.00,Defaulted,8.40
1888,5837,56482,2025-07-02,2025-10-02,20000.00,Active,10.80
1889,5838,5099,2025-02-26,2025-07-26,6500.00,Fully Paid,6.00
1890,5839,63137,2024-06-19,2025-03-19,10000.00,Fully Paid,8.40
1892,5853,64874,2024-01-12,2024-05-12,20000.00,Active,10.80
1893,5859,26833,2024-01-31,2024-07-31,13600.00,Fully Paid,6.00
1895,5865,37280,2026-04-25,2026-05-25,35000.00,Fully Paid,6.00
1897,5871,44805,2024-12-28,2025-09-28,20000.00,Fully Paid,8.40
1901,5891,57790,2024-03-01,2024-06-01,15000.00,Active,8.40
1902,5896,39484,2026-04-10,2027-01-10,7000.00,Active,6.00
1905,5901,37176,2024-07-31,2024-11-30,9600.00,Fully Paid,14.40
1906,5908,1282,2024-10-27,2024-11-27,12000.00,Active,10.80
1908,5916,44933,2024-07-15,2025-04-15,5000.00,Fully Paid,8.40
1909,5918,50146,2024-02-06,2024-10-06,12000.00,Fully Paid,6.00
1910,5921,27403,2025-09-09,2026-06-09,20000.00,Active,6.00
1911,5923,5620,2024-01-15,2024-08-15,10000.00,Fully Paid,8.40
1914,5931,63086,2025-12-22,2026-05-22,5000.00,Active,6.00
1915,5934,65093,2026-04-02,2026-08-02,5000.00,Active,14.40
1916,5937,58549,2024-04-07,2024-05-07,20000.00,Fully Paid,6.00
1917,5940,62020,2026-04-20,2026-09-20,28000.00,Active,6.00
1918,5942,50276,2025-10-14,2026-07-14,20000.00,Active,6.00
1919,5946,60492,2025-02-10,2025-06-10,6400.00,Fully Paid,6.00
1920,5947,45839,2024-04-28,2024-10-28,5000.00,Fully Paid,8.40
1921,5949,57880,2025-06-20,2025-12-20,18000.00,Fully Paid,10.80
1922,5953,11524,2024-08-10,2025-01-10,25000.00,Active,10.80
1923,5956,16773,2024-12-23,2025-07-23,6400.00,Fully Paid,10.80
1926,5962,13845,2025-06-18,2025-09-18,12000.00,Fully Paid,6.00
1929,5976,29043,2024-04-20,2024-07-20,10000.00,Defaulted,6.00
1932,5994,21471,2024-11-21,2025-05-21,35000.00,Fully Paid,10.80
1933,5995,36420,2025-06-18,2025-11-18,22000.00,Fully Paid,8.40
1934,5996,61099,2025-07-31,2025-12-31,3000.00,Active,8.40
1935,5997,30071,2026-03-31,2026-10-31,20000.00,Active,6.00
1936,5998,52832,2025-03-01,2025-09-01,10000.00,Fully Paid,10.80
1937,6007,34939,2026-02-07,2026-07-07,6000.00,Active,6.00
1939,6015,62583,2025-01-15,2025-09-15,19200.00,Fully Paid,8.40
1942,6033,14967,2025-10-03,2026-06-03,19200.00,Active,6.00
1944,6038,47952,2026-04-08,2027-01-08,8000.00,Active,10.80
1947,6041,35735,2025-03-17,2025-08-17,12000.00,Fully Paid,8.40
1948,6042,14005,2024-12-03,2025-07-03,19800.00,Defaulted,10.80
1949,6043,30531,2025-05-21,2025-06-21,12000.00,Fully Paid,6.00
1951,6049,60651,2025-01-12,2025-03-12,30000.00,Fully Paid,6.00
1952,6050,61802,2024-03-14,2024-08-14,19000.00,Fully Paid,10.80
1953,6052,10524,2026-01-06,2026-05-06,35000.00,Fully Paid,8.40
1954,6054,27918,2025-09-05,2025-11-05,22250.00,Active,10.80
1955,6064,39032,2026-01-07,2026-08-07,4000.00,Active,8.40
1956,6065,27411,2025-03-21,2025-08-21,12000.00,Fully Paid,6.00
1957,6066,78,2025-11-20,2026-08-20,20000.00,Active,10.80
1958,6068,63104,2024-06-26,2025-02-26,30000.00,Fully Paid,8.40
1959,6069,46489,2025-12-18,2026-05-18,8000.00,Active,14.40
1962,6076,6010,2024-05-16,2024-09-16,20000.00,Fully Paid,6.00
1968,6103,57396,2025-04-22,2025-12-22,15950.00,Fully Paid,10.80
1969,6108,10382,2024-09-22,2024-10-22,8000.00,Active,14.40
1970,6113,51742,2026-03-01,2026-10-01,10000.00,Active,6.00
1971,6115,57743,2026-04-08,2026-08-08,1500.00,Active,6.00
1973,6121,13783,2026-01-30,2026-04-30,2400.00,Active,8.40
1974,6127,2623,2024-02-11,2024-04-11,16000.00,Fully Paid,6.00
1976,6133,13660,2026-03-23,2026-12-23,5000.00,Active,8.40
1977,6136,13503,2025-02-10,2025-06-10,10000.00,Fully Paid,8.40
1978,6137,54804,2026-04-25,2026-06-25,12500.00,Active,8.40
1981,6157,65936,2024-11-27,2025-01-27,15000.00,Active,8.40
1982,6161,64567,2024-04-09,2024-07-09,6000.00,Defaulted,8.40
1985,6168,52154,2024-07-18,2025-01-18,12025.00,Fully Paid,8.40
1987,6172,44072,2025-01-15,2025-06-15,8875.00,Fully Paid,10.80
1988,6175,48757,2025-07-16,2025-11-16,10000.00,Fully Paid,14.40
1989,6179,30636,2025-07-08,2025-08-08,20000.00,Fully Paid,6.00
1990,6181,62272,2024-04-08,2025-01-08,12650.00,Fully Paid,6.00
1991,6182,40022,2025-11-23,2026-05-23,1000.00,Fully Paid,14.40
1997,6209,39939,2026-01-17,2026-05-17,1500.00,Active,6.00
1999,6217,9664,2025-10-11,2026-02-11,10000.00,Fully Paid,6.00
2000,6220,22452,2025-06-04,2025-12-04,10725.00,Fully Paid,14.40
2001,6222,8960,2026-04-02,2026-06-02,3250.00,Active,6.00
2002,6226,37187,2024-10-10,2025-02-10,19200.00,Fully Paid,6.00
2004,6230,23281,2025-08-14,2025-09-14,12525.00,Fully Paid,10.80
2005,6233,6038,2026-05-09,2027-02-09,10000.00,Active,6.00
2006,6236,32325,2024-08-02,2024-10-02,12000.00,Active,10.80
2009,6243,35353,2026-04-09,2026-11-09,15000.00,Active,10.80
2010,6247,37176,2024-03-01,2024-11-01,20000.00,Fully Paid,6.00
2011,6250,26481,2024-12-04,2025-01-04,12000.00,Fully Paid,8.40
2012,6257,31100,2024-06-13,2025-03-13,18200.00,Fully Paid,6.00
2013,6259,64995,2024-01-12,2024-06-12,23025.00,Fully Paid,8.40
2014,6263,12811,2024-05-10,2025-02-10,16650.00,Active,8.40
2015,6264,18604,2026-03-06,2026-06-06,8400.00,Active,6.00
2016,6267,29035,2024-01-17,2024-09-17,15000.00,Fully Paid,8.40
2018,6276,5935,2026-02-09,2026-09-09,28000.00,Active,6.00
2022,6291,3041,2025-08-18,2026-04-18,9000.00,Fully Paid,10.80
2025,6312,903,2026-03-31,2026-05-31,20000.00,Active,8.40
2027,6320,60317,2025-03-30,2025-12-30,31950.00,Fully Paid,14.40
2031,6335,46859,2024-04-12,2025-01-12,21000.00,Fully Paid,8.40
2032,6338,56352,2025-02-27,2025-10-27,9600.00,Fully Paid,6.00
2033,6340,53082,2024-07-10,2025-02-10,15600.00,Fully Paid,6.00
2034,6341,26116,2026-05-17,2026-12-17,19300.00,Active,14.40
2035,6358,6372,2024-02-03,2024-04-03,18500.00,Fully Paid,6.00
2037,6363,33813,2024-03-01,2024-08-01,21600.00,Fully Paid,8.40
2038,6365,26870,2024-07-14,2024-11-14,6025.00,Fully Paid,10.80
2039,6366,23795,2024-06-14,2024-08-14,9800.00,Fully Paid,8.40
2040,6368,28663,2024-11-14,2025-03-14,20000.00,Defaulted,6.00
2041,6369,28015,2024-07-12,2024-12-12,35000.00,Active,8.40
2042,6370,14819,2025-03-29,2025-05-29,10000.00,Fully Paid,6.00
2043,6372,2187,2024-11-25,2025-05-25,4325.00,Fully Paid,6.00
2045,6374,7526,2024-09-21,2025-01-21,16800.00,Fully Paid,14.40
2047,6376,25183,2025-09-01,2026-02-01,10400.00,Fully Paid,10.80
2048,6378,61648,2024-01-13,2024-10-13,16000.00,Fully Paid,14.40
2049,6380,56250,2026-02-03,2026-05-03,10000.00,Fully Paid,8.40
2050,6384,15237,2024-10-15,2025-03-15,15000.00,Fully Paid,6.00
2053,6390,11430,2025-10-20,2026-01-20,30000.00,Fully Paid,14.40
2054,6391,10753,2025-09-22,2025-10-22,28000.00,Active,10.80
2057,6401,5427,2025-01-03,2025-07-03,14800.00,Fully Paid,6.00
2058,6404,11466,2026-04-10,2026-09-10,7875.00,Active,14.40
2059,6406,3191,2025-05-21,2025-09-21,8000.00,Active,8.40
2060,6416,61623,2024-07-17,2025-04-17,5000.00,Fully Paid,8.40
2061,6417,66275,2024-01-10,2024-10-10,26400.00,Fully Paid,8.40
2063,6423,54013,2024-10-25,2025-05-25,8000.00,Active,6.00
2064,6424,28625,2024-01-03,2024-02-03,6025.00,Fully Paid,10.80
2066,6431,54101,2025-05-25,2026-02-25,10000.00,Fully Paid,8.40
2067,6434,66187,2026-01-13,2026-07-13,10000.00,Active,6.00
2068,6435,43768,2026-02-12,2026-09-12,18875.00,Active,6.00
2069,6437,43532,2025-04-24,2025-05-24,2000.00,Fully Paid,14.40
2070,6438,66947,2025-05-29,2025-10-29,14000.00,Active,6.00
2071,6439,13015,2024-09-13,2025-02-13,10000.00,Active,8.40
2072,6445,17263,2024-01-07,2024-02-07,7500.00,Fully Paid,10.80
2073,6446,29786,2025-07-18,2025-11-18,11500.00,Active,6.00
2074,6447,30091,2025-02-18,2025-04-18,4925.00,Fully Paid,14.40
2075,6450,40258,2025-03-29,2025-06-29,7000.00,Defaulted,8.40
2077,6456,59670,2024-08-19,2025-03-19,21000.00,Fully Paid,6.00
2078,6461,64954,2024-08-16,2025-05-16,3500.00,Fully Paid,14.40
2080,6470,67319,2025-04-05,2025-11-05,26600.00,Fully Paid,14.40
2082,6483,58035,2025-09-05,2026-04-05,10625.00,Fully Paid,6.00
2083,6485,47932,2025-09-20,2026-03-20,16000.00,Fully Paid,6.00
2085,6487,54436,2025-09-06,2026-06-06,25000.00,Active,10.80
2086,6489,38511,2025-10-04,2026-04-04,5000.00,Fully Paid,6.00
2087,6494,3801,2024-06-26,2024-09-26,20000.00,Fully Paid,8.40
2090,6505,45987,2025-02-26,2025-11-26,1225.00,Fully Paid,6.00
2092,6509,62500,2024-07-16,2024-11-16,14400.00,Fully Paid,8.40
2093,6514,33001,2024-02-05,2024-07-05,15000.00,Active,8.40
2096,6527,39223,2024-12-01,2025-07-01,24000.00,Fully Paid,8.40
2097,6532,8287,2024-05-08,2024-12-08,30000.00,Fully Paid,6.00
2099,6535,43747,2024-10-28,2025-07-28,4800.00,Defaulted,10.80
2102,6541,27311,2024-03-13,2024-07-13,12000.00,Fully Paid,8.40
2104,6546,38958,2024-02-09,2024-09-09,3000.00,Fully Paid,10.80
2105,6547,11917,2026-01-13,2026-09-13,16000.00,Active,8.40
2106,6548,25735,2024-06-20,2025-01-20,25000.00,Fully Paid,10.80
2107,6553,67463,2024-10-01,2025-06-01,7000.00,Fully Paid,6.00
2108,6554,35136,2025-02-26,2025-11-26,35000.00,Fully Paid,8.40
2109,6557,46148,2024-11-25,2025-08-25,28000.00,Fully Paid,8.40
2110,6559,9054,2026-03-18,2026-11-18,10550.00,Active,6.00
2111,6563,36034,2025-10-10,2026-01-10,5325.00,Active,6.00
2112,6574,32885,2024-03-24,2024-08-24,11200.00,Fully Paid,6.00
2113,6577,7992,2025-03-08,2025-10-08,23000.00,Fully Paid,6.00
2115,6597,67173,2025-05-07,2025-12-07,18000.00,Fully Paid,6.00
2116,6598,66997,2025-11-28,2026-06-28,3000.00,Active,10.80
2117,6600,24698,2024-06-25,2024-11-25,10000.00,Active,10.80
2118,6605,49159,2024-07-04,2024-08-04,19675.00,Fully Paid,8.40
2119,6606,38417,2025-03-18,2025-05-18,7500.00,Fully Paid,6.00
2120,6607,35481,2026-04-29,2026-07-29,19200.00,Active,10.80
2121,6608,31297,2025-09-24,2026-04-24,5000.00,Fully Paid,6.00
2122,6609,14691,2024-10-20,2025-01-20,30000.00,Fully Paid,6.00
2123,6610,50910,2024-02-18,2024-03-18,9800.00,Fully Paid,10.80
2124,6611,26109,2026-04-26,2026-08-26,12000.00,Active,6.00
2125,6612,64744,2024-04-29,2024-07-29,15500.00,Fully Paid,14.40
2126,6614,24116,2026-04-12,2026-05-12,12000.00,Fully Paid,10.80
2127,6617,32468,2025-05-05,2025-09-05,8000.00,Fully Paid,6.00
2128,6619,32638,2025-01-07,2025-07-07,24000.00,Fully Paid,6.00
2129,6623,43721,2024-03-02,2024-08-02,8000.00,Active,10.80
2132,6628,39196,2025-06-25,2026-02-25,16000.00,Active,10.80
2133,6636,46070,2025-01-27,2025-03-27,11875.00,Fully Paid,6.00
2135,6642,50379,2025-08-28,2026-01-28,14875.00,Fully Paid,6.00
2136,6646,39998,2026-04-29,2026-12-29,11825.00,Active,10.80
2137,6651,62631,2024-11-15,2025-01-15,3200.00,Fully Paid,6.00
2138,6653,66016,2025-03-05,2025-05-05,5000.00,Fully Paid,6.00
2139,6654,33788,2025-04-27,2026-01-27,15000.00,Fully Paid,10.80
2140,6660,57479,2025-06-04,2026-03-04,10000.00,Fully Paid,6.00
2141,6661,30555,2025-09-20,2025-11-20,8000.00,Fully Paid,8.40
2144,6669,23727,2025-12-18,2026-06-18,8850.00,Active,8.40
2145,6675,11623,2026-03-23,2026-07-23,10000.00,Active,14.40
2146,6679,66016,2025-03-09,2025-04-09,5000.00,Fully Paid,8.40
2147,6681,8151,2024-09-20,2025-05-20,35000.00,Fully Paid,6.00
2149,6686,33474,2024-08-26,2025-03-26,14000.00,Defaulted,6.00
2150,6695,31342,2026-02-17,2026-05-17,26350.00,Fully Paid,8.40
2152,6704,19972,2024-07-21,2024-10-21,20000.00,Active,10.80
2153,6706,45373,2024-03-26,2024-07-26,11575.00,Fully Paid,8.40
2154,6707,3086,2024-08-09,2025-04-09,20000.00,Fully Paid,14.40
2157,6717,2094,2024-08-26,2025-02-26,4800.00,Active,6.00
2158,6719,6364,2024-07-23,2024-09-23,12000.00,Fully Paid,8.40
2159,6720,51105,2024-04-14,2024-10-14,24000.00,Active,6.00
2160,6721,12284,2026-01-17,2026-03-17,10000.00,Defaulted,8.40
2161,6724,31394,2025-06-17,2026-01-17,3500.00,Defaulted,8.40
2162,6727,65637,2025-06-08,2026-02-08,30500.00,Fully Paid,8.40
2163,6731,46037,2024-12-26,2025-04-26,12000.00,Fully Paid,10.80
2165,6739,31246,2025-04-12,2025-09-12,7200.00,Active,6.00
2166,6743,38486,2026-05-06,2026-09-06,30100.00,Active,6.00
2167,6746,18261,2024-01-18,2024-08-18,16800.00,Active,8.40
2168,6749,45413,2024-05-22,2025-01-22,5000.00,Active,10.80
2169,6751,19923,2025-03-05,2025-06-05,4800.00,Active,8.40
2170,6752,46290,2024-10-12,2025-03-12,8200.00,Fully Paid,6.00
2171,6755,12989,2025-07-11,2025-09-11,5875.00,Active,6.00
2174,6759,30775,2025-08-12,2025-10-12,14000.00,Fully Paid,6.00
2176,6765,57157,2024-09-26,2025-06-26,4000.00,Fully Paid,6.00
2178,6769,63104,2024-07-23,2024-10-23,30000.00,Fully Paid,10.80
2182,6789,11120,2025-03-09,2025-05-09,9000.00,Fully Paid,6.00
2183,6791,49222,2024-09-19,2025-04-19,24000.00,Fully Paid,6.00
2184,6801,11213,2024-04-07,2024-07-07,5000.00,Fully Paid,10.80
2185,6802,11142,2024-11-30,2025-02-28,3600.00,Active,6.00
2186,6804,32858,2024-12-13,2025-06-13,1000.00,Fully Paid,10.80
2187,6807,16359,2024-05-08,2025-01-08,12000.00,Fully Paid,6.00
2188,6809,30787,2025-01-02,2025-09-02,22000.00,Fully Paid,6.00
2189,6810,18925,2025-10-02,2026-01-02,5000.00,Fully Paid,8.40
2192,6824,46082,2025-09-03,2026-05-03,6025.00,Defaulted,8.40
2193,6826,33731,2025-07-30,2026-01-30,35000.00,Fully Paid,8.40
2194,6829,15901,2024-02-08,2024-04-08,10975.00,Fully Paid,10.80
2196,6833,4781,2025-02-18,2025-06-18,5000.00,Fully Paid,6.00
2199,6843,59405,2025-06-07,2025-07-07,5500.00,Fully Paid,6.00
2200,6844,51424,2025-07-19,2026-02-19,11000.00,Fully Paid,10.80
2201,6857,38533,2025-01-28,2025-08-28,11700.00,Fully Paid,6.00
2202,6860,13194,2024-09-25,2025-06-25,15000.00,Fully Paid,10.80
2204,6863,18170,2024-02-25,2024-03-25,15075.00,Fully Paid,6.00
2205,6864,47704,2025-02-19,2025-03-19,12800.00,Fully Paid,6.00
2206,6866,44932,2025-05-31,2025-07-31,18800.00,Fully Paid,10.80
2208,6886,28158,2025-02-16,2025-04-16,16000.00,Fully Paid,10.80
2211,6893,57981,2025-03-08,2025-10-08,25000.00,Fully Paid,6.00
2212,6895,2311,2024-05-07,2024-09-07,27500.00,Fully Paid,8.40
2213,6897,40964,2025-04-30,2026-01-30,20000.00,Fully Paid,10.80
2214,6901,19071,2024-03-12,2024-09-12,32000.00,Active,14.40
2216,6906,56267,2024-02-13,2024-03-13,10100.00,Fully Paid,6.00
2217,6908,16523,2025-07-15,2025-12-15,35000.00,Fully Paid,14.40
2218,6913,15625,2024-08-22,2025-02-22,10000.00,Fully Paid,6.00
2219,6917,47540,2025-08-19,2026-01-19,13675.00,Fully Paid,6.00
2220,6919,44713,2024-08-02,2024-09-02,2500.00,Fully Paid,8.40
2222,6923,12724,2024-05-25,2024-11-25,9575.00,Fully Paid,6.00
2223,6931,24672,2024-10-20,2025-04-20,13000.00,Fully Paid,6.00
2225,6935,10047,2025-12-08,2026-08-08,2500.00,Active,10.80
2226,6938,32140,2024-08-05,2025-03-05,15000.00,Fully Paid,8.40
2228,6945,976,2025-05-11,2025-08-11,10000.00,Active,8.40
2229,6949,16185,2025-08-10,2025-11-10,20000.00,Fully Paid,6.00
2230,6951,32295,2024-05-12,2024-10-12,10000.00,Fully Paid,6.00
2231,6969,55087,2025-12-26,2026-02-26,15000.00,Fully Paid,10.80
2232,6971,14183,2025-02-20,2025-07-20,6500.00,Fully Paid,6.00
2234,6973,56493,2026-01-06,2026-10-06,12000.00,Active,14.40
2235,6974,34041,2024-06-12,2024-10-12,6000.00,Fully Paid,6.00
2236,6975,23247,2025-04-29,2025-09-29,3600.00,Fully Paid,8.40
2237,6976,62871,2025-07-16,2025-10-16,20000.00,Active,8.40
2238,6977,11676,2024-01-01,2024-03-01,10000.00,Fully Paid,6.00
2240,6985,50053,2025-04-01,2025-05-01,6000.00,Fully Paid,8.40
2241,6988,3667,2024-05-16,2024-08-16,16000.00,Fully Paid,6.00
2242,6994,49331,2026-01-06,2026-05-06,18000.00,Fully Paid,6.00
2243,6995,43634,2026-04-12,2026-10-12,24000.00,Active,10.80
2244,7000,32554,2024-04-09,2024-06-09,10000.00,Active,10.80
2245,7001,48779,2025-06-19,2025-09-19,10000.00,Fully Paid,6.00
2246,7004,48579,2024-03-30,2024-11-30,6400.00,Fully Paid,6.00
2247,7009,1759,2025-07-10,2025-09-10,15300.00,Fully Paid,6.00
2249,7014,61469,2025-01-18,2025-06-18,16350.00,Fully Paid,6.00
2250,7015,20962,2024-10-22,2025-03-22,35000.00,Fully Paid,8.40
2253,7029,58065,2025-10-18,2026-01-18,13000.00,Active,6.00
2254,7032,55663,2024-03-02,2024-12-02,5000.00,Fully Paid,6.00
2257,7055,43742,2024-01-07,2024-02-07,20175.00,Fully Paid,14.40
2258,7056,313,2024-11-11,2025-08-11,13375.00,Active,6.00
2259,7057,53813,2025-10-01,2026-02-01,5950.00,Fully Paid,14.40
2260,7061,20715,2024-01-18,2024-05-18,16900.00,Fully Paid,8.40
2261,7062,36048,2024-04-25,2024-06-25,5000.00,Fully Paid,6.00
2262,7067,18922,2024-04-12,2024-07-12,32000.00,Fully Paid,8.40
2263,7069,54992,2026-01-02,2026-07-02,32000.00,Active,6.00
2264,7071,40519,2025-09-01,2026-04-01,6000.00,Fully Paid,14.40
2266,7073,58346,2025-03-25,2025-12-25,16800.00,Fully Paid,8.40
2267,7075,43039,2024-01-27,2024-04-27,10000.00,Fully Paid,10.80
2268,7076,6592,2026-03-28,2026-08-28,8400.00,Active,6.00
2269,7077,62618,2024-01-09,2024-03-09,4200.00,Fully Paid,6.00
2270,7078,7859,2024-01-12,2024-05-12,9000.00,Fully Paid,8.40
2273,7086,10814,2025-06-17,2025-09-17,10000.00,Active,8.40
2274,7093,20540,2025-05-24,2025-09-24,5000.00,Fully Paid,8.40
2275,7094,18659,2025-04-13,2025-08-13,7525.00,Active,8.40
2276,7097,18137,2025-04-21,2025-09-21,11650.00,Fully Paid,10.80
2277,7098,24396,2024-04-24,2024-09-24,5600.00,Fully Paid,6.00
2279,7105,2235,2025-08-15,2026-05-15,9000.00,Fully Paid,8.40
2280,7109,46426,2025-12-29,2026-04-29,14000.00,Fully Paid,10.80
2281,7110,5220,2024-09-07,2025-03-07,14400.00,Fully Paid,6.00
2282,7115,40501,2025-06-03,2025-12-03,15000.00,Fully Paid,6.00
2283,7117,38450,2026-01-11,2026-04-11,6025.00,Fully Paid,8.40
2284,7118,16731,2024-10-26,2025-05-26,1550.00,Fully Paid,8.40
2286,7127,27693,2025-03-28,2025-10-28,16000.00,Fully Paid,6.00
2287,7128,19528,2024-11-07,2025-03-07,12000.00,Active,6.00
2288,7129,45591,2026-02-09,2026-05-09,12000.00,Fully Paid,10.80
2292,7144,59522,2024-08-14,2024-11-14,15000.00,Active,14.40
2293,7151,29206,2025-08-19,2025-12-19,5000.00,Fully Paid,10.80
2294,7152,8464,2026-04-11,2026-07-11,10500.00,Active,6.00
2296,7156,59523,2026-04-28,2026-06-28,7800.00,Active,10.80
2297,7161,10990,2024-08-05,2024-09-05,18600.00,Fully Paid,8.40
2298,7162,15435,2025-11-08,2026-07-08,13050.00,Active,14.40
2299,7163,1020,2026-02-21,2026-09-21,6000.00,Active,6.00
2300,7164,17628,2025-10-21,2026-01-21,8000.00,Fully Paid,8.40
2301,7167,43990,2024-12-05,2025-08-05,7000.00,Fully Paid,6.00
2304,7177,3969,2025-10-06,2025-12-06,12550.00,Fully Paid,10.80
2306,7186,16766,2026-02-25,2026-06-25,5000.00,Active,8.40
2307,7187,20235,2024-06-12,2024-07-12,8000.00,Active,8.40
2309,7193,38015,2025-06-02,2025-09-02,6000.00,Fully Paid,10.80
2310,7195,7107,2026-01-14,2026-08-14,1500.00,Active,14.40
2311,7197,5905,2025-08-22,2026-02-22,9200.00,Fully Paid,6.00
2312,7198,48871,2024-05-19,2024-06-19,23325.00,Fully Paid,10.80
2313,7208,15342,2024-04-30,2024-11-30,14000.00,Active,10.80
2314,7210,38263,2024-10-14,2024-12-14,15000.00,Fully Paid,6.00
2316,7214,66618,2024-06-26,2025-02-26,21000.00,Fully Paid,6.00
2317,7218,24253,2024-09-20,2025-02-20,12000.00,Fully Paid,14.40
2318,7223,25245,2025-01-04,2025-07-04,1200.00,Fully Paid,14.40
2319,7225,13767,2024-12-23,2025-01-23,20000.00,Fully Paid,6.00
2321,7230,40365,2025-10-30,2026-02-28,8025.00,Active,10.80
2322,7231,62698,2024-03-17,2024-10-17,5200.00,Fully Paid,10.80
2323,7235,46606,2024-01-21,2024-09-21,35000.00,Fully Paid,14.40
2324,7240,62173,2024-01-25,2024-08-25,12000.00,Fully Paid,8.40
2325,7241,40550,2024-10-06,2025-06-06,12000.00,Active,10.80
2326,7244,45117,2024-02-06,2024-09-06,22500.00,Active,6.00
2327,7245,20436,2024-04-24,2024-12-24,2650.00,Fully Paid,6.00
2328,7246,62719,2026-04-29,2026-07-29,10650.00,Active,6.00
2330,7252,55703,2024-09-05,2024-12-05,21600.00,Fully Paid,8.40
2331,7256,37809,2025-07-09,2026-02-09,10000.00,Fully Paid,10.80
2332,7263,23305,2025-08-29,2025-11-29,24000.00,Fully Paid,10.80
2333,7265,36175,2026-04-29,2026-12-29,21200.00,Active,6.00
2334,7266,19165,2024-05-19,2024-06-19,12475.00,Fully Paid,14.40
2337,7279,9687,2025-03-01,2025-12-01,24000.00,Fully Paid,8.40
2338,7280,53949,2024-02-14,2024-03-14,4250.00,Fully Paid,10.80
2339,7281,17812,2024-03-18,2024-06-18,19450.00,Fully Paid,8.40
2340,7282,50103,2025-09-06,2025-11-06,25000.00,Fully Paid,6.00
2341,7284,18548,2025-05-24,2025-07-24,15000.00,Fully Paid,10.80
2342,7286,39786,2026-04-22,2026-07-22,14875.00,Active,10.80
2345,7290,44580,2024-11-08,2025-06-08,4500.00,Active,6.00
2347,7293,17966,2024-10-03,2024-11-03,10000.00,Fully Paid,8.40
2348,7295,60835,2025-05-10,2025-06-10,15000.00,Active,6.00
2349,7300,19442,2025-10-19,2025-12-19,10100.00,Fully Paid,10.80
2350,7303,54364,2024-03-10,2024-10-10,35000.00,Fully Paid,8.40
2355,7312,64952,2024-04-15,2024-11-15,3200.00,Fully Paid,10.80
2356,7322,36369,2024-01-30,2024-02-29,18475.00,Fully Paid,6.00
2357,7323,20314,2024-09-05,2025-06-05,3000.00,Fully Paid,6.00
2360,7333,28576,2025-09-07,2025-11-07,14250.00,Fully Paid,10.80
2362,7344,55429,2025-04-03,2025-09-03,14000.00,Fully Paid,8.40
2363,7346,58309,2024-05-22,2024-12-22,12500.00,Fully Paid,6.00
2364,7347,37537,2024-02-24,2024-04-24,8400.00,Active,6.00
2365,7348,59844,2025-09-18,2025-12-18,12000.00,Active,10.80
2367,7360,31756,2024-08-16,2025-04-16,25000.00,Fully Paid,14.40
2369,7363,40045,2024-02-29,2024-06-29,10000.00,Fully Paid,6.00
2371,7370,20964,2026-01-13,2026-10-13,14400.00,Active,10.80
2372,7371,62714,2025-06-27,2026-01-27,24000.00,Active,8.40
2373,7375,67380,2026-03-04,2026-10-04,10800.00,Active,6.00
2374,7376,5748,2025-07-30,2025-10-30,10650.00,Fully Paid,8.40
2375,7378,6621,2024-11-04,2024-12-04,16000.00,Fully Paid,10.80
2376,7379,14935,2025-07-05,2025-12-05,15675.00,Fully Paid,8.40
2377,7382,21232,2024-06-21,2025-03-21,6025.00,Fully Paid,10.80
2378,7383,39745,2025-11-06,2026-01-06,4000.00,Fully Paid,14.40
2379,7384,24182,2024-07-13,2024-08-13,5000.00,Fully Paid,8.40
2380,7389,17833,2024-03-07,2024-07-07,10000.00,Fully Paid,6.00
2382,7396,53994,2025-01-14,2025-02-14,10525.00,Fully Paid,8.40
2387,7407,21133,2024-05-13,2025-02-13,24000.00,Fully Paid,8.40
2389,7410,43691,2026-01-06,2026-07-06,15525.00,Active,8.40
2391,7418,9196,2025-01-18,2025-09-18,16000.00,Active,14.40
2392,7419,18706,2026-04-09,2026-06-09,18950.00,Active,6.00
2394,7423,57790,2025-10-20,2026-05-20,16000.00,Fully Paid,14.40
2395,7427,7668,2024-05-09,2024-12-09,17275.00,Fully Paid,10.80
2396,7429,19635,2026-02-28,2026-07-28,9000.00,Active,8.40
2397,7431,24383,2024-03-12,2024-12-12,11750.00,Fully Paid,8.40
2398,7433,35351,2024-05-02,2024-09-02,9000.00,Active,8.40
2399,7434,15833,2026-04-22,2027-01-22,19775.00,Active,6.00
2401,7437,51382,2025-09-08,2025-11-08,15000.00,Fully Paid,6.00
2402,7442,30107,2025-09-18,2025-11-18,32000.00,Active,6.00
2403,7444,13863,2025-08-29,2025-10-29,30000.00,Fully Paid,6.00
2404,7445,62964,2024-12-03,2025-06-03,5500.00,Fully Paid,6.00
2406,7449,30062,2026-02-17,2026-05-17,15000.00,Active,10.80
2407,7450,531,2024-04-16,2024-12-16,18000.00,Fully Paid,6.00
2408,7452,12277,2026-02-22,2026-05-22,22500.00,Fully Paid,6.00
2409,7453,38339,2026-04-07,2026-11-07,35000.00,Active,6.00
2411,7457,61624,2026-03-24,2026-05-24,13000.00,Fully Paid,6.00
2412,7460,17792,2025-08-10,2026-01-10,12000.00,Fully Paid,6.00
2415,7476,4873,2025-10-13,2026-06-13,30000.00,Active,8.40
2416,7478,40259,2024-06-28,2024-09-28,7200.00,Fully Paid,14.40
2418,7486,42254,2024-06-27,2024-07-27,10000.00,Fully Paid,8.40
2419,7489,9577,2024-07-07,2024-12-07,13100.00,Fully Paid,6.00
2420,7490,12246,2024-03-26,2024-10-26,13000.00,Fully Paid,6.00
2422,7495,11714,2026-02-05,2026-04-05,15000.00,Fully Paid,6.00
2423,7496,6268,2024-09-24,2025-02-24,14000.00,Fully Paid,8.40
2424,7498,2529,2025-09-09,2026-01-09,10000.00,Active,6.00
2427,7509,64000,2025-08-09,2025-10-09,4000.00,Fully Paid,14.40
2428,7510,10855,2026-05-01,2026-06-01,10650.00,Active,14.40
2429,7511,58883,2025-09-26,2026-05-26,20000.00,Active,8.40
2430,7512,28132,2026-04-09,2026-05-09,12000.00,Fully Paid,6.00
2432,7515,35922,2024-03-26,2024-05-26,7000.00,Fully Paid,8.40
2433,7516,19564,2026-02-27,2026-07-27,12650.00,Active,8.40
2434,7519,43755,2025-05-23,2026-02-23,26875.00,Active,6.00
2435,7521,39053,2025-05-15,2025-07-15,12000.00,Fully Paid,14.40
2436,7525,12728,2024-10-15,2025-02-15,10000.00,Defaulted,8.40
2437,7528,13740,2025-01-16,2025-05-16,3000.00,Fully Paid,6.00
2439,7533,32184,2024-01-18,2024-08-18,15000.00,Fully Paid,8.40
2440,7535,66730,2024-09-25,2025-06-25,7000.00,Fully Paid,8.40
2442,7545,59124,2025-02-20,2025-11-20,20000.00,Active,8.40
2444,7552,19996,2024-08-28,2024-11-28,13200.00,Fully Paid,8.40
2445,7555,44409,2024-12-23,2025-04-23,30000.00,Fully Paid,6.00
2446,7568,12261,2025-06-27,2025-09-27,20000.00,Fully Paid,6.00
2447,7569,26833,2026-04-05,2026-11-05,8000.00,Active,6.00
2448,7570,60266,2025-11-01,2026-01-01,10450.00,Fully Paid,8.40
2450,7574,42199,2024-06-27,2024-07-27,27000.00,Fully Paid,8.40
2451,7579,28722,2025-12-22,2026-01-22,16000.00,Fully Paid,6.00
2452,7581,1471,2024-06-26,2024-07-26,6000.00,Fully Paid,14.40
2454,7594,34246,2024-05-28,2024-10-28,4000.00,Active,8.40
2457,7604,40415,2024-07-17,2024-11-17,7500.00,Fully Paid,8.40
2458,7608,34181,2024-02-13,2024-09-13,9825.00,Fully Paid,6.00
2459,7610,10656,2024-11-07,2025-03-07,24000.00,Fully Paid,6.00
2460,7611,40259,2024-08-01,2024-10-01,1600.00,Fully Paid,6.00
2461,7612,34289,2024-09-23,2025-05-23,14000.00,Active,14.40
2462,7613,21035,2025-02-03,2025-08-03,16000.00,Fully Paid,8.40
2463,7614,49043,2024-05-22,2024-10-22,12000.00,Fully Paid,6.00
2464,7615,53064,2024-08-28,2024-10-28,8000.00,Active,14.40
2465,7618,10743,2025-04-21,2025-05-21,13000.00,Fully Paid,6.00
2466,7620,13832,2025-09-14,2026-01-14,14400.00,Fully Paid,6.00
2467,7622,30550,2024-08-17,2024-11-17,3600.00,Active,10.80
2468,7627,55189,2024-04-05,2025-01-05,18000.00,Fully Paid,8.40
2469,7629,39948,2024-01-21,2024-10-21,12000.00,Fully Paid,10.80
2471,7638,9138,2024-12-16,2025-01-16,6000.00,Fully Paid,8.40
2473,7646,45528,2025-04-10,2026-01-10,17500.00,Fully Paid,6.00
2474,7650,34741,2025-09-06,2025-12-06,10000.00,Fully Paid,14.40
2477,7659,64334,2025-07-28,2026-02-28,17850.00,Fully Paid,10.80
2478,7660,67669,2026-01-12,2026-08-12,33575.00,Active,10.80
2480,7662,45021,2024-10-05,2025-03-05,25000.00,Active,10.80
2481,7665,19572,2025-09-26,2025-12-26,24000.00,Fully Paid,6.00
2484,7680,10664,2025-02-04,2025-09-04,9600.00,Fully Paid,6.00
2485,7682,46099,2024-01-07,2024-07-07,16375.00,Fully Paid,6.00
2486,7686,14493,2024-01-30,2024-06-30,4600.00,Defaulted,6.00
2489,7694,54911,2026-04-13,2026-06-13,4000.00,Active,10.80
2490,7695,41111,2025-04-05,2025-07-05,5000.00,Fully Paid,10.80
2491,7697,18368,2024-11-18,2024-12-18,16000.00,Fully Paid,8.40
2492,7698,12011,2025-10-01,2026-01-01,30000.00,Fully Paid,6.00
2493,7707,772,2024-04-01,2024-06-01,28000.00,Active,8.40
2496,7719,62114,2026-03-14,2026-07-14,18650.00,Active,6.00
2497,7729,38127,2024-12-10,2025-09-10,20000.00,Active,6.00
2498,7734,4695,2025-08-19,2025-12-19,15000.00,Fully Paid,14.40
2501,7739,57613,2026-04-23,2027-01-23,12000.00,Active,6.00
2502,7740,22064,2026-04-03,2026-07-03,12475.00,Active,8.40
2504,7742,16262,2024-12-09,2025-04-09,8975.00,Active,8.40
2505,7750,19799,2025-09-22,2026-02-22,12000.00,Fully Paid,10.80
2507,7758,49696,2025-09-12,2025-10-12,24000.00,Fully Paid,8.40
2508,7759,38143,2024-09-28,2025-03-28,4800.00,Active,8.40
2510,7766,2612,2025-03-21,2025-11-21,15000.00,Fully Paid,14.40
2511,7769,24611,2024-11-03,2025-01-03,12000.00,Fully Paid,6.00
2512,7771,40838,2024-01-15,2024-03-15,3000.00,Fully Paid,10.80
2514,7773,32050,2025-10-06,2026-05-06,10000.00,Fully Paid,6.00
2515,7777,4347,2025-05-26,2025-06-26,5000.00,Fully Paid,8.40
2516,7778,5463,2025-12-13,2026-01-13,28000.00,Fully Paid,8.40
2517,7780,13040,2024-01-21,2024-05-21,1000.00,Fully Paid,8.40
2518,7782,13767,2024-04-12,2024-10-12,14400.00,Fully Paid,8.40
2520,7787,22627,2026-02-15,2026-11-15,35000.00,Active,8.40
2521,7792,47571,2025-10-09,2026-02-09,15000.00,Active,6.00
2522,7793,20164,2026-03-20,2026-11-20,24000.00,Active,6.00
2523,7794,24092,2025-12-27,2026-04-27,11200.00,Fully Paid,10.80
2524,7799,60979,2025-10-01,2026-02-01,35000.00,Defaulted,6.00
2526,7804,36665,2026-01-04,2026-08-04,1500.00,Active,14.40
2527,7805,17846,2025-08-11,2025-11-11,18000.00,Fully Paid,6.00
2529,7809,13987,2025-09-09,2026-03-09,35000.00,Fully Paid,6.00
2530,7813,17883,2024-06-08,2024-07-08,24000.00,Fully Paid,14.40
2532,7817,42979,2026-05-14,2026-12-14,22000.00,Active,8.40
2533,7819,2938,2025-03-08,2025-09-08,20000.00,Active,6.00
2534,7822,19304,2024-06-26,2025-02-26,11200.00,Fully Paid,6.00
2535,7825,26659,2025-11-12,2026-05-12,10000.00,Fully Paid,6.00
2536,7827,54303,2024-09-17,2025-04-17,1200.00,Active,6.00
2538,7830,11565,2024-11-04,2025-06-04,18000.00,Defaulted,8.40
2541,7847,5260,2025-11-02,2026-03-02,16800.00,Fully Paid,6.00
2544,7856,24692,2026-01-15,2026-08-15,15000.00,Active,10.80
2545,7859,27791,2025-06-05,2026-01-05,4000.00,Fully Paid,8.40
2546,7861,40109,2026-05-14,2027-01-14,24000.00,Active,6.00
2548,7863,5707,2024-07-19,2025-03-19,35000.00,Fully Paid,10.80
2549,7875,66226,2025-03-16,2025-11-16,6400.00,Fully Paid,8.40
2550,7877,42655,2024-05-22,2024-09-22,27600.00,Defaulted,8.40
2552,7882,19172,2025-01-19,2025-09-19,9600.00,Fully Paid,6.00
2553,7885,33105,2025-08-05,2025-10-05,8000.00,Fully Paid,6.00
2554,7887,33408,2024-10-19,2025-06-19,10000.00,Fully Paid,6.00
2555,7888,60921,2025-11-03,2026-07-03,9375.00,Active,10.80
2556,7889,63683,2024-03-17,2024-12-17,35000.00,Active,10.80
2557,7890,7184,2025-09-01,2026-04-01,4000.00,Fully Paid,8.40
2558,7891,37351,2025-07-28,2025-09-28,3600.00,Active,8.40
2559,7892,38356,2024-11-09,2025-04-09,24000.00,Defaulted,8.40
2560,7896,3608,2024-02-08,2024-10-08,4800.00,Fully Paid,10.80
2561,7897,38450,2026-02-26,2026-10-26,4000.00,Active,6.00
2562,7901,49287,2024-10-09,2025-05-09,16000.00,Fully Paid,10.80
2563,7903,59905,2024-05-26,2024-06-26,9600.00,Fully Paid,6.00
2564,7904,37176,2025-12-05,2026-03-05,5000.00,Fully Paid,6.00
2566,7907,46327,2025-02-05,2025-06-05,18000.00,Fully Paid,6.00
2569,7914,49360,2026-01-31,2026-07-31,1600.00,Active,6.00
2570,7915,57790,2025-07-08,2026-01-08,12000.00,Fully Paid,6.00
2572,7919,61764,2025-08-02,2026-05-02,12000.00,Fully Paid,8.40
2573,7920,13197,2026-02-27,2026-05-27,8400.00,Active,6.00
2574,7922,24686,2024-10-18,2025-07-18,12950.00,Fully Paid,8.40
2575,7924,10743,2024-12-23,2025-02-23,4000.00,Active,8.40
2580,7931,33201,2024-09-23,2025-02-23,4800.00,Active,8.40
2581,7932,9268,2024-12-29,2025-09-29,7000.00,Fully Paid,10.80
2583,7938,13460,2024-04-08,2024-06-08,17000.00,Fully Paid,6.00
2584,7944,42262,2025-05-18,2025-11-18,3000.00,Fully Paid,8.40
2585,7946,27048,2024-11-24,2025-03-24,3600.00,Active,14.40
2586,7950,14291,2025-10-18,2025-12-18,7200.00,Fully Paid,10.80
2588,7957,51069,2024-10-18,2025-01-18,21000.00,Active,8.40
2589,7958,11148,2024-06-17,2025-02-17,3400.00,Fully Paid,10.80
2591,7964,2775,2025-07-15,2025-09-15,10000.00,Fully Paid,8.40
2592,7965,44174,2024-06-06,2025-03-06,16000.00,Fully Paid,6.00
2593,7967,27055,2025-10-05,2026-03-05,9325.00,Fully Paid,6.00
2594,7968,4711,2024-07-11,2024-11-11,10000.00,Fully Paid,14.40
2595,7971,21804,2024-03-23,2024-06-23,3000.00,Fully Paid,6.00
2597,7979,25833,2026-04-25,2026-06-25,10825.00,Active,6.00
2598,7980,66890,2026-02-06,2026-09-06,3000.00,Active,6.00
2601,7994,11469,2024-02-25,2024-11-25,8000.00,Active,6.00
2602,7997,12477,2025-11-24,2026-04-24,15000.00,Fully Paid,6.00
2604,8002,55860,2025-02-08,2025-11-08,5000.00,Fully Paid,6.00
2605,8004,40539,2025-03-27,2025-06-27,10000.00,Fully Paid,6.00
2606,8006,50494,2024-05-09,2024-08-09,30000.00,Active,6.00
2607,8007,45693,2024-12-10,2025-01-10,3600.00,Fully Paid,6.00
2608,8010,41907,2024-03-13,2024-04-13,8000.00,Active,10.80
2612,8017,4501,2025-11-27,2026-05-27,5400.00,Active,6.00
2613,8019,5750,2025-05-31,2026-02-28,16000.00,Fully Paid,6.00
2614,8020,25625,2026-01-13,2026-03-13,6725.00,Fully Paid,14.40
2615,8022,14187,2025-01-04,2025-03-04,9325.00,Fully Paid,10.80
2618,8027,38511,2025-07-27,2025-10-27,9000.00,Fully Paid,10.80
2619,8031,14102,2026-04-01,2026-07-01,7000.00,Active,8.40
2620,8036,51600,2026-03-10,2026-05-10,7500.00,Fully Paid,14.40
2621,8046,40472,2025-03-31,2025-08-31,3250.00,Active,8.40
2622,8047,49836,2024-01-10,2024-05-10,27000.00,Active,8.40
2625,8054,25754,2024-04-20,2024-08-20,16000.00,Active,6.00
2627,8058,19460,2024-03-09,2024-09-09,35000.00,Active,6.00
2629,8062,39648,2024-08-07,2024-11-07,14000.00,Fully Paid,8.40
2630,8064,43904,2025-12-15,2026-01-15,5000.00,Fully Paid,8.40
2631,8065,47354,2024-02-23,2024-07-23,20000.00,Fully Paid,6.00
2632,8067,31188,2026-04-10,2026-05-10,8000.00,Fully Paid,10.80
2635,8077,51989,2024-04-11,2024-08-11,20250.00,Fully Paid,6.00
2636,8078,2507,2024-01-06,2024-05-06,9175.00,Fully Paid,6.00
2638,8087,44779,2024-10-07,2025-02-07,3000.00,Fully Paid,6.00
2639,8088,40783,2025-10-07,2025-11-07,23350.00,Fully Paid,6.00
2640,8089,56903,2025-09-09,2025-11-09,18000.00,Fully Paid,8.40
2641,8091,7629,2025-08-08,2026-05-08,20000.00,Fully Paid,6.00
2642,8092,16010,2024-04-24,2024-05-24,18000.00,Active,14.40
2643,8093,43267,2026-02-11,2026-08-11,26000.00,Active,8.40
2644,8098,63322,2024-08-23,2025-03-23,2550.00,Fully Paid,10.80
2645,8101,14308,2024-01-14,2024-06-14,14250.00,Fully Paid,6.00
2646,8103,43018,2025-05-01,2025-10-01,7000.00,Fully Paid,8.40
2648,8109,55695,2026-03-20,2026-06-20,12000.00,Active,8.40
2649,8115,50810,2025-08-07,2025-10-07,7900.00,Fully Paid,6.00
2650,8119,35026,2024-05-23,2024-12-23,8100.00,Defaulted,10.80
2652,8121,61142,2024-06-30,2024-11-30,30000.00,Fully Paid,6.00
2653,8122,54754,2024-09-01,2025-03-01,10000.00,Fully Paid,6.00
2659,8141,3196,2024-12-23,2025-04-23,10000.00,Defaulted,6.00
2661,8155,57535,2024-09-25,2025-03-25,3425.00,Fully Paid,6.00
2662,8159,27315,2024-12-04,2025-02-04,10000.00,Fully Paid,6.00
2664,8168,24585,2024-02-25,2024-08-25,16000.00,Fully Paid,6.00
2665,8174,31662,2026-01-30,2026-07-30,11325.00,Active,6.00
2666,8175,58826,2024-10-21,2025-03-21,12800.00,Fully Paid,6.00
2669,8180,44537,2025-05-25,2025-07-25,15000.00,Fully Paid,10.80
2670,8182,37463,2024-07-10,2024-09-10,30000.00,Fully Paid,6.00
2671,8184,49243,2024-12-11,2025-06-11,8500.00,Fully Paid,6.00
2673,8188,5270,2025-10-02,2026-07-02,10000.00,Active,14.40
2674,8193,54082,2025-11-05,2026-06-05,6000.00,Active,8.40
2677,8199,44751,2024-03-07,2024-11-07,20000.00,Fully Paid,8.40
2678,8203,7459,2025-04-24,2026-01-24,21000.00,Fully Paid,6.00
2680,8216,18379,2024-07-09,2025-01-09,14000.00,Fully Paid,8.40
2683,8224,32243,2025-06-08,2025-08-08,25000.00,Active,6.00
2686,8231,32607,2025-08-05,2025-12-05,10900.00,Active,8.40
2687,8232,35298,2025-10-10,2026-03-10,10000.00,Fully Paid,6.00
2688,8238,7508,2025-05-08,2025-12-08,12000.00,Fully Paid,10.80
2689,8240,23629,2026-03-31,2026-10-31,5000.00,Active,6.00
2690,8241,58842,2025-02-11,2025-09-11,5000.00,Active,8.40
2692,8246,61750,2026-02-04,2026-09-04,6000.00,Active,6.00
2693,8248,26199,2024-12-30,2025-01-30,25000.00,Fully Paid,6.00
2694,8252,58197,2024-05-24,2025-01-24,7000.00,Fully Paid,8.40
2695,8254,46376,2025-03-18,2025-07-18,10000.00,Active,8.40
2696,8255,41357,2024-11-06,2025-06-06,3600.00,Fully Paid,8.40
2697,8259,41942,2025-03-16,2025-11-16,21000.00,Fully Paid,10.80
2698,8260,64389,2025-10-21,2025-11-21,24000.00,Fully Paid,6.00
2699,8263,5607,2025-04-16,2025-07-16,16800.00,Fully Paid,8.40
2700,8266,22630,2025-04-04,2025-12-04,4000.00,Defaulted,10.80
2701,8267,19669,2026-04-28,2026-12-28,5000.00,Active,6.00
2702,8269,7333,2025-06-18,2025-07-18,15000.00,Fully Paid,10.80
2703,8270,63227,2026-02-16,2026-10-16,16150.00,Active,10.80
2705,8281,50705,2024-05-25,2024-10-25,10000.00,Fully Paid,8.40
2706,8282,66082,2025-06-29,2025-08-29,14175.00,Fully Paid,8.40
2707,8285,58289,2024-08-29,2025-02-28,9000.00,Fully Paid,6.00
2709,8288,6038,2024-04-08,2024-11-08,24000.00,Fully Paid,8.40
2711,8294,62243,2025-06-28,2025-07-28,24000.00,Fully Paid,6.00
2713,8300,63402,2026-04-12,2026-08-12,17625.00,Active,8.40
2715,8310,40827,2024-12-19,2025-02-19,20000.00,Fully Paid,10.80
2716,8317,26491,2025-02-14,2025-04-14,2100.00,Fully Paid,8.40
2717,8321,55706,2024-02-12,2024-04-12,21000.00,Fully Paid,6.00
2718,8326,15139,2024-10-05,2025-01-05,6000.00,Fully Paid,8.40
2719,8329,45436,2025-03-29,2025-06-29,30000.00,Fully Paid,14.40
2721,8332,17166,2024-11-01,2025-01-01,8500.00,Fully Paid,10.80
2723,8340,31668,2025-10-04,2025-12-04,9000.00,Fully Paid,8.40
2724,8355,7163,2024-11-08,2025-04-08,25000.00,Fully Paid,8.40
2727,8361,23043,2025-03-26,2025-12-26,6000.00,Fully Paid,14.40
2729,8368,53644,2024-09-25,2024-12-25,3000.00,Fully Paid,14.40
2732,8379,9573,2026-02-26,2026-08-26,35000.00,Active,6.00
2733,8380,65206,2024-01-02,2024-09-02,20000.00,Fully Paid,6.00
2734,8382,25762,2025-10-12,2026-01-12,9450.00,Fully Paid,10.80
2737,8392,42200,2025-09-25,2026-06-25,1600.00,Active,8.40
2738,8393,31906,2025-11-13,2026-04-13,7975.00,Fully Paid,8.40
2739,8399,36074,2025-05-03,2025-12-03,15000.00,Fully Paid,10.80
2740,8400,1407,2026-04-01,2026-07-01,14075.00,Active,8.40
2743,8405,58742,2024-11-02,2025-05-02,20000.00,Fully Paid,8.40
2744,8407,9463,2025-05-16,2025-12-16,1000.00,Fully Paid,8.40
2747,8425,6354,2025-11-24,2026-01-24,12775.00,Fully Paid,10.80
2748,8427,52488,2026-01-15,2026-09-15,12000.00,Active,6.00
2749,8430,21049,2024-09-10,2025-02-10,28000.00,Fully Paid,8.40
2751,8433,34020,2024-01-02,2024-08-02,12325.00,Fully Paid,10.80
2752,8434,3202,2025-07-26,2026-02-26,10000.00,Fully Paid,8.40
2754,8444,40577,2024-03-09,2024-09-09,20000.00,Fully Paid,6.00
2755,8445,20557,2025-09-05,2025-11-05,12575.00,Fully Paid,6.00
2756,8446,53259,2025-04-28,2025-08-28,3000.00,Active,14.40
2758,8449,66833,2026-03-17,2026-09-17,24000.00,Active,6.00
2760,8457,55554,2026-04-20,2026-10-20,20000.00,Active,6.00
2761,8459,52635,2024-05-15,2024-11-15,16800.00,Fully Paid,6.00
2762,8460,67332,2025-03-19,2025-06-19,7325.00,Fully Paid,8.40
2764,8468,25252,2025-03-02,2025-10-02,8800.00,Defaulted,10.80
2765,8471,52321,2026-02-01,2026-09-01,3600.00,Active,6.00
2766,8473,27785,2024-04-11,2024-05-11,19200.00,Fully Paid,8.40
2767,8475,27981,2025-09-04,2026-01-04,22000.00,Fully Paid,6.00
2768,8476,58340,2025-04-28,2025-07-28,9000.00,Fully Paid,6.00
2771,8485,53000,2025-02-12,2025-07-12,5000.00,Fully Paid,6.00
2773,8493,60052,2025-03-09,2025-11-09,12000.00,Fully Paid,8.40
2774,8495,679,2026-03-02,2026-04-02,16000.00,Fully Paid,10.80
2776,8497,16321,2024-03-17,2024-08-17,5500.00,Fully Paid,10.80
2777,8501,27016,2024-03-19,2024-05-19,25000.00,Fully Paid,8.40
2780,8512,28784,2025-01-15,2025-10-15,6000.00,Active,8.40
2781,8517,49303,2024-03-28,2024-11-28,9625.00,Fully Paid,6.00
2783,8519,21965,2024-06-23,2025-01-23,23100.00,Fully Paid,8.40
2784,8523,58178,2026-03-16,2026-05-16,20000.00,Fully Paid,6.00
2785,8527,53343,2025-06-22,2025-09-22,8000.00,Fully Paid,14.40
2786,8529,67752,2025-10-23,2025-11-23,15000.00,Active,14.40
2787,8530,34317,2025-06-07,2026-02-07,35000.00,Fully Paid,14.40
2788,8532,15397,2024-08-31,2024-11-30,6300.00,Fully Paid,10.80
2789,8534,30535,2025-12-02,2026-07-02,15000.00,Active,6.00
2790,8535,63451,2024-08-23,2024-09-23,23000.00,Active,6.00
2792,8542,56337,2026-01-22,2026-06-22,7000.00,Active,14.40
2793,8545,52270,2025-10-09,2026-04-09,5000.00,Fully Paid,6.00
2796,8551,28506,2024-03-13,2024-07-13,10000.00,Fully Paid,6.00
2797,8553,12269,2025-01-26,2025-07-26,14000.00,Fully Paid,10.80
2798,8555,702,2024-11-14,2025-01-14,30000.00,Fully Paid,8.40
2800,8557,34246,2025-02-12,2025-10-12,15000.00,Fully Paid,6.00
2801,8558,55134,2026-04-25,2026-08-25,25225.00,Active,6.00
2802,8559,35268,2024-09-08,2025-04-08,11000.00,Active,10.80
2804,8567,42453,2024-07-26,2024-12-26,16000.00,Fully Paid,14.40
2805,8570,37660,2024-02-16,2024-06-16,35000.00,Fully Paid,6.00
2806,8573,19879,2024-11-17,2025-05-17,24000.00,Defaulted,6.00
2807,8575,47650,2024-07-02,2024-08-02,6025.00,Fully Paid,8.40
2808,8576,10186,2024-09-20,2025-04-20,5000.00,Fully Paid,10.80
2810,8578,61752,2025-08-29,2026-01-29,7000.00,Active,8.40
2811,8579,56760,2025-03-12,2025-10-12,10000.00,Fully Paid,10.80
2812,8582,37835,2024-03-06,2024-04-06,10000.00,Fully Paid,6.00
2813,8584,9134,2024-04-05,2024-10-05,10000.00,Fully Paid,8.40
2814,8588,21471,2024-05-26,2024-09-26,24000.00,Active,14.40
2815,8590,56659,2024-06-03,2024-12-03,4600.00,Active,8.40
2816,8592,2933,2025-07-14,2025-12-14,4000.00,Fully Paid,8.40
2817,8598,32443,2024-09-12,2025-01-12,16200.00,Fully Paid,8.40
2818,8604,15008,2025-04-05,2025-06-05,25000.00,Fully Paid,6.00
2819,8606,28368,2025-03-11,2025-08-11,9500.00,Fully Paid,6.00
2820,8609,46125,2025-11-13,2025-12-13,35000.00,Fully Paid,10.80
2821,8611,44250,2025-10-19,2026-07-19,16075.00,Active,6.00
2826,8627,63988,2025-05-05,2025-12-05,24000.00,Fully Paid,8.40
2828,8635,54411,2025-12-22,2026-05-22,4200.00,Fully Paid,8.40
2829,8640,6502,2025-09-17,2026-06-17,24000.00,Active,8.40
2830,8645,24957,2026-05-02,2026-07-02,30650.00,Active,6.00
2831,8647,20340,2025-10-07,2025-12-07,9000.00,Active,6.00
2832,8648,40893,2024-12-15,2025-08-15,17375.00,Active,8.40
2833,8649,38662,2025-09-16,2026-03-16,19200.00,Fully Paid,8.40
2834,8650,45638,2026-05-04,2027-01-04,15000.00,Active,6.00
2835,8651,445,2025-01-10,2025-06-10,11000.00,Active,10.80
2838,8656,38359,2024-12-25,2025-08-25,6000.00,Fully Paid,6.00
2841,8664,17506,2024-02-20,2024-03-20,12000.00,Fully Paid,6.00
2842,8665,59128,2025-03-07,2025-06-07,10000.00,Active,14.40
2843,8666,59753,2025-04-29,2025-10-29,6000.00,Fully Paid,10.80
2844,8667,29955,2024-02-05,2024-09-05,19200.00,Fully Paid,8.40
2845,8670,34835,2024-08-13,2025-05-13,24000.00,Defaulted,6.00
2846,8676,14105,2025-09-06,2025-12-06,25000.00,Fully Paid,8.40
2847,8677,5032,2025-12-09,2026-09-09,18700.00,Active,10.80
2848,8679,44220,2025-06-18,2025-11-18,12000.00,Fully Paid,14.40
2850,8683,22744,2025-10-01,2026-06-01,30000.00,Active,6.00
2853,8691,18828,2025-09-22,2026-03-22,8000.00,Fully Paid,8.40
2856,8703,24951,2025-12-29,2026-09-29,17000.00,Active,6.00
2858,8706,42045,2024-01-17,2024-05-17,10000.00,Fully Paid,8.40
2859,8711,61800,2025-08-16,2026-02-16,20000.00,Active,10.80
2861,8716,20546,2024-09-14,2025-03-14,24000.00,Fully Paid,6.00
2862,8726,58742,2026-03-11,2026-12-11,14000.00,Active,6.00
2864,8733,59978,2025-01-02,2025-06-02,3600.00,Fully Paid,6.00
2865,8736,19949,2024-08-01,2024-12-01,5000.00,Fully Paid,6.00
2868,8742,67754,2024-02-14,2024-10-14,12000.00,Fully Paid,14.40
2869,8746,34793,2024-05-28,2024-07-28,10000.00,Fully Paid,6.00
2870,8747,40349,2025-03-20,2025-10-20,13000.00,Fully Paid,6.00
2871,8750,26760,2024-03-16,2024-11-16,12000.00,Fully Paid,10.80
2872,8756,6102,2025-01-28,2025-08-28,3600.00,Fully Paid,8.40
2874,8762,61195,2024-05-30,2024-12-30,18000.00,Fully Paid,6.00
2875,8765,22965,2025-01-20,2025-08-20,1125.00,Fully Paid,8.40
2876,8767,1020,2026-03-23,2026-07-23,9600.00,Active,8.40
2878,8770,6271,2026-03-28,2026-06-28,2500.00,Active,10.80
2881,8781,37184,2025-01-29,2025-08-29,7500.00,Fully Paid,6.00
2882,8782,1377,2024-07-29,2025-04-29,6000.00,Fully Paid,10.80
2883,8783,50474,2024-12-11,2025-02-11,12000.00,Active,10.80
2884,8784,13942,2025-02-20,2025-07-20,10000.00,Active,6.00
2885,8785,52379,2024-03-04,2024-06-04,16000.00,Fully Paid,8.40
2887,8787,6102,2025-07-06,2026-01-06,2525.00,Fully Paid,6.00
2889,8802,4575,2026-01-04,2026-05-04,5000.00,Fully Paid,8.40
2890,8804,33562,2024-02-03,2024-08-03,30225.00,Fully Paid,14.40
2893,8814,51611,2025-07-25,2025-12-25,8000.00,Fully Paid,8.40
2894,8818,22086,2024-09-05,2024-12-05,6000.00,Fully Paid,6.00
2895,8819,53253,2024-10-19,2025-03-19,4000.00,Fully Paid,6.00
2896,8822,28481,2026-01-15,2026-09-15,8000.00,Active,6.00
2898,8830,32282,2024-03-08,2024-09-08,9000.00,Fully Paid,8.40
2899,8832,33942,2024-03-16,2024-11-16,10000.00,Fully Paid,8.40
2903,8849,36717,2026-04-19,2026-08-19,5275.00,Active,14.40
2905,8864,58598,2025-11-16,2026-02-16,6400.00,Defaulted,14.40
2906,8871,19193,2025-03-02,2025-09-02,2500.00,Fully Paid,8.40
2907,8877,11290,2025-10-22,2026-03-22,16000.00,Fully Paid,6.00
2908,8878,23724,2024-10-06,2024-12-06,7500.00,Fully Paid,6.00
2909,8879,52222,2025-04-27,2025-08-27,5875.00,Fully Paid,6.00
2910,8885,67861,2026-03-28,2026-12-28,10000.00,Active,10.80
2911,8887,27969,2025-02-12,2025-08-12,10000.00,Fully Paid,6.00
2912,8890,52742,2024-07-21,2025-02-21,6050.00,Active,8.40
2913,8891,59976,2025-02-03,2025-04-03,5000.00,Fully Paid,8.40
2914,8892,12745,2026-04-23,2026-08-23,20000.00,Active,6.00
2915,8893,15982,2024-12-19,2025-06-19,9600.00,Fully Paid,6.00
2916,8897,62029,2025-09-01,2026-02-01,24000.00,Fully Paid,10.80
2917,8898,22985,2025-06-09,2026-01-09,30000.00,Defaulted,6.00
2918,8899,13746,2026-01-08,2026-02-08,32000.00,Fully Paid,8.40
2919,8901,25514,2025-03-30,2025-05-30,6000.00,Fully Paid,8.40
2920,8908,7384,2024-09-24,2025-06-24,24000.00,Fully Paid,8.40
2921,8911,67273,2024-08-09,2025-05-09,8500.00,Fully Paid,8.40
2922,8913,22628,2025-01-15,2025-08-15,18000.00,Defaulted,8.40
2923,8917,31610,2024-07-13,2025-03-13,12000.00,Active,10.80
2924,8923,735,2025-05-18,2025-11-18,7500.00,Fully Paid,10.80
2925,8924,36369,2025-05-10,2025-06-10,8000.00,Fully Paid,10.80
2928,8927,16620,2025-05-06,2025-09-06,20000.00,Fully Paid,8.40
2929,8928,61613,2024-03-25,2024-08-25,12000.00,Fully Paid,8.40
2930,8931,27084,2024-09-08,2024-10-08,15000.00,Fully Paid,6.00
2932,8942,39630,2026-04-03,2026-06-03,6800.00,Active,6.00
2933,8953,61522,2025-01-15,2025-04-15,13000.00,Fully Paid,6.00
2934,8954,26541,2025-08-21,2026-03-21,11225.00,Fully Paid,6.00
2937,8965,30131,2026-02-20,2026-04-20,18000.00,Fully Paid,8.40
2938,8976,14442,2026-02-18,2026-08-18,8000.00,Active,6.00
2939,8977,228,2026-01-28,2026-06-28,6000.00,Active,14.40
2941,8979,17539,2024-04-27,2024-07-27,14000.00,Fully Paid,10.80
2942,8981,35322,2025-09-25,2026-06-25,11900.00,Active,8.40
2943,8982,15699,2024-07-31,2024-11-30,6000.00,Fully Paid,6.00
2945,8991,51589,2025-10-14,2025-11-14,5000.00,Fully Paid,10.80
2946,8993,18087,2025-06-06,2025-11-06,33600.00,Fully Paid,6.00
2947,8997,38067,2024-01-07,2024-04-07,23500.00,Fully Paid,6.00
2948,8998,66040,2025-04-27,2025-09-27,15000.00,Active,10.80
2952,9009,16033,2024-03-31,2024-12-31,13525.00,Fully Paid,10.80
2953,9013,37740,2024-03-05,2024-10-05,20000.00,Fully Paid,6.00
2957,9027,49857,2024-12-22,2025-06-22,12050.00,Fully Paid,8.40
2958,9033,58557,2025-12-14,2026-04-14,6000.00,Fully Paid,6.00
2959,9036,284,2024-03-07,2024-04-07,15000.00,Fully Paid,8.40
2960,9037,24213,2024-10-16,2025-07-16,20000.00,Fully Paid,6.00
2961,9042,49932,2025-02-19,2025-09-19,8000.00,Active,6.00
2962,9046,50161,2026-05-11,2026-08-11,25000.00,Active,10.80
2965,9057,31011,2026-03-19,2026-04-19,11500.00,Defaulted,6.00
2966,9061,30936,2025-06-27,2026-02-27,16000.00,Active,6.00
2967,9065,9906,2024-08-18,2024-10-18,12325.00,Fully Paid,8.40
2968,9066,36751,2025-01-19,2025-06-19,5000.00,Fully Paid,14.40
2970,9070,14230,2026-03-09,2026-09-09,14000.00,Active,8.40
2971,9078,12368,2025-06-18,2025-09-18,7900.00,Fully Paid,10.80
2972,9079,63016,2024-01-14,2024-07-14,12000.00,Fully Paid,10.80
2974,9082,5095,2026-03-14,2026-12-14,25000.00,Active,6.00
2975,9084,41896,2025-01-01,2025-03-01,15000.00,Fully Paid,10.80
2976,9085,27143,2024-09-28,2025-06-28,8000.00,Fully Paid,10.80
2977,9095,13740,2025-12-23,2026-07-23,16000.00,Active,6.00
2980,9114,56241,2024-09-07,2025-03-07,3600.00,Fully Paid,14.40
2981,9115,7585,2025-08-08,2026-01-08,10000.00,Fully Paid,8.40
2982,9121,55202,2024-01-20,2024-10-20,10800.00,Fully Paid,8.40
2983,9122,11138,2025-08-25,2025-12-25,24000.00,Fully Paid,10.80
2984,9125,65454,2025-08-21,2025-12-21,23000.00,Fully Paid,6.00
2985,9134,15118,2025-04-02,2025-07-02,11200.00,Fully Paid,8.40
2986,9137,53956,2025-12-08,2026-09-08,3500.00,Active,6.00
2987,9139,13746,2025-08-25,2026-03-25,5000.00,Fully Paid,6.00
2988,9142,11920,2024-11-01,2025-04-01,10000.00,Fully Paid,6.00
2989,9145,10596,2025-04-17,2025-06-17,21275.00,Fully Paid,6.00
2990,9149,48299,2024-01-27,2024-10-27,9000.00,Active,10.80
2991,9151,14757,2025-06-26,2025-12-26,8000.00,Fully Paid,10.80
2992,9155,11902,2026-02-21,2026-11-21,32000.00,Active,10.80
2993,9158,6102,2025-04-07,2025-12-07,6500.00,Fully Paid,8.40
2995,9165,59670,2024-07-23,2025-01-23,3700.00,Active,6.00
2996,9166,8061,2025-01-13,2025-02-13,23000.00,Fully Paid,8.40
2997,9168,38489,2024-03-05,2024-04-05,3500.00,Fully Paid,6.00
2999,9172,6116,2024-09-12,2024-12-12,3000.00,Active,8.40
3001,9185,41864,2025-01-09,2025-05-09,4200.00,Fully Paid,8.40
3003,9187,46469,2026-03-25,2026-06-25,10000.00,Active,10.80
3004,9190,60011,2025-07-07,2025-12-07,3000.00,Fully Paid,10.80
3005,9191,32938,2026-03-06,2026-12-06,20000.00,Active,14.40
3007,9202,51338,2026-03-09,2026-05-09,9125.00,Fully Paid,8.40
3008,9203,44969,2025-03-26,2025-06-26,22000.00,Fully Paid,6.00
3009,9205,34389,2024-07-02,2024-09-02,10000.00,Fully Paid,6.00
3010,9207,66733,2024-12-10,2025-06-10,1200.00,Active,6.00
3013,9219,37679,2024-02-04,2024-05-04,8000.00,Fully Paid,10.80
3015,9224,32938,2024-05-20,2024-09-20,8500.00,Fully Paid,10.80
3016,9227,51057,2025-05-01,2025-08-01,24025.00,Fully Paid,8.40
3019,9234,54170,2024-08-18,2025-03-18,20000.00,Fully Paid,8.40
3021,9248,48788,2024-08-06,2025-02-06,6025.00,Active,10.80
3022,9251,9020,2025-11-13,2026-03-13,10000.00,Fully Paid,8.40
3024,9260,65710,2026-03-10,2026-05-10,12800.00,Fully Paid,8.40
3025,9265,844,2024-08-18,2025-04-18,10000.00,Active,10.80
3026,9266,34046,2024-11-25,2025-08-25,30000.00,Fully Paid,6.00
3029,9273,11467,2025-07-06,2026-01-06,6000.00,Fully Paid,8.40
3030,9274,9896,2024-08-16,2025-03-16,4725.00,Defaulted,6.00
3031,9275,51262,2024-04-14,2024-12-14,7000.00,Fully Paid,10.80
3032,9278,63707,2024-08-03,2025-02-03,6000.00,Fully Paid,14.40
3033,9279,63969,2025-08-27,2025-09-27,3200.00,Fully Paid,6.00
3034,9282,12568,2025-10-17,2025-11-17,21425.00,Fully Paid,8.40
3035,9283,37654,2024-01-11,2024-06-11,10000.00,Fully Paid,6.00
3036,9285,21360,2025-04-24,2026-01-24,13500.00,Active,8.40
3037,9286,26289,2026-04-04,2027-01-04,24000.00,Active,8.40
3038,9287,54929,2025-03-28,2025-06-28,20000.00,Fully Paid,6.00
3039,9292,17166,2026-03-07,2026-06-07,6000.00,Active,8.40
3041,9309,44460,2025-02-09,2025-06-09,9125.00,Fully Paid,6.00
3042,9311,30424,2025-05-02,2025-10-02,6000.00,Fully Paid,6.00
3044,9324,33908,2024-03-01,2024-09-01,12000.00,Fully Paid,6.00
3046,9326,24159,2025-10-11,2026-01-11,20000.00,Active,6.00
3047,9331,59974,2026-01-30,2026-06-30,35000.00,Active,8.40
3049,9334,61877,2024-12-05,2025-04-05,10000.00,Fully Paid,6.00
3050,9335,28057,2024-10-24,2024-11-24,14000.00,Fully Paid,6.00
3052,9341,36401,2025-06-04,2026-03-04,18000.00,Active,8.40
3053,9343,34786,2026-01-05,2026-02-05,7375.00,Fully Paid,8.40
3054,9345,25853,2026-02-27,2026-03-27,7000.00,Fully Paid,10.80
3055,9346,40080,2025-05-08,2026-01-08,13200.00,Fully Paid,6.00
3056,9350,22000,2024-03-17,2024-11-17,14000.00,Fully Paid,6.00
3058,9358,45113,2024-05-23,2024-06-23,10000.00,Fully Paid,8.40
3059,9359,17120,2024-05-30,2024-09-30,28000.00,Fully Paid,6.00
3060,9360,43358,2024-07-14,2025-02-14,32000.00,Fully Paid,6.00
3061,9362,58969,2025-12-31,2026-04-30,10000.00,Fully Paid,6.00
3064,9371,65714,2024-03-18,2024-06-18,35000.00,Fully Paid,6.00
3066,9378,26178,2024-06-21,2024-07-21,7000.00,Fully Paid,8.40
3067,9382,35291,2025-08-20,2025-09-20,9000.00,Fully Paid,14.40
3068,9383,63390,2025-02-22,2025-10-22,18625.00,Active,10.80
3069,9385,12552,2025-05-06,2025-11-06,15000.00,Fully Paid,6.00
3071,9391,15444,2025-08-22,2025-11-22,8000.00,Fully Paid,6.00
3074,9396,50992,2026-03-22,2026-09-22,20000.00,Active,6.00
3075,9398,58613,2025-05-21,2025-07-21,12000.00,Active,10.80
3076,9401,51994,2024-02-09,2024-05-09,19500.00,Fully Paid,14.40
3077,9405,52376,2024-04-25,2024-12-25,8000.00,Fully Paid,6.00
3078,9406,35169,2025-01-14,2025-03-14,14500.00,Fully Paid,6.00
3080,9409,45117,2024-08-27,2024-11-27,16000.00,Fully Paid,14.40
3081,9411,34786,2025-03-27,2025-07-27,2000.00,Fully Paid,6.00
3082,9412,8154,2026-04-05,2026-07-05,28150.00,Active,6.00
3083,9414,9097,2024-11-10,2024-12-10,19200.00,Fully Paid,10.80
3084,9415,64073,2024-07-10,2024-09-10,24050.00,Fully Paid,6.00
3085,9416,1617,2025-07-23,2025-08-23,25000.00,Active,6.00
3086,9418,58967,2024-06-26,2024-11-26,24725.00,Active,8.40
3088,9432,2246,2026-03-09,2026-12-09,7000.00,Active,8.40
3089,9439,33253,2025-09-20,2026-02-20,30000.00,Fully Paid,10.80
3091,9444,13286,2026-02-16,2026-07-16,5000.00,Active,6.00
3093,9446,61921,2026-04-04,2026-06-04,7000.00,Active,8.40
3094,9448,42382,2024-10-20,2025-03-20,3000.00,Fully Paid,8.40
3096,9462,41347,2025-09-28,2025-10-28,10000.00,Fully Paid,10.80
3098,9465,10258,2024-07-18,2024-08-18,20000.00,Fully Paid,6.00
3099,9466,36234,2024-07-30,2025-02-28,18000.00,Fully Paid,8.40
3102,9492,63879,2024-12-31,2025-04-30,16800.00,Fully Paid,8.40
3104,9505,9928,2024-06-01,2024-07-01,1000.00,Fully Paid,6.00
3106,9509,65903,2025-08-08,2025-12-08,20000.00,Fully Paid,10.80
3107,9510,5193,2025-12-09,2026-04-09,20400.00,Active,6.00
3108,9516,58792,2025-09-11,2026-05-11,20000.00,Active,10.80
3109,9533,11133,2024-11-21,2025-05-21,23050.00,Fully Paid,14.40
3110,9534,66540,2024-09-19,2024-11-19,35000.00,Fully Paid,10.80
3112,9543,9134,2024-06-13,2024-10-13,5000.00,Fully Paid,14.40
3113,9544,11415,2024-10-07,2024-11-07,11950.00,Fully Paid,6.00
3114,9545,26846,2024-09-19,2025-04-19,30000.00,Fully Paid,8.40
3115,9549,66454,2026-04-04,2026-06-04,10000.00,Active,8.40
3117,9551,54854,2026-04-15,2026-12-15,35000.00,Active,10.80
3118,9552,388,2025-03-23,2025-08-23,2200.00,Active,6.00
3120,9557,65954,2026-02-17,2026-08-17,10000.00,Active,14.40
3122,9563,18801,2024-01-27,2024-05-27,16000.00,Active,8.40
3125,9572,42346,2024-09-20,2024-10-20,23575.00,Fully Paid,6.00
3126,9573,57094,2024-08-04,2024-11-04,6725.00,Fully Paid,6.00
3127,9574,40486,2025-11-06,2026-01-06,8000.00,Fully Paid,6.00
3128,9585,178,2025-03-04,2025-07-04,12000.00,Fully Paid,8.40
3129,9592,7999,2024-03-25,2024-07-25,5000.00,Fully Paid,8.40
3131,9594,53031,2024-04-07,2024-06-07,22000.00,Fully Paid,8.40
3136,9615,21063,2026-02-21,2026-05-21,10000.00,Fully Paid,10.80
3137,9617,2233,2025-05-01,2025-11-01,3000.00,Fully Paid,6.00
3138,9618,59246,2026-03-26,2026-10-26,5000.00,Active,6.00
3140,9620,22666,2026-04-21,2026-07-21,8000.00,Active,8.40
3141,9622,24046,2026-03-13,2026-06-13,16800.00,Active,8.40
3142,9623,46446,2025-01-20,2025-09-20,10000.00,Active,6.00
3143,9624,25415,2024-07-18,2024-08-18,8000.00,Fully Paid,6.00
3144,9625,58742,2025-08-23,2026-05-23,1000.00,Fully Paid,6.00
3145,9626,41955,2026-03-13,2026-05-13,28000.00,Active,6.00
3146,9629,59678,2025-11-08,2026-06-08,2000.00,Active,6.00
3147,9630,58473,2025-12-01,2026-05-01,5000.00,Active,6.00
3148,9632,63443,2024-10-25,2025-02-25,35000.00,Fully Paid,8.40
3149,9635,64167,2024-12-23,2025-01-23,8000.00,Active,8.40
3151,9645,12116,2024-07-12,2024-09-12,28000.00,Fully Paid,14.40
3154,9649,66540,2024-03-22,2024-09-22,16000.00,Active,8.40
3156,9652,11381,2024-10-14,2024-12-14,7300.00,Fully Paid,14.40
3158,9658,33408,2025-04-26,2025-06-26,24000.00,Fully Paid,6.00
3159,9659,4505,2024-04-30,2024-07-30,6025.00,Fully Paid,6.00
3161,9665,7552,2024-09-12,2025-03-12,24050.00,Active,6.00
3162,9667,6908,2025-11-30,2026-07-30,12000.00,Active,10.80
3163,9669,64173,2025-05-05,2025-09-05,1000.00,Active,6.00
3164,9675,9743,2024-12-26,2025-05-26,12000.00,Active,6.00
3166,9687,62727,2024-02-19,2024-03-19,30000.00,Fully Paid,8.40
3167,9688,59513,2024-12-22,2025-09-22,5000.00,Fully Paid,6.00
3169,9690,15717,2024-12-25,2025-01-25,4200.00,Fully Paid,6.00
3170,9693,37936,2025-02-15,2025-09-15,29000.00,Fully Paid,6.00
3172,9704,58869,2024-07-31,2024-09-30,3325.00,Fully Paid,10.80
3174,9710,55831,2024-10-07,2024-11-07,16000.00,Fully Paid,10.80
3175,9717,41863,2026-03-23,2026-12-23,9125.00,Active,6.00
3176,9719,56646,2025-05-06,2025-06-06,5000.00,Fully Paid,8.40
3177,9721,36667,2025-04-07,2025-11-07,15000.00,Fully Paid,10.80
3178,9722,57448,2025-02-28,2025-08-28,3950.00,Fully Paid,6.00
3180,9725,23442,2025-02-09,2025-09-09,10000.00,Fully Paid,6.00
3182,9732,60622,2024-11-16,2024-12-16,32500.00,Fully Paid,8.40
3183,9733,31275,2025-04-29,2025-10-29,14400.00,Fully Paid,6.00
3184,9734,46686,2025-09-11,2026-02-11,24000.00,Fully Paid,6.00
3185,9739,25192,2025-10-29,2026-06-29,7350.00,Active,10.80
3186,9745,65899,2025-08-04,2026-02-04,22000.00,Fully Paid,8.40
3188,9751,46243,2025-01-20,2025-02-20,12000.00,Fully Paid,8.40
3190,9755,41571,2024-08-26,2024-10-26,5000.00,Active,6.00
3191,9757,62983,2025-07-02,2025-10-02,12000.00,Fully Paid,10.80
3192,9758,28481,2024-09-03,2025-04-03,35000.00,Fully Paid,8.40
3194,9763,36287,2024-10-11,2025-04-11,8425.00,Fully Paid,10.80
3196,9765,35561,2024-02-26,2024-05-26,11200.00,Fully Paid,6.00
3198,9769,21480,2026-05-16,2027-02-16,21400.00,Active,6.00
3200,9773,24271,2026-02-04,2026-03-04,3600.00,Active,14.40
3201,9776,61343,2024-01-21,2024-04-21,12000.00,Fully Paid,8.40
3203,9778,40275,2024-10-23,2025-06-23,14900.00,Fully Paid,8.40
3204,9782,59145,2024-01-02,2024-07-02,16200.00,Fully Paid,10.80
3207,9789,653,2024-04-28,2024-08-28,7200.00,Fully Paid,8.40
3210,9794,57655,2025-04-21,2025-12-21,16800.00,Active,6.00
3212,9797,40351,2025-03-08,2025-08-08,9600.00,Fully Paid,14.40
3214,9804,48753,2025-11-09,2026-06-09,9000.00,Active,8.40
3216,9807,39648,2024-07-30,2024-09-30,20000.00,Fully Paid,8.40
3217,9808,44401,2025-10-21,2026-02-21,5000.00,Fully Paid,6.00
3218,9810,13019,2025-11-19,2026-08-19,18400.00,Active,10.80
3219,9811,15693,2025-03-07,2025-08-07,7000.00,Active,10.80
3220,9813,64567,2026-05-13,2026-12-13,6000.00,Active,10.80
3221,9818,20822,2024-06-01,2024-10-01,17850.00,Active,6.00
3222,9819,37176,2025-09-09,2026-02-09,3000.00,Fully Paid,6.00
3224,9823,8019,2025-02-18,2025-07-18,14400.00,Fully Paid,8.40
3226,9826,8227,2024-07-19,2024-08-19,6050.00,Fully Paid,8.40
3227,9828,59178,2026-04-08,2026-08-08,12000.00,Active,6.00
3228,9830,34086,2024-04-24,2024-09-24,13000.00,Active,8.40
3229,9834,64369,2024-09-25,2025-06-25,8500.00,Fully Paid,6.00
3230,9835,56532,2024-02-18,2024-08-18,12000.00,Fully Paid,10.80
3232,9838,6978,2024-05-12,2024-09-12,14000.00,Fully Paid,10.80
3233,9839,16773,2025-08-31,2026-05-31,2000.00,Active,14.40
3234,9840,5305,2025-06-30,2025-09-30,5000.00,Fully Paid,8.40
3237,9846,63164,2025-06-19,2025-07-19,10000.00,Fully Paid,6.00
3238,9848,60928,2024-04-25,2024-10-25,8625.00,Fully Paid,10.80
3239,9854,66830,2025-06-06,2025-12-06,6300.00,Active,6.00
3241,9859,63287,2026-05-13,2027-01-13,2975.00,Active,6.00
3242,9863,32014,2025-05-12,2025-12-12,15000.00,Fully Paid,10.80
3244,9871,47708,2024-04-14,2024-10-14,2000.00,Fully Paid,8.40
3245,9872,19796,2025-03-09,2025-04-09,15000.00,Fully Paid,6.00
3246,9878,34831,2024-05-08,2024-10-08,18000.00,Fully Paid,6.00
3248,9890,48561,2025-03-30,2025-11-30,3000.00,Fully Paid,8.40
3249,9891,33158,2026-03-31,2026-06-30,8000.00,Active,6.00
3250,9895,47332,2026-04-16,2026-05-16,8875.00,Fully Paid,6.00
3253,9903,50070,2025-10-14,2026-02-14,12000.00,Active,10.80
3254,9905,31076,2025-06-01,2025-12-01,17300.00,Fully Paid,6.00
3255,9911,66598,2025-01-10,2025-03-10,15000.00,Fully Paid,8.40
3256,9913,64065,2024-07-15,2025-02-15,35000.00,Fully Paid,8.40
3258,9920,63117,2025-12-23,2026-07-23,20000.00,Active,8.40
3259,9924,57575,2025-07-20,2025-11-20,20000.00,Fully Paid,10.80
3261,9931,38256,2025-07-22,2025-10-22,13200.00,Fully Paid,14.40
3262,9937,60291,2025-07-20,2025-12-20,20000.00,Fully Paid,14.40
3263,9938,17695,2024-09-02,2024-11-02,5000.00,Fully Paid,6.00
3264,9945,52971,2025-12-20,2026-06-20,35000.00,Active,8.40
3265,9949,65346,2024-01-17,2024-09-17,5000.00,Fully Paid,10.80
3266,9951,64518,2026-02-14,2026-10-14,28000.00,Active,8.40
3268,9957,64682,2024-10-28,2024-11-28,13275.00,Fully Paid,10.80
3269,9962,29315,2025-11-30,2026-08-30,20000.00,Active,8.40
3271,9967,53126,2026-04-04,2026-12-04,8000.00,Active,6.00
3272,9969,61536,2024-11-04,2024-12-04,10000.00,Fully Paid,14.40
3273,9970,37441,2024-04-20,2024-07-20,4000.00,Fully Paid,6.00
3274,9972,49015,2025-10-29,2026-07-29,5000.00,Active,6.00
3275,9976,9583,2025-11-20,2026-06-20,20000.00,Active,10.80
3277,9986,55346,2025-07-14,2026-02-14,24000.00,Fully Paid,10.80
3278,9987,18558,2025-07-05,2025-10-05,6000.00,Fully Paid,6.00
3279,9989,3376,2024-04-21,2024-07-21,10000.00,Active,6.00
3280,9990,63704,2025-02-15,2025-03-15,16800.00,Fully Paid,8.40
3281,9997,29124,2025-11-07,2026-01-07,10625.00,Fully Paid,6.00
3283,10004,64336,2025-12-17,2026-08-17,17575.00,Active,8.40
3284,10007,33887,2025-01-28,2025-05-28,30000.00,Fully Paid,8.40
3285,10010,56781,2024-07-09,2025-04-09,15000.00,Active,14.40
3286,10012,62814,2024-02-09,2024-11-09,20925.00,Fully Paid,6.00
3287,10015,17643,2024-10-08,2025-01-08,10000.00,Fully Paid,8.40
3289,10022,23643,2026-05-15,2026-09-15,35000.00,Active,6.00
3292,10027,5891,2025-08-31,2026-05-31,16800.00,Active,6.00
3293,10028,14295,2026-04-10,2026-10-10,8000.00,Active,6.00
3294,10030,32348,2024-08-28,2025-05-28,20000.00,Fully Paid,6.00
3295,10034,26157,2025-01-23,2025-10-23,27000.00,Fully Paid,6.00
3296,10038,19032,2025-05-27,2025-11-27,15000.00,Fully Paid,6.00
3298,10042,30881,2026-02-08,2026-08-08,17975.00,Active,8.40
3299,10046,56726,2024-11-25,2025-03-25,15000.00,Fully Paid,10.80
3300,10047,48330,2024-05-09,2024-12-09,14400.00,Active,8.40
3301,10054,8559,2024-01-16,2024-05-16,35000.00,Active,6.00
3304,10060,6542,2024-04-04,2024-06-04,8000.00,Fully Paid,6.00
3305,10061,52780,2025-11-10,2026-01-10,4800.00,Defaulted,8.40
3307,10068,63625,2025-06-02,2025-07-02,24000.00,Fully Paid,6.00
3308,10070,60395,2025-02-19,2025-03-19,5000.00,Active,14.40
3309,10071,9776,2024-07-17,2024-10-17,30000.00,Active,10.80
3311,10081,42853,2024-02-03,2024-03-03,19000.00,Defaulted,10.80
3312,10085,62814,2025-03-06,2025-05-06,8400.00,Fully Paid,14.40
3313,10087,48782,2024-12-30,2025-05-30,4000.00,Fully Paid,14.40
3315,10095,1045,2024-10-26,2025-07-26,22875.00,Active,6.00
3316,10096,34690,2024-01-17,2024-08-17,24000.00,Fully Paid,6.00
3317,10102,16187,2024-06-20,2024-08-20,35000.00,Defaulted,8.40
3318,10107,1344,2026-01-20,2026-08-20,6000.00,Active,6.00
3319,10114,8354,2024-07-14,2024-10-14,11600.00,Active,8.40
3320,10118,32100,2024-11-16,2025-03-16,15000.00,Fully Paid,6.00
3321,10125,7403,2024-01-02,2024-04-02,3000.00,Fully Paid,6.00
3322,10126,30727,2025-10-17,2026-01-17,4200.00,Fully Paid,10.80
3323,10127,48517,2025-04-14,2025-07-14,10000.00,Fully Paid,6.00
3324,10129,30461,2026-03-19,2026-10-19,20650.00,Active,10.80
3326,10133,12531,2025-10-17,2025-11-17,24000.00,Fully Paid,6.00
3327,10134,55890,2025-02-25,2025-05-25,15000.00,Active,10.80
3328,10141,36451,2024-06-15,2024-08-15,3000.00,Fully Paid,6.00
3329,10144,64473,2024-10-30,2025-04-30,13450.00,Fully Paid,6.00
3330,10148,10753,2024-12-01,2025-05-01,8575.00,Active,8.40
3331,10150,39451,2025-10-24,2026-04-24,3000.00,Fully Paid,8.40
3332,10156,30769,2024-03-12,2024-11-12,20800.00,Fully Paid,8.40
3334,10164,3222,2026-04-29,2026-11-29,1600.00,Active,10.80
3335,10167,7341,2024-08-15,2025-05-15,7000.00,Fully Paid,10.80
3336,10168,38566,2025-04-15,2025-08-15,10000.00,Fully Paid,6.00
3338,10184,11657,2026-01-13,2026-10-13,31275.00,Active,10.80
3339,10187,4519,2025-12-05,2026-07-05,20000.00,Active,8.40
3340,10191,12122,2025-03-22,2025-11-22,6000.00,Fully Paid,8.40
3341,10196,44830,2024-06-04,2024-10-04,18000.00,Fully Paid,8.40
3342,10199,61717,2025-06-07,2025-11-07,33325.00,Active,8.40
3343,10202,60967,2025-04-28,2025-07-28,5000.00,Active,6.00
3344,10203,47619,2024-09-02,2024-10-02,24000.00,Fully Paid,10.80
3345,10208,14308,2024-02-21,2024-05-21,5650.00,Fully Paid,6.00
3346,10209,56231,2024-04-23,2024-08-23,35000.00,Fully Paid,6.00
3347,10211,44490,2024-10-19,2024-12-19,7000.00,Fully Paid,6.00
3348,10212,10006,2024-05-24,2024-08-24,18000.00,Fully Paid,8.40
3349,10216,19338,2026-01-28,2026-09-28,8000.00,Active,6.00
3350,10217,38098,2025-03-17,2025-11-17,5000.00,Fully Paid,10.80
3351,10218,19546,2025-05-29,2025-08-29,14000.00,Fully Paid,6.00
3352,10220,45924,2025-12-20,2026-06-20,11875.00,Active,10.80
3353,10222,18364,2025-03-19,2025-12-19,11900.00,Fully Paid,10.80
3354,10225,41764,2025-03-24,2025-12-24,17750.00,Fully Paid,6.00
3356,10235,58593,2025-04-30,2025-11-30,14400.00,Active,10.80
3357,10239,57815,2024-06-30,2025-02-28,7200.00,Fully Paid,8.40
3360,10246,22766,2025-08-12,2026-04-12,9000.00,Fully Paid,6.00
3361,10251,4149,2024-09-23,2025-04-23,12000.00,Fully Paid,6.00
3363,10257,59133,2025-11-20,2025-12-20,6000.00,Fully Paid,8.40
3364,10258,14348,2026-04-12,2026-06-12,20800.00,Active,6.00
3366,10263,39532,2024-11-11,2025-03-11,31500.00,Fully Paid,6.00
3368,10274,31090,2024-05-15,2024-10-15,24000.00,Active,8.40
3369,10278,26574,2024-08-05,2024-09-05,2500.00,Active,6.00
3370,10280,43704,2025-06-19,2025-09-19,24000.00,Fully Paid,6.00
3371,10281,47115,2024-05-10,2025-02-10,10000.00,Fully Paid,10.80
3372,10282,54769,2025-09-28,2025-10-28,12000.00,Active,6.00
3373,10283,57192,2024-02-19,2024-03-19,10000.00,Fully Paid,8.40
3375,10285,60353,2025-02-21,2025-10-21,7500.00,Fully Paid,6.00
3376,10288,55069,2025-11-22,2026-08-22,18000.00,Active,6.00
3377,10290,18058,2026-01-05,2026-10-05,15000.00,Active,10.80
3378,10298,65688,2024-03-17,2024-05-17,3000.00,Fully Paid,10.80
3380,10300,63575,2024-03-14,2024-06-14,20000.00,Fully Paid,6.00
3381,10302,29591,2024-06-10,2025-01-10,6400.00,Fully Paid,6.00
3383,10308,30605,2025-03-14,2025-04-14,18000.00,Fully Paid,14.40
3384,10311,32553,2024-10-12,2024-12-12,15750.00,Fully Paid,8.40
3385,10312,39086,2026-01-31,2026-07-31,10000.00,Active,10.80
3386,10313,63053,2024-02-27,2024-06-27,12000.00,Fully Paid,10.80
3387,10317,50254,2025-08-26,2025-11-26,6000.00,Active,14.40
3391,10332,67693,2024-02-12,2024-06-12,14000.00,Fully Paid,8.40
3392,10335,50810,2025-03-02,2025-08-02,12000.00,Active,6.00
3393,10337,3202,2024-04-05,2024-12-05,28050.00,Defaulted,6.00
3395,10345,31459,2025-10-17,2026-02-17,11000.00,Fully Paid,8.40
3396,10352,41991,2025-03-11,2025-12-11,12000.00,Fully Paid,6.00
3399,10370,63980,2025-01-26,2025-08-26,12125.00,Fully Paid,10.80
3401,10377,19670,2024-10-04,2024-12-04,14000.00,Fully Paid,6.00
3403,10392,58232,2024-02-11,2024-03-11,13675.00,Active,8.40
3404,10393,55618,2024-08-05,2025-01-05,20625.00,Fully Paid,8.40
3405,10394,21297,2024-02-27,2024-05-27,25000.00,Fully Paid,8.40
3406,10396,53942,2025-12-26,2026-05-26,35000.00,Active,6.00
3407,10398,49749,2024-04-27,2024-09-27,6000.00,Fully Paid,6.00
3408,10403,19032,2025-06-26,2026-02-26,30000.00,Fully Paid,6.00
3409,10412,4949,2024-07-19,2025-03-19,25000.00,Defaulted,6.00
3411,10414,17605,2025-08-11,2026-01-11,16075.00,Fully Paid,6.00
3413,10419,39594,2024-10-29,2025-04-29,30000.00,Fully Paid,8.40
3415,10423,61008,2024-08-25,2025-01-25,30000.00,Fully Paid,8.40
3418,10427,25514,2026-05-06,2026-11-06,35000.00,Active,14.40
3419,10432,41785,2024-12-24,2025-05-24,5500.00,Fully Paid,14.40
3421,10436,40466,2025-09-12,2026-01-12,11075.00,Fully Paid,10.80
3422,10439,29591,2026-01-21,2026-02-21,10000.00,Fully Paid,8.40
3424,10441,20151,2024-08-25,2025-02-25,25000.00,Fully Paid,10.80
3425,10447,23734,2024-04-07,2024-07-07,2000.00,Fully Paid,6.00
3426,10448,64141,2025-06-24,2026-02-24,15000.00,Active,10.80
3427,10449,47647,2025-03-11,2025-10-11,6400.00,Fully Paid,6.00
3428,10452,1101,2024-05-11,2024-11-11,1000.00,Fully Paid,8.40
3429,10453,12198,2025-12-21,2026-08-21,6100.00,Active,14.40
3430,10454,26744,2025-03-16,2025-06-16,18000.00,Fully Paid,10.80
3431,10460,5764,2025-12-16,2026-01-16,15000.00,Defaulted,8.40
3433,10465,37063,2025-01-17,2025-07-17,6900.00,Fully Paid,6.00
3434,10466,60018,2024-09-17,2025-05-17,24000.00,Fully Paid,14.40
3438,10473,12017,2025-01-19,2025-07-19,4575.00,Fully Paid,8.40
3439,10477,38097,2024-02-27,2024-11-27,7250.00,Fully Paid,6.00
3440,10478,67281,2025-09-29,2025-11-29,5000.00,Fully Paid,8.40
3444,10488,60077,2024-05-23,2024-09-23,35000.00,Fully Paid,10.80
3446,10494,5494,2024-07-09,2025-02-09,10000.00,Fully Paid,8.40
3447,10497,44884,2024-09-08,2024-11-08,20000.00,Active,8.40
3448,10500,65874,2026-01-10,2026-05-10,9800.00,Fully Paid,8.40
3449,10504,40002,2026-03-07,2026-04-07,11000.00,Fully Paid,6.00
3450,10513,6893,2024-06-27,2025-02-27,15000.00,Active,6.00
3451,10514,23167,2025-07-16,2026-02-16,16000.00,Active,14.40
3453,10522,56915,2026-04-05,2026-10-05,23000.00,Active,8.40
3454,10525,55752,2024-11-20,2025-08-20,18000.00,Fully Paid,6.00
3455,10528,55413,2025-08-11,2025-10-11,18025.00,Fully Paid,8.40
3456,10529,45021,2025-05-28,2025-09-28,11200.00,Fully Paid,10.80
3457,10532,17818,2025-01-09,2025-07-09,30000.00,Fully Paid,10.80
3458,10552,50093,2024-05-04,2024-06-04,12600.00,Fully Paid,10.80
3459,10553,67142,2026-01-20,2026-09-20,12500.00,Active,8.40
3460,10556,50923,2026-01-21,2026-10-21,2875.00,Active,6.00
3461,10557,67060,2025-06-29,2026-03-29,8000.00,Fully Paid,8.40
3462,10558,15490,2026-04-20,2026-08-20,5600.00,Active,8.40
3463,10559,24944,2025-07-03,2025-12-03,12000.00,Defaulted,14.40
3464,10561,10382,2024-10-24,2025-07-24,19000.00,Fully Paid,6.00
3465,10564,23352,2024-04-15,2024-07-15,35000.00,Active,10.80
3467,10569,29110,2026-02-23,2026-07-23,20000.00,Active,6.00
3469,10572,26254,2025-06-23,2026-03-23,14000.00,Fully Paid,6.00
3470,10574,43977,2025-02-23,2025-06-23,31275.00,Fully Paid,6.00
3472,10578,26671,2024-02-09,2024-08-09,25750.00,Fully Paid,14.40
3473,10579,63287,2024-05-16,2025-01-16,26500.00,Fully Paid,6.00
3474,10580,35702,2024-07-03,2024-09-03,10000.00,Active,8.40
3475,10586,58266,2026-04-22,2026-11-22,10000.00,Active,14.40
3476,10594,26582,2025-11-20,2026-01-20,30000.00,Fully Paid,8.40
3477,10596,26659,2025-07-04,2025-08-04,20000.00,Fully Paid,10.80
3479,10605,18778,2025-10-24,2026-02-24,7000.00,Fully Paid,6.00
3481,10614,24699,2025-10-19,2026-02-19,6000.00,Fully Paid,10.80
3482,10623,6246,2024-09-09,2024-11-09,9775.00,Fully Paid,6.00
3483,10625,54865,2026-04-01,2026-10-01,5000.00,Active,6.00
3484,10626,41131,2024-03-29,2024-12-29,15000.00,Fully Paid,10.80
3485,10632,60274,2024-05-03,2024-10-03,5000.00,Fully Paid,10.80
3486,10633,40958,2025-03-11,2025-07-11,12000.00,Fully Paid,6.00
3487,10635,21070,2025-07-08,2025-10-08,5000.00,Defaulted,6.00
3488,10641,40519,2024-04-11,2025-01-11,12000.00,Fully Paid,8.40
3490,10647,45153,2024-10-02,2025-05-02,35000.00,Active,8.40
3491,10656,13284,2025-11-13,2026-06-13,10000.00,Active,8.40
3492,10662,21378,2024-07-16,2025-03-16,8050.00,Fully Paid,10.80
3494,10668,43631,2025-10-12,2026-06-12,20000.00,Active,8.40
3495,10669,47312,2024-09-16,2024-11-16,19375.00,Fully Paid,10.80
3496,10670,49614,2025-04-12,2026-01-12,20000.00,Fully Paid,6.00
3497,10673,27546,2025-02-08,2025-04-08,14000.00,Defaulted,10.80
3498,10674,66966,2025-06-30,2025-07-30,5500.00,Active,8.40
3500,10682,21851,2025-10-01,2026-04-01,10000.00,Fully Paid,8.40
3501,10684,39958,2024-07-04,2024-10-04,15000.00,Defaulted,6.00
3502,10685,24892,2024-09-01,2025-02-01,6225.00,Fully Paid,10.80
3503,10688,11342,2025-04-15,2025-05-15,5500.00,Fully Paid,14.40
3504,10692,3697,2026-01-18,2026-03-18,6000.00,Fully Paid,8.40
3505,10693,42972,2025-09-05,2025-10-05,30000.00,Fully Paid,6.00
3506,10695,49516,2024-05-22,2024-09-22,10000.00,Fully Paid,14.40
3507,10700,54465,2026-04-01,2026-09-01,35000.00,Active,6.00
3508,10704,10255,2024-03-27,2024-12-27,12100.00,Active,8.40
3512,10716,46441,2025-06-25,2025-11-25,11425.00,Fully Paid,10.80
3513,10718,38283,2025-01-13,2025-10-13,16000.00,Fully Paid,8.40
3514,10720,28545,2024-10-15,2025-02-15,10000.00,Fully Paid,6.00
3515,10723,25083,2026-02-08,2026-09-08,12000.00,Active,10.80
3516,10724,32479,2026-01-14,2026-02-14,8000.00,Fully Paid,8.40
3517,10725,10091,2024-03-08,2024-12-08,30000.00,Fully Paid,10.80
3518,10734,13882,2024-04-11,2024-08-11,5000.00,Fully Paid,14.40
3520,10738,21108,2025-02-01,2025-09-01,18000.00,Active,8.40
3521,10739,45306,2025-06-24,2025-08-24,4500.00,Fully Paid,6.00
3522,10745,28223,2024-06-26,2025-02-26,10400.00,Active,8.40
3523,10753,33462,2024-03-04,2024-10-04,11200.00,Fully Paid,10.80
3524,10755,30535,2025-07-07,2025-11-07,12975.00,Fully Paid,10.80
3526,10759,4347,2024-06-03,2025-02-03,11050.00,Active,8.40
3527,10767,65280,2024-02-19,2024-11-19,24000.00,Fully Paid,8.40
3530,10771,9226,2025-02-22,2025-09-22,20000.00,Active,10.80
3531,10774,38736,2025-10-06,2026-07-06,8400.00,Active,10.80
3532,10775,62965,2024-06-19,2024-08-19,4000.00,Fully Paid,6.00
3533,10778,1708,2024-05-29,2024-11-29,12000.00,Defaulted,6.00
3534,10784,10066,2024-07-21,2024-10-21,12600.00,Fully Paid,8.40
3535,10789,28654,2025-04-10,2025-05-10,4925.00,Fully Paid,6.00
3536,10794,31060,2024-06-10,2024-11-10,6000.00,Active,6.00
3537,10795,52479,2026-04-05,2026-12-05,11000.00,Active,8.40
3538,10797,26109,2025-02-28,2025-11-28,8000.00,Fully Paid,6.00
3539,10798,9889,2025-10-05,2026-05-05,35000.00,Fully Paid,10.80
3540,10799,43672,2024-05-02,2024-08-02,2500.00,Fully Paid,6.00
3541,10802,7423,2025-10-12,2026-01-12,5000.00,Fully Paid,8.40
3542,10807,44025,2025-01-03,2025-05-03,35000.00,Fully Paid,10.80
3543,10811,46415,2025-03-25,2025-07-25,23750.00,Fully Paid,6.00
3544,10812,45528,2024-07-12,2025-02-12,28000.00,Active,6.00
3545,10813,32723,2024-11-04,2025-05-04,6500.00,Fully Paid,10.80
3547,10816,36144,2024-05-16,2024-07-16,16800.00,Active,6.00
3548,10817,56216,2024-07-02,2024-11-02,6000.00,Fully Paid,10.80
3549,10820,38253,2026-02-23,2026-03-23,9000.00,Fully Paid,6.00
3551,10826,52440,2025-05-13,2025-12-13,15000.00,Fully Paid,10.80
3552,10831,53994,2025-01-24,2025-05-24,9600.00,Fully Paid,6.00
3555,10835,57563,2025-05-22,2026-02-22,25225.00,Fully Paid,10.80
3556,10839,61222,2024-02-28,2024-03-28,13200.00,Fully Paid,8.40
3557,10840,38283,2026-03-07,2026-12-07,6000.00,Active,14.40
3558,10841,52255,2026-01-23,2026-09-23,10800.00,Active,10.80
3559,10842,12575,2026-02-11,2026-03-11,12000.00,Fully Paid,8.40
3560,10843,59438,2024-01-08,2024-05-08,35000.00,Fully Paid,8.40
3561,10849,9902,2025-03-16,2025-11-16,10400.00,Fully Paid,6.00
3562,10850,27134,2024-10-16,2025-02-16,5000.00,Fully Paid,6.00
3563,10854,64738,2025-01-11,2025-05-11,10000.00,Fully Paid,10.80
3564,10858,34642,2025-02-22,2025-04-22,5000.00,Fully Paid,6.00
3565,10859,28916,2025-11-19,2026-03-19,15000.00,Fully Paid,8.40
3566,10860,45373,2026-03-19,2026-05-19,3750.00,Fully Paid,6.00
3567,10862,18468,2024-04-19,2024-05-19,35000.00,Fully Paid,8.40
3568,10865,13777,2025-06-08,2026-02-08,2000.00,Fully Paid,10.80
3569,10866,36214,2026-03-23,2026-11-23,8500.00,Active,6.00
3570,10867,30965,2026-01-12,2026-10-12,20000.00,Active,8.40
3571,10870,1834,2024-08-22,2025-04-22,5000.00,Defaulted,14.40
3572,10871,45242,2026-03-24,2026-10-24,25000.00,Active,6.00
3574,10885,61047,2025-10-31,2026-01-31,15000.00,Fully Paid,8.40
3575,10888,12467,2026-03-19,2026-09-19,6000.00,Active,8.40
3576,10893,49335,2025-12-28,2026-09-28,10000.00,Active,6.00
3578,10898,28520,2026-02-17,2026-06-17,8000.00,Active,10.80
3580,10908,52695,2025-07-11,2026-04-11,3000.00,Fully Paid,6.00
3581,10912,58664,2025-03-15,2025-06-15,15000.00,Fully Paid,8.40
3582,10913,9386,2026-04-27,2026-06-27,30000.00,Active,14.40
3584,10916,27037,2025-09-29,2025-12-29,15000.00,Fully Paid,6.00
3586,10924,30096,2025-12-20,2026-07-20,9900.00,Active,10.80
3589,10937,34589,2024-02-19,2024-11-19,7600.00,Active,6.00
3590,10938,25288,2024-01-10,2024-07-10,8000.00,Fully Paid,8.40
3591,10940,60658,2026-03-14,2026-09-14,28000.00,Active,6.00
3593,10945,16322,2025-03-11,2025-11-11,12000.00,Fully Paid,10.80
3594,10946,57018,2024-06-19,2024-07-19,16375.00,Fully Paid,6.00
3595,10953,21157,2026-01-21,2026-10-21,7000.00,Active,6.00
3596,10956,13284,2024-04-15,2024-06-15,18900.00,Fully Paid,8.40
3597,10958,4112,2025-09-09,2026-02-09,5000.00,Fully Paid,14.40
3599,10977,17913,2025-11-02,2025-12-02,6000.00,Fully Paid,6.00
3602,10987,53484,2026-02-13,2026-11-13,16000.00,Active,6.00
3603,10988,52850,2024-01-04,2024-09-04,18000.00,Fully Paid,10.80
3604,10989,64496,2024-07-10,2025-02-10,11275.00,Fully Paid,6.00
3605,10992,56014,2025-10-05,2026-02-05,12000.00,Fully Paid,6.00
3608,10997,22620,2025-11-10,2026-07-10,12000.00,Active,10.80
3609,10998,28386,2026-01-06,2026-09-06,10000.00,Active,6.00
3610,11011,27219,2025-10-26,2025-11-26,20000.00,Fully Paid,14.40
3611,11014,9931,2025-03-05,2025-04-05,2000.00,Active,8.40
3615,11023,25187,2024-01-21,2024-04-21,6000.00,Defaulted,6.00
3616,11024,53968,2025-07-10,2026-02-10,14000.00,Fully Paid,6.00
3618,11033,36834,2024-05-14,2024-11-14,7000.00,Fully Paid,6.00
3619,11041,49531,2024-02-13,2024-09-13,18225.00,Defaulted,10.80
3620,11042,39250,2024-04-18,2024-10-18,9800.00,Fully Paid,14.40
3622,11047,40614,2025-02-20,2025-04-20,6000.00,Fully Paid,6.00
3623,11048,56251,2026-05-18,2026-09-18,15000.00,Active,8.40
3624,11051,55118,2025-04-30,2025-06-30,14000.00,Fully Paid,14.40
3625,11053,16984,2024-04-20,2024-11-20,9025.00,Fully Paid,8.40
3626,11055,67128,2025-10-31,2026-07-31,35000.00,Active,6.00
3627,11057,41641,2024-09-10,2024-12-10,8000.00,Fully Paid,14.40
3629,11068,65997,2025-10-30,2026-03-30,9500.00,Fully Paid,8.40
3630,11070,13697,2025-12-14,2026-09-14,6000.00,Active,14.40
3631,11072,249,2025-04-04,2025-09-04,11675.00,Fully Paid,8.40
3632,11073,15959,2025-01-13,2025-07-13,9100.00,Fully Paid,8.40
3633,11074,42180,2025-04-28,2025-06-28,3500.00,Fully Paid,10.80
3635,11077,29937,2025-05-01,2025-06-01,24000.00,Defaulted,10.80
3638,11083,33755,2024-04-18,2024-08-18,24000.00,Fully Paid,10.80
3640,11090,25329,2026-02-25,2026-06-25,12000.00,Active,8.40
3641,11094,3652,2025-04-12,2025-08-12,35000.00,Defaulted,8.40
3643,11099,59582,2025-07-04,2026-01-04,15000.00,Fully Paid,6.00
3644,11107,27732,2024-09-08,2025-02-08,10000.00,Fully Paid,6.00
3648,11115,37345,2024-03-10,2024-04-10,8000.00,Fully Paid,8.40
3649,11117,67769,2024-11-04,2025-02-04,11200.00,Fully Paid,6.00
3650,11121,60945,2025-07-13,2025-10-13,30000.00,Fully Paid,6.00
3653,11126,63230,2025-02-19,2025-05-19,8000.00,Fully Paid,6.00
3654,11134,43574,2024-04-09,2024-09-09,21000.00,Fully Paid,10.80
3657,11147,3076,2024-12-10,2025-05-10,18200.00,Active,8.40
3658,11149,59962,2025-08-01,2026-01-01,35000.00,Fully Paid,10.80
3659,11151,32798,2024-09-20,2025-02-20,12125.00,Fully Paid,8.40
3661,11156,34942,2025-05-18,2025-06-18,4800.00,Fully Paid,8.40
3662,11166,43507,2025-04-25,2026-01-25,7000.00,Fully Paid,6.00
3664,11169,12422,2024-11-16,2025-08-16,2000.00,Fully Paid,6.00
3665,11174,56437,2026-01-05,2026-10-05,23000.00,Active,10.80
3667,11184,41708,2025-07-29,2025-12-29,8000.00,Fully Paid,10.80
3669,11191,16252,2025-01-28,2025-10-28,12000.00,Fully Paid,10.80
3670,11194,55410,2026-01-02,2026-07-02,20000.00,Active,6.00
3671,11196,20453,2025-09-30,2026-02-28,25000.00,Fully Paid,6.00
3673,11200,47923,2025-06-09,2025-09-09,12000.00,Fully Paid,8.40
3674,11201,50237,2024-08-25,2024-12-25,21450.00,Fully Paid,8.40
3675,11203,18256,2025-05-15,2025-08-15,30000.00,Defaulted,14.40
3677,11208,2166,2025-10-23,2025-12-23,8000.00,Fully Paid,8.40
3678,11210,24616,2025-07-13,2025-10-13,12000.00,Fully Paid,6.00
3680,11221,49708,2026-01-22,2026-07-22,24000.00,Active,14.40
3681,11224,65954,2025-07-11,2026-02-11,4000.00,Fully Paid,10.80
3682,11228,23386,2024-05-03,2024-09-03,14000.00,Fully Paid,6.00
3683,11235,40545,2024-06-21,2024-11-21,4000.00,Fully Paid,8.40
3684,11238,16673,2025-06-25,2025-12-25,35000.00,Fully Paid,6.00
3686,11251,44411,2024-02-15,2024-05-15,16000.00,Fully Paid,8.40
3687,11253,59982,2024-10-27,2024-11-27,15000.00,Fully Paid,8.40
3688,11254,8403,2026-05-15,2026-07-15,1000.00,Active,10.80
3689,11255,37373,2026-01-30,2026-05-30,14200.00,Active,6.00
3690,11259,62101,2024-10-22,2025-01-22,15000.00,Fully Paid,14.40
3691,11265,37313,2025-11-29,2026-02-28,16300.00,Fully Paid,6.00
3692,11274,57107,2024-11-01,2025-05-01,14000.00,Fully Paid,10.80
3693,11277,27234,2026-01-01,2026-08-01,18900.00,Active,6.00
3694,11282,13882,2025-08-16,2026-05-16,5000.00,Fully Paid,6.00
3695,11283,16930,2026-05-04,2026-09-04,3000.00,Active,6.00
3696,11287,53284,2025-02-06,2025-07-06,15000.00,Fully Paid,8.40
3697,11288,331,2026-02-11,2026-10-11,24000.00,Active,6.00
3698,11290,31221,2024-05-12,2025-02-12,10000.00,Defaulted,6.00
3700,11293,21895,2024-03-16,2024-10-16,3000.00,Fully Paid,6.00
3701,11295,27474,2024-04-03,2024-09-03,5200.00,Fully Paid,8.40
3702,11296,1930,2024-01-08,2024-06-08,15000.00,Fully Paid,14.40
3703,11297,63810,2024-06-17,2024-09-17,7000.00,Fully Paid,6.00
3704,11302,14149,2024-10-22,2024-12-22,10500.00,Fully Paid,6.00
3705,11306,3676,2025-10-05,2026-04-05,5000.00,Fully Paid,6.00
3706,11308,38099,2024-12-19,2025-09-19,20000.00,Fully Paid,6.00
3708,11312,52488,2024-06-08,2025-02-08,12000.00,Fully Paid,6.00
3709,11316,54436,2025-10-17,2026-02-17,7000.00,Fully Paid,8.40
3710,11322,40141,2025-07-01,2026-02-01,16800.00,Active,8.40
3711,11323,6217,2025-06-30,2026-02-28,3125.00,Defaulted,14.40
3712,11324,52245,2024-12-27,2025-02-27,12950.00,Fully Paid,14.40
3715,11336,4064,2025-04-19,2025-11-19,33000.00,Fully Paid,8.40
3716,11338,56234,2024-02-01,2024-07-01,2400.00,Fully Paid,8.40
3718,11345,11438,2024-11-19,2025-02-19,16000.00,Fully Paid,14.40
3720,11348,36485,2025-04-22,2025-07-22,20000.00,Fully Paid,8.40
3721,11356,12097,2025-10-22,2026-05-22,10675.00,Fully Paid,10.80
3722,11359,9515,2025-04-05,2025-07-05,18000.00,Fully Paid,6.00
3723,11364,34412,2025-11-14,2025-12-14,16000.00,Active,8.40
3724,11367,32819,2024-02-04,2024-08-04,35000.00,Active,6.00
3725,11371,7058,2024-07-03,2025-02-03,4000.00,Fully Paid,10.80
3727,11376,13543,2024-10-04,2025-05-04,5000.00,Active,8.40
3728,11377,56132,2025-07-29,2025-12-29,10000.00,Fully Paid,10.80
3729,11378,42079,2024-01-04,2024-07-04,30000.00,Fully Paid,6.00
3730,11381,12602,2025-11-05,2026-03-05,15000.00,Defaulted,8.40
3732,11384,45717,2024-06-20,2024-09-20,10000.00,Fully Paid,14.40
3734,11387,58232,2025-09-15,2025-11-15,6000.00,Fully Paid,6.00
3735,11390,31435,2024-11-27,2025-01-27,35000.00,Fully Paid,6.00
3737,11394,41976,2024-09-07,2025-03-07,14400.00,Fully Paid,8.40
3739,11399,37211,2026-01-24,2026-07-24,6400.00,Active,6.00
3740,11405,45403,2026-04-02,2026-10-02,11200.00,Active,8.40
3741,11411,59408,2025-06-09,2025-07-09,27700.00,Fully Paid,6.00
3742,11412,25025,2024-08-09,2025-03-09,3000.00,Fully Paid,10.80
3743,11414,67538,2024-07-13,2024-09-13,5000.00,Fully Paid,8.40
3744,11420,21747,2025-09-09,2026-03-09,16000.00,Fully Paid,6.00
3745,11421,30642,2024-06-10,2024-08-10,25000.00,Fully Paid,8.40
3746,11422,64030,2025-01-11,2025-02-11,9000.00,Fully Paid,8.40
3748,11426,48251,2025-07-01,2026-03-01,10000.00,Fully Paid,14.40
3752,11439,33743,2025-01-21,2025-09-21,10000.00,Active,8.40
3753,11441,40147,2025-04-09,2025-07-09,35000.00,Fully Paid,6.00
3754,11443,8532,2025-12-16,2026-02-16,28000.00,Active,6.00
3755,11445,24825,2024-08-29,2025-05-29,10000.00,Fully Paid,8.40
3756,11446,50996,2024-02-13,2024-10-13,12000.00,Active,14.40
3758,11448,49431,2026-05-05,2026-07-05,9600.00,Active,6.00
3760,11457,53645,2024-04-30,2024-06-30,12000.00,Fully Paid,6.00
3761,11464,35889,2025-09-04,2026-01-04,1000.00,Active,10.80
3762,11471,32863,2024-04-14,2024-07-14,4475.00,Fully Paid,6.00
3764,11477,64209,2025-11-20,2026-07-20,35000.00,Active,6.00
3765,11480,62359,2025-08-12,2025-12-12,17600.00,Active,6.00
3766,11481,23988,2025-01-19,2025-10-19,3000.00,Fully Paid,6.00
3767,11482,44811,2024-08-28,2024-09-28,4000.00,Fully Paid,6.00
3768,11484,59383,2024-05-01,2025-02-01,14000.00,Fully Paid,8.40
3769,11488,51634,2025-10-12,2026-02-12,12000.00,Fully Paid,6.00
3770,11491,50556,2025-11-17,2026-01-17,15000.00,Active,10.80
3771,11497,43609,2026-04-06,2026-11-06,27525.00,Active,14.40
3772,11503,7160,2025-11-30,2026-07-30,15000.00,Active,6.00
3774,11509,61138,2026-02-05,2026-05-05,6000.00,Fully Paid,8.40
3775,11512,47582,2026-02-10,2026-07-10,11000.00,Active,6.00
3776,11517,11,2025-05-02,2025-10-02,3200.00,Fully Paid,8.40
3777,11518,30976,2026-01-29,2026-04-29,27700.00,Fully Paid,14.40
3778,11519,1634,2025-05-30,2025-11-30,18775.00,Fully Paid,10.80
3779,11520,12388,2024-05-21,2024-11-21,6000.00,Fully Paid,8.40
3780,11525,65604,2025-10-09,2025-12-09,12000.00,Fully Paid,14.40
3782,11528,25007,2024-01-31,2024-05-31,16500.00,Fully Paid,10.80
3783,11531,41879,2024-06-25,2024-11-25,6000.00,Fully Paid,14.40
3784,11532,58627,2024-01-17,2024-10-17,8000.00,Fully Paid,6.00
3785,11534,20177,2025-02-13,2025-09-13,15000.00,Fully Paid,8.40
3788,11542,23049,2024-08-12,2025-03-12,20000.00,Fully Paid,8.40
3789,11543,37108,2024-09-11,2025-05-11,12800.00,Fully Paid,6.00
3790,11546,59189,2026-02-16,2026-04-16,4800.00,Active,10.80
3791,11547,59788,2026-01-05,2026-06-05,18000.00,Active,10.80
3792,11553,14835,2024-03-14,2024-08-14,30000.00,Fully Paid,14.40
3793,11555,28717,2025-03-16,2025-09-16,4800.00,Fully Paid,8.40
3794,11557,15095,2025-06-30,2025-07-30,3000.00,Fully Paid,6.00
3795,11561,56231,2024-11-16,2025-03-16,9000.00,Fully Paid,8.40
3796,11563,58978,2025-05-09,2025-08-09,17600.00,Fully Paid,8.40
3797,11564,18283,2025-08-02,2026-04-02,10000.00,Defaulted,6.00
3798,11568,12251,2025-04-14,2025-05-14,10000.00,Fully Paid,10.80
3800,11575,57489,2024-07-06,2024-09-06,25000.00,Defaulted,6.00
3801,11577,67121,2024-01-29,2024-09-29,5000.00,Fully Paid,10.80
3802,11583,61418,2024-07-12,2025-01-12,9100.00,Fully Paid,10.80
3803,11587,65348,2025-02-18,2025-08-18,4000.00,Active,8.40
3809,11600,20433,2024-10-13,2025-07-13,10000.00,Fully Paid,6.00
3810,11606,41544,2025-12-30,2026-05-30,17125.00,Active,8.40
3811,11608,48558,2024-08-20,2025-05-20,8000.00,Active,8.40
3812,11612,67976,2025-06-21,2026-03-21,28000.00,Fully Paid,6.00
3813,11613,59919,2024-05-29,2024-11-29,5000.00,Defaulted,6.00
3815,11616,64828,2026-01-02,2026-03-02,5000.00,Fully Paid,6.00
3817,11624,28099,2025-10-01,2025-11-01,5600.00,Fully Paid,10.80
3820,11634,62163,2025-08-22,2026-05-22,2500.00,Fully Paid,6.00
3821,11643,61537,2024-08-23,2025-03-23,18475.00,Fully Paid,10.80
3822,11645,6288,2024-08-16,2024-11-16,10000.00,Fully Paid,8.40
3823,11653,39524,2026-01-14,2026-06-14,18000.00,Active,8.40
3824,11654,22323,2024-03-23,2024-10-23,4500.00,Fully Paid,6.00
3826,11658,6584,2026-02-01,2026-07-01,10000.00,Active,6.00
3827,11659,24204,2025-06-08,2026-02-08,9600.00,Fully Paid,8.40
3829,11661,13079,2026-03-17,2026-04-17,3500.00,Fully Paid,6.00
3830,11665,42240,2024-07-29,2024-12-29,8500.00,Fully Paid,8.40
3831,11666,58966,2026-04-28,2026-08-28,24000.00,Active,6.00
3832,11669,26760,2024-09-09,2025-01-09,14750.00,Fully Paid,6.00
3834,11684,49651,2025-10-14,2026-05-14,3000.00,Fully Paid,6.00
3835,11691,7172,2024-07-21,2024-10-21,22075.00,Fully Paid,10.80
3836,11698,7763,2025-11-15,2026-04-15,8000.00,Fully Paid,10.80
3838,11700,4480,2025-11-06,2026-07-06,6950.00,Active,10.80
3839,11702,59275,2024-10-04,2025-04-04,2500.00,Fully Paid,10.80
3840,11703,3896,2025-09-06,2025-12-06,7200.00,Fully Paid,8.40
3842,11711,5293,2025-12-21,2026-08-21,2000.00,Active,10.80
3843,11712,65248,2024-02-15,2024-05-15,20000.00,Active,6.00
3844,11717,11961,2025-02-11,2025-11-11,25000.00,Fully Paid,14.40
3847,11727,4038,2024-06-28,2024-10-28,14000.00,Fully Paid,6.00
3851,11736,21617,2024-06-05,2024-10-05,16000.00,Fully Paid,8.40
3852,11743,33873,2026-01-27,2026-10-27,6000.00,Active,6.00
3854,11745,53743,2024-12-11,2025-05-11,10000.00,Fully Paid,6.00
3855,11746,55995,2024-05-10,2024-07-10,10000.00,Fully Paid,6.00
3857,11760,23880,2024-03-12,2024-09-12,10000.00,Fully Paid,8.40
3861,11768,32428,2026-04-12,2027-01-12,24000.00,Active,10.80
3862,11769,33696,2024-01-28,2024-10-28,8500.00,Fully Paid,14.40
3865,11773,2604,2025-09-16,2026-03-16,30000.00,Fully Paid,8.40
3866,11775,29492,2024-01-29,2024-08-29,3000.00,Fully Paid,10.80
3869,11779,21882,2024-01-17,2024-07-17,10000.00,Fully Paid,6.00
3870,11780,47629,2024-02-10,2024-09-10,8000.00,Fully Paid,6.00
3871,11782,48430,2024-11-13,2025-03-13,6400.00,Fully Paid,8.40
3874,11789,51001,2025-07-29,2025-09-29,1000.00,Fully Paid,6.00
3875,11792,19154,2024-11-26,2025-02-26,6400.00,Active,8.40
3876,11793,20093,2025-11-27,2026-08-27,22000.00,Active,8.40
3877,11794,19473,2024-11-24,2025-07-24,7000.00,Fully Paid,10.80
3878,11796,19546,2024-08-05,2025-05-05,8000.00,Active,10.80
3880,11799,9577,2026-04-23,2026-05-23,11200.00,Fully Paid,6.00
3881,11800,26523,2024-12-08,2025-08-08,15000.00,Fully Paid,10.80
3882,11803,58092,2024-11-04,2025-07-04,8675.00,Fully Paid,6.00
3883,11804,39230,2025-02-13,2025-06-13,2200.00,Fully Paid,10.80
3885,11811,41782,2025-05-05,2025-06-05,7000.00,Active,6.00
3886,11815,6218,2024-02-07,2024-06-07,15600.00,Active,8.40
3887,11819,24951,2025-09-12,2026-02-12,8000.00,Fully Paid,6.00
3888,11823,65745,2025-11-20,2025-12-20,3000.00,Active,6.00
3889,11824,8061,2025-09-08,2026-05-08,12000.00,Fully Paid,14.40
3890,11826,14187,2024-03-08,2024-05-08,6000.00,Fully Paid,10.80
3891,11829,66902,2025-03-13,2025-08-13,11875.00,Active,8.40
3892,11830,15360,2024-09-17,2025-02-17,6000.00,Fully Paid,6.00
3895,11856,64453,2025-07-24,2025-10-24,18000.00,Fully Paid,6.00
3897,11860,27389,2024-03-13,2024-10-13,13600.00,Fully Paid,6.00
3899,11868,48056,2024-05-17,2024-10-17,21000.00,Fully Paid,10.80
3902,11872,28776,2026-03-17,2026-10-17,15000.00,Active,8.40
3903,11873,25542,2026-03-14,2026-11-14,10000.00,Active,10.80
3905,11887,33883,2025-05-13,2025-12-13,10000.00,Defaulted,8.40
3908,11894,22369,2026-04-17,2026-12-17,30000.00,Active,6.00
3910,11899,16331,2024-06-02,2024-09-02,30000.00,Fully Paid,6.00
3911,11902,56566,2026-01-13,2026-08-13,7500.00,Active,14.40
3912,11904,19573,2025-05-18,2026-02-18,15400.00,Fully Paid,10.80
3913,11907,12488,2026-04-05,2026-06-05,25000.00,Active,6.00
3915,11913,50990,2026-03-17,2026-05-17,14375.00,Fully Paid,14.40
3916,11914,14396,2024-07-27,2024-10-27,35000.00,Active,14.40
3917,11915,32224,2024-08-25,2024-10-25,35000.00,Fully Paid,10.80
3918,11920,11629,2026-05-11,2027-02-11,3000.00,Active,8.40
3919,11922,20060,2026-01-27,2026-10-27,6400.00,Active,6.00
3920,11924,13019,2025-09-06,2026-02-06,20000.00,Fully Paid,6.00
3922,11930,44461,2025-07-15,2026-01-15,35000.00,Defaulted,10.80
3923,11931,34584,2024-02-03,2024-03-03,12000.00,Fully Paid,8.40
3924,11938,53645,2024-07-15,2025-02-15,10000.00,Fully Paid,10.80
3925,11940,36499,2024-12-31,2025-08-31,11000.00,Active,6.00
3926,11941,18532,2025-07-05,2026-04-05,20000.00,Defaulted,6.00
3927,11944,659,2025-07-11,2026-01-11,10000.00,Fully Paid,6.00
3930,11952,17570,2025-04-17,2025-06-17,1500.00,Fully Paid,8.40
3931,11958,38848,2024-07-23,2025-04-23,9800.00,Active,14.40
3932,11959,5672,2026-05-04,2026-07-04,9225.00,Active,14.40
3934,11967,25525,2026-02-04,2026-04-04,5950.00,Fully Paid,10.80
3935,11969,49043,2024-10-16,2025-01-16,6000.00,Fully Paid,10.80
3936,11970,50271,2025-01-21,2025-10-21,1500.00,Fully Paid,10.80
3938,11974,5032,2025-12-23,2026-05-23,34125.00,Fully Paid,6.00
3939,11980,7073,2025-12-17,2026-02-17,15000.00,Fully Paid,8.40
3942,12001,67971,2025-07-03,2026-01-03,17800.00,Fully Paid,8.40
3943,12002,8061,2025-02-11,2025-09-11,14000.00,Fully Paid,8.40
3944,12005,48696,2024-06-06,2025-01-06,12000.00,Defaulted,6.00
3945,12007,110,2025-09-30,2026-03-30,16000.00,Fully Paid,10.80
3948,12018,57890,2026-01-05,2026-05-05,18000.00,Fully Paid,6.00
3951,12026,63899,2024-03-03,2024-04-03,35000.00,Fully Paid,8.40
3952,12030,45074,2025-09-15,2026-04-15,8400.00,Fully Paid,6.00
3953,12031,47357,2025-06-29,2026-03-29,14175.00,Fully Paid,8.40
3954,12032,58357,2024-11-10,2025-07-10,4200.00,Fully Paid,6.00
3955,12037,51067,2025-03-02,2025-11-02,24000.00,Fully Paid,10.80
3957,12046,8759,2025-10-20,2025-11-20,17150.00,Fully Paid,10.80
3958,12047,20486,2026-04-03,2026-09-03,9250.00,Active,8.40
3961,12058,10828,2025-04-11,2025-06-11,35000.00,Fully Paid,6.00
3963,12062,22323,2025-04-29,2025-08-29,10000.00,Active,6.00
3964,12067,59829,2026-02-05,2026-06-05,24000.00,Active,10.80
3966,12069,66775,2024-01-24,2024-05-24,4500.00,Fully Paid,8.40
3967,12071,15006,2025-04-04,2025-06-04,10000.00,Fully Paid,14.40
3968,12082,43369,2026-04-21,2026-09-21,25000.00,Active,6.00
3969,12084,6573,2024-03-25,2024-04-25,9725.00,Fully Paid,6.00
3970,12086,57598,2024-10-20,2025-02-20,25600.00,Fully Paid,6.00
3972,12092,44811,2025-10-23,2026-05-23,23325.00,Fully Paid,6.00
3973,12093,64649,2024-12-14,2025-08-14,8975.00,Active,6.00
3974,12095,56250,2025-04-24,2025-11-24,20000.00,Fully Paid,8.40
3975,12096,249,2024-03-26,2024-09-26,20000.00,Fully Paid,6.00
3976,12098,9904,2024-04-16,2024-09-16,20000.00,Active,6.00
3978,12104,12150,2025-05-30,2025-11-30,18000.00,Fully Paid,6.00
3979,12106,54517,2025-08-10,2025-11-10,8500.00,Fully Paid,6.00
3980,12112,64036,2025-01-11,2025-04-11,2200.00,Active,10.80
3981,12119,40580,2025-04-19,2025-09-19,5000.00,Fully Paid,6.00
3982,12121,63067,2025-07-02,2025-12-02,22000.00,Fully Paid,14.40
3983,12124,52250,2026-03-09,2026-08-09,2000.00,Active,10.80
3985,12136,47540,2024-12-25,2025-07-25,2000.00,Defaulted,8.40
3987,12139,66487,2026-04-25,2027-01-25,24000.00,Active,14.40
3988,12140,14505,2025-12-10,2026-08-10,2000.00,Active,6.00
3989,12143,38489,2024-09-01,2024-11-01,1000.00,Fully Paid,14.40
3991,12148,34464,2024-05-21,2024-08-21,5000.00,Active,8.40
3992,12152,13906,2025-02-17,2025-11-17,10000.00,Fully Paid,6.00
3993,12156,58719,2026-01-26,2026-10-26,1000.00,Active,6.00
3994,12159,41641,2024-04-22,2024-11-22,20000.00,Active,8.40
3995,12165,24451,2025-08-10,2026-04-10,23000.00,Fully Paid,8.40
3996,12166,7927,2024-09-06,2025-03-06,20000.00,Fully Paid,8.40
3997,12171,42917,2024-08-08,2025-05-08,30000.00,Fully Paid,6.00
3998,12172,52395,2024-12-03,2025-06-03,15000.00,Fully Paid,10.80
3999,12174,50297,2026-02-12,2026-09-12,21000.00,Active,14.40
4001,12176,11471,2025-08-22,2026-05-22,13675.00,Fully Paid,6.00
4002,12178,57914,2025-02-04,2025-09-04,8000.00,Fully Paid,8.40
4003,12179,25460,2025-06-04,2026-02-04,8500.00,Fully Paid,8.40
4004,12183,61993,2026-01-15,2026-07-15,6000.00,Active,6.00
4005,12184,40004,2025-11-09,2026-02-09,15000.00,Fully Paid,8.40
4006,12185,40466,2026-03-16,2026-11-16,21075.00,Active,10.80
4008,12187,58972,2025-11-06,2026-02-06,13600.00,Fully Paid,6.00
4009,12190,17583,2024-09-01,2025-06-01,6600.00,Fully Paid,6.00
4010,12193,28122,2026-05-16,2026-09-16,10475.00,Active,8.40
4013,12202,5238,2025-01-12,2025-03-12,1500.00,Fully Paid,6.00
4017,12213,56145,2025-09-11,2026-01-11,24000.00,Fully Paid,14.40
4018,12216,50615,2024-12-23,2025-05-23,10000.00,Fully Paid,8.40
4019,12217,8238,2025-03-04,2025-08-04,7475.00,Active,14.40
4021,12220,62305,2025-08-24,2025-11-24,12000.00,Fully Paid,6.00
4024,12229,9070,2025-08-18,2025-09-18,15000.00,Fully Paid,6.00
4025,12230,11564,2025-10-03,2026-05-03,24000.00,Fully Paid,6.00
4026,12233,12930,2026-04-09,2026-06-09,12000.00,Active,8.40
4027,12235,49149,2025-07-31,2025-10-31,18000.00,Fully Paid,6.00
4028,12241,36093,2026-01-10,2026-04-10,15000.00,Fully Paid,6.00
4032,12250,41057,2026-04-23,2026-08-23,26900.00,Active,10.80
4034,12263,4804,2026-02-23,2026-06-23,25000.00,Active,8.40
4035,12267,67467,2024-07-03,2025-02-03,20000.00,Fully Paid,8.40
4037,12270,49651,2026-04-11,2026-07-11,11000.00,Active,6.00
4038,12273,27047,2025-09-12,2026-02-12,10000.00,Fully Paid,14.40
4039,12276,15793,2025-03-13,2025-05-13,15000.00,Fully Paid,6.00
4040,12278,7057,2025-11-25,2026-01-25,18000.00,Active,6.00
4041,12281,12526,2026-04-09,2026-10-09,13600.00,Active,6.00
4042,12282,33020,2024-10-02,2025-01-02,4000.00,Fully Paid,6.00
4045,12291,8275,2026-02-16,2026-07-16,15000.00,Active,6.00
4047,12298,39909,2024-07-22,2024-11-22,7000.00,Fully Paid,8.40
4048,12305,41195,2024-04-17,2024-06-17,4000.00,Fully Paid,6.00
4050,12310,51989,2025-02-09,2025-09-09,25000.00,Fully Paid,6.00
4051,12312,41112,2024-04-29,2024-11-29,9000.00,Fully Paid,8.40
4052,12313,28952,2026-03-09,2026-06-09,7000.00,Active,14.40
4053,12315,60292,2026-04-12,2026-06-12,14400.00,Active,6.00
4054,12322,26658,2024-04-11,2025-01-11,2000.00,Fully Paid,14.40
4055,12325,45869,2025-08-01,2025-09-01,15000.00,Defaulted,10.80
4056,12326,39308,2025-01-29,2025-02-28,15000.00,Fully Paid,6.00
4057,12327,46799,2024-12-09,2025-03-09,8000.00,Fully Paid,10.80
4059,12331,11120,2025-10-17,2026-01-17,4000.00,Active,6.00
4060,12332,21804,2025-06-22,2026-01-22,6400.00,Fully Paid,10.80
4061,12333,40646,2024-12-11,2025-05-11,35000.00,Fully Paid,8.40
4063,12338,645,2026-05-14,2026-11-14,16650.00,Active,6.00
4064,12340,58732,2025-02-14,2025-08-14,11000.00,Active,10.80
4065,12342,1149,2025-08-24,2026-01-24,23325.00,Defaulted,8.40
4066,12344,66598,2025-01-30,2025-03-30,1000.00,Fully Paid,14.40
4067,12346,31674,2026-03-21,2026-11-21,2800.00,Active,6.00
4069,12350,4927,2024-09-06,2025-02-06,9600.00,Defaulted,8.40
4070,12352,63879,2024-01-02,2024-02-02,3000.00,Fully Paid,6.00
4074,12360,11324,2024-12-23,2025-06-23,5000.00,Fully Paid,8.40
4075,12365,54675,2024-06-11,2025-02-11,5000.00,Fully Paid,6.00
4077,12367,50519,2024-11-14,2024-12-14,11000.00,Fully Paid,6.00
4078,12368,6452,2025-12-18,2026-01-18,14000.00,Active,14.40
4079,12371,28808,2024-09-05,2025-01-05,24000.00,Fully Paid,14.40
4080,12374,19348,2025-11-03,2025-12-03,20000.00,Fully Paid,8.40
4081,12375,7212,2026-04-28,2026-05-28,24000.00,Active,6.00
4082,12381,33727,2025-03-01,2025-08-01,6000.00,Fully Paid,10.80
4083,12382,20671,2024-12-05,2025-07-05,20000.00,Fully Paid,6.00
4084,12385,56106,2024-09-23,2024-11-23,24000.00,Fully Paid,14.40
4085,12386,58251,2024-05-11,2024-07-11,1500.00,Fully Paid,8.40
4086,12388,62172,2024-10-28,2025-06-28,6000.00,Fully Paid,14.40
4088,12391,65254,2024-12-11,2025-08-11,13000.00,Fully Paid,14.40
4089,12393,1930,2024-03-07,2024-06-07,28550.00,Fully Paid,8.40
4091,12400,56267,2024-01-29,2024-05-29,18000.00,Active,6.00
4092,12403,42173,2024-01-05,2024-10-05,9675.00,Fully Paid,8.40
4093,12406,57905,2025-05-24,2025-09-24,20000.00,Fully Paid,6.00
4094,12410,914,2025-04-16,2025-11-16,3200.00,Fully Paid,6.00
4095,12413,2600,2025-06-09,2025-12-09,6000.00,Fully Paid,8.40
4097,12426,50037,2025-06-24,2025-12-24,20000.00,Fully Paid,8.40
4098,12431,67823,2026-02-02,2026-08-02,16000.00,Active,6.00
4102,12447,47912,2024-07-04,2024-08-04,15000.00,Fully Paid,14.40
4103,12448,46328,2025-05-11,2026-01-11,8000.00,Active,10.80
4105,12457,28072,2024-01-16,2024-10-16,17825.00,Fully Paid,6.00
4106,12461,48683,2025-05-17,2025-08-17,10000.00,Fully Paid,6.00
4108,12464,18778,2025-09-24,2026-02-24,10000.00,Fully Paid,6.00
4110,12470,10321,2025-05-07,2025-10-07,7200.00,Fully Paid,6.00
4111,12472,27823,2024-05-15,2024-09-15,5200.00,Active,14.40
4112,12474,18682,2025-01-20,2025-02-20,5550.00,Fully Paid,8.40
4113,12479,24964,2025-07-12,2026-03-12,10000.00,Fully Paid,14.40
4114,12480,43516,2026-05-07,2026-12-07,28000.00,Active,8.40
4116,12488,32243,2025-12-06,2026-03-06,17125.00,Fully Paid,6.00
4117,12492,63169,2026-05-02,2026-08-02,8000.00,Active,6.00
4118,12494,25196,2024-02-22,2024-07-22,8150.00,Fully Paid,8.40
4119,12497,61457,2026-05-14,2026-07-14,18000.00,Active,6.00
4121,12499,43127,2024-02-12,2024-07-12,2500.00,Fully Paid,6.00
4122,12500,54795,2024-06-21,2024-09-21,22400.00,Fully Paid,6.00
4124,12506,23433,2024-02-24,2024-11-24,7425.00,Fully Paid,10.80
4126,12516,26505,2026-01-12,2026-08-12,10000.00,Active,10.80
4127,12519,9701,2025-08-19,2025-11-19,10000.00,Fully Paid,6.00
4129,12530,27189,2024-02-11,2024-04-11,5000.00,Fully Paid,8.40
4130,12538,26925,2024-09-22,2025-06-22,12000.00,Active,6.00
4131,12541,67862,2025-08-19,2025-12-19,8500.00,Fully Paid,10.80
4132,12543,46355,2025-05-09,2025-09-09,4900.00,Fully Paid,6.00
4133,12545,50479,2026-04-01,2026-06-01,30000.00,Active,8.40
4134,12553,56237,2025-04-17,2025-07-17,28000.00,Fully Paid,10.80
4136,12559,39753,2026-01-27,2026-03-27,16000.00,Active,14.40
4137,12561,10220,2024-05-01,2024-07-01,12000.00,Active,6.00
4139,12564,46923,2025-09-24,2026-02-24,14000.00,Active,6.00
4140,12565,28977,2026-03-08,2026-04-08,9000.00,Active,10.80
4141,12566,32929,2025-05-03,2026-02-03,17925.00,Fully Paid,6.00
4142,12569,38929,2025-04-24,2025-06-24,5000.00,Fully Paid,8.40
4143,12570,1374,2025-08-07,2025-09-07,21000.00,Fully Paid,8.40
4145,12572,55032,2026-01-07,2026-08-07,2000.00,Active,8.40
4147,12574,36722,2025-12-06,2026-04-06,2000.00,Active,6.00
4151,12593,32284,2025-12-13,2026-07-13,6900.00,Active,6.00
4155,12604,22006,2026-04-16,2026-11-16,3400.00,Active,8.40
4156,12609,10617,2026-03-16,2026-07-16,16000.00,Active,6.00
4157,12610,8753,2024-09-26,2025-02-26,8000.00,Fully Paid,8.40
4158,12611,51067,2025-07-23,2026-03-23,12000.00,Fully Paid,8.40
4159,12612,52957,2025-08-16,2025-09-16,28000.00,Active,6.00
4160,12616,43721,2024-06-28,2024-09-28,7000.00,Fully Paid,10.80
4161,12618,62157,2025-04-11,2025-12-11,14000.00,Fully Paid,8.40
4162,12624,3327,2024-02-23,2024-11-23,9600.00,Fully Paid,6.00
4163,12625,37035,2024-11-24,2025-03-24,20000.00,Fully Paid,10.80
4164,12626,14209,2026-05-15,2026-10-15,4350.00,Active,8.40
4165,12627,13178,2025-04-12,2025-05-12,10000.00,Fully Paid,6.00
4168,12632,65899,2025-12-05,2026-01-05,3600.00,Fully Paid,6.00
4169,12637,6540,2025-02-26,2025-03-26,7425.00,Fully Paid,8.40
4170,12639,28338,2024-06-02,2024-07-02,11200.00,Fully Paid,6.00
4171,12640,21619,2025-08-09,2025-10-09,3500.00,Fully Paid,6.00
4172,12655,21646,2024-01-03,2024-06-03,15000.00,Active,6.00
4173,12658,45640,2025-09-29,2026-05-29,5000.00,Active,10.80
4174,12659,45005,2024-06-17,2025-02-17,35000.00,Fully Paid,8.40
4175,12661,9923,2025-10-17,2026-07-17,24000.00,Active,8.40
4176,12662,55703,2025-11-22,2025-12-22,15000.00,Active,8.40
4177,12663,126,2025-03-10,2025-09-10,8400.00,Fully Paid,6.00
4178,12666,65354,2024-06-21,2024-08-21,5050.00,Fully Paid,8.40
4179,12667,18331,2024-01-03,2024-05-03,30000.00,Fully Paid,6.00
4180,12668,65262,2026-01-16,2026-09-16,3400.00,Active,10.80
4181,12675,49140,2024-09-19,2025-06-19,4000.00,Fully Paid,10.80
4182,12680,56915,2025-11-03,2026-02-03,28000.00,Fully Paid,14.40
4183,12682,1002,2024-01-11,2024-10-11,12500.00,Fully Paid,6.00
4184,12688,14341,2025-10-20,2026-07-20,8000.00,Active,6.00
4186,12694,3513,2025-02-26,2025-10-26,12000.00,Fully Paid,6.00
4187,12695,3655,2026-04-29,2026-06-29,35000.00,Active,8.40
4188,12697,62876,2024-04-27,2024-06-27,7500.00,Fully Paid,6.00
4190,12700,3611,2025-01-14,2025-06-14,24000.00,Active,8.40
4191,12704,62172,2025-12-02,2026-05-02,18200.00,Fully Paid,6.00
4192,12707,64544,2025-05-30,2025-11-30,3500.00,Fully Paid,6.00
4195,12717,63142,2026-03-13,2026-07-13,21000.00,Active,6.00
4196,12718,46486,2025-08-23,2026-01-23,6400.00,Defaulted,6.00
4197,12722,2762,2024-04-18,2024-05-18,11000.00,Fully Paid,14.40
4198,12725,30661,2024-01-30,2024-02-29,5600.00,Fully Paid,8.40
4199,12731,4557,2024-10-25,2025-05-25,15000.00,Fully Paid,14.40
4200,12734,63913,2026-04-23,2026-05-23,28625.00,Fully Paid,8.40
4201,12737,28058,2024-11-02,2025-05-02,17975.00,Active,8.40
4202,12739,25192,2024-07-09,2024-09-09,16000.00,Fully Paid,8.40
4203,12742,56959,2026-01-31,2026-08-31,4000.00,Active,6.00
4207,12749,41761,2025-11-15,2026-01-15,25000.00,Fully Paid,6.00
4208,12750,46544,2025-11-11,2026-05-11,10000.00,Fully Paid,8.40
4209,12752,40321,2024-12-15,2025-08-15,3000.00,Defaulted,6.00
4210,12753,30557,2024-12-10,2025-06-10,4600.00,Fully Paid,6.00
4212,12757,10056,2024-01-11,2024-02-11,6000.00,Active,10.80
4213,12765,32961,2025-09-22,2026-03-22,20000.00,Fully Paid,8.40
4215,12771,64268,2025-11-09,2026-02-09,8000.00,Fully Paid,14.40
4216,12772,63979,2025-07-25,2025-11-25,35000.00,Active,8.40
4218,12784,6908,2024-11-28,2025-03-28,7500.00,Fully Paid,10.80
4219,12786,45801,2024-06-15,2025-01-15,15000.00,Defaulted,14.40
4220,12788,1299,2024-03-02,2024-07-02,10200.00,Fully Paid,6.00
4221,12791,33457,2024-10-13,2025-01-13,8250.00,Fully Paid,8.40
4224,12807,65246,2025-04-04,2025-08-04,9000.00,Fully Paid,14.40
4225,12810,7111,2024-04-04,2024-09-04,7200.00,Active,6.00
4226,12814,27343,2025-11-24,2026-03-24,1400.00,Fully Paid,6.00
4228,12816,35219,2026-04-10,2026-08-10,15000.00,Active,8.40
4229,12818,4914,2025-02-10,2025-04-10,7500.00,Fully Paid,8.40
4231,12823,60711,2024-12-19,2025-05-19,2500.00,Active,6.00
4234,12831,55099,2024-01-15,2024-07-15,8400.00,Fully Paid,6.00
4235,12839,16255,2024-06-07,2024-08-07,9150.00,Fully Paid,10.80
4237,12846,31872,2025-04-23,2025-11-23,20000.00,Fully Paid,10.80
4238,12852,4280,2025-09-02,2025-12-02,12000.00,Fully Paid,8.40
4239,12853,14991,2025-11-17,2025-12-17,12000.00,Fully Paid,8.40
4240,12859,43783,2024-04-27,2024-06-27,5000.00,Fully Paid,6.00
4241,12860,48034,2026-03-06,2026-05-06,11375.00,Fully Paid,6.00
4242,12861,22796,2025-11-07,2026-06-07,2000.00,Active,10.80
4243,12863,12660,2025-11-24,2026-01-24,15000.00,Fully Paid,6.00
4244,12867,46321,2025-09-18,2026-04-18,24000.00,Fully Paid,6.00
4245,12873,2102,2025-03-14,2025-08-14,10925.00,Fully Paid,8.40
4250,12893,49345,2026-03-13,2026-06-13,23100.00,Active,8.40
4254,12908,55202,2024-01-21,2024-05-21,8000.00,Fully Paid,14.40
4255,12913,8032,2024-10-20,2025-04-20,24850.00,Fully Paid,10.80
4257,12921,38424,2026-04-12,2026-08-12,5350.00,Active,10.80
4258,12922,42173,2024-09-17,2025-01-17,5600.00,Fully Paid,8.40
4259,12925,59653,2025-08-15,2026-05-15,32000.00,Fully Paid,10.80
4260,12931,59372,2024-08-30,2024-12-30,16000.00,Fully Paid,6.00
4261,12932,33467,2026-01-21,2026-02-21,2975.00,Fully Paid,8.40
4262,12934,48288,2024-07-13,2025-03-13,21000.00,Fully Paid,14.40
4263,12935,67257,2026-03-08,2026-09-08,1000.00,Active,10.80
4264,12943,57257,2026-04-08,2026-06-08,8400.00,Active,10.80
4265,12944,1195,2025-06-30,2026-01-30,11350.00,Active,6.00
4266,12945,16206,2025-08-30,2026-05-30,3000.00,Active,8.40
4267,12946,497,2024-05-13,2024-11-13,15000.00,Fully Paid,8.40
4268,12947,28815,2025-08-22,2025-11-22,18000.00,Fully Paid,8.40
4270,12953,2724,2024-12-31,2025-07-31,14400.00,Fully Paid,14.40
4271,12958,55048,2026-02-14,2026-09-14,21000.00,Active,10.80
4272,12959,47173,2024-09-01,2024-11-01,5000.00,Fully Paid,6.00
4273,12960,29888,2024-09-03,2025-06-03,2000.00,Fully Paid,6.00
4275,12963,17658,2026-03-22,2026-08-22,8500.00,Active,6.00
4277,12968,37314,2025-02-10,2025-03-10,12800.00,Fully Paid,6.00
4278,12971,52378,2025-07-07,2025-09-07,7000.00,Active,6.00
4279,12975,27847,2024-10-14,2025-05-14,11600.00,Fully Paid,6.00
4280,12976,35909,2026-05-06,2026-06-06,20000.00,Active,10.80
4281,12977,23899,2024-12-24,2025-07-24,3500.00,Fully Paid,8.40
4282,12980,52978,2025-09-17,2026-04-17,5000.00,Active,6.00
4284,12989,14797,2024-10-19,2024-12-19,14675.00,Fully Paid,6.00
4285,12992,24629,2024-10-18,2025-04-18,17000.00,Fully Paid,6.00
4286,13001,55513,2024-04-23,2024-08-23,10000.00,Fully Paid,8.40
4287,13004,55184,2024-05-07,2025-02-07,4050.00,Fully Paid,6.00
4288,13008,58862,2024-05-21,2025-02-21,21600.00,Fully Paid,8.40
4290,13010,11714,2025-10-18,2025-12-18,12000.00,Active,10.80
4292,13024,29506,2026-01-06,2026-10-06,5000.00,Active,6.00
4293,13035,49549,2024-08-31,2024-10-31,11200.00,Fully Paid,6.00
4294,13037,4987,2024-01-14,2024-03-14,15000.00,Fully Paid,14.40
4295,13039,53777,2025-01-04,2025-05-04,24000.00,Fully Paid,10.80
4296,13040,40891,2024-01-02,2024-05-02,1500.00,Defaulted,6.00
4298,13043,49976,2026-01-09,2026-03-09,1100.00,Active,6.00
4299,13047,56250,2024-07-18,2024-08-18,6000.00,Active,8.40
4300,13049,1960,2024-02-23,2024-10-23,3500.00,Fully Paid,6.00
4302,13052,51411,2024-05-23,2024-08-23,5600.00,Fully Paid,6.00
4303,13057,63913,2026-04-19,2026-10-19,21000.00,Active,8.40
4305,13067,41525,2024-06-08,2024-07-08,1500.00,Active,10.80
4306,13069,31674,2026-04-27,2026-06-27,24000.00,Active,6.00
4307,13070,7402,2024-10-30,2025-04-30,10000.00,Fully Paid,14.40
4308,13073,35634,2024-03-20,2024-08-20,10000.00,Fully Paid,8.40
4309,13075,35386,2025-01-18,2025-07-18,15000.00,Fully Paid,6.00
4310,13083,67783,2024-03-31,2024-05-31,6825.00,Fully Paid,8.40
4311,13084,48851,2024-11-09,2025-04-09,24000.00,Defaulted,6.00
4312,13085,32707,2024-03-29,2024-04-29,10000.00,Active,8.40
4313,13095,34214,2024-04-05,2024-12-05,9225.00,Fully Paid,10.80
4314,13096,51496,2024-12-22,2025-04-22,15000.00,Fully Paid,6.00
4316,13101,64999,2024-03-25,2024-08-25,5000.00,Active,6.00
4320,13120,63651,2026-02-03,2026-03-03,31350.00,Fully Paid,8.40
4321,13121,1834,2024-11-12,2025-04-12,6000.00,Fully Paid,6.00
4322,13127,45645,2025-08-11,2025-10-11,10000.00,Fully Paid,6.00
4323,13129,25757,2024-12-04,2025-03-04,24700.00,Fully Paid,14.40
4324,13130,43632,2025-03-13,2025-08-13,12000.00,Fully Paid,10.80
4325,13131,34524,2026-03-03,2026-04-03,10000.00,Fully Paid,8.40
4326,13139,35251,2024-01-13,2024-08-13,15000.00,Active,10.80
4327,13140,60931,2025-04-10,2025-12-10,10000.00,Fully Paid,6.00
4328,13141,19562,2025-08-04,2025-12-04,25000.00,Defaulted,6.00
4331,13149,33158,2025-04-20,2025-11-20,10000.00,Fully Paid,8.40
4332,13153,19932,2024-07-11,2024-12-11,8000.00,Fully Paid,6.00
4336,13162,63396,2024-09-05,2025-01-05,13650.00,Fully Paid,14.40
4338,13170,49414,2026-04-05,2027-01-05,6000.00,Active,6.00
4339,13174,56614,2024-07-03,2024-10-03,5500.00,Fully Paid,8.40
4340,13184,2623,2024-04-09,2024-11-09,2200.00,Fully Paid,6.00
4341,13188,14589,2026-01-19,2026-02-19,18550.00,Fully Paid,6.00
4345,13195,63806,2025-04-11,2025-08-11,21000.00,Fully Paid,10.80
4346,13196,53430,2026-03-01,2026-04-01,12400.00,Active,8.40
4351,13214,57107,2025-09-16,2026-06-16,14400.00,Active,14.40
4352,13215,51565,2024-03-21,2024-04-21,28000.00,Active,10.80
4354,13220,47808,2024-11-05,2025-03-05,17250.00,Fully Paid,6.00
4356,13222,6790,2024-07-15,2024-09-15,25000.00,Fully Paid,8.40
4357,13225,38423,2025-01-21,2025-02-21,32000.00,Fully Paid,8.40
4358,13233,32222,2026-04-07,2026-05-07,8000.00,Fully Paid,10.80
4360,13242,16439,2025-11-15,2026-07-15,9000.00,Active,6.00
4361,13248,30274,2025-06-21,2025-11-21,14400.00,Active,8.40
4364,13258,18018,2025-09-27,2026-06-27,12000.00,Active,6.00
4365,13259,16615,2024-10-15,2025-07-15,12000.00,Fully Paid,10.80
4366,13261,37019,2024-05-23,2024-10-23,22000.00,Fully Paid,6.00
4369,13276,28218,2026-04-18,2026-06-18,20000.00,Active,6.00
4371,13283,9662,2024-08-28,2024-12-28,8975.00,Active,8.40
4373,13289,62228,2025-02-12,2025-03-12,5000.00,Fully Paid,6.00
4376,13295,17848,2024-08-27,2024-10-27,28000.00,Fully Paid,6.00
4377,13300,2938,2024-12-11,2025-02-11,8400.00,Active,8.40
4378,13301,41071,2024-10-21,2024-12-21,30000.00,Fully Paid,14.40
4379,13303,66733,2025-08-03,2025-09-03,15000.00,Fully Paid,8.40
4381,13306,26474,2025-03-10,2025-11-10,9000.00,Fully Paid,10.80
4382,13316,35725,2026-04-12,2026-11-12,3250.00,Active,8.40
4383,13321,6964,2026-05-09,2026-07-09,17000.00,Active,8.40
4384,13324,29142,2024-11-10,2024-12-10,4200.00,Fully Paid,6.00
4387,13328,11984,2025-04-14,2025-09-14,21000.00,Fully Paid,14.40
4388,13334,6552,2024-10-20,2025-04-20,8975.00,Fully Paid,6.00
4389,13336,48291,2024-06-17,2025-01-17,25000.00,Fully Paid,8.40
4390,13337,43284,2024-04-04,2024-09-04,10400.00,Fully Paid,8.40
4391,13344,15928,2026-02-18,2026-05-18,6000.00,Fully Paid,10.80
4392,13349,50194,2025-01-14,2025-07-14,15000.00,Fully Paid,10.80
4394,13356,16866,2025-08-20,2025-10-20,7800.00,Fully Paid,6.00
4395,13360,8547,2024-07-02,2024-10-02,35000.00,Defaulted,8.40
4396,13361,10395,2024-07-29,2025-01-29,2400.00,Fully Paid,8.40
4397,13367,14610,2024-12-29,2025-05-29,10000.00,Active,8.40
4399,13370,33706,2025-09-26,2025-11-26,34000.00,Fully Paid,14.40
4401,13372,31982,2025-03-19,2025-04-19,5500.00,Fully Paid,6.00
4402,13373,42766,2024-12-11,2025-01-11,24000.00,Fully Paid,8.40
4404,13376,40377,2024-06-21,2024-10-21,10000.00,Fully Paid,8.40
4405,13381,9950,2024-08-08,2025-04-08,14000.00,Fully Paid,8.40
4406,13385,33594,2025-02-19,2025-11-19,10000.00,Fully Paid,6.00
4407,13387,33269,2026-04-22,2026-07-22,7475.00,Active,6.00
4408,13388,17427,2025-10-04,2025-12-04,15000.00,Fully Paid,8.40
4412,13402,39388,2026-01-23,2026-05-23,35000.00,Active,8.40
4413,13403,38740,2025-10-16,2026-06-16,6000.00,Active,8.40
4414,13405,19172,2025-10-11,2026-02-11,15000.00,Fully Paid,6.00
4415,13406,6584,2025-03-08,2025-12-08,19025.00,Active,8.40
4416,13407,42897,2025-05-01,2026-02-01,17400.00,Defaulted,8.40
4419,13415,1544,2025-02-15,2025-10-15,8000.00,Fully Paid,6.00
4420,13416,66172,2025-11-03,2026-08-03,35000.00,Active,6.00
4421,13422,9226,2025-06-22,2025-08-22,17225.00,Active,8.40
4422,13430,10915,2025-11-14,2026-06-14,10000.00,Active,10.80
4423,13431,12985,2024-06-17,2025-02-17,20225.00,Active,6.00
4424,13432,13674,2026-01-03,2026-10-03,4800.00,Active,14.40
4425,13433,36777,2025-11-12,2025-12-12,10250.00,Fully Paid,10.80
4427,13441,42130,2025-07-01,2025-08-01,20000.00,Fully Paid,6.00
4428,13443,17346,2026-02-24,2026-03-24,20000.00,Fully Paid,6.00
4429,13444,15164,2025-08-26,2025-10-26,15000.00,Fully Paid,6.00
4431,13447,12170,2024-04-23,2024-10-23,20000.00,Fully Paid,14.40
4432,13448,14018,2026-03-15,2026-05-15,15000.00,Fully Paid,6.00
4433,13454,18368,2025-03-28,2025-05-28,20000.00,Fully Paid,6.00
4437,13471,7184,2025-01-31,2025-02-28,18000.00,Fully Paid,8.40
4439,13475,12512,2024-04-02,2024-07-02,6000.00,Fully Paid,6.00
4442,13484,52486,2026-01-28,2026-02-28,10000.00,Fully Paid,10.80
4443,13488,55299,2025-08-29,2025-09-29,2000.00,Defaulted,8.40
4444,13489,7723,2024-04-26,2024-07-26,35000.00,Fully Paid,6.00
4447,13498,45196,2026-05-09,2026-09-09,15000.00,Active,8.40
4448,13502,48036,2025-01-10,2025-07-10,11600.00,Fully Paid,6.00
4450,13509,28802,2024-09-06,2025-05-06,20000.00,Defaulted,6.00
4451,13510,39945,2026-02-15,2026-09-15,7000.00,Active,8.40
4453,13517,48271,2024-12-13,2025-04-13,20000.00,Fully Paid,6.00
4454,13521,22061,2024-07-30,2024-12-30,19000.00,Active,10.80
4455,13524,18554,2025-09-17,2026-02-17,23675.00,Fully Paid,10.80
4456,13527,58170,2026-01-05,2026-03-05,14550.00,Fully Paid,8.40
4457,13531,6816,2025-02-09,2025-05-09,16100.00,Fully Paid,6.00
4458,13532,40764,2024-07-30,2024-09-30,10000.00,Fully Paid,8.40
4459,13533,16523,2024-10-13,2025-03-13,18500.00,Fully Paid,8.40
4460,13535,21277,2026-03-31,2026-10-31,10000.00,Active,8.40
4461,13536,58598,2024-06-29,2024-12-29,2000.00,Fully Paid,6.00
4465,13545,17695,2024-07-27,2024-10-27,28000.00,Fully Paid,8.40
4468,13552,16998,2025-01-03,2025-05-03,3000.00,Fully Paid,10.80
4469,13554,40179,2025-11-04,2026-08-04,20800.00,Active,10.80
4470,13558,47073,2024-11-28,2025-08-28,6150.00,Defaulted,14.40
4471,13565,6515,2026-04-15,2026-10-15,6500.00,Active,8.40
4472,13566,44562,2025-10-04,2026-01-04,20000.00,Fully Paid,8.40
4473,13572,42933,2026-03-16,2026-12-16,34400.00,Active,8.40
4476,13578,12096,2025-02-02,2025-08-02,13150.00,Fully Paid,14.40
4477,13579,51829,2026-02-25,2026-11-25,33000.00,Active,10.80
4480,13589,53799,2025-03-10,2025-05-10,5000.00,Active,8.40
4484,13601,21646,2026-03-06,2026-08-06,14000.00,Active,6.00
4486,13604,53565,2025-01-31,2025-04-30,16000.00,Fully Paid,8.40
4487,13608,28037,2025-06-22,2026-03-22,30000.00,Fully Paid,8.40
4488,13612,31164,2024-04-06,2024-10-06,15000.00,Fully Paid,6.00
4489,13615,32953,2025-01-09,2025-07-09,35000.00,Fully Paid,6.00
4490,13619,62813,2024-10-25,2024-12-25,28800.00,Fully Paid,8.40
4491,13620,34786,2025-04-27,2025-10-27,24000.00,Fully Paid,6.00
4493,13624,54013,2026-03-12,2026-06-12,10000.00,Active,8.40
4494,13635,57882,2025-08-05,2025-10-05,6350.00,Fully Paid,6.00
4495,13636,46448,2025-03-28,2025-12-28,9600.00,Fully Paid,6.00
4497,13640,10130,2024-06-02,2025-02-02,18000.00,Fully Paid,10.80
4498,13642,55898,2025-03-11,2025-05-11,18200.00,Fully Paid,6.00
4499,13645,66040,2026-02-24,2026-07-24,5000.00,Active,6.00
4501,13649,14161,2024-04-29,2024-06-29,10000.00,Fully Paid,14.40
4502,13650,32208,2025-07-12,2025-11-12,3000.00,Fully Paid,6.00
4505,13653,51834,2024-06-07,2025-03-07,10200.00,Fully Paid,14.40
4507,13661,18763,2024-03-13,2024-08-13,3200.00,Fully Paid,8.40
4508,13662,65737,2025-12-13,2026-03-13,10000.00,Fully Paid,6.00
4511,13674,31096,2024-08-11,2024-11-11,1500.00,Active,8.40
4513,13676,51584,2024-07-02,2024-11-02,9600.00,Active,8.40
4514,13677,65780,2024-07-29,2024-08-29,28000.00,Active,6.00
4515,13679,39561,2026-03-17,2026-09-17,20225.00,Active,10.80
4516,13690,55726,2025-01-13,2025-05-13,7000.00,Fully Paid,6.00
4518,13696,35718,2024-06-20,2024-11-20,20000.00,Fully Paid,8.40
4519,13698,60751,2024-02-06,2024-06-06,2100.00,Fully Paid,8.40
4520,13699,12721,2025-02-14,2025-06-14,3000.00,Fully Paid,8.40
4521,13700,19299,2024-10-03,2025-04-03,10000.00,Active,8.40
4522,13701,18439,2025-11-02,2026-06-02,20000.00,Active,8.40
4523,13702,18854,2025-10-12,2025-12-12,8425.00,Fully Paid,8.40
4524,13704,52387,2026-05-18,2026-06-18,9200.00,Active,6.00
4525,13705,18139,2024-03-18,2024-05-18,5000.00,Fully Paid,14.40
4526,13706,10649,2025-05-31,2025-11-30,16000.00,Fully Paid,14.40
4527,13709,41257,2026-05-12,2026-06-12,30000.00,Active,8.40
4528,13711,24145,2024-01-12,2024-02-12,7200.00,Fully Paid,6.00
4530,13717,35055,2025-08-19,2026-03-19,20000.00,Fully Paid,6.00
4531,13718,36144,2024-11-18,2025-07-18,10000.00,Fully Paid,10.80
4532,13721,59844,2024-08-22,2024-09-22,32000.00,Fully Paid,8.40
4533,13726,31814,2024-01-01,2024-08-01,12000.00,Active,6.00
4534,13728,31646,2024-03-29,2024-12-29,2100.00,Fully Paid,6.00
4535,13736,1694,2024-05-10,2024-10-10,8375.00,Fully Paid,6.00
4536,13737,6278,2025-09-08,2025-10-08,24000.00,Fully Paid,6.00
4537,13741,6675,2024-03-28,2024-05-28,21000.00,Active,8.40
4538,13747,61185,2025-12-21,2026-09-21,7500.00,Active,10.80
4539,13748,5470,2025-06-28,2026-01-28,18400.00,Fully Paid,6.00
4540,13752,61952,2024-06-18,2024-09-18,11300.00,Fully Paid,6.00
4541,13756,49007,2024-03-14,2024-05-14,6000.00,Fully Paid,10.80
4542,13757,31016,2024-10-05,2025-01-05,10000.00,Active,6.00
4543,13761,6520,2024-06-16,2025-03-16,6000.00,Fully Paid,8.40
4544,13763,42311,2025-01-17,2025-06-17,10000.00,Active,10.80
4545,13764,23849,2024-01-19,2024-08-19,28000.00,Fully Paid,8.40
4548,13770,22691,2024-01-28,2024-07-28,21000.00,Fully Paid,6.00
4551,13777,60565,2026-04-23,2026-10-23,12000.00,Active,8.40
4552,13780,7334,2025-07-09,2025-10-09,10000.00,Fully Paid,10.80
4553,13782,66275,2024-06-28,2024-07-28,9600.00,Fully Paid,6.00
4554,13785,38135,2024-02-14,2024-04-14,7000.00,Fully Paid,10.80
4556,13804,19557,2024-09-18,2025-02-18,20000.00,Fully Paid,6.00
4557,13807,30792,2025-06-12,2025-09-12,6000.00,Active,6.00
4558,13813,52915,2026-04-11,2026-11-11,26000.00,Active,8.40
4561,13823,57457,2024-08-21,2025-02-21,6025.00,Fully Paid,8.40
4562,13828,30362,2025-11-16,2026-04-16,2100.00,Active,10.80
4564,13830,53966,2024-05-16,2025-01-16,10000.00,Fully Paid,6.00
4565,13831,59486,2024-10-08,2025-06-08,8000.00,Fully Paid,10.80
4566,13832,32929,2024-07-15,2024-11-15,8000.00,Fully Paid,6.00
4567,13834,16344,2025-03-29,2025-05-29,4500.00,Active,10.80
4568,13839,2220,2025-04-17,2025-06-17,5000.00,Active,8.40
4570,13842,12860,2024-12-26,2025-02-26,8000.00,Fully Paid,14.40
4571,13843,45501,2026-02-15,2026-10-15,30000.00,Active,10.80
4573,13850,62367,2025-09-26,2026-03-26,6000.00,Active,8.40
4574,13851,38958,2025-08-30,2026-01-30,5000.00,Fully Paid,6.00
4575,13854,37347,2026-04-27,2026-07-27,22000.00,Active,8.40
4577,13867,30396,2024-01-21,2024-08-21,12000.00,Fully Paid,10.80
4579,13876,59522,2025-09-20,2026-02-20,21600.00,Fully Paid,6.00
4580,13878,52819,2025-08-10,2026-03-10,6000.00,Active,10.80
4581,13879,64036,2024-10-08,2025-05-08,10000.00,Fully Paid,10.80
4584,13889,27514,2025-05-01,2026-02-01,5000.00,Active,6.00
4585,13892,53818,2026-03-31,2026-11-30,30000.00,Active,8.40
4586,13894,44130,2025-11-09,2025-12-09,5350.00,Active,6.00
4587,13895,47679,2024-06-13,2024-11-13,8400.00,Fully Paid,8.40
4588,13900,4272,2025-09-20,2026-01-20,10000.00,Active,14.40
4589,13901,46683,2026-02-15,2026-03-15,3675.00,Fully Paid,8.40
4590,13905,56555,2025-11-12,2026-01-12,33925.00,Fully Paid,8.40
4592,13907,16795,2024-06-12,2024-12-12,30350.00,Fully Paid,6.00
4593,13910,44417,2025-12-07,2026-07-07,13225.00,Active,6.00
4594,13911,32287,2024-06-18,2024-08-18,12000.00,Fully Paid,8.40
4596,13913,18973,2024-09-27,2024-12-27,16000.00,Fully Paid,6.00
4600,13919,27791,2025-06-24,2025-07-24,20300.00,Fully Paid,8.40
4601,13924,39773,2026-05-04,2026-09-04,16000.00,Active,6.00
4602,13927,40593,2024-01-28,2024-04-28,15000.00,Fully Paid,10.80
4603,13935,29516,2026-05-13,2026-07-13,2000.00,Active,6.00
4604,13936,61380,2024-08-15,2025-02-15,30000.00,Fully Paid,8.40
4605,13937,25481,2024-05-30,2024-08-30,5000.00,Fully Paid,14.40
4608,13952,54543,2026-05-16,2027-01-16,24000.00,Active,8.40
4611,13958,20151,2024-06-22,2024-08-22,9000.00,Fully Paid,10.80
4614,13963,3840,2025-02-03,2025-08-03,11000.00,Fully Paid,10.80
4615,13966,49708,2024-03-07,2024-08-07,5000.00,Fully Paid,14.40
4616,13970,41918,2025-09-22,2026-05-22,10000.00,Fully Paid,6.00
4617,13973,57657,2025-03-11,2025-06-11,6000.00,Fully Paid,8.40
4618,13975,34737,2025-10-08,2026-05-08,18000.00,Active,10.80
4619,13977,19714,2025-10-12,2026-01-12,20000.00,Fully Paid,10.80
4621,13979,61609,2026-03-27,2026-11-27,8050.00,Active,14.40
4622,13983,56476,2025-08-16,2025-11-16,6000.00,Defaulted,14.40
4623,13986,45616,2025-10-30,2025-12-30,11500.00,Fully Paid,10.80
4624,13988,41128,2025-11-22,2026-01-22,30000.00,Fully Paid,6.00
4625,13991,53855,2026-02-02,2026-06-02,13000.00,Active,10.80
4627,13993,11341,2026-01-26,2026-04-26,3600.00,Fully Paid,10.80
4628,13994,49626,2026-01-23,2026-03-23,24000.00,Fully Paid,6.00
4630,13999,66426,2026-02-21,2026-06-21,7000.00,Active,6.00
4631,14000,33183,2024-03-17,2024-06-17,18000.00,Fully Paid,6.00
4632,14004,3697,2025-03-29,2025-05-29,20000.00,Fully Paid,10.80
4633,14008,61938,2024-09-15,2025-05-15,3600.00,Fully Paid,8.40
4634,14013,55547,2024-09-18,2025-06-18,17850.00,Fully Paid,8.40
4635,14020,67875,2026-03-11,2026-08-11,8000.00,Active,10.80
4636,14030,36717,2026-01-15,2026-04-15,10000.00,Fully Paid,6.00
4637,14036,20279,2024-05-08,2025-02-08,5600.00,Fully Paid,8.40
4638,14040,58960,2024-01-09,2024-08-09,25000.00,Fully Paid,14.40
4639,14052,42164,2024-07-15,2025-03-15,10000.00,Fully Paid,6.00
4640,14059,40365,2024-07-16,2025-03-16,7500.00,Fully Paid,6.00
4641,14060,58479,2024-08-18,2025-05-18,1000.00,Active,8.40
4642,14068,11684,2025-04-30,2025-11-30,12000.00,Fully Paid,6.00
4643,14072,7878,2024-01-09,2024-10-09,23000.00,Active,8.40
4646,14082,10903,2025-08-08,2025-12-08,5000.00,Fully Paid,6.00
4651,14099,53723,2025-11-05,2025-12-05,4600.00,Fully Paid,10.80
4652,14100,1285,2025-05-09,2025-12-09,20000.00,Fully Paid,8.40
4653,14103,39652,2025-11-09,2026-03-09,3000.00,Fully Paid,6.00
4654,14105,34266,2024-11-07,2025-01-07,10000.00,Active,14.40
4655,14107,26295,2024-04-19,2024-10-19,5000.00,Fully Paid,8.40
4656,14109,9192,2024-01-20,2024-10-20,25000.00,Fully Paid,10.80
4657,14110,1101,2024-09-09,2025-03-09,3250.00,Fully Paid,8.40
4658,14113,19795,2024-05-03,2024-08-03,10500.00,Fully Paid,8.40
4659,14121,45670,2025-06-05,2025-11-05,7800.00,Fully Paid,8.40
4661,14130,47001,2025-09-12,2025-12-12,20000.00,Fully Paid,8.40
4662,14134,21765,2024-02-28,2024-04-28,35000.00,Fully Paid,10.80
4663,14135,21311,2025-11-29,2026-02-28,30000.00,Fully Paid,6.00
4665,14144,65997,2024-11-17,2025-06-17,13000.00,Fully Paid,6.00
4666,14145,6482,2026-03-26,2026-06-26,8000.00,Active,14.40
4667,14149,5588,2024-09-09,2024-10-09,11400.00,Fully Paid,14.40
4669,14153,44191,2024-11-07,2025-07-07,5750.00,Active,8.40
4671,14159,11044,2024-01-28,2024-03-28,16000.00,Fully Paid,8.40
4673,14169,50264,2024-02-29,2024-10-29,6000.00,Active,10.80
4676,14179,25444,2024-09-15,2025-04-15,5000.00,Fully Paid,6.00
4677,14182,66436,2025-04-14,2025-11-14,16275.00,Fully Paid,14.40
4678,14183,20434,2025-08-04,2026-03-04,5000.00,Fully Paid,8.40
4683,14196,21391,2025-04-20,2025-11-20,12000.00,Fully Paid,10.80
4685,14201,36374,2024-04-17,2024-05-17,15000.00,Fully Paid,10.80
4687,14203,57457,2025-04-27,2025-09-27,25200.00,Active,6.00
4688,14208,62906,2026-04-09,2026-10-09,20000.00,Active,6.00
4689,14214,58265,2024-11-07,2025-02-07,7500.00,Active,6.00
4690,14220,21203,2026-05-11,2026-11-11,11500.00,Active,6.00
4691,14222,21451,2024-01-17,2024-10-17,21000.00,Fully Paid,6.00
4692,14223,65675,2024-02-29,2024-03-29,7750.00,Fully Paid,8.40
4694,14227,59985,2024-05-20,2024-11-20,16700.00,Active,6.00
4696,14235,26418,2025-12-20,2026-09-20,14000.00,Active,10.80
4697,14239,54407,2026-01-14,2026-07-14,13000.00,Active,8.40
4699,14243,31011,2025-11-13,2026-01-13,5000.00,Fully Paid,8.40
4700,14253,49067,2026-05-16,2026-07-16,8000.00,Active,6.00
4701,14256,44662,2024-03-18,2024-06-18,8000.00,Fully Paid,6.00
4702,14258,7403,2024-07-31,2024-09-30,7200.00,Fully Paid,10.80
4703,14259,1743,2024-05-03,2024-08-03,15000.00,Fully Paid,8.40
4706,14270,60052,2024-01-21,2024-07-21,8000.00,Fully Paid,8.40
4707,14273,56281,2024-07-31,2025-04-30,21000.00,Fully Paid,6.00
4708,14280,55179,2024-05-03,2024-12-03,3600.00,Fully Paid,10.80
4709,14281,64884,2025-09-04,2026-02-04,5000.00,Defaulted,10.80
4710,14282,49430,2026-03-25,2026-11-25,4000.00,Active,10.80
4711,14285,63907,2026-03-18,2026-09-18,10000.00,Active,8.40
4712,14287,22011,2025-02-10,2025-06-10,4000.00,Fully Paid,10.80
4713,14288,50608,2024-07-27,2024-10-27,20125.00,Active,8.40
4715,14302,12110,2025-04-24,2025-05-24,9100.00,Fully Paid,14.40
4716,14304,17717,2025-03-27,2025-10-27,5000.00,Fully Paid,10.80
4717,14305,43365,2026-05-01,2026-08-01,10000.00,Active,6.00
4718,14306,21085,2026-01-15,2026-09-15,10000.00,Active,8.40
4719,14307,609,2025-06-01,2025-08-01,3500.00,Defaulted,6.00
4720,14308,18167,2024-01-15,2024-10-15,7000.00,Fully Paid,6.00
4722,14314,42637,2025-01-02,2025-04-02,14000.00,Defaulted,8.40
4723,14315,15140,2025-02-28,2025-04-28,16000.00,Fully Paid,14.40
4724,14322,8425,2024-06-08,2024-09-08,10000.00,Fully Paid,10.80
4725,14325,29128,2024-02-18,2024-03-18,8000.00,Fully Paid,10.80
4727,14328,14668,2026-03-31,2026-10-31,32000.00,Active,6.00
4728,14330,5659,2025-07-11,2025-11-11,12000.00,Fully Paid,10.80
4729,14334,11466,2024-02-10,2024-08-10,10000.00,Fully Paid,6.00
4731,14341,43516,2024-04-19,2024-06-19,5000.00,Defaulted,6.00
4732,14346,42311,2025-01-04,2025-05-04,7000.00,Fully Paid,6.00
4733,14349,37675,2024-08-02,2025-03-02,15000.00,Fully Paid,8.40
4734,14352,8411,2024-02-26,2024-10-26,4800.00,Fully Paid,10.80
4736,14358,61752,2024-01-26,2024-08-26,15300.00,Fully Paid,6.00
4737,14366,13901,2024-04-12,2024-07-12,14325.00,Active,8.40
4738,14373,58338,2026-02-04,2026-03-04,12475.00,Fully Paid,6.00
4739,14374,32161,2024-01-11,2024-02-11,11825.00,Active,6.00
4742,14391,18425,2025-01-27,2025-06-27,21600.00,Active,6.00
4743,14393,49187,2024-06-14,2024-12-14,6000.00,Fully Paid,6.00
4745,14406,47127,2026-05-02,2026-11-02,2800.00,Active,8.40
4746,14410,62618,2025-07-01,2025-09-01,15000.00,Fully Paid,14.40
4751,14429,25126,2024-01-21,2024-08-21,14000.00,Fully Paid,8.40
4754,14435,59251,2024-06-14,2025-03-14,15000.00,Fully Paid,6.00
4755,14437,61020,2024-12-06,2025-09-06,7000.00,Fully Paid,6.00
4756,14439,40408,2024-11-09,2025-06-09,11000.00,Active,8.40
4757,14440,9226,2025-04-19,2025-12-19,25000.00,Fully Paid,10.80
4758,14445,22621,2024-05-25,2024-11-25,4000.00,Fully Paid,6.00
4759,14450,49222,2024-11-12,2025-02-12,20000.00,Active,10.80
4760,14451,27005,2024-08-25,2024-10-25,9075.00,Fully Paid,6.00
4762,14456,62860,2024-11-26,2025-01-26,8000.00,Fully Paid,6.00
4765,14470,25514,2025-05-11,2025-08-11,10000.00,Fully Paid,6.00
4766,14472,44195,2024-11-10,2025-08-10,19275.00,Fully Paid,8.40
4767,14474,56042,2025-05-09,2025-06-09,15000.00,Fully Paid,14.40
4768,14475,33594,2025-08-12,2026-02-12,28600.00,Defaulted,6.00
4769,14478,775,2025-05-30,2025-07-30,5000.00,Fully Paid,14.40
4770,14479,52390,2024-10-14,2025-03-14,10000.00,Fully Paid,10.80
4771,14481,53413,2024-05-19,2024-11-19,27550.00,Fully Paid,8.40
4774,14484,56981,2024-08-19,2025-03-19,21625.00,Fully Paid,8.40
4775,14486,25377,2024-11-20,2025-05-20,11200.00,Fully Paid,8.40
4776,14489,16010,2024-12-01,2025-06-01,28300.00,Fully Paid,6.00
4777,14497,8979,2025-03-10,2025-12-10,18375.00,Active,14.40
4780,14516,44383,2026-01-01,2026-03-01,15000.00,Fully Paid,14.40
4781,14520,33185,2025-03-26,2025-04-26,7000.00,Fully Paid,6.00
4784,14524,55255,2024-09-13,2025-05-13,21000.00,Fully Paid,10.80
4785,14527,34622,2025-06-05,2026-02-05,28000.00,Fully Paid,14.40
4786,14532,38434,2024-09-24,2025-03-24,19200.00,Fully Paid,8.40
4788,14538,34867,2025-02-08,2025-03-08,20000.00,Active,8.40
4789,14540,28510,2024-02-26,2024-08-26,6800.00,Fully Paid,10.80
4790,14542,55653,2024-06-05,2024-12-05,7200.00,Fully Paid,10.80
4791,14545,132,2024-09-24,2024-10-24,35000.00,Fully Paid,6.00
4793,14552,34835,2024-03-04,2024-05-04,6000.00,Fully Paid,14.40
4794,14553,66819,2026-05-14,2026-06-14,10000.00,Active,6.00
4796,14557,57192,2025-09-26,2026-05-26,16800.00,Active,6.00
4797,14558,62880,2024-05-03,2024-08-03,14000.00,Fully Paid,14.40
4800,14569,12656,2024-12-11,2025-02-11,6000.00,Active,6.00
4801,14575,4879,2025-07-20,2025-09-20,16500.00,Fully Paid,8.40
4802,14583,13942,2025-08-02,2026-05-02,16375.00,Fully Paid,8.40
4804,14589,47542,2026-01-27,2026-10-27,10200.00,Active,6.00
4805,14590,24202,2026-02-21,2026-07-21,3500.00,Active,14.40
4806,14591,60498,2025-09-03,2026-01-03,3600.00,Defaulted,6.00
4807,14594,9261,2024-03-07,2024-08-07,1400.00,Active,10.80
4810,14609,17108,2025-08-12,2025-10-12,33650.00,Fully Paid,6.00
4811,14610,63451,2026-03-30,2026-09-30,6200.00,Active,8.40
4812,14618,34121,2024-03-19,2024-04-19,16000.00,Active,8.40
4813,14619,58883,2025-04-04,2025-06-04,10000.00,Fully Paid,8.40
4814,14620,19787,2025-07-22,2026-04-22,8000.00,Fully Paid,10.80
4815,14621,37372,2025-08-20,2026-03-20,6000.00,Fully Paid,10.80
4816,14625,8464,2024-11-01,2025-04-01,15000.00,Fully Paid,6.00
4818,14634,1673,2025-08-02,2025-11-02,9500.00,Fully Paid,14.40
4819,14638,34422,2024-02-29,2024-06-29,2800.00,Fully Paid,8.40
4820,14642,17632,2025-02-12,2025-05-12,10000.00,Fully Paid,6.00
4821,14644,52066,2026-03-08,2026-05-08,24000.00,Fully Paid,14.40
4822,14646,37347,2025-08-12,2025-09-12,35000.00,Defaulted,8.40
4823,14648,37063,2025-11-30,2026-06-30,5500.00,Active,6.00
4824,14654,58275,2025-10-20,2026-04-20,12000.00,Fully Paid,8.40
4825,14656,44424,2026-02-11,2026-08-11,20000.00,Active,6.00
4827,14674,44565,2024-02-04,2024-05-04,6000.00,Fully Paid,8.40
4828,14676,50484,2024-09-20,2025-01-20,10000.00,Active,6.00
4829,14679,17812,2025-02-28,2025-10-28,8000.00,Fully Paid,6.00
4830,14680,32782,2025-06-16,2025-12-16,9000.00,Fully Paid,6.00
4831,14684,49398,2024-04-19,2024-11-19,4000.00,Fully Paid,10.80
4832,14686,53126,2025-02-10,2025-05-10,19550.00,Active,8.40
4833,14702,43070,2026-01-12,2026-04-12,15000.00,Fully Paid,6.00
4834,14707,11303,2026-02-22,2026-04-22,20000.00,Fully Paid,14.40
4835,14713,66630,2024-08-04,2025-05-04,16000.00,Fully Paid,6.00
4836,14715,32962,2024-05-25,2024-08-25,6000.00,Fully Paid,8.40
4837,14717,11253,2024-05-25,2024-10-25,7200.00,Fully Paid,8.40
4838,14723,16746,2026-01-06,2026-07-06,6025.00,Active,6.00
4840,14728,66979,2025-10-02,2026-03-02,16000.00,Fully Paid,6.00
4841,14729,3748,2024-05-15,2024-07-15,17675.00,Defaulted,10.80
4842,14730,29119,2024-03-13,2024-09-13,20000.00,Fully Paid,6.00
4843,14731,24841,2025-06-22,2025-11-22,13000.00,Fully Paid,8.40
4844,14732,27084,2025-02-12,2025-03-12,16000.00,Active,6.00
4845,14736,64739,2025-07-15,2026-04-15,6000.00,Defaulted,6.00
4847,14739,22560,2025-07-15,2025-08-15,11875.00,Fully Paid,6.00
4849,14749,64170,2024-07-09,2025-04-09,11200.00,Fully Paid,6.00
4850,14751,45595,2025-07-09,2026-01-09,32675.00,Fully Paid,6.00
4853,14764,26810,2024-12-09,2025-01-09,5000.00,Fully Paid,8.40
4854,14765,25731,2026-01-24,2026-07-24,15000.00,Active,6.00
4855,14766,19051,2025-04-08,2025-07-08,12000.00,Fully Paid,8.40
4856,14767,53653,2025-10-20,2025-11-20,30000.00,Fully Paid,14.40
4857,14774,48389,2025-12-14,2026-09-14,20000.00,Active,10.80
4858,14776,54719,2024-08-07,2025-02-07,14000.00,Defaulted,10.80
4859,14777,61528,2024-12-24,2025-06-24,2250.00,Fully Paid,6.00
4860,14778,47290,2025-09-15,2026-02-15,4875.00,Fully Paid,6.00
4862,14783,50778,2025-10-21,2026-03-21,15000.00,Fully Paid,6.00
4866,14796,40005,2026-05-12,2027-02-12,20000.00,Active,8.40
4867,14799,32190,2024-11-23,2025-07-23,11200.00,Fully Paid,8.40
4868,14800,36696,2025-06-26,2026-02-26,8000.00,Fully Paid,8.40
4870,14804,30887,2025-07-12,2026-02-12,12000.00,Fully Paid,14.40
4871,14805,36207,2024-06-25,2024-08-25,33550.00,Fully Paid,8.40
4872,14806,25862,2025-05-23,2025-09-23,11900.00,Active,6.00
4874,14808,15338,2025-06-17,2025-07-17,20000.00,Fully Paid,6.00
4875,14814,18947,2025-05-02,2025-10-02,4900.00,Fully Paid,8.40
4876,14816,31448,2025-01-13,2025-05-13,14000.00,Fully Paid,8.40
4879,14823,44020,2024-02-21,2024-06-21,4000.00,Fully Paid,10.80
4881,14844,56414,2024-07-03,2024-08-03,10000.00,Fully Paid,6.00
4882,14854,21086,2024-02-19,2024-11-19,25200.00,Fully Paid,6.00
4883,14865,13541,2026-03-28,2026-11-28,20000.00,Active,6.00
4884,14866,44745,2024-06-11,2024-07-11,10000.00,Fully Paid,6.00
4885,14868,21617,2024-10-01,2025-04-01,4500.00,Active,8.40
4886,14873,44933,2025-10-19,2026-02-19,11825.00,Fully Paid,6.00
4888,14879,24321,2025-06-25,2026-02-25,25000.00,Fully Paid,8.40
4889,14880,35625,2024-12-09,2025-06-09,20000.00,Fully Paid,8.40
4890,14881,62375,2026-01-24,2026-03-24,3000.00,Fully Paid,10.80
4891,14887,10958,2025-11-08,2026-03-08,21000.00,Fully Paid,10.80
4892,14888,62400,2026-02-14,2026-11-14,2400.00,Active,8.40
4893,14900,9736,2026-03-20,2026-11-20,3800.00,Active,14.40
4895,14903,18580,2026-03-08,2026-09-08,10000.00,Active,8.40
4896,14906,15498,2026-02-03,2026-08-03,7200.00,Active,14.40
4897,14916,32729,2026-03-25,2026-08-25,16000.00,Active,14.40
4898,14917,19824,2024-09-21,2024-11-21,7500.00,Fully Paid,14.40
4899,14919,6531,2024-04-02,2024-05-02,9325.00,Fully Paid,8.40
4900,14923,10110,2025-06-19,2025-07-19,8150.00,Fully Paid,10.80
4901,14925,4193,2025-11-05,2025-12-05,12000.00,Fully Paid,10.80
4902,14929,57094,2024-08-21,2024-11-21,20000.00,Fully Paid,8.40
4904,14936,1135,2025-04-14,2025-08-14,16000.00,Fully Paid,6.00
4905,14939,46818,2026-01-24,2026-05-24,3000.00,Fully Paid,8.40
4906,14942,11564,2024-07-07,2025-02-07,20000.00,Fully Paid,8.40
4907,14943,65155,2024-11-23,2025-08-23,10000.00,Fully Paid,14.40
4908,14944,65384,2024-07-17,2025-04-17,3600.00,Fully Paid,8.40
4909,14945,46920,2025-08-24,2025-09-24,8400.00,Active,8.40
4911,14948,48291,2024-11-23,2025-05-23,8600.00,Fully Paid,8.40
4912,14951,60972,2024-08-31,2025-04-30,30000.00,Fully Paid,14.40
4915,14968,47769,2024-07-12,2025-02-12,14400.00,Fully Paid,6.00
4916,14971,66152,2024-04-22,2024-12-22,30000.00,Fully Paid,10.80
4917,14975,54672,2024-06-07,2024-09-07,35000.00,Fully Paid,6.00
4918,14978,67841,2024-01-07,2024-09-07,10000.00,Fully Paid,14.40
4919,14981,10963,2024-01-19,2024-04-19,2850.00,Fully Paid,6.00
4920,14991,26597,2024-06-24,2025-01-24,22800.00,Fully Paid,6.00
4923,15003,10509,2025-06-02,2025-08-02,15000.00,Fully Paid,6.00
4924,15004,41763,2024-01-31,2024-04-30,5000.00,Fully Paid,6.00
4925,15009,54505,2025-10-01,2025-12-01,15000.00,Active,14.40
4926,15013,31094,2025-06-22,2025-11-22,4200.00,Fully Paid,8.40
4927,15018,28717,2024-08-09,2025-02-09,15000.00,Fully Paid,8.40
4929,15036,33281,2025-12-19,2026-08-19,12000.00,Active,10.80
4931,15039,63549,2025-07-11,2025-08-11,4000.00,Active,14.40
4933,15043,40957,2025-11-25,2025-12-25,3000.00,Active,6.00
4934,15044,58301,2026-03-03,2026-10-03,25000.00,Active,10.80
4935,15045,63441,2026-03-04,2026-08-04,3000.00,Active,10.80
4936,15049,19209,2025-11-07,2026-01-07,35000.00,Fully Paid,6.00
4937,15053,44197,2024-12-24,2025-01-24,16000.00,Fully Paid,6.00
4938,15055,2119,2025-08-09,2025-12-09,7000.00,Fully Paid,10.80
4939,15058,56123,2024-07-20,2025-02-20,6000.00,Fully Paid,14.40
4940,15060,26277,2025-05-06,2026-01-06,12150.00,Fully Paid,6.00
4941,15061,55327,2024-11-09,2025-04-09,15000.00,Fully Paid,6.00
4942,15063,5497,2024-08-20,2025-03-20,13200.00,Active,6.00
4943,15064,31123,2024-05-09,2024-10-09,5000.00,Fully Paid,6.00
4944,15066,31394,2026-01-31,2026-10-31,21050.00,Active,10.80
4945,15073,33942,2024-05-19,2024-08-19,18000.00,Fully Paid,6.00
4947,15077,39571,2024-11-30,2025-01-30,21000.00,Fully Paid,8.40
4949,15081,24260,2024-06-05,2024-12-05,7000.00,Fully Paid,8.40
4951,15086,22039,2025-04-19,2025-06-19,25000.00,Fully Paid,14.40
4952,15088,24145,2025-12-26,2026-09-26,3450.00,Active,6.00
4953,15089,38359,2024-05-04,2024-10-04,14000.00,Fully Paid,8.40
4954,15091,3840,2025-03-31,2025-07-31,12000.00,Fully Paid,10.80
4955,15095,14390,2024-08-26,2024-12-26,16500.00,Fully Paid,6.00
4957,15101,52236,2024-02-03,2024-07-03,6000.00,Fully Paid,8.40
4958,15103,62612,2025-06-05,2026-01-05,11000.00,Fully Paid,10.80
4959,15105,19157,2024-08-31,2024-10-31,6000.00,Fully Paid,8.40
4962,15110,17643,2024-07-14,2025-01-14,20000.00,Fully Paid,6.00
4964,15115,61264,2024-10-25,2025-02-25,30000.00,Fully Paid,6.00
4965,15116,7073,2026-04-24,2026-06-24,2700.00,Active,8.40
4966,15119,34722,2024-06-19,2024-12-19,10000.00,Fully Paid,8.40
4967,15122,29142,2025-06-09,2026-02-09,8000.00,Fully Paid,8.40
4968,15123,49534,2024-01-27,2024-09-27,11400.00,Fully Paid,8.40
4969,15124,53486,2025-10-02,2025-11-02,10000.00,Fully Paid,8.40
4971,15130,26694,2025-03-19,2025-12-19,21000.00,Fully Paid,8.40
4972,15131,51362,2025-03-23,2025-07-23,4500.00,Active,6.00
4974,15141,20192,2025-09-11,2026-03-11,6575.00,Fully Paid,10.80
4975,15142,20462,2025-08-02,2026-03-02,20000.00,Active,8.40
4976,15147,7059,2025-11-26,2026-07-26,13000.00,Active,8.40
4978,15149,21466,2026-02-12,2026-05-12,1475.00,Fully Paid,8.40
4979,15150,52816,2024-07-28,2024-08-28,12000.00,Fully Paid,6.00
4980,15154,14148,2025-12-18,2026-09-18,5000.00,Active,8.40
4981,15156,33821,2024-11-19,2025-06-19,10000.00,Fully Paid,6.00
4982,15158,32782,2024-04-09,2024-08-09,14400.00,Fully Paid,10.80
4983,15159,51600,2025-01-31,2025-02-28,13800.00,Fully Paid,10.80
4985,15167,1958,2024-02-15,2024-06-15,6000.00,Fully Paid,14.40
4987,15176,10707,2026-04-01,2026-06-01,1400.00,Active,8.40
4989,15184,19420,2025-10-26,2026-04-26,16000.00,Active,10.80
4990,15188,34150,2024-03-29,2024-09-29,19300.00,Fully Paid,10.80
4991,15189,28627,2026-03-25,2026-05-25,10800.00,Fully Paid,6.00
4992,15192,9428,2026-04-16,2026-05-16,20000.00,Fully Paid,10.80
4994,15203,29946,2025-01-02,2025-06-02,6000.00,Fully Paid,6.00
4996,15213,57970,2024-04-21,2024-06-21,20000.00,Fully Paid,6.00
4997,15217,54224,2025-06-06,2025-11-06,2000.00,Fully Paid,8.40
4998,15218,11241,2025-01-02,2025-07-02,10000.00,Fully Paid,10.80
4999,15223,53000,2025-11-07,2025-12-07,5000.00,Fully Paid,8.40
5000,15224,44680,2026-01-19,2026-02-19,10000.00,Fully Paid,6.00
5002,15230,11468,2025-09-20,2026-02-20,6225.00,Fully Paid,8.40
5003,15232,4877,2024-03-18,2024-10-18,10000.00,Active,8.40
5004,15233,66172,2026-03-08,2026-04-08,18000.00,Fully Paid,8.40
5005,15235,48120,2024-09-28,2024-11-28,35000.00,Fully Paid,8.40
5006,15239,51105,2025-08-18,2026-03-18,20000.00,Fully Paid,8.40
5009,15244,2707,2025-07-09,2025-10-09,10000.00,Fully Paid,8.40
5010,15245,6371,2025-07-02,2025-12-02,21000.00,Active,6.00
5011,15247,16511,2025-11-17,2025-12-17,20000.00,Fully Paid,14.40
5014,15254,36734,2026-04-28,2026-09-28,2300.00,Active,10.80
5015,15258,32325,2024-02-12,2024-06-12,7000.00,Fully Paid,8.40
5016,15259,26833,2024-06-06,2025-02-06,7000.00,Fully Paid,6.00
5017,15262,17107,2025-05-29,2025-12-29,7000.00,Fully Paid,10.80
5018,15265,26153,2025-08-26,2026-03-26,3000.00,Fully Paid,14.40
5019,15271,43851,2024-03-06,2024-05-06,21000.00,Fully Paid,6.00
5020,15276,47069,2025-11-01,2026-06-01,13000.00,Active,6.00
5021,15277,7936,2025-07-22,2025-09-22,6000.00,Fully Paid,8.40
5022,15278,46219,2025-03-09,2025-10-09,7000.00,Defaulted,6.00
5023,15279,65354,2025-02-25,2025-07-25,5000.00,Fully Paid,8.40
5024,15281,27589,2025-04-19,2025-11-19,35000.00,Fully Paid,10.80
5025,15299,3903,2024-10-31,2025-06-30,3300.00,Fully Paid,8.40
5026,15303,27581,2026-03-23,2026-07-23,4800.00,Active,10.80
5030,15313,61469,2024-02-28,2024-03-28,10000.00,Fully Paid,6.00
5031,15315,50328,2026-04-02,2026-07-02,7000.00,Active,8.40
5032,15320,4804,2025-03-06,2025-12-06,3000.00,Fully Paid,6.00
5033,15321,38556,2024-12-31,2025-08-31,35000.00,Fully Paid,10.80
5035,15324,43472,2024-04-01,2024-11-01,13000.00,Fully Paid,8.40
5036,15327,26925,2024-01-17,2024-08-17,6000.00,Fully Paid,8.40
5037,15330,964,2025-08-09,2026-03-09,7500.00,Fully Paid,6.00
5038,15337,23386,2024-09-02,2025-04-02,10000.00,Fully Paid,8.40
5040,15341,18900,2025-05-05,2026-02-05,12000.00,Fully Paid,6.00
5041,15342,8328,2024-09-14,2024-12-14,10000.00,Fully Paid,6.00
5043,15352,47647,2026-01-12,2026-10-12,13000.00,Active,6.00
5044,15354,23762,2026-03-19,2026-06-19,15000.00,Active,6.00
5045,15359,59890,2024-03-25,2024-04-25,14400.00,Fully Paid,6.00
5046,15361,55057,2025-04-08,2025-10-08,15300.00,Fully Paid,14.40
5047,15368,3928,2024-01-16,2024-04-16,11650.00,Fully Paid,6.00
5048,15372,44222,2024-04-09,2024-05-09,5600.00,Fully Paid,6.00
5049,15377,38601,2026-02-21,2026-09-21,8000.00,Active,8.40
5050,15382,54494,2024-06-04,2024-07-04,7000.00,Fully Paid,6.00
5053,15387,44559,2024-02-04,2024-04-04,2800.00,Fully Paid,14.40
5054,15388,66815,2026-05-01,2026-12-01,21000.00,Active,8.40
5055,15392,60395,2026-05-05,2026-11-05,5000.00,Active,10.80
5057,15397,41326,2025-08-13,2025-09-13,25000.00,Fully Paid,8.40
5059,15404,63428,2025-07-04,2026-04-04,2000.00,Fully Paid,14.40
5061,15406,21258,2025-06-03,2026-01-03,12000.00,Fully Paid,8.40
5063,15411,49682,2025-01-31,2025-09-30,24000.00,Fully Paid,14.40
5065,15416,13051,2024-07-21,2025-04-21,35000.00,Fully Paid,10.80
5068,15423,7380,2024-10-09,2025-01-09,12600.00,Fully Paid,10.80
5069,15424,3296,2024-12-09,2025-02-09,35000.00,Fully Paid,8.40
5070,15425,67216,2026-03-15,2026-06-15,15000.00,Active,6.00
5071,15426,64995,2024-04-07,2024-05-07,12750.00,Fully Paid,8.40
5072,15430,52605,2024-10-01,2024-11-01,18000.00,Fully Paid,8.40
5073,15433,25406,2024-08-14,2024-11-14,20000.00,Active,6.00
5076,15440,52016,2024-05-15,2024-12-15,8400.00,Fully Paid,8.40
5077,15441,36883,2025-11-10,2026-05-10,12000.00,Fully Paid,8.40
5079,15450,42868,2025-10-18,2025-11-18,28000.00,Fully Paid,8.40
5080,15451,41286,2024-01-29,2024-10-29,12000.00,Fully Paid,10.80
5081,15455,28033,2024-07-17,2025-04-17,7200.00,Fully Paid,10.80
5082,15456,56753,2024-07-19,2025-04-19,18000.00,Fully Paid,6.00
5084,15458,57946,2025-02-16,2025-11-16,7775.00,Fully Paid,6.00
5086,15466,27398,2026-03-25,2026-11-25,5600.00,Active,6.00
5088,15473,25187,2025-08-19,2025-12-19,21000.00,Active,10.80
5090,15484,67545,2024-07-23,2024-10-23,16500.00,Fully Paid,10.80
5091,15485,23675,2024-05-12,2024-10-12,20000.00,Active,10.80
5093,15487,38424,2025-08-20,2025-09-20,8000.00,Fully Paid,6.00
5094,15489,27921,2026-02-22,2026-09-22,6000.00,Active,6.00
5095,15496,9354,2026-03-09,2026-11-09,1400.00,Active,8.40
5097,15505,58314,2024-12-08,2025-08-08,15000.00,Fully Paid,10.80
5098,15506,35504,2025-06-21,2025-08-21,30000.00,Fully Paid,8.40
5099,15507,11678,2026-02-21,2026-05-21,3000.00,Fully Paid,10.80
5101,15511,54413,2024-03-06,2024-07-06,22400.00,Fully Paid,8.40
5103,15514,18465,2024-04-20,2024-05-20,10100.00,Fully Paid,10.80
5105,15516,7952,2025-01-16,2025-04-16,6000.00,Fully Paid,10.80
5107,15519,61402,2025-01-17,2025-07-17,17650.00,Active,6.00
5109,15522,64199,2025-02-02,2025-03-02,8000.00,Fully Paid,8.40
5110,15525,57710,2025-11-03,2025-12-03,13200.00,Active,8.40
5111,15527,40365,2024-02-19,2024-06-19,4000.00,Active,8.40
5112,15534,4144,2025-01-05,2025-08-05,7125.00,Fully Paid,6.00
5114,15539,55984,2024-11-04,2025-01-04,30000.00,Fully Paid,6.00
5115,15540,27900,2025-11-25,2026-07-25,24000.00,Active,6.00
5117,15546,66454,2025-04-28,2025-10-28,14000.00,Active,8.40
5118,15547,21077,2026-04-29,2026-06-29,1375.00,Active,10.80
5119,15548,14456,2024-11-18,2025-08-18,11200.00,Active,8.40
5120,15556,2628,2024-06-03,2024-11-03,13000.00,Fully Paid,8.40
5121,15557,42929,2024-01-13,2024-09-13,35000.00,Fully Paid,10.80
5122,15561,6766,2025-07-23,2026-04-23,8000.00,Fully Paid,6.00
5123,15569,45446,2026-04-08,2026-12-08,1000.00,Active,6.00
5126,15574,19289,2025-02-20,2025-09-20,30000.00,Fully Paid,8.40
5127,15577,21520,2024-07-16,2025-04-16,4000.00,Fully Paid,8.40
5128,15580,3451,2025-07-22,2025-09-22,20000.00,Active,8.40
5129,15581,50778,2024-08-21,2025-01-21,10000.00,Active,6.00
5130,15584,43888,2024-09-14,2025-05-14,15000.00,Fully Paid,8.40
5131,15586,41660,2025-03-14,2025-09-14,24000.00,Fully Paid,14.40
5134,15594,60972,2024-11-14,2025-01-14,28000.00,Active,8.40
5135,15598,10935,2024-11-21,2025-02-21,24000.00,Fully Paid,6.00
5136,15599,9610,2025-03-02,2025-09-02,12600.00,Fully Paid,8.40
5137,15601,12284,2024-01-14,2024-06-14,4200.00,Active,10.80
5139,15604,33371,2025-02-28,2025-10-28,23000.00,Fully Paid,8.40
5140,15605,29599,2026-04-21,2026-11-21,6000.00,Active,6.00
5141,15607,12552,2025-04-10,2025-08-10,26600.00,Fully Paid,8.40
5142,15608,37988,2025-04-30,2026-01-30,7000.00,Active,14.40
5143,15610,42500,2025-05-06,2025-09-06,6075.00,Fully Paid,8.40
5145,15618,63426,2025-06-29,2025-10-29,12000.00,Fully Paid,8.40
5146,15619,66788,2025-11-30,2026-02-28,21000.00,Fully Paid,6.00
5147,15620,64208,2025-06-06,2026-01-06,6000.00,Fully Paid,8.40
5148,15621,19313,2026-04-18,2026-07-18,18000.00,Active,14.40
5149,15623,43854,2025-08-09,2025-11-09,7200.00,Fully Paid,10.80
5154,15638,58856,2025-10-10,2026-03-10,25000.00,Fully Paid,14.40
5155,15639,7474,2025-04-27,2025-10-27,16550.00,Active,6.00
5156,15643,4666,2025-06-18,2025-09-18,1000.00,Fully Paid,14.40
5157,15644,42574,2026-03-31,2026-07-31,18500.00,Active,10.80
5158,15647,36176,2025-05-26,2025-11-26,16800.00,Fully Paid,6.00
5159,15649,46544,2024-04-12,2024-07-12,10000.00,Active,8.40
5160,15653,18194,2024-04-27,2024-09-27,35000.00,Fully Paid,6.00
5161,15654,36381,2024-11-29,2024-12-29,9600.00,Defaulted,8.40
5162,15655,39596,2025-09-17,2026-01-17,31000.00,Fully Paid,10.80
5164,15662,34600,2025-12-24,2026-03-24,16300.00,Fully Paid,10.80
5165,15665,62121,2026-05-05,2026-08-05,3600.00,Active,6.00
5166,15668,3514,2024-04-15,2024-12-15,16000.00,Fully Paid,8.40
5167,15670,49395,2024-03-06,2024-10-06,14000.00,Fully Paid,6.00
5168,15675,58846,2026-01-08,2026-02-08,6000.00,Fully Paid,6.00
5170,15677,23975,2025-03-15,2025-05-15,10000.00,Active,8.40
5171,15679,8491,2026-03-01,2026-10-01,10000.00,Active,8.40
5172,15681,31475,2025-01-29,2025-07-29,5600.00,Fully Paid,6.00
5173,15684,44384,2026-01-30,2026-04-30,31000.00,Fully Paid,8.40
5175,15692,43742,2024-05-07,2024-09-07,5250.00,Fully Paid,6.00
5176,15694,6964,2024-01-14,2024-03-14,4425.00,Active,8.40
5178,15702,9196,2026-01-30,2026-07-30,11000.00,Active,6.00
5179,15703,61807,2025-02-11,2025-09-11,12000.00,Fully Paid,6.00
5180,15718,37111,2025-09-28,2025-11-28,19500.00,Fully Paid,14.40
5181,15720,40458,2025-10-26,2025-12-26,20000.00,Active,10.80
5182,15721,8162,2024-01-23,2024-08-23,9600.00,Fully Paid,8.40
5183,15731,60141,2024-10-15,2025-05-15,22900.00,Fully Paid,6.00
5184,15732,38903,2025-06-29,2025-08-29,2400.00,Fully Paid,8.40
5185,15736,41330,2024-02-22,2024-07-22,10200.00,Fully Paid,8.40
5189,15744,62891,2024-07-29,2024-09-29,22000.00,Fully Paid,8.40
5190,15746,40947,2025-05-14,2025-09-14,10000.00,Active,6.00
5191,15755,35654,2025-10-14,2026-04-14,12000.00,Active,10.80
5192,15759,10903,2024-08-15,2024-12-15,12000.00,Fully Paid,6.00
5193,15767,44537,2025-12-12,2026-08-12,9500.00,Active,10.80
5194,15770,9294,2024-12-18,2025-04-18,14400.00,Active,8.40
5196,15772,38294,2024-12-15,2025-03-15,19800.00,Defaulted,6.00
5197,15775,23643,2025-07-12,2025-11-12,24000.00,Fully Paid,8.40
5198,15778,14456,2024-09-20,2025-04-20,11900.00,Fully Paid,10.80
5199,15785,22630,2025-11-18,2026-08-18,15000.00,Active,10.80
5200,15794,4916,2024-06-15,2024-08-15,22100.00,Fully Paid,8.40
5201,15803,17835,2025-06-17,2025-11-17,12000.00,Fully Paid,6.00
5202,15804,55605,2025-03-11,2025-09-11,2400.00,Fully Paid,14.40
5203,15808,10473,2024-08-18,2025-02-18,25000.00,Fully Paid,6.00
5204,15814,1928,2025-07-01,2025-09-01,8700.00,Fully Paid,8.40
5207,15820,19211,2025-08-22,2025-11-22,4300.00,Fully Paid,14.40
5208,15821,31221,2024-03-23,2024-12-23,6000.00,Fully Paid,6.00
5212,15828,7796,2025-09-12,2026-02-12,10075.00,Active,8.40
5213,15831,21049,2024-12-04,2025-02-04,4800.00,Fully Paid,10.80
5214,15832,57025,2024-02-10,2024-09-10,25000.00,Fully Paid,10.80
5215,15835,14114,2024-08-14,2024-09-14,10000.00,Defaulted,8.40
5216,15837,51496,2026-01-05,2026-06-05,26025.00,Active,10.80
5217,15839,13623,2024-04-05,2024-09-05,9500.00,Fully Paid,10.80
5218,15840,47692,2024-02-23,2024-07-23,5000.00,Fully Paid,10.80
5221,15846,14071,2026-02-11,2026-11-11,10000.00,Active,14.40
5222,15847,61976,2024-07-11,2024-12-11,8225.00,Fully Paid,10.80
5223,15849,44656,2024-01-11,2024-04-11,16000.00,Active,6.00
5224,15855,47903,2024-11-11,2025-05-11,24200.00,Fully Paid,6.00
5225,15856,50279,2025-09-25,2026-04-25,8000.00,Active,6.00
5226,15858,43796,2025-04-24,2025-05-24,24725.00,Fully Paid,6.00
5227,15860,45208,2025-06-22,2026-02-22,23000.00,Fully Paid,6.00
5228,15876,6137,2024-04-25,2024-09-25,10000.00,Fully Paid,8.40
5229,15878,41431,2024-03-29,2024-05-29,18000.00,Fully Paid,6.00
5230,15881,20800,2025-06-13,2026-02-13,4000.00,Fully Paid,8.40
5231,15886,53667,2026-04-23,2026-11-23,8400.00,Active,6.00
5232,15888,49015,2025-02-03,2025-11-03,26400.00,Fully Paid,6.00
5233,15896,39198,2024-06-05,2024-09-05,2000.00,Fully Paid,6.00
5234,15899,36665,2024-09-26,2024-10-26,6000.00,Fully Paid,10.80
5236,15904,44655,2024-01-04,2024-03-04,26000.00,Fully Paid,8.40
5237,15905,35340,2024-08-12,2025-05-12,24825.00,Defaulted,8.40
5238,15907,14773,2026-05-19,2026-06-19,5000.00,Active,14.40
5239,15910,36755,2026-01-03,2026-10-03,18700.00,Active,8.40
5240,15911,49128,2025-12-08,2026-08-08,35000.00,Active,14.40
5242,15914,25230,2026-01-21,2026-06-21,15000.00,Active,6.00
5243,15918,4668,2025-10-05,2026-03-05,20000.00,Fully Paid,10.80
5246,15926,1120,2024-06-19,2024-12-19,15000.00,Fully Paid,6.00
5248,15929,33307,2026-01-07,2026-10-07,3000.00,Active,6.00
5250,15931,56317,2024-10-16,2025-03-16,14000.00,Active,8.40
5251,15932,23433,2024-09-21,2025-01-21,28000.00,Fully Paid,6.00
5252,15937,52526,2025-04-02,2026-01-02,7000.00,Fully Paid,6.00
5253,15940,26809,2024-10-11,2024-11-11,6000.00,Fully Paid,8.40
5254,15946,26281,2024-01-13,2024-04-13,2400.00,Fully Paid,10.80
5255,15950,8531,2024-08-24,2025-03-24,6400.00,Fully Paid,8.40
5256,15957,61504,2025-10-06,2026-01-06,21600.00,Fully Paid,10.80
5257,15960,15704,2024-05-25,2025-01-25,25000.00,Fully Paid,6.00
5258,15961,43466,2026-01-15,2026-10-15,8000.00,Active,6.00
5259,15962,48856,2025-12-29,2026-05-29,10000.00,Active,6.00
5260,15972,5769,2025-07-12,2026-03-12,23000.00,Defaulted,8.40
5261,15974,23697,2024-10-10,2025-05-10,15000.00,Fully Paid,8.40
5263,15983,55847,2026-03-05,2026-11-05,10000.00,Active,14.40
5264,15990,3795,2024-09-03,2025-02-03,21000.00,Fully Paid,6.00
5265,15993,8329,2024-11-30,2025-01-30,1075.00,Fully Paid,8.40
5267,15997,43909,2025-09-11,2025-11-11,3275.00,Fully Paid,6.00
5268,15998,58265,2025-02-23,2025-11-23,5000.00,Active,6.00
5269,16003,30896,2024-10-09,2025-03-09,23450.00,Fully Paid,8.40
5270,16008,34308,2025-11-13,2026-07-13,4000.00,Active,10.80
5272,16011,24339,2025-12-14,2026-06-14,22675.00,Active,8.40
5273,16013,36313,2026-01-25,2026-06-25,15000.00,Active,6.00
5274,16014,10743,2025-05-20,2026-02-20,13000.00,Defaulted,8.40
5276,16017,11160,2025-06-06,2026-02-06,10500.00,Fully Paid,10.80
5277,16018,49992,2024-05-07,2024-12-07,11200.00,Fully Paid,6.00
5278,16019,48367,2024-06-29,2025-01-29,27375.00,Fully Paid,14.40
5279,16020,56401,2025-07-30,2026-03-30,6000.00,Fully Paid,14.40
5280,16021,29250,2024-05-28,2024-08-28,10000.00,Active,6.00
5281,16024,55966,2025-01-06,2025-04-06,7300.00,Fully Paid,10.80
5282,16027,38555,2025-01-13,2025-08-13,12800.00,Fully Paid,6.00
5283,16031,30902,2025-04-04,2025-09-04,10000.00,Fully Paid,14.40
5285,16037,34235,2025-09-30,2026-01-30,19000.00,Active,10.80
5286,16041,58627,2024-06-25,2025-02-25,4200.00,Fully Paid,8.40
5287,16042,17605,2026-02-02,2026-05-02,25000.00,Defaulted,8.40
5289,16051,13510,2026-03-25,2026-08-25,17600.00,Active,6.00
5290,16052,45063,2025-08-02,2025-11-02,26400.00,Fully Paid,8.40
5291,16068,34524,2025-11-18,2025-12-18,24000.00,Fully Paid,10.80
5292,16077,39539,2025-06-01,2026-02-01,20000.00,Fully Paid,6.00
5293,16081,35857,2025-10-21,2025-11-21,9000.00,Fully Paid,8.40
5295,16087,47106,2026-04-09,2026-08-09,15450.00,Active,10.80
5299,16101,41011,2025-11-05,2026-02-05,4900.00,Active,6.00
5301,16113,23457,2025-10-17,2026-06-17,16000.00,Active,10.80
5302,16114,51031,2024-05-16,2024-12-16,9100.00,Active,6.00
5304,16124,22761,2026-02-06,2026-09-06,8425.00,Active,6.00
5305,16125,6327,2024-04-22,2024-12-22,10500.00,Fully Paid,6.00
5307,16127,6066,2026-02-22,2026-09-22,12000.00,Active,6.00
5308,16128,39380,2024-02-13,2024-10-13,9500.00,Fully Paid,10.80
5309,16129,60750,2025-05-02,2025-12-02,12000.00,Fully Paid,6.00
5310,16133,22412,2025-09-02,2026-02-02,25000.00,Fully Paid,10.80
5311,16134,65520,2024-10-26,2024-11-26,24000.00,Fully Paid,14.40
5312,16137,14641,2024-11-22,2025-08-22,7500.00,Fully Paid,6.00
5313,16141,52717,2025-07-27,2025-10-27,20000.00,Defaulted,6.00
5314,16142,67553,2025-11-21,2026-06-21,9000.00,Active,10.80
5317,16147,37945,2025-08-29,2025-12-29,20800.00,Defaulted,8.40
5318,16148,28065,2025-11-06,2026-01-06,24500.00,Fully Paid,6.00
5319,16149,32915,2025-04-12,2025-07-12,12000.00,Fully Paid,10.80
5320,16151,7029,2024-12-20,2025-03-20,10000.00,Fully Paid,10.80
5321,16153,30792,2024-04-03,2024-12-03,5000.00,Fully Paid,6.00
5322,16157,7267,2025-02-04,2025-06-04,8575.00,Fully Paid,6.00
5323,16161,6431,2024-05-04,2024-09-04,5275.00,Fully Paid,6.00
5324,16162,66616,2026-04-12,2026-07-12,15000.00,Active,8.40
5325,16163,6675,2025-09-04,2026-01-04,4000.00,Fully Paid,10.80
5326,16167,34041,2026-01-21,2026-02-21,8000.00,Fully Paid,6.00
5330,16175,35997,2025-12-27,2026-06-27,21700.00,Active,6.00
5333,16185,15524,2024-11-25,2025-05-25,10000.00,Fully Paid,8.40
5334,16186,30329,2025-12-09,2026-07-09,10000.00,Active,10.80
5335,16187,53698,2025-05-04,2025-11-04,10000.00,Fully Paid,6.00
5338,16199,22128,2026-03-28,2026-04-28,23000.00,Fully Paid,10.80
5339,16203,42269,2025-06-08,2025-11-08,18000.00,Fully Paid,6.00
5340,16206,29594,2025-04-03,2025-07-03,9000.00,Fully Paid,8.40
5341,16207,38670,2024-03-22,2024-05-22,6400.00,Fully Paid,6.00
5342,16208,5824,2025-04-08,2025-12-08,17600.00,Fully Paid,6.00
5343,16209,12399,2024-05-09,2024-06-09,15000.00,Fully Paid,8.40
5344,16211,63798,2024-12-22,2025-02-22,1200.00,Fully Paid,6.00
5346,16217,5564,2026-02-12,2026-04-12,25000.00,Active,10.80
5348,16225,31071,2025-06-11,2025-10-11,12075.00,Fully Paid,6.00
5350,16233,4715,2025-08-29,2026-05-29,20700.00,Active,8.40
5351,16244,65989,2025-12-21,2026-08-21,5000.00,Active,14.40
5352,16245,13382,2025-10-24,2026-01-24,10000.00,Fully Paid,6.00
5354,16257,44994,2024-06-22,2025-01-22,4000.00,Fully Paid,14.40
5355,16260,60173,2024-03-29,2024-08-29,5000.00,Fully Paid,8.40
5356,16261,14308,2025-05-07,2025-10-07,9000.00,Fully Paid,6.00
5357,16265,12735,2024-11-08,2025-02-08,12000.00,Active,6.00
5358,16274,55366,2024-07-05,2025-01-05,7650.00,Fully Paid,6.00
5359,16277,29349,2026-03-26,2026-12-26,8000.00,Active,6.00
5361,16282,27837,2025-11-28,2026-02-28,9600.00,Fully Paid,14.40
5362,16286,30955,2024-04-18,2024-10-18,9225.00,Fully Paid,6.00
5363,16288,30642,2025-01-01,2025-09-01,8000.00,Fully Paid,6.00
5366,16292,63743,2026-04-25,2026-09-25,8975.00,Active,8.40
5367,16293,1850,2025-12-13,2026-01-13,25600.00,Fully Paid,8.40
5369,16299,7362,2026-04-24,2027-01-24,9600.00,Active,8.40
5372,16317,65243,2024-08-23,2025-05-23,9000.00,Fully Paid,14.40
5373,16318,2015,2026-04-20,2026-05-20,3975.00,Active,6.00
5374,16320,54013,2024-09-01,2025-05-01,4000.00,Fully Paid,10.80
5375,16321,38221,2025-08-21,2026-02-21,6000.00,Fully Paid,14.40
5376,16322,53034,2024-03-28,2024-08-28,15000.00,Fully Paid,6.00
5377,16328,25230,2025-08-04,2026-01-04,5400.00,Fully Paid,8.40
5378,16329,32479,2024-05-14,2024-07-14,20400.00,Fully Paid,8.40
5381,16337,15356,2024-02-19,2024-09-19,3000.00,Fully Paid,8.40
5382,16338,61495,2025-03-09,2025-05-09,15000.00,Fully Paid,6.00
5383,16339,65565,2025-03-17,2025-07-17,25625.00,Fully Paid,6.00
5384,16342,4777,2025-10-30,2026-07-30,16800.00,Active,6.00
5386,16345,55069,2026-03-08,2026-09-08,18200.00,Active,6.00
5387,16347,11315,2024-08-07,2024-12-07,3025.00,Fully Paid,8.40
5388,16354,36865,2024-05-11,2024-10-11,24700.00,Fully Paid,14.40
5389,16357,43429,2026-04-21,2026-06-21,35000.00,Active,6.00
5391,16365,33091,2025-05-17,2025-12-17,12200.00,Defaulted,10.80
5392,16370,11240,2024-02-24,2024-07-24,7000.00,Fully Paid,8.40
5393,16378,5801,2026-04-26,2026-06-26,28000.00,Active,6.00
5395,16381,64293,2025-09-24,2026-05-24,6000.00,Active,10.80
5397,16385,14623,2025-07-19,2025-10-19,5600.00,Fully Paid,8.40
5398,16388,3514,2024-02-06,2024-10-06,8000.00,Fully Paid,8.40
5399,16390,18744,2024-05-03,2024-08-03,23000.00,Fully Paid,6.00
5402,16398,64596,2025-08-14,2025-11-14,12000.00,Fully Paid,6.00
5403,16401,11471,2024-10-26,2025-02-26,5500.00,Fully Paid,8.40
5404,16402,61246,2025-06-10,2025-07-10,20000.00,Fully Paid,8.40
5405,16403,8785,2026-04-13,2026-11-13,15000.00,Active,8.40
5406,16404,34652,2025-11-17,2026-01-17,20000.00,Fully Paid,10.80
5407,16405,47867,2025-11-02,2026-04-02,35000.00,Fully Paid,6.00
5408,16408,65727,2025-06-11,2025-12-11,23500.00,Fully Paid,8.40
5410,16410,12803,2024-11-04,2025-06-04,25000.00,Fully Paid,14.40
5411,16414,57850,2024-10-19,2025-01-19,20000.00,Fully Paid,10.80
5412,16416,43321,2025-02-12,2025-09-12,22000.00,Fully Paid,6.00
5413,16417,62596,2025-09-28,2025-11-28,22800.00,Active,6.00
5414,16424,21959,2025-08-19,2026-05-19,16000.00,Fully Paid,6.00
5418,16438,65536,2026-03-16,2026-09-16,14000.00,Active,14.40
5419,16443,67547,2024-10-04,2025-03-04,2800.00,Fully Paid,14.40
5420,16445,38138,2025-01-19,2025-04-19,5000.00,Active,10.80
5421,16448,39113,2026-04-02,2026-11-02,25000.00,Active,10.80
5422,16449,67783,2024-09-25,2025-01-25,9500.00,Fully Paid,8.40
5424,16453,23658,2024-03-18,2024-08-18,20000.00,Fully Paid,6.00
5429,16465,14896,2025-02-03,2025-05-03,23100.00,Defaulted,8.40
5430,16469,24444,2025-03-27,2025-12-27,11000.00,Fully Paid,8.40
5431,16473,17420,2025-07-06,2026-04-06,7000.00,Fully Paid,8.40
5432,16477,36850,2024-03-03,2024-12-03,35000.00,Fully Paid,10.80
5434,16484,10215,2026-03-06,2026-11-06,1000.00,Active,6.00
5435,16487,66890,2024-11-30,2025-06-30,10000.00,Fully Paid,6.00
5436,16491,63901,2024-04-17,2024-07-17,10000.00,Fully Paid,6.00
5437,16493,47297,2024-06-24,2024-12-24,10800.00,Fully Paid,14.40
5438,16501,25405,2024-07-26,2024-12-26,9600.00,Fully Paid,6.00
5439,16503,58443,2024-06-07,2024-10-07,9450.00,Fully Paid,10.80
5441,16517,26371,2025-02-15,2025-06-15,8025.00,Fully Paid,10.80
5442,16519,36418,2024-01-26,2024-06-26,14000.00,Fully Paid,8.40
5443,16524,23838,2025-01-07,2025-05-07,10000.00,Fully Paid,6.00
5444,16525,40995,2024-05-30,2025-01-30,35000.00,Fully Paid,8.40
5445,16529,26553,2025-09-06,2026-04-06,18000.00,Fully Paid,6.00
5446,16533,48060,2026-04-10,2027-01-10,6500.00,Active,6.00
5448,16536,37405,2025-05-31,2026-01-31,11200.00,Fully Paid,6.00
5449,16547,39451,2024-12-06,2025-04-06,14400.00,Fully Paid,6.00
5451,16549,10990,2024-08-24,2025-04-24,27650.00,Fully Paid,6.00
5452,16551,34408,2024-06-15,2025-02-15,7000.00,Fully Paid,8.40
5454,16555,62818,2025-10-07,2026-01-07,28000.00,Fully Paid,8.40
5456,16560,55168,2025-07-24,2025-10-24,12000.00,Fully Paid,10.80
5457,16562,11598,2025-07-26,2026-02-26,7200.00,Fully Paid,8.40
5458,16563,44384,2024-03-29,2024-04-29,8000.00,Fully Paid,6.00
5460,16572,21016,2024-07-06,2024-11-06,14400.00,Fully Paid,6.00
5461,16579,11565,2026-02-22,2026-07-22,7000.00,Active,8.40
5462,16581,2606,2026-04-01,2026-09-01,8000.00,Active,6.00
5463,16585,56482,2025-10-12,2026-07-12,15000.00,Active,14.40
5464,16586,67448,2025-07-23,2026-03-23,27650.00,Active,8.40
5465,16587,15529,2025-11-12,2026-03-12,2100.00,Active,6.00
5467,16590,5317,2024-05-03,2024-12-03,23900.00,Fully Paid,6.00
5468,16597,66943,2025-12-31,2026-05-31,20000.00,Active,14.40
5469,16599,33633,2024-10-13,2025-02-13,24000.00,Fully Paid,8.40
5471,16604,35974,2024-01-11,2024-02-11,2500.00,Fully Paid,10.80
5472,16606,56290,2025-04-11,2025-06-11,20000.00,Active,6.00
5473,16610,35157,2026-02-01,2026-11-01,3000.00,Active,8.40
5474,16615,41219,2025-12-30,2026-05-30,15000.00,Active,8.40
5475,16616,42655,2025-11-17,2026-03-17,3500.00,Fully Paid,6.00
5478,16629,50540,2024-06-15,2025-02-15,13800.00,Active,6.00
5480,16631,36659,2024-05-28,2024-10-28,12600.00,Fully Paid,6.00
5481,16638,30209,2025-01-31,2025-07-31,14400.00,Fully Paid,8.40
5483,16641,64323,2025-04-19,2025-12-19,25000.00,Fully Paid,6.00
5487,16649,42997,2025-02-22,2025-03-22,16000.00,Fully Paid,8.40
5488,16651,1468,2024-05-19,2025-01-19,8500.00,Active,8.40
5489,16653,9698,2024-06-17,2024-09-17,20800.00,Active,6.00
5492,16659,39649,2025-08-14,2026-05-14,35000.00,Fully Paid,6.00
5494,16675,58693,2024-01-21,2024-03-21,15000.00,Active,6.00
5495,16678,27443,2024-12-04,2025-01-04,20000.00,Fully Paid,14.40
5496,16679,28218,2025-05-02,2025-09-02,10000.00,Fully Paid,6.00
5497,16683,49633,2025-05-22,2025-09-22,1000.00,Fully Paid,8.40
5498,16686,61053,2025-09-02,2025-11-02,17275.00,Fully Paid,10.80
5499,16689,35072,2024-12-30,2025-06-30,20000.00,Fully Paid,8.40
5500,16691,34864,2024-11-12,2025-02-12,8500.00,Active,6.00
5501,16696,14991,2025-04-11,2025-12-11,7500.00,Fully Paid,8.40
5503,16703,64209,2024-01-02,2024-06-02,4000.00,Fully Paid,6.00
5504,16704,47686,2025-01-23,2025-08-23,28000.00,Fully Paid,6.00
5505,16705,6121,2025-01-10,2025-08-10,1400.00,Fully Paid,8.40
5508,16721,9288,2024-02-01,2024-10-01,5000.00,Active,6.00
5510,16727,28481,2025-12-23,2026-05-23,13600.00,Fully Paid,10.80
5511,16728,58112,2026-04-24,2026-12-24,3200.00,Active,8.40
5512,16735,55695,2024-06-16,2024-09-16,30000.00,Active,8.40
5513,16738,36528,2025-11-23,2026-04-23,8700.00,Fully Paid,8.40
5515,16743,47476,2026-01-06,2026-07-06,20000.00,Active,10.80
5516,16745,11696,2026-05-19,2026-08-19,3500.00,Active,10.80
5517,16747,42022,2024-07-29,2025-01-29,8000.00,Fully Paid,6.00
5518,16748,66604,2025-11-09,2026-06-09,14400.00,Active,8.40
5519,16749,46040,2025-10-04,2026-02-04,8000.00,Fully Paid,8.40
5520,16751,33519,2025-11-25,2026-02-25,3100.00,Fully Paid,6.00
5523,16759,37203,2025-01-21,2025-07-21,16000.00,Active,8.40
5524,16760,47692,2026-05-18,2026-11-18,14400.00,Active,6.00
5527,16763,60916,2024-08-05,2024-11-05,14775.00,Fully Paid,6.00
5528,16769,25932,2024-06-08,2024-11-08,7000.00,Fully Paid,8.40
5529,16772,41883,2025-11-28,2025-12-28,18000.00,Fully Paid,8.40
5530,16773,58086,2025-10-21,2025-12-21,15925.00,Fully Paid,6.00
5533,16785,54642,2025-11-22,2026-05-22,16000.00,Fully Paid,10.80
5534,16786,35474,2024-03-23,2024-09-23,1000.00,Fully Paid,6.00
5535,16791,21911,2025-07-16,2026-04-16,9000.00,Active,14.40
5536,16792,5709,2025-11-14,2026-01-14,17000.00,Fully Paid,14.40
5537,16801,24699,2025-05-09,2025-09-09,9600.00,Fully Paid,8.40
5538,16805,13962,2026-01-07,2026-08-07,15000.00,Active,8.40
5539,16809,6265,2026-05-03,2026-08-03,20000.00,Active,8.40
5540,16810,22744,2024-12-24,2025-02-24,10000.00,Fully Paid,10.80
5541,16813,16297,2026-05-08,2027-02-08,35000.00,Active,10.80
5544,16823,39893,2024-06-27,2024-11-27,14150.00,Defaulted,14.40
5547,16826,6454,2026-04-18,2026-08-18,15000.00,Active,8.40
5548,16829,13968,2024-06-03,2024-07-03,15000.00,Fully Paid,8.40
5551,16836,12181,2024-11-26,2025-01-26,10800.00,Fully Paid,10.80
5552,16839,60057,2024-07-17,2024-08-17,11200.00,Fully Paid,14.40
5553,16841,20457,2025-06-24,2026-03-24,30000.00,Fully Paid,14.40
5554,16842,48034,2026-03-13,2026-07-13,35000.00,Active,14.40
5555,16846,46019,2024-06-06,2024-09-06,15000.00,Fully Paid,10.80
5556,16850,56932,2024-10-14,2025-04-14,6000.00,Fully Paid,10.80
5558,16854,60512,2025-09-07,2025-11-07,14800.00,Fully Paid,8.40
5559,16861,46297,2024-07-06,2024-08-06,30000.00,Fully Paid,6.00
5560,16873,19591,2024-01-24,2024-08-24,20000.00,Fully Paid,8.40
5561,16875,43472,2025-01-03,2025-03-03,5225.00,Fully Paid,8.40
5562,16878,28050,2026-05-04,2026-09-04,24800.00,Active,6.00
5564,16892,52186,2024-07-20,2024-11-20,14000.00,Fully Paid,6.00
5566,16900,7046,2026-02-13,2026-10-13,12500.00,Active,10.80
5568,16908,18645,2025-06-08,2025-08-08,15000.00,Fully Paid,8.40
5569,16910,50390,2025-07-04,2025-08-04,11200.00,Fully Paid,10.80
5570,16915,54296,2025-07-09,2026-01-09,14500.00,Fully Paid,8.40
5571,16917,15397,2025-02-16,2025-09-16,4800.00,Fully Paid,6.00
5572,16925,13990,2024-08-07,2024-11-07,14000.00,Fully Paid,10.80
5573,16926,20964,2026-04-30,2026-05-30,27500.00,Active,14.40
5574,16930,5852,2025-02-17,2025-08-17,18000.00,Fully Paid,8.40
5576,16932,63061,2024-02-14,2024-06-14,18000.00,Active,6.00
5577,16935,52269,2024-02-21,2024-05-21,9600.00,Fully Paid,8.40
5579,16943,31078,2025-01-03,2025-04-03,16000.00,Fully Paid,6.00
5581,16947,38543,2024-12-15,2025-06-15,8000.00,Fully Paid,10.80
5582,16952,65844,2024-12-26,2025-09-26,32000.00,Fully Paid,14.40
5583,16954,3168,2025-05-01,2026-02-01,25000.00,Fully Paid,14.40
5586,16963,36207,2025-03-28,2025-10-28,7000.00,Fully Paid,10.80
5589,16971,58901,2025-03-29,2025-05-29,12600.00,Fully Paid,8.40
5590,16974,38569,2024-02-09,2024-08-09,16000.00,Fully Paid,8.40
5591,16975,63061,2025-12-19,2026-02-19,26600.00,Active,8.40
5592,16979,12860,2025-07-23,2025-11-23,23000.00,Fully Paid,10.80
5594,16981,59605,2024-12-30,2025-01-30,12000.00,Active,6.00
5595,16984,57937,2024-02-05,2024-04-05,15000.00,Fully Paid,14.40
5596,16986,29159,2025-06-09,2026-02-09,15000.00,Fully Paid,10.80
5597,16987,64073,2024-03-19,2024-11-19,15000.00,Fully Paid,14.40
5600,17003,21028,2024-12-28,2025-08-28,6000.00,Fully Paid,8.40
5601,17008,29174,2025-07-27,2025-12-27,24000.00,Fully Paid,8.40
5602,17011,37088,2025-04-17,2025-09-17,12000.00,Active,6.00
5604,17025,26906,2024-09-23,2024-11-23,3600.00,Fully Paid,6.00
5605,17029,4309,2024-07-17,2024-12-17,10000.00,Fully Paid,8.40
5607,17035,38670,2025-05-06,2025-09-06,16000.00,Fully Paid,10.80
5608,17037,66490,2024-07-03,2025-02-03,20000.00,Fully Paid,8.40
5609,17039,63961,2024-11-18,2025-07-18,29350.00,Fully Paid,8.40
5610,17042,28647,2025-08-11,2026-04-11,6000.00,Defaulted,10.80
5611,17044,5628,2025-04-26,2025-12-26,7225.00,Fully Paid,6.00
5612,17046,42703,2025-08-19,2026-02-19,6000.00,Defaulted,8.40
5613,17048,37879,2026-02-18,2026-03-18,1000.00,Fully Paid,10.80
5614,17053,4480,2026-01-20,2026-08-20,24000.00,Active,8.40
5616,17057,67336,2026-03-19,2026-12-19,11000.00,Active,6.00
5617,17059,39140,2024-07-29,2025-03-29,17850.00,Fully Paid,6.00
5618,17060,28499,2025-11-19,2026-01-19,2000.00,Active,14.40
5619,17061,66700,2025-08-22,2025-10-22,35000.00,Active,6.00
5620,17064,3836,2024-10-21,2024-12-21,16000.00,Fully Paid,6.00
5621,17075,30217,2024-10-08,2024-12-08,28000.00,Fully Paid,6.00
5625,17083,32098,2024-10-20,2025-01-20,9500.00,Fully Paid,8.40
5626,17084,61575,2024-02-06,2024-09-06,3500.00,Defaulted,8.40
5628,17095,32040,2024-04-09,2024-06-09,14000.00,Fully Paid,6.00
5629,17097,39884,2024-05-23,2024-10-23,2100.00,Active,6.00
5630,17098,58774,2024-02-21,2024-10-21,12000.00,Fully Paid,6.00
5631,17101,58984,2025-09-20,2026-03-20,9400.00,Fully Paid,8.40
5632,17106,56555,2024-09-24,2024-11-24,9000.00,Fully Paid,14.40
5635,17110,45861,2024-04-10,2024-07-10,7500.00,Active,6.00
5636,17113,15195,2024-10-08,2025-03-08,8200.00,Active,6.00
5637,17114,40143,2026-02-06,2026-08-06,20000.00,Active,8.40
5638,17119,23975,2024-01-04,2024-05-04,16000.00,Defaulted,8.40
5639,17122,41799,2026-03-09,2026-05-09,7500.00,Fully Paid,10.80
5640,17123,11755,2024-12-12,2025-07-12,12000.00,Fully Paid,8.40
5642,17128,53098,2024-12-31,2025-06-30,6000.00,Fully Paid,6.00
5643,17129,34864,2025-12-06,2026-03-06,31200.00,Fully Paid,6.00
5644,17137,17598,2024-09-18,2025-01-18,3225.00,Fully Paid,8.40
5645,17138,1135,2025-09-09,2026-05-09,5000.00,Fully Paid,8.40
5646,17139,43704,2024-01-28,2024-02-28,18500.00,Fully Paid,8.40
5648,17147,19728,2026-04-30,2026-09-30,9600.00,Active,14.40
5649,17151,53713,2025-05-30,2025-07-30,2000.00,Fully Paid,14.40
5650,17155,13492,2025-08-11,2025-10-11,5000.00,Fully Paid,8.40
5651,17161,33133,2025-02-28,2025-11-28,3625.00,Fully Paid,8.40
5653,17171,52779,2024-09-07,2025-05-07,15000.00,Fully Paid,8.40
5655,17176,22136,2025-02-07,2025-11-07,9000.00,Fully Paid,14.40
5657,17180,53493,2025-09-23,2025-12-23,3600.00,Defaulted,10.80
5658,17181,48557,2025-09-24,2025-11-24,10000.00,Fully Paid,10.80
5659,17188,20628,2024-06-20,2024-10-20,12000.00,Fully Paid,8.40
5661,17192,66420,2025-06-24,2025-08-24,10000.00,Fully Paid,6.00
5662,17195,17880,2025-05-30,2026-01-30,8000.00,Active,6.00
5663,17198,56,2026-03-13,2026-05-13,10000.00,Fully Paid,6.00
5664,17199,46610,2026-04-05,2026-09-05,9600.00,Active,6.00
5665,17206,1975,2024-05-19,2024-07-19,10000.00,Fully Paid,6.00
5666,17207,8040,2025-10-02,2026-03-02,6775.00,Fully Paid,10.80
5668,17220,52768,2025-01-28,2025-10-28,12000.00,Fully Paid,14.40
5670,17226,43367,2024-09-24,2024-10-24,8000.00,Active,14.40
5672,17231,4806,2026-03-14,2026-05-14,3250.00,Active,6.00
5674,17238,62808,2026-05-16,2026-10-16,15000.00,Active,8.40
5675,17240,28898,2025-11-20,2026-03-20,2500.00,Active,8.40
5677,17245,35799,2025-10-12,2025-11-12,15000.00,Active,8.40
5678,17246,56728,2025-08-18,2026-03-18,15000.00,Fully Paid,6.00
5679,17248,23433,2024-09-06,2025-02-06,20150.00,Fully Paid,10.80
5681,17256,5463,2026-02-25,2026-06-25,4650.00,Active,10.80
5682,17261,47392,2026-04-22,2026-08-22,9100.00,Active,6.00
5683,17263,58871,2025-04-27,2025-06-27,30000.00,Fully Paid,8.40
5684,17264,57429,2025-10-02,2026-06-02,8500.00,Active,14.40
5685,17266,18692,2025-07-22,2025-09-22,13250.00,Fully Paid,8.40
5686,17274,44638,2024-03-10,2024-04-10,15000.00,Fully Paid,8.40
5688,17282,57448,2025-06-15,2026-03-15,12000.00,Fully Paid,8.40
5691,17289,31060,2024-09-15,2024-12-15,10000.00,Fully Paid,8.40
5695,17302,44864,2024-08-29,2024-09-29,19425.00,Fully Paid,10.80
5698,17306,67364,2024-10-09,2025-07-09,2800.00,Fully Paid,6.00
5701,17325,7964,2025-10-14,2026-04-14,20225.00,Fully Paid,6.00
5702,17329,31318,2025-02-22,2025-08-22,12000.00,Active,6.00
5704,17333,3748,2025-04-15,2025-10-15,12000.00,Fully Paid,8.40
5706,17336,35341,2025-06-23,2026-03-23,13325.00,Fully Paid,10.80
5707,17337,32797,2024-10-26,2025-01-26,4225.00,Fully Paid,10.80
5708,17338,35120,2024-04-11,2024-10-11,9650.00,Fully Paid,8.40
5710,17346,57761,2024-11-07,2025-03-07,6325.00,Active,10.80
5712,17348,51949,2025-03-27,2025-05-27,21000.00,Active,8.40
5713,17350,48319,2025-03-12,2025-12-12,4000.00,Fully Paid,6.00
5715,17354,16439,2024-04-29,2024-05-29,4800.00,Defaulted,6.00
5716,17360,8199,2025-01-07,2025-03-07,20000.00,Fully Paid,8.40
5717,17364,3256,2025-02-25,2025-03-25,24000.00,Fully Paid,6.00
5719,17378,29458,2025-07-03,2025-12-03,1500.00,Fully Paid,8.40
5720,17380,11478,2025-02-10,2025-10-10,7725.00,Fully Paid,6.00
5721,17383,44130,2025-11-08,2026-03-08,9750.00,Fully Paid,6.00
5723,17388,2274,2024-08-31,2024-11-30,24000.00,Fully Paid,6.00
5725,17396,12742,2024-09-29,2025-04-29,7000.00,Fully Paid,10.80
5726,17400,38650,2026-03-29,2026-10-29,16800.00,Active,8.40
5728,17402,60055,2025-04-10,2025-07-10,19000.00,Fully Paid,14.40
5730,17405,11120,2026-01-16,2026-03-16,20000.00,Fully Paid,10.80
5731,17407,25151,2025-10-03,2026-02-03,30000.00,Fully Paid,10.80
5732,17411,19343,2025-05-22,2025-11-22,24000.00,Fully Paid,14.40
5734,17426,13253,2025-07-02,2026-02-02,3500.00,Fully Paid,6.00
5735,17427,18406,2025-03-21,2025-09-21,5750.00,Active,8.40
5736,17428,14162,2025-03-31,2025-10-31,4800.00,Fully Paid,10.80
5737,17430,3916,2024-05-29,2024-12-29,35000.00,Fully Paid,8.40
5738,17436,49395,2026-04-09,2026-08-09,15000.00,Active,8.40
5739,17437,42897,2024-06-01,2025-01-01,24750.00,Active,10.80
5740,17439,158,2024-01-03,2024-10-03,13500.00,Fully Paid,6.00
5743,17449,61966,2024-03-23,2024-08-23,10000.00,Defaulted,14.40
5744,17453,30434,2025-04-04,2025-09-04,24000.00,Fully Paid,8.40
5745,17455,15008,2024-01-03,2024-05-03,34000.00,Fully Paid,8.40
5746,17456,32967,2025-07-23,2025-11-23,12625.00,Active,14.40
5747,17457,8425,2025-05-29,2025-11-29,35000.00,Fully Paid,8.40
5750,17470,9475,2025-10-24,2025-11-24,30425.00,Active,6.00
5751,17472,37984,2025-09-01,2025-11-01,9925.00,Fully Paid,10.80
5752,17477,15890,2024-06-08,2025-03-08,20325.00,Active,14.40
5754,17479,19749,2025-12-22,2026-07-22,25000.00,Active,14.40
5756,17488,1634,2025-04-15,2026-01-15,1000.00,Fully Paid,14.40
5757,17489,63814,2025-12-12,2026-02-12,24000.00,Fully Paid,6.00
5758,17495,10499,2025-08-15,2026-01-15,6000.00,Fully Paid,6.00
5759,17499,3513,2025-01-23,2025-04-23,10100.00,Fully Paid,8.40
5760,17507,1611,2025-03-01,2025-07-01,14650.00,Fully Paid,8.40
5762,17511,4253,2025-07-03,2025-10-03,16800.00,Fully Paid,6.00
5764,17513,58473,2025-06-24,2025-12-24,17500.00,Fully Paid,10.80
5765,17520,10056,2025-07-08,2026-03-08,23000.00,Fully Paid,8.40
5766,17521,35789,2024-03-31,2024-09-30,3000.00,Defaulted,10.80
5767,17523,49475,2024-07-11,2025-02-11,10000.00,Fully Paid,10.80
5768,17526,11181,2026-03-20,2026-04-20,11750.00,Fully Paid,8.40
5769,17527,4324,2024-08-18,2025-04-18,17475.00,Fully Paid,10.80
5771,17533,24265,2024-09-18,2024-12-18,15000.00,Active,8.40
5772,17535,56250,2025-04-23,2025-10-23,10000.00,Fully Paid,8.40
5773,17536,34949,2024-05-19,2025-02-19,10000.00,Active,8.40
5775,17543,178,2024-03-15,2024-08-15,10875.00,Fully Paid,6.00
5776,17544,38748,2024-06-30,2024-12-30,20000.00,Fully Paid,6.00
5777,17545,41060,2025-10-28,2026-07-28,15050.00,Active,6.00
5778,17549,57126,2024-07-11,2024-11-11,25000.00,Fully Paid,6.00
5779,17557,45436,2024-05-15,2024-08-15,10000.00,Fully Paid,8.40
5782,17569,51148,2025-09-13,2026-05-13,6000.00,Active,6.00
5783,17571,7837,2024-07-16,2024-12-16,13600.00,Fully Paid,8.40
5785,17576,22702,2025-12-15,2026-01-15,10000.00,Fully Paid,6.00
5786,17585,67536,2026-01-14,2026-08-14,16000.00,Active,8.40
5787,17593,62809,2024-11-19,2025-08-19,17400.00,Fully Paid,8.40
5788,17598,36369,2026-03-22,2026-11-22,6500.00,Active,14.40
5790,17601,2363,2025-11-22,2026-05-22,8000.00,Fully Paid,8.40
5791,17602,11714,2024-12-22,2025-09-22,9000.00,Fully Paid,8.40
5792,17604,47932,2024-10-02,2024-12-02,25000.00,Fully Paid,6.00
5793,17607,49932,2025-05-14,2026-02-14,9600.00,Active,8.40
5794,17615,16318,2025-10-13,2026-06-13,35000.00,Active,14.40
5795,17618,44001,2025-05-30,2026-01-30,25000.00,Fully Paid,6.00
5796,17623,12283,2024-06-29,2024-10-29,8000.00,Fully Paid,8.40
5798,17630,67856,2025-08-24,2025-09-24,8400.00,Fully Paid,6.00
5799,17632,2379,2025-05-16,2025-11-16,35000.00,Fully Paid,6.00
5800,17635,20615,2024-10-28,2025-06-28,10450.00,Fully Paid,8.40
5804,17649,44409,2024-02-23,2024-03-23,3000.00,Fully Paid,8.40
5805,17652,61580,2024-12-07,2025-03-07,18250.00,Fully Paid,6.00
5806,17654,1708,2025-03-13,2025-09-13,24000.00,Fully Paid,6.00
5808,17658,29450,2024-01-02,2024-08-02,19200.00,Fully Paid,8.40
5809,17661,50969,2024-06-15,2024-11-15,20000.00,Fully Paid,6.00
5810,17663,17829,2024-06-21,2024-12-21,12000.00,Fully Paid,8.40
5812,17667,22117,2025-05-30,2026-01-30,10000.00,Fully Paid,6.00
5813,17672,46327,2025-04-14,2025-05-14,3600.00,Fully Paid,10.80
5814,17673,40958,2024-06-08,2024-11-08,3600.00,Fully Paid,10.80
5815,17676,15290,2025-10-22,2026-06-22,6025.00,Active,8.40
5816,17678,26836,2025-10-08,2026-06-08,8500.00,Active,10.80
5818,17681,39198,2024-01-21,2024-03-21,2800.00,Active,6.00
5819,17682,56005,2024-11-06,2025-02-06,6000.00,Active,8.40
5820,17684,33867,2024-06-23,2025-01-23,13000.00,Fully Paid,14.40
5821,17687,58260,2024-11-12,2025-06-12,2000.00,Fully Paid,8.40
5822,17688,20322,2024-09-17,2024-11-17,12000.00,Active,10.80
5823,17689,59961,2025-06-07,2025-09-07,4900.00,Fully Paid,8.40
5824,17691,22831,2025-07-03,2025-09-03,2300.00,Fully Paid,6.00
5825,17693,40569,2024-09-10,2025-03-10,12350.00,Fully Paid,6.00
5826,17695,28749,2026-02-17,2026-04-17,5000.00,Fully Paid,8.40
5828,17703,37490,2024-12-15,2025-09-15,15500.00,Fully Paid,14.40
5830,17710,740,2025-03-19,2025-06-19,10000.00,Fully Paid,10.80
5831,17711,21200,2025-08-16,2026-03-16,3600.00,Active,6.00
5833,17715,21514,2026-04-17,2026-06-17,32000.00,Active,6.00
5834,17717,14065,2024-05-12,2025-02-12,30000.00,Fully Paid,14.40
5837,17725,67088,2026-02-20,2026-08-20,18000.00,Active,6.00
5839,17733,3469,2025-01-24,2025-02-24,19175.00,Active,6.00
5841,17742,9045,2024-11-09,2025-08-09,9725.00,Fully Paid,8.40
5842,17746,3202,2025-10-28,2025-11-28,12000.00,Active,10.80
5843,17747,58088,2025-03-03,2025-04-03,8000.00,Fully Paid,14.40
5844,17748,28191,2025-07-24,2026-03-24,8100.00,Fully Paid,6.00
5845,17751,12399,2025-07-10,2025-09-10,10000.00,Active,6.00
5847,17755,62162,2026-02-01,2026-10-01,9000.00,Active,10.80
5848,17756,4354,2024-04-01,2025-01-01,8000.00,Fully Paid,14.40
5849,17759,42079,2025-09-20,2026-04-20,9575.00,Fully Paid,8.40
5850,17760,47172,2025-01-14,2025-09-14,6000.00,Fully Paid,8.40
5851,17762,61912,2025-09-23,2025-10-23,20000.00,Fully Paid,10.80
5852,17764,21700,2025-05-05,2026-02-05,10625.00,Fully Paid,6.00
5853,17768,2969,2025-11-05,2026-07-05,8000.00,Active,6.00
5858,17780,63895,2024-01-29,2024-08-29,5000.00,Fully Paid,8.40
5859,17781,17573,2025-07-07,2026-02-07,19800.00,Fully Paid,6.00
5860,17782,26868,2024-05-19,2025-01-19,10000.00,Fully Paid,8.40
5861,17789,56757,2025-12-10,2026-09-10,15000.00,Active,8.40
5862,17790,31316,2024-04-16,2024-07-16,8000.00,Fully Paid,10.80
5863,17794,60112,2026-01-03,2026-03-03,6000.00,Fully Paid,8.40
5864,17795,62902,2025-08-15,2025-12-15,12300.00,Fully Paid,8.40
5865,17796,36153,2025-04-29,2025-10-29,12600.00,Fully Paid,6.00
5866,17797,42423,2025-02-04,2025-11-04,5000.00,Fully Paid,14.40
5867,17799,26823,2025-07-30,2026-04-30,1400.00,Fully Paid,6.00
5868,17800,36906,2025-11-22,2026-03-22,1300.00,Fully Paid,6.00
5869,17801,29844,2025-10-23,2025-12-23,8000.00,Fully Paid,8.40
5871,17808,30394,2024-01-06,2024-03-06,35000.00,Fully Paid,10.80
5872,17811,42940,2026-03-10,2026-06-10,13200.00,Active,8.40
5873,17813,21817,2024-08-12,2024-12-12,15000.00,Fully Paid,8.40
5876,17821,47236,2025-11-30,2026-01-30,28000.00,Fully Paid,8.40
5878,17829,13660,2025-06-29,2026-02-28,15000.00,Fully Paid,14.40
5879,17834,46598,2024-09-30,2025-02-28,22000.00,Active,6.00
5880,17837,4101,2024-09-16,2025-05-16,18000.00,Fully Paid,6.00
5881,17840,14288,2024-11-19,2025-08-19,12000.00,Fully Paid,6.00
5882,17843,6621,2026-02-13,2026-04-13,24650.00,Active,10.80
5883,17847,48206,2024-02-01,2024-04-01,10000.00,Active,10.80
5884,17848,63524,2025-09-13,2025-10-13,10600.00,Fully Paid,6.00
5886,17854,32915,2024-12-31,2025-06-30,1200.00,Fully Paid,14.40
5887,17858,18446,2025-08-25,2025-11-25,5000.00,Fully Paid,14.40
5888,17859,26095,2025-08-14,2026-05-14,12000.00,Defaulted,6.00
5889,17863,16279,2024-02-29,2024-04-29,6000.00,Fully Paid,6.00
5891,17870,40346,2025-04-06,2025-07-06,25000.00,Fully Paid,8.40
5893,17875,8559,2025-01-21,2025-10-21,35000.00,Defaulted,8.40
5894,17876,28866,2025-05-07,2025-07-07,16000.00,Active,6.00
5895,17879,51081,2026-01-15,2026-07-15,8400.00,Active,6.00
5896,17881,32851,2025-10-31,2026-05-31,29825.00,Active,14.40
5897,17882,25905,2026-02-26,2026-08-26,6000.00,Active,6.00
5898,17886,21868,2026-03-07,2026-05-07,1925.00,Active,6.00
5899,17889,2357,2025-08-14,2025-10-14,8000.00,Fully Paid,6.00
5901,17892,61392,2025-05-20,2025-10-20,8000.00,Fully Paid,10.80
5902,17893,7059,2026-01-26,2026-04-26,3000.00,Fully Paid,8.40
5905,17897,43459,2026-03-27,2026-06-27,21000.00,Active,6.00
5906,17906,20289,2024-04-22,2024-11-22,4725.00,Fully Paid,6.00
5910,17924,7423,2024-07-30,2024-12-30,15000.00,Fully Paid,8.40
5911,17925,2700,2025-03-25,2025-05-25,20000.00,Fully Paid,14.40
5912,17932,66027,2025-05-30,2025-08-30,16000.00,Fully Paid,14.40
5915,17940,12173,2026-03-14,2026-12-14,7000.00,Active,8.40
5916,17942,30642,2025-04-04,2025-12-04,11400.00,Fully Paid,10.80
5920,17959,8687,2025-10-02,2025-11-02,6025.00,Fully Paid,8.40
5921,17961,38552,2025-07-25,2026-03-25,16000.00,Fully Paid,8.40
5922,17963,15526,2025-04-29,2026-01-29,10000.00,Fully Paid,10.80
5923,17964,63146,2026-03-20,2026-04-20,24000.00,Fully Paid,10.80
5924,17965,53878,2024-02-16,2024-03-16,3000.00,Fully Paid,8.40
5925,17969,14428,2025-07-19,2025-08-19,10000.00,Fully Paid,8.40
5926,17971,52796,2025-02-25,2025-08-25,10000.00,Fully Paid,6.00
5928,17975,61411,2026-02-05,2026-08-05,6000.00,Active,10.80
5929,17980,38138,2025-03-24,2025-08-24,25100.00,Fully Paid,14.40
5930,17986,1186,2024-12-11,2025-01-11,10000.00,Fully Paid,14.40
5931,17989,22351,2025-10-26,2025-11-26,17000.00,Fully Paid,8.40
5932,17990,19986,2024-06-08,2024-09-08,20000.00,Fully Paid,6.00
5935,18001,57126,2025-09-06,2026-05-06,2000.00,Fully Paid,8.40
5936,18004,60247,2026-04-21,2026-12-21,20000.00,Active,8.40
5937,18005,39074,2026-01-13,2026-04-13,20000.00,Fully Paid,8.40
5938,18009,49549,2025-12-22,2026-09-22,35000.00,Active,10.80
5939,18010,16114,2024-04-21,2024-09-21,10050.00,Fully Paid,6.00
5941,18014,30911,2024-09-03,2025-03-03,3000.00,Fully Paid,6.00
5942,18022,60396,2026-04-01,2026-08-01,10000.00,Active,8.40
5943,18025,34493,2025-06-10,2025-07-10,10075.00,Fully Paid,10.80
5944,18026,45330,2024-12-29,2025-02-28,28000.00,Fully Paid,14.40
5945,18028,57137,2024-06-09,2025-02-09,5000.00,Fully Paid,6.00
5947,18036,37015,2025-10-17,2025-12-17,1000.00,Fully Paid,10.80
5948,18038,27863,2024-05-27,2024-10-27,12000.00,Fully Paid,10.80
5949,18041,30996,2024-09-25,2025-03-25,6000.00,Fully Paid,8.40
5950,18043,50189,2025-01-20,2025-06-20,20000.00,Active,14.40
5951,18044,23512,2024-11-03,2025-05-03,15000.00,Fully Paid,8.40
5953,18051,53521,2024-10-28,2025-01-28,15000.00,Fully Paid,10.80
5954,18053,48389,2025-04-30,2025-07-30,10000.00,Fully Paid,6.00
5956,18057,54105,2025-08-03,2025-09-03,6400.00,Fully Paid,14.40
5957,18058,65243,2024-03-31,2024-11-30,20400.00,Fully Paid,6.00
5962,18070,60244,2025-05-15,2025-06-15,7100.00,Fully Paid,8.40
5963,18071,46971,2026-03-16,2026-12-16,6550.00,Active,8.40
5965,18076,4474,2025-02-01,2025-06-01,9800.00,Fully Paid,6.00
5966,18088,21778,2025-10-15,2026-03-15,5000.00,Fully Paid,6.00
5968,18092,58693,2024-04-13,2024-07-13,8800.00,Fully Paid,14.40
5970,18095,31335,2024-01-09,2024-06-09,1400.00,Fully Paid,8.40
5973,18104,63899,2025-10-29,2026-07-29,10000.00,Active,6.00
5974,18106,2415,2025-10-02,2026-02-02,17775.00,Fully Paid,6.00
5976,18123,17391,2025-12-05,2026-05-05,5000.00,Fully Paid,6.00
5977,18124,18847,2024-08-02,2025-05-02,5000.00,Active,8.40
5978,18130,55796,2026-04-01,2026-11-01,1600.00,Active,6.00
5980,18134,58035,2025-09-23,2026-02-23,6500.00,Fully Paid,8.40
5981,18135,22076,2024-02-03,2024-09-03,28000.00,Fully Paid,6.00
5983,18142,54672,2025-01-19,2025-10-19,12000.00,Defaulted,8.40
5985,18145,32684,2024-11-07,2024-12-07,30000.00,Fully Paid,8.40
5987,18152,41755,2024-05-12,2025-02-12,2500.00,Fully Paid,6.00
5989,18157,10664,2025-07-29,2026-02-28,22000.00,Fully Paid,10.80
5990,18169,49046,2024-01-02,2024-08-02,22400.00,Defaulted,6.00
5994,18181,17703,2025-02-03,2025-07-03,19650.00,Fully Paid,10.80
5995,18182,50669,2025-09-21,2026-01-21,5000.00,Fully Paid,8.40
5996,18184,22440,2026-01-29,2026-08-29,10000.00,Active,10.80
5997,18185,24585,2024-12-19,2025-01-19,22000.00,Fully Paid,8.40
5998,18186,53851,2025-05-06,2025-06-06,8000.00,Active,10.80
5999,18189,145,2025-05-11,2025-07-11,1500.00,Fully Paid,8.40
6001,18195,34292,2024-06-09,2024-11-09,30000.00,Fully Paid,14.40
6002,18196,30412,2026-02-04,2026-09-04,4800.00,Active,8.40
6003,18198,6674,2025-07-02,2025-12-02,5425.00,Fully Paid,14.40
6004,18202,14835,2024-02-07,2024-03-07,6000.00,Fully Paid,10.80
6005,18207,41593,2024-02-09,2024-04-09,1500.00,Defaulted,10.80
6006,18210,35036,2025-11-03,2026-04-03,19200.00,Fully Paid,10.80
6007,18212,7408,2024-09-01,2024-12-01,12000.00,Fully Paid,8.40
6009,18227,58774,2026-04-04,2027-01-04,28000.00,Active,10.80
6014,18243,15695,2024-08-01,2024-12-01,19200.00,Fully Paid,6.00
6015,18245,40992,2024-08-14,2025-05-14,6000.00,Active,8.40
6016,18246,49955,2025-06-13,2026-03-13,14400.00,Fully Paid,6.00
6017,18247,48671,2024-08-13,2024-10-13,27200.00,Fully Paid,6.00
6019,18254,53249,2024-04-02,2024-08-02,6400.00,Fully Paid,6.00
6020,18258,67417,2025-05-22,2025-07-22,8000.00,Fully Paid,6.00
6022,18262,40926,2025-06-06,2026-01-06,11975.00,Active,14.40
6025,18268,2745,2024-04-26,2024-12-26,15000.00,Active,8.40
6026,18270,21086,2024-01-11,2024-07-11,16075.00,Fully Paid,10.80
6028,18275,57640,2024-05-24,2025-02-24,16650.00,Fully Paid,6.00
6029,18276,34308,2025-04-12,2025-10-12,9600.00,Fully Paid,10.80
6030,18279,37882,2025-10-20,2025-11-20,30000.00,Fully Paid,8.40
6032,18284,27895,2024-11-08,2025-03-08,20000.00,Active,10.80
6033,18285,1177,2026-03-10,2026-10-10,1900.00,Active,6.00
6034,18286,45466,2026-03-11,2026-05-11,12000.00,Active,10.80
6035,18290,54101,2024-07-28,2025-04-28,24975.00,Fully Paid,10.80
6039,18299,16338,2026-02-06,2026-09-06,35000.00,Active,6.00
6040,18303,63177,2024-01-16,2024-08-16,14000.00,Fully Paid,6.00
6041,18312,66183,2024-12-18,2025-05-18,10800.00,Fully Paid,8.40
6042,18315,38936,2024-03-19,2024-08-19,28000.00,Fully Paid,6.00
6044,18317,1356,2026-05-05,2026-08-05,2800.00,Active,10.80
6045,18321,62116,2025-11-25,2026-06-25,25000.00,Active,6.00
6046,18322,62962,2025-07-12,2026-03-12,6575.00,Fully Paid,8.40
6047,18323,4482,2026-03-31,2026-05-31,7000.00,Active,6.00
6050,18328,46796,2024-12-16,2025-09-16,20000.00,Fully Paid,8.40
6052,18334,43451,2025-04-01,2025-08-01,19075.00,Active,8.40
6053,18335,32245,2024-03-13,2024-05-13,20000.00,Fully Paid,10.80
6054,18340,44593,2024-08-27,2024-12-27,12000.00,Fully Paid,6.00
6055,18341,20456,2024-08-21,2024-12-21,17000.00,Fully Paid,10.80
6057,18344,49695,2024-10-25,2025-03-25,10000.00,Active,8.40
6058,18358,46802,2025-05-21,2025-08-21,12350.00,Fully Paid,10.80
6060,18361,62827,2024-10-19,2025-03-19,5000.00,Fully Paid,10.80
6061,18366,50064,2025-08-15,2025-11-15,25000.00,Active,8.40
6062,18372,46843,2025-06-25,2025-12-25,12000.00,Fully Paid,10.80
6063,18373,15020,2025-10-03,2026-02-03,10800.00,Fully Paid,8.40
6065,18376,9943,2026-05-10,2026-07-10,6000.00,Active,6.00
6066,18378,293,2024-03-22,2024-10-22,5600.00,Fully Paid,10.80
6069,18383,14421,2025-11-03,2026-05-03,4975.00,Fully Paid,10.80
6070,18390,27558,2024-03-11,2024-09-11,16000.00,Active,14.40
6071,18393,3888,2026-03-19,2026-05-19,5000.00,Fully Paid,8.40
6072,18394,52568,2024-06-18,2025-03-18,16000.00,Fully Paid,8.40
6073,18396,22830,2026-02-09,2026-09-09,15600.00,Active,6.00
6077,18407,24274,2024-07-20,2024-08-20,10000.00,Active,10.80
6078,18410,24820,2024-12-07,2025-09-07,23000.00,Fully Paid,14.40
6079,18411,26697,2024-04-29,2024-09-29,8875.00,Defaulted,6.00
6081,18417,6204,2026-04-25,2026-09-25,22000.00,Active,6.00
6082,18421,41728,2024-06-22,2025-01-22,19200.00,Active,10.80
6084,18425,20677,2025-08-10,2026-02-10,20000.00,Fully Paid,6.00
6085,18427,53225,2024-08-18,2024-11-18,8275.00,Fully Paid,8.40
6087,18436,66157,2025-12-17,2026-04-17,1000.00,Fully Paid,8.40
6088,18437,44559,2024-09-18,2024-10-18,19200.00,Fully Paid,6.00
6089,18439,26762,2025-12-05,2026-09-05,6000.00,Active,6.00
6091,18446,26381,2026-05-10,2027-02-10,10000.00,Active,6.00
6093,18449,18167,2025-12-03,2026-02-03,4000.00,Fully Paid,6.00
6094,18453,4802,2026-04-13,2026-05-13,5000.00,Fully Paid,6.00
6095,18454,21421,2024-04-24,2024-10-24,30000.00,Fully Paid,6.00
6096,18457,65054,2026-04-18,2026-11-18,6000.00,Active,6.00
6098,18462,24339,2024-09-01,2024-10-01,16000.00,Fully Paid,6.00
6099,18463,13712,2024-11-12,2025-06-12,35000.00,Fully Paid,14.40
6100,18480,53973,2024-06-24,2025-03-24,6775.00,Fully Paid,14.40
6101,18483,43002,2025-12-16,2026-09-16,10000.00,Active,6.00
6102,18494,19096,2025-07-24,2026-01-24,12000.00,Fully Paid,6.00
6103,18496,51494,2025-10-06,2025-11-06,23350.00,Fully Paid,8.40
6104,18499,39898,2024-09-10,2025-04-10,6000.00,Fully Paid,6.00
6106,18505,15283,2025-03-23,2025-07-23,18000.00,Fully Paid,6.00
6108,18509,33502,2024-06-16,2025-03-16,11800.00,Fully Paid,8.40
6109,18510,40031,2026-05-04,2026-09-04,15850.00,Active,10.80
6110,18512,24555,2026-02-12,2026-04-12,7000.00,Fully Paid,10.80
6111,18513,13042,2025-08-06,2026-04-06,30000.00,Fully Paid,6.00
6113,18518,45792,2024-08-22,2024-11-22,14650.00,Fully Paid,10.80
6114,18520,1009,2025-09-11,2026-05-11,10400.00,Fully Paid,6.00
6115,18524,53263,2026-05-03,2026-08-03,20000.00,Active,10.80
6118,18530,52156,2026-02-23,2026-08-23,12600.00,Active,10.80
6119,18542,56377,2025-11-16,2026-01-16,12000.00,Fully Paid,10.80
6121,18544,40990,2025-05-01,2025-06-01,6000.00,Fully Paid,8.40
6125,18559,40787,2024-08-24,2025-04-24,3000.00,Active,14.40
6129,18568,20513,2025-10-06,2026-01-06,30000.00,Fully Paid,10.80
6131,18576,64798,2025-11-18,2025-12-18,2525.00,Fully Paid,6.00
6132,18580,58969,2025-07-08,2026-04-08,6000.00,Active,14.40
6135,18590,16377,2024-08-26,2024-09-26,20000.00,Fully Paid,10.80
6137,18593,9731,2026-02-25,2026-09-25,6300.00,Active,8.40
6139,18603,38815,2024-04-18,2024-11-18,5000.00,Active,6.00
6140,18607,60751,2026-04-04,2026-11-04,11300.00,Active,8.40
6141,18616,50910,2026-05-17,2026-06-17,5000.00,Active,8.40
6143,18624,9606,2024-05-23,2025-02-23,14000.00,Fully Paid,10.80
6144,18628,18578,2024-12-26,2025-05-26,19500.00,Active,6.00
6149,18648,28365,2024-02-07,2024-11-07,5600.00,Fully Paid,8.40
6150,18649,12777,2024-06-04,2025-01-04,2400.00,Fully Paid,10.80
6152,18657,8586,2025-06-29,2025-11-29,9000.00,Fully Paid,8.40
6153,18665,38390,2024-01-24,2024-03-24,18200.00,Fully Paid,8.40
6155,18671,46262,2026-04-30,2026-05-30,23000.00,Active,14.40
6156,18672,9020,2024-08-18,2024-11-18,5000.00,Fully Paid,10.80
6157,18676,45163,2026-03-03,2026-12-03,16000.00,Active,8.40
6158,18680,2281,2025-09-10,2026-01-10,19250.00,Fully Paid,8.40
6159,18687,22633,2024-09-26,2025-06-26,20000.00,Fully Paid,10.80
6160,18690,37092,2026-01-15,2026-02-15,6500.00,Active,6.00
6161,18691,384,2026-05-13,2026-09-13,16000.00,Active,14.40
6163,18698,55953,2024-05-24,2024-11-24,10350.00,Active,14.40
6165,18705,24253,2026-04-12,2026-07-12,9400.00,Active,14.40
6166,18707,17035,2025-07-05,2025-09-05,30000.00,Fully Paid,10.80
6167,18709,48480,2026-04-19,2027-01-19,14000.00,Active,10.80
6168,18718,16317,2024-04-22,2024-05-22,4000.00,Fully Paid,14.40
6170,18721,28439,2025-01-02,2025-10-02,9000.00,Active,8.40
6171,18722,41045,2025-05-24,2026-02-24,7000.00,Fully Paid,8.40
6173,18730,21965,2024-01-18,2024-10-18,5000.00,Active,6.00
6174,18735,7826,2024-06-02,2024-12-02,25000.00,Defaulted,10.80
6175,18737,38581,2025-05-18,2025-06-18,27000.00,Fully Paid,8.40
6176,18746,7751,2024-07-04,2025-03-04,18000.00,Fully Paid,14.40
6177,18747,16166,2025-03-31,2025-04-30,8500.00,Fully Paid,8.40
6178,18750,62302,2025-06-27,2025-09-27,7000.00,Active,8.40
6179,18755,10473,2024-10-01,2025-07-01,8800.00,Fully Paid,8.40
6180,18756,15911,2024-12-29,2025-09-29,3000.00,Fully Paid,8.40
6181,18764,41997,2025-03-22,2025-12-22,11000.00,Fully Paid,8.40
6182,18765,27863,2024-10-27,2025-04-27,5000.00,Fully Paid,8.40
6183,18770,67253,2024-09-24,2024-11-24,28000.00,Fully Paid,8.40
6184,18774,2610,2024-05-20,2024-07-20,28000.00,Fully Paid,8.40
6186,18778,19462,2025-12-09,2026-08-09,22675.00,Active,10.80
6188,18780,41896,2024-09-20,2024-11-20,6000.00,Fully Paid,10.80
6190,18786,55465,2024-05-11,2024-10-11,20000.00,Defaulted,8.40
6191,18790,50320,2025-07-25,2026-02-25,11200.00,Fully Paid,10.80
6192,18791,11096,2025-07-09,2025-08-09,30000.00,Defaulted,6.00
6193,18800,15607,2026-05-01,2026-10-01,16800.00,Active,6.00
6194,18806,18186,2025-02-12,2025-09-12,20150.00,Fully Paid,8.40
6196,18810,49361,2024-03-10,2024-07-10,6500.00,Fully Paid,8.40
6197,18811,31188,2024-07-15,2024-08-15,10000.00,Fully Paid,14.40
6199,18813,3191,2024-03-13,2024-08-13,5000.00,Fully Paid,8.40
6200,18814,5838,2025-09-08,2026-06-08,18825.00,Active,6.00
6202,18820,51493,2024-05-01,2024-11-01,15000.00,Fully Paid,6.00
6203,18821,6074,2026-01-13,2026-08-13,15500.00,Active,10.80
6204,18828,63042,2026-02-08,2026-05-08,15400.00,Fully Paid,10.80
6206,18838,47122,2024-11-15,2025-04-15,21000.00,Fully Paid,6.00
6207,18839,67756,2025-03-25,2025-10-25,21000.00,Active,6.00
6210,18845,18132,2024-02-01,2024-04-01,10000.00,Fully Paid,8.40
6211,18846,23622,2024-01-14,2024-09-14,8000.00,Fully Paid,8.40
6212,18848,64850,2026-01-20,2026-05-20,20400.00,Fully Paid,10.80
6213,18849,30029,2024-11-02,2025-07-02,15000.00,Fully Paid,10.80
6214,18853,39844,2025-07-01,2026-02-01,9000.00,Fully Paid,10.80
6215,18855,56363,2024-06-13,2025-02-13,19200.00,Fully Paid,8.40
6216,18856,6325,2025-08-12,2025-09-12,10000.00,Fully Paid,14.40
6217,18860,7170,2024-09-24,2025-06-24,9500.00,Fully Paid,8.40
6218,18861,32991,2024-02-10,2024-03-10,4000.00,Fully Paid,10.80
6219,18863,6844,2024-11-24,2025-07-24,10000.00,Fully Paid,8.40
6220,18867,13712,2024-07-03,2024-10-03,3500.00,Fully Paid,6.00
6222,18871,2357,2024-06-16,2025-02-16,10000.00,Fully Paid,6.00
6223,18872,15326,2025-09-20,2026-03-20,5500.00,Active,10.80
6224,18874,1022,2024-04-27,2024-12-27,25000.00,Fully Paid,10.80
6225,18875,56404,2024-07-14,2025-03-14,28000.00,Fully Paid,8.40
6227,18878,60526,2026-04-21,2026-11-21,12900.00,Active,10.80
6228,18882,20438,2025-06-25,2025-12-25,24000.00,Fully Paid,8.40
6229,18892,31714,2025-06-27,2025-09-27,31075.00,Fully Paid,14.40
6230,18893,60441,2026-01-07,2026-08-07,18000.00,Active,8.40
6232,18898,47542,2024-04-18,2024-05-18,10000.00,Fully Paid,8.40
6233,18899,42708,2025-12-16,2026-09-16,1500.00,Active,8.40
6234,18904,444,2025-11-05,2026-07-05,5600.00,Active,8.40
6235,18909,66678,2025-01-22,2025-04-22,8400.00,Fully Paid,6.00
6236,18910,43467,2024-09-07,2025-03-07,4500.00,Fully Paid,8.40
6238,18915,67928,2025-05-12,2026-01-12,4000.00,Fully Paid,14.40
6239,18923,11473,2024-08-11,2024-09-11,11000.00,Defaulted,8.40
6242,18936,3222,2024-05-07,2024-12-07,9000.00,Defaulted,8.40
6243,18940,9946,2025-01-25,2025-09-25,35000.00,Fully Paid,8.40
6245,18961,4124,2025-05-23,2025-06-23,9000.00,Fully Paid,6.00
6246,18965,35414,2026-04-14,2026-10-14,3000.00,Active,8.40
6247,18970,21067,2024-02-23,2024-08-23,12000.00,Fully Paid,8.40
6248,18973,10215,2024-02-05,2024-05-05,18000.00,Fully Paid,8.40
6249,18975,56150,2024-05-12,2025-02-12,5500.00,Active,8.40
6251,18985,59457,2025-09-15,2026-06-15,24000.00,Active,8.40
6254,19007,63191,2025-10-04,2026-07-04,22500.00,Active,6.00
6255,19011,62992,2025-11-03,2026-03-03,13600.00,Fully Paid,10.80
6256,19016,5470,2025-12-12,2026-04-12,10000.00,Fully Paid,6.00
6257,19019,24854,2024-10-17,2025-05-17,9000.00,Fully Paid,10.80
6258,19020,41535,2025-08-21,2026-04-21,6000.00,Fully Paid,14.40
6259,19030,58173,2026-01-04,2026-08-04,17500.00,Active,6.00
6261,19033,17797,2024-04-24,2024-09-24,17500.00,Defaulted,10.80
6262,19035,21533,2025-05-07,2025-12-07,7000.00,Fully Paid,6.00
6263,19037,34605,2024-01-22,2024-08-22,9000.00,Fully Paid,8.40
6264,19040,67467,2025-08-01,2025-09-01,4000.00,Fully Paid,8.40
6266,19049,20716,2025-12-28,2026-01-28,11200.00,Fully Paid,8.40
6267,19052,19714,2024-11-08,2025-07-08,16000.00,Fully Paid,14.40
6269,19055,53098,2025-07-20,2025-09-20,20000.00,Active,10.80
6270,19057,30792,2024-09-23,2025-01-23,14400.00,Fully Paid,6.00
6273,19069,37211,2024-12-16,2025-07-16,8400.00,Fully Paid,8.40
6274,19073,17172,2024-08-11,2024-11-11,12000.00,Defaulted,6.00
6275,19075,42933,2025-12-26,2026-05-26,28000.00,Active,10.80
6276,19076,16306,2026-02-22,2026-10-22,1050.00,Active,8.40
6278,19082,49432,2024-05-02,2024-08-02,10000.00,Fully Paid,8.40
6279,19083,65162,2024-06-03,2024-07-03,25000.00,Fully Paid,14.40
6280,19084,6028,2024-05-05,2025-01-05,4500.00,Fully Paid,8.40
6282,19087,22117,2026-01-02,2026-04-02,16000.00,Fully Paid,14.40
6283,19088,13286,2025-11-25,2026-06-25,3850.00,Active,8.40
6284,19091,54966,2025-07-15,2025-12-15,24000.00,Fully Paid,8.40
6285,19092,53516,2024-06-23,2025-03-23,9600.00,Fully Paid,6.00
6286,19093,51152,2025-03-14,2025-05-14,6000.00,Fully Paid,8.40
6287,19095,65073,2024-07-31,2024-09-30,25000.00,Fully Paid,10.80
6288,19096,22582,2025-02-27,2025-04-27,8075.00,Fully Paid,8.40
6289,19099,31899,2024-07-01,2025-01-01,18000.00,Active,8.40
6291,19104,37184,2025-04-24,2025-06-24,15000.00,Fully Paid,6.00
6292,19105,25559,2024-05-24,2024-12-24,12000.00,Active,6.00
6295,19113,67268,2025-12-23,2026-03-23,11000.00,Fully Paid,6.00
6296,19115,66939,2025-12-15,2026-05-15,12000.00,Active,10.80
6297,19123,66556,2024-08-02,2024-11-02,7500.00,Fully Paid,10.80
6298,19124,56225,2025-06-06,2025-11-06,35000.00,Fully Paid,6.00
6299,19126,36771,2025-11-15,2026-06-15,10000.00,Active,6.00
6300,19132,41450,2024-07-23,2025-02-23,11000.00,Fully Paid,6.00
6302,19137,8059,2024-05-12,2024-06-12,14000.00,Fully Paid,6.00
6303,19138,51949,2025-03-22,2025-04-22,12000.00,Fully Paid,6.00
6305,19143,51866,2026-04-16,2026-06-16,1000.00,Active,8.40
6306,19145,20937,2024-03-15,2024-10-15,11800.00,Fully Paid,8.40
6307,19146,11466,2024-01-12,2024-07-12,10900.00,Active,6.00
6308,19147,43113,2024-09-21,2024-12-21,14000.00,Fully Paid,6.00
6309,19152,44095,2025-07-29,2026-03-29,24450.00,Fully Paid,6.00
6311,19158,36934,2025-02-20,2025-03-20,16550.00,Fully Paid,8.40
6312,19159,27641,2025-12-10,2026-06-10,18000.00,Active,6.00
6313,19162,53059,2025-04-01,2025-10-01,13000.00,Fully Paid,10.80
6315,19169,63879,2025-05-13,2025-09-13,12000.00,Fully Paid,6.00
6316,19172,16568,2026-02-14,2026-07-14,35000.00,Active,6.00
6318,19176,36634,2025-05-27,2025-10-27,6000.00,Active,10.80
6320,19179,32282,2024-02-08,2024-06-08,4200.00,Fully Paid,6.00
6321,19181,6555,2025-07-31,2025-12-31,8500.00,Active,10.80
6322,19184,50835,2024-01-15,2024-03-15,17600.00,Fully Paid,8.40
6323,19189,19546,2025-05-04,2026-01-04,35000.00,Fully Paid,8.40
6324,19190,10894,2025-04-14,2025-10-14,7000.00,Fully Paid,6.00
6325,19193,61977,2025-10-15,2025-12-15,16000.00,Fully Paid,10.80
6329,19204,67448,2025-08-02,2025-12-02,7000.00,Fully Paid,8.40
6330,19207,26721,2025-10-18,2025-12-18,16000.00,Fully Paid,14.40
6332,19212,50836,2026-02-01,2026-10-01,16825.00,Active,10.80
6333,19213,38368,2024-04-04,2024-08-04,24475.00,Fully Paid,14.40
6334,19214,15844,2024-12-05,2025-02-05,28000.00,Fully Paid,6.00
6335,19215,2577,2026-01-08,2026-05-08,20000.00,Active,6.00
6336,19218,27884,2024-09-20,2024-11-20,10200.00,Fully Paid,10.80
6337,19219,806,2025-12-15,2026-04-15,3500.00,Fully Paid,6.00
6338,19220,36218,2024-03-07,2024-11-07,20375.00,Fully Paid,8.40
6339,19221,40264,2025-06-18,2026-02-18,25000.00,Active,8.40
6341,19228,13336,2025-09-27,2025-10-27,21000.00,Fully Paid,10.80
6346,19244,24710,2025-09-09,2026-03-09,8075.00,Active,6.00
6347,19248,35196,2024-09-10,2025-03-10,6400.00,Fully Paid,8.40
6348,19254,11354,2026-04-13,2027-01-13,20000.00,Active,14.40
6349,19255,65565,2024-06-06,2025-02-06,10000.00,Fully Paid,6.00
6350,19257,52270,2025-10-22,2026-06-22,12000.00,Active,14.40
6352,19265,10343,2024-05-17,2024-06-17,15775.00,Fully Paid,14.40
6354,19270,15898,2024-06-03,2025-03-03,17500.00,Fully Paid,6.00
6357,19282,43323,2024-05-21,2025-02-21,9600.00,Active,6.00
6358,19283,51745,2025-10-01,2026-03-01,16800.00,Fully Paid,14.40
6359,19284,30599,2024-11-12,2025-05-12,11950.00,Fully Paid,6.00
6360,19285,19562,2024-11-19,2025-02-19,4000.00,Active,6.00
6363,19294,43311,2026-05-17,2026-11-17,16000.00,Active,6.00
6365,19299,34338,2025-12-17,2026-05-17,4500.00,Fully Paid,6.00
6366,19303,56278,2026-01-23,2026-03-23,10000.00,Fully Paid,10.80
6367,19306,2097,2024-04-09,2024-11-09,8000.00,Fully Paid,8.40
6369,19314,43039,2024-02-23,2024-06-23,12000.00,Fully Paid,10.80
6370,19316,18133,2024-01-26,2024-09-26,18900.00,Fully Paid,8.40
6372,19323,5691,2025-03-15,2025-05-15,19800.00,Fully Paid,10.80
6375,19328,42461,2025-04-03,2025-06-03,24000.00,Fully Paid,10.80
6376,19329,5374,2026-02-01,2026-08-01,29425.00,Active,6.00
6377,19330,55384,2025-03-14,2025-06-14,26400.00,Fully Paid,6.00
6378,19331,55297,2025-11-10,2026-04-10,2500.00,Fully Paid,10.80
6379,19334,10343,2024-09-29,2025-04-29,10800.00,Fully Paid,6.00
6380,19338,35725,2025-10-24,2026-07-24,12000.00,Active,6.00
6385,19348,36956,2025-04-10,2025-10-10,21000.00,Fully Paid,10.80
6387,19360,38371,2024-07-12,2024-10-12,11900.00,Fully Paid,6.00
6388,19363,44373,2025-09-20,2026-03-20,4200.00,Fully Paid,8.40
6390,19371,14214,2025-05-25,2026-02-25,6150.00,Fully Paid,6.00
6392,19374,168,2026-01-29,2026-04-29,6000.00,Fully Paid,6.00
6393,19375,45804,2024-01-15,2024-04-15,7000.00,Active,8.40
6394,19378,30329,2025-07-03,2026-02-03,25000.00,Fully Paid,6.00
6395,19379,17140,2024-07-27,2025-03-27,16000.00,Fully Paid,14.40
6396,19380,15422,2025-11-14,2026-08-14,5000.00,Active,8.40
6398,19385,48269,2026-02-13,2026-08-13,6000.00,Active,8.40
6399,19388,27837,2025-01-05,2025-02-05,24050.00,Fully Paid,10.80
6400,19394,18752,2024-04-11,2024-09-11,7800.00,Fully Paid,6.00
6401,19395,9165,2025-03-06,2025-10-06,16000.00,Fully Paid,14.40
6403,19400,47867,2024-07-16,2025-01-16,15000.00,Fully Paid,14.40
6405,19409,58376,2025-02-19,2025-08-19,9600.00,Active,10.80
6406,19410,22796,2026-01-25,2026-10-25,7500.00,Active,8.40
6408,19416,30984,2024-05-18,2024-11-18,16000.00,Active,8.40
6411,19425,25677,2026-03-23,2026-09-23,10000.00,Active,6.00
6412,19428,66958,2024-03-12,2024-11-12,2500.00,Fully Paid,10.80
6413,19429,20314,2024-12-24,2025-09-24,13000.00,Active,6.00
6416,19444,15928,2026-02-12,2026-06-12,2800.00,Active,6.00
6418,19450,13494,2024-03-10,2024-09-10,27000.00,Fully Paid,6.00
6419,19457,52890,2024-08-09,2024-12-09,20000.00,Fully Paid,10.80
6420,19459,16883,2024-03-04,2024-11-04,16000.00,Fully Paid,6.00
6421,19463,25148,2024-04-20,2024-09-20,20000.00,Fully Paid,14.40
6423,19467,45582,2024-09-15,2024-10-15,12000.00,Fully Paid,6.00
6425,19475,34728,2025-07-30,2025-11-30,9750.00,Fully Paid,10.80
6426,19477,60147,2024-10-12,2024-11-12,5400.00,Fully Paid,8.40
6428,19483,8536,2026-01-23,2026-09-23,24000.00,Active,14.40
6429,19486,37917,2024-11-29,2024-12-29,7225.00,Fully Paid,6.00
6430,19488,21859,2024-12-07,2025-06-07,4500.00,Active,10.80
6432,19495,42779,2025-11-04,2026-08-04,9600.00,Active,8.40
6433,19498,26199,2025-07-14,2025-08-14,3000.00,Fully Paid,8.40
6435,19506,8328,2025-01-03,2025-06-03,8000.00,Active,10.80
6437,19511,42753,2024-12-18,2025-06-18,6000.00,Defaulted,10.80
6438,19512,60515,2025-04-26,2025-08-26,2225.00,Active,8.40
6440,19515,3972,2025-10-20,2026-02-20,15000.00,Fully Paid,6.00
6441,19518,26658,2024-02-13,2024-06-13,25450.00,Defaulted,14.40
6442,19519,33150,2024-05-16,2024-09-16,7125.00,Fully Paid,10.80
6443,19522,19369,2025-05-24,2025-06-24,12000.00,Fully Paid,8.40
6445,19525,2548,2025-09-30,2026-03-30,24000.00,Fully Paid,10.80
6446,19528,28132,2026-01-14,2026-10-14,5700.00,Active,10.80
6448,19532,8575,2024-01-31,2024-06-30,8000.00,Defaulted,8.40
6449,19536,17206,2026-02-04,2026-05-04,14000.00,Fully Paid,8.40
6450,19537,3851,2025-08-13,2025-09-13,28000.00,Fully Paid,6.00
6452,19547,61333,2025-09-09,2026-03-09,8000.00,Fully Paid,10.80
6453,19549,6932,2025-12-10,2026-06-10,4000.00,Active,6.00
6456,19556,19649,2025-01-19,2025-02-19,9900.00,Fully Paid,14.40
6457,19563,54136,2025-07-12,2026-03-12,20800.00,Fully Paid,10.80
6458,19564,3108,2024-06-03,2025-03-03,13200.00,Fully Paid,14.40
6460,19568,67142,2025-02-06,2025-04-06,12000.00,Fully Paid,10.80
6461,19570,6937,2024-07-17,2024-12-17,10000.00,Fully Paid,6.00
6462,19574,12376,2024-08-15,2024-11-15,30000.00,Active,6.00
6463,19577,67725,2024-09-18,2025-03-18,6000.00,Fully Paid,6.00
6464,19578,30979,2025-03-24,2025-10-24,29750.00,Active,6.00
6465,19582,23106,2025-07-12,2026-03-12,25000.00,Fully Paid,6.00
6466,19584,66525,2025-12-05,2026-09-05,2150.00,Active,6.00
6467,19585,36663,2025-01-19,2025-05-19,20000.00,Fully Paid,10.80
6468,19587,9625,2024-12-17,2025-01-17,5000.00,Fully Paid,14.40
6469,19588,46163,2024-11-05,2025-06-05,10700.00,Active,8.40
6470,19590,29309,2025-03-04,2025-04-04,20950.00,Active,6.00
6471,19595,20770,2025-03-30,2025-11-30,13675.00,Fully Paid,6.00
6474,19600,35479,2024-02-23,2024-04-23,35000.00,Fully Paid,10.80
6475,19601,59061,2025-01-10,2025-02-10,11400.00,Fully Paid,6.00
6476,19605,23061,2025-02-22,2025-03-22,28000.00,Fully Paid,6.00
6477,19606,26583,2025-01-09,2025-06-09,35000.00,Active,6.00
6478,19607,39287,2025-09-06,2025-10-06,23750.00,Fully Paid,6.00
6479,19609,9671,2026-04-20,2026-07-20,3100.00,Active,8.40
6480,19611,51544,2024-08-08,2025-01-08,7500.00,Fully Paid,10.80
6481,19613,23519,2025-09-04,2025-10-04,6000.00,Fully Paid,10.80
6482,19614,53253,2024-08-28,2024-10-28,16800.00,Fully Paid,8.40
6484,19617,42700,2024-02-01,2024-05-01,8000.00,Fully Paid,14.40
6485,19618,13066,2025-06-28,2025-12-28,10975.00,Fully Paid,6.00
6486,19620,1094,2025-08-12,2025-09-12,8000.00,Fully Paid,14.40
6489,19636,50498,2025-02-28,2025-04-28,5600.00,Fully Paid,6.00
6491,19640,15490,2024-07-07,2025-02-07,17000.00,Fully Paid,10.80
6494,19647,21258,2024-08-23,2025-05-23,4800.00,Fully Paid,8.40
6495,19653,7232,2024-02-01,2024-03-01,11875.00,Fully Paid,6.00
6496,19657,64338,2024-10-20,2024-11-20,9175.00,Fully Paid,8.40
6497,19660,36202,2026-01-02,2026-06-02,22000.00,Active,10.80
6498,19661,24313,2025-07-05,2025-12-05,34000.00,Active,10.80
6499,19665,39017,2025-08-25,2026-04-25,11500.00,Fully Paid,10.80
6500,19666,43453,2025-12-26,2026-08-26,15000.00,Active,6.00
6501,19670,67320,2024-01-22,2024-04-22,9000.00,Fully Paid,8.40
6503,19673,49456,2024-03-13,2024-09-13,20000.00,Defaulted,14.40
6504,19675,25444,2025-07-11,2025-10-11,10900.00,Fully Paid,8.40
6507,19680,13901,2024-04-03,2024-05-03,8500.00,Fully Paid,8.40
6508,19688,66016,2025-12-30,2026-09-30,1000.00,Active,6.00
6509,19689,54464,2024-05-11,2024-07-11,8000.00,Fully Paid,6.00
6512,19703,32819,2025-10-27,2026-03-27,7000.00,Active,10.80
6513,19704,13379,2025-07-06,2026-03-06,12000.00,Active,14.40
6514,19706,32887,2026-03-07,2026-10-07,9500.00,Active,6.00
6516,19710,11714,2025-03-10,2025-04-10,15000.00,Fully Paid,8.40
6517,19711,53284,2026-02-19,2026-05-19,16400.00,Fully Paid,6.00
6519,19715,33305,2026-03-12,2026-06-12,3550.00,Active,10.80
6520,19720,51112,2025-05-17,2025-06-17,4500.00,Fully Paid,6.00
6522,19725,11290,2025-10-15,2026-02-15,35000.00,Active,10.80
6523,19727,11637,2024-10-08,2025-06-08,14400.00,Active,8.40
6524,19729,53327,2026-04-06,2026-12-06,17000.00,Active,10.80
6525,19745,58001,2024-03-19,2024-04-19,5900.00,Fully Paid,14.40
6528,19750,47136,2024-12-29,2025-09-29,20000.00,Active,10.80
6529,19759,50807,2024-11-11,2025-01-11,5500.00,Fully Paid,10.80
6530,19763,61317,2025-10-08,2026-03-08,35000.00,Fully Paid,8.40
6531,19764,51225,2025-01-07,2025-09-07,2000.00,Fully Paid,6.00
6532,19768,32299,2024-04-17,2024-11-17,15000.00,Fully Paid,6.00
6533,19771,42799,2026-03-02,2026-05-02,18000.00,Active,6.00
6534,19775,22733,2025-01-14,2025-05-14,9000.00,Active,8.40
6537,19779,44343,2025-06-29,2026-01-29,12000.00,Fully Paid,6.00
6538,19780,23512,2025-10-10,2026-05-10,3000.00,Fully Paid,14.40
6539,19782,57152,2025-09-20,2026-02-20,9650.00,Active,6.00
6540,19788,18801,2025-09-15,2026-03-15,8000.00,Fully Paid,14.40
6542,19796,32643,2025-12-30,2026-08-30,10000.00,Active,8.40
6543,19797,2012,2025-09-29,2026-06-29,35000.00,Active,8.40
6544,19798,19833,2024-03-02,2024-11-02,15000.00,Defaulted,8.40
6546,19807,67616,2025-01-13,2025-03-13,25000.00,Active,14.40
6547,19808,17004,2025-09-11,2026-01-11,35000.00,Fully Paid,14.40
6550,19816,16842,2024-03-27,2024-09-27,12000.00,Fully Paid,10.80
6551,19818,35384,2026-01-03,2026-03-03,9600.00,Fully Paid,14.40
6553,19826,3391,2025-07-22,2026-01-22,20000.00,Fully Paid,8.40
6554,19828,11471,2025-04-15,2025-10-15,5000.00,Fully Paid,6.00
6555,19830,39167,2025-11-21,2026-04-21,3600.00,Fully Paid,6.00
6556,19833,9928,2025-07-04,2025-09-04,8000.00,Defaulted,6.00
6559,19849,64073,2026-03-14,2026-07-14,25025.00,Active,6.00
6560,19852,28132,2025-01-03,2025-03-03,6400.00,Fully Paid,14.40
6561,19854,12742,2025-05-14,2025-11-14,29525.00,Fully Paid,10.80
6562,19857,57111,2024-01-01,2024-10-01,10000.00,Fully Paid,6.00
6563,19858,1834,2025-11-30,2025-12-30,10000.00,Fully Paid,8.40
6564,19861,61663,2025-01-23,2025-02-23,12000.00,Fully Paid,10.80
6565,19862,48157,2025-07-30,2025-09-30,3200.00,Fully Paid,6.00
6566,19865,3994,2024-03-19,2024-11-19,30550.00,Fully Paid,6.00
6567,19875,35356,2024-07-06,2025-02-06,17000.00,Fully Paid,8.40
6568,19876,10990,2025-09-02,2025-11-02,15000.00,Fully Paid,6.00
6569,19882,7549,2024-01-10,2024-05-10,9000.00,Fully Paid,8.40
6570,19889,60928,2024-01-29,2024-04-29,9175.00,Fully Paid,6.00
6571,19899,1189,2025-01-08,2025-06-08,25000.00,Fully Paid,6.00
6574,19906,11,2024-08-31,2025-02-28,10400.00,Fully Paid,6.00
6575,19908,31320,2026-03-13,2026-07-13,20000.00,Active,10.80
6576,19909,20772,2025-11-20,2026-03-20,8675.00,Fully Paid,8.40
6578,19927,5159,2025-10-01,2026-04-01,6975.00,Fully Paid,10.80
6579,19929,18127,2025-10-07,2026-05-07,5000.00,Fully Paid,6.00
6580,19930,48260,2024-10-24,2025-07-24,24000.00,Fully Paid,14.40
6581,19938,63273,2024-10-07,2025-06-07,3200.00,Fully Paid,10.80
6582,19945,23512,2025-12-11,2026-05-11,6000.00,Active,6.00
6583,19947,35251,2024-11-22,2025-07-22,15000.00,Fully Paid,14.40
6585,19952,6434,2024-04-25,2024-07-25,12000.00,Fully Paid,6.00
6587,19956,40996,2024-10-13,2025-04-13,6500.00,Fully Paid,8.40
6588,19957,61030,2024-01-08,2024-03-08,27275.00,Fully Paid,10.80
6592,19967,39948,2024-06-16,2025-02-16,5000.00,Fully Paid,6.00
6593,19968,44830,2024-03-03,2024-07-03,11900.00,Defaulted,6.00
6595,19971,7230,2025-04-22,2025-09-22,10000.00,Fully Paid,14.40
6597,19975,1777,2025-09-21,2025-11-21,14625.00,Fully Paid,8.40
6601,19983,19611,2025-02-18,2025-06-18,4000.00,Fully Paid,10.80
6602,19986,46599,2024-04-29,2024-06-29,16000.00,Fully Paid,14.40
6603,19990,47695,2026-04-27,2026-10-27,13200.00,Active,8.40
6605,19992,29788,2025-07-12,2026-03-12,10000.00,Fully Paid,6.00
6608,20003,21480,2025-01-19,2025-02-19,8000.00,Fully Paid,8.40
6609,20006,48287,2024-10-28,2025-06-28,22000.00,Active,8.40
6610,20007,11602,2024-07-09,2024-09-09,10075.00,Defaulted,8.40
6611,20008,43285,2025-08-16,2026-02-16,18000.00,Fully Paid,6.00
6612,20011,19235,2024-09-22,2025-02-22,8500.00,Fully Paid,8.40
6613,20014,54464,2024-06-27,2024-11-27,5000.00,Fully Paid,8.40
6619,20028,56241,2024-02-19,2024-03-19,8000.00,Fully Paid,14.40
6620,20029,6655,2024-10-20,2025-06-20,15000.00,Fully Paid,6.00
6621,20031,56193,2024-02-09,2024-03-09,2150.00,Active,14.40
6622,20032,65815,2024-10-15,2025-04-15,7500.00,Active,8.40
6623,20033,55134,2025-11-03,2026-02-03,25000.00,Fully Paid,8.40
6624,20034,55385,2026-03-04,2026-04-04,7000.00,Fully Paid,6.00
6626,20041,46415,2025-07-18,2025-12-18,16000.00,Fully Paid,6.00
6629,20046,35150,2024-06-16,2024-08-16,15600.00,Fully Paid,8.40
6633,20063,64225,2025-07-13,2025-09-13,13425.00,Fully Paid,8.40
6634,20067,24699,2025-09-25,2025-12-25,32000.00,Fully Paid,10.80
6636,20072,3422,2024-03-20,2024-08-20,10000.00,Active,10.80
6637,20074,12197,2024-12-02,2025-07-02,35000.00,Fully Paid,6.00
6638,20075,29818,2025-02-27,2025-11-27,18600.00,Fully Paid,10.80
6640,20080,65967,2025-11-11,2026-03-11,4000.00,Fully Paid,10.80
6641,20083,46968,2024-02-08,2024-04-08,7800.00,Fully Paid,8.40
6642,20084,44748,2024-08-16,2024-10-16,5000.00,Fully Paid,6.00
6643,20087,6675,2026-01-16,2026-06-16,15600.00,Active,6.00
6645,20091,7854,2025-12-20,2026-03-20,5600.00,Fully Paid,6.00
6646,20093,59978,2025-10-27,2026-03-27,12000.00,Fully Paid,10.80
6647,20098,51239,2024-02-28,2024-10-28,21000.00,Fully Paid,10.80
6650,20118,50507,2025-02-12,2025-09-12,5500.00,Fully Paid,6.00
6651,20120,1483,2025-02-18,2025-06-18,20000.00,Fully Paid,10.80
6655,20130,56022,2025-07-31,2025-08-31,3925.00,Fully Paid,6.00
6656,20131,26017,2025-04-06,2026-01-06,3000.00,Fully Paid,6.00
6657,20133,30773,2024-02-14,2024-04-14,15000.00,Active,14.40
6658,20135,67669,2025-06-12,2026-02-12,5000.00,Defaulted,8.40
6660,20143,1958,2025-05-07,2025-06-07,6000.00,Fully Paid,8.40
6662,20148,7697,2024-12-10,2025-05-10,5000.00,Active,8.40
6663,20151,41764,2024-12-26,2025-02-26,12000.00,Fully Paid,10.80
6665,20157,65054,2026-02-02,2026-04-02,12000.00,Fully Paid,10.80
6666,20158,19142,2024-10-19,2025-07-19,8000.00,Fully Paid,8.40
6667,20159,53143,2024-02-23,2024-05-23,20000.00,Fully Paid,6.00
6668,20169,45719,2024-09-26,2024-11-26,12000.00,Fully Paid,10.80
6671,20178,39341,2025-01-01,2025-03-01,10700.00,Fully Paid,6.00
6672,20188,31771,2024-11-27,2024-12-27,15000.00,Active,8.40
6675,20192,64544,2025-05-14,2025-08-14,5000.00,Fully Paid,6.00
6676,20194,47355,2024-06-17,2024-07-17,5000.00,Fully Paid,10.80
6677,20197,22457,2025-07-30,2025-09-30,1100.00,Fully Paid,6.00
6679,20202,32224,2024-02-17,2024-09-17,11700.00,Fully Paid,8.40
6680,20203,54916,2025-03-23,2025-12-23,24000.00,Fully Paid,10.80
6681,20208,15693,2025-12-21,2026-01-21,11850.00,Fully Paid,8.40
6682,20216,21937,2024-07-08,2025-02-08,12000.00,Fully Paid,10.80
6683,20219,35834,2024-11-14,2025-05-14,4800.00,Fully Paid,10.80
6684,20220,56559,2025-06-11,2025-10-11,4500.00,Fully Paid,10.80
6685,20221,47747,2026-02-14,2026-09-14,6800.00,Active,6.00
6686,20223,45205,2025-01-23,2025-05-23,12000.00,Fully Paid,8.40
6691,20235,27902,2024-05-08,2024-12-08,20800.00,Fully Paid,8.40
6692,20236,39306,2024-06-30,2025-02-28,16000.00,Fully Paid,8.40
6693,20237,64209,2024-10-13,2024-12-13,10000.00,Fully Paid,10.80
6696,20241,42206,2025-11-08,2026-05-08,8500.00,Fully Paid,10.80
6697,20243,30352,2025-08-28,2025-10-28,17000.00,Fully Paid,6.00
6698,20258,53928,2025-12-20,2026-06-20,2000.00,Active,8.40
6700,20261,26461,2024-02-18,2024-03-18,8000.00,Fully Paid,6.00
6701,20266,58774,2024-02-03,2024-07-03,5000.00,Fully Paid,10.80
6702,20268,62831,2026-02-06,2026-09-06,7000.00,Active,14.40
6704,20273,5453,2024-11-06,2025-04-06,4650.00,Active,14.40
6705,20279,33502,2025-05-29,2025-06-29,7000.00,Fully Paid,6.00
6706,20282,16147,2024-07-06,2024-10-06,4000.00,Fully Paid,14.40
6707,20284,41357,2025-11-13,2026-07-13,9600.00,Active,6.00
6708,20286,47679,2024-08-23,2024-09-23,15000.00,Fully Paid,6.00
6709,20288,25936,2024-06-30,2024-09-30,8000.00,Fully Paid,10.80
6711,20290,22351,2024-11-26,2025-07-26,9000.00,Fully Paid,6.00
6712,20295,38979,2025-08-06,2026-01-06,16000.00,Fully Paid,14.40
6713,20300,29463,2024-07-04,2024-12-04,18000.00,Fully Paid,6.00
6716,20308,65958,2024-08-21,2025-05-21,25600.00,Fully Paid,10.80
6717,20309,57137,2026-05-12,2026-12-12,7000.00,Active,10.80
6720,20314,34119,2024-10-12,2024-11-12,10000.00,Fully Paid,10.80
6722,20317,59850,2024-06-19,2024-11-19,32000.00,Fully Paid,14.40
6724,20323,36412,2024-02-02,2024-03-02,20000.00,Fully Paid,8.40
6725,20325,512,2025-03-09,2025-07-09,15000.00,Fully Paid,6.00
6726,20337,15434,2025-07-11,2026-03-11,12000.00,Fully Paid,8.40
6727,20343,9902,2024-02-02,2024-07-02,15000.00,Active,6.00
6728,20346,20003,2024-12-11,2025-05-11,6000.00,Fully Paid,8.40
6731,20356,58389,2024-08-03,2025-01-03,35000.00,Active,10.80
6732,20358,14740,2025-10-17,2026-07-17,7250.00,Active,6.00
6733,20366,17695,2024-03-16,2024-10-16,25000.00,Fully Paid,10.80
6734,20369,21939,2026-01-24,2026-02-24,24000.00,Fully Paid,6.00
6735,20370,29726,2025-01-26,2025-05-26,21000.00,Fully Paid,8.40
6738,20385,7508,2024-06-18,2024-08-18,17000.00,Fully Paid,6.00
6741,20395,39924,2026-02-01,2026-08-01,10000.00,Active,6.00
6743,20400,22177,2024-03-23,2024-05-23,15000.00,Fully Paid,6.00
6744,20403,43462,2024-02-16,2024-08-16,15000.00,Fully Paid,6.00
6745,20404,18811,2026-01-27,2026-03-27,11000.00,Fully Paid,10.80
6746,20405,25499,2024-12-15,2025-02-15,28000.00,Fully Paid,8.40
6747,20410,11340,2025-01-21,2025-07-21,15275.00,Fully Paid,10.80
6748,20413,51233,2024-01-12,2024-09-12,3000.00,Active,8.40
6750,20418,21294,2024-09-22,2025-04-22,6000.00,Fully Paid,8.40
6751,20421,36883,2024-05-16,2024-12-16,20000.00,Fully Paid,8.40
6752,20422,358,2024-07-28,2024-12-28,26400.00,Fully Paid,10.80
6755,20430,50484,2025-06-16,2025-12-16,14000.00,Fully Paid,6.00
6757,20436,48681,2025-11-14,2026-08-14,10000.00,Active,10.80
6758,20445,2256,2025-11-12,2026-02-12,24000.00,Fully Paid,6.00
6759,20446,67160,2024-06-26,2024-11-26,2500.00,Fully Paid,6.00
6761,20450,26956,2025-07-27,2025-12-27,5450.00,Fully Paid,14.40
6762,20464,24830,2025-11-11,2026-08-11,2000.00,Active,10.80
6765,20469,49853,2025-03-12,2025-11-12,10000.00,Fully Paid,10.80
6766,20474,67077,2024-05-03,2025-01-03,9000.00,Fully Paid,8.40
6767,20480,5452,2025-09-21,2025-10-21,6000.00,Fully Paid,6.00
6769,20485,34835,2024-10-23,2024-12-23,4000.00,Fully Paid,6.00
6770,20486,21619,2024-10-10,2025-06-10,32000.00,Fully Paid,8.40
6771,20489,9070,2025-09-15,2026-06-15,4850.00,Active,10.80
6772,20494,56080,2024-03-27,2024-12-27,9000.00,Active,6.00
6773,20497,20473,2025-08-16,2025-12-16,10000.00,Active,10.80
6774,20502,42243,2024-01-22,2024-05-22,11525.00,Fully Paid,14.40
6775,20503,12197,2024-07-05,2024-10-05,5750.00,Fully Paid,6.00
6776,20504,55970,2025-01-20,2025-03-20,6000.00,Fully Paid,10.80
6777,20507,21905,2025-11-05,2026-05-05,12000.00,Fully Paid,6.00
6778,20511,11466,2025-08-31,2026-02-28,6000.00,Fully Paid,10.80
6779,20515,29142,2026-02-09,2026-09-09,7000.00,Active,10.80
6781,20521,21846,2025-02-26,2025-04-26,15000.00,Active,8.40
6782,20522,40283,2024-05-11,2024-10-11,13000.00,Active,6.00
6783,20523,27786,2024-05-12,2024-11-12,20000.00,Fully Paid,10.80
6784,20528,35251,2025-08-04,2026-03-04,9600.00,Defaulted,8.40
6785,20532,18604,2025-11-07,2026-02-07,3000.00,Fully Paid,6.00
6786,20536,53875,2024-04-30,2024-06-30,5000.00,Fully Paid,6.00
6787,20538,61222,2026-05-13,2027-02-13,24000.00,Active,8.40
6789,20546,38637,2026-02-05,2026-06-05,5000.00,Active,10.80
6792,20558,10707,2025-02-06,2025-11-06,24000.00,Fully Paid,8.40
6794,20561,63352,2024-11-13,2025-04-13,15000.00,Fully Paid,14.40
6795,20563,7952,2026-05-15,2027-02-15,7925.00,Active,10.80
6796,20565,27389,2026-02-16,2026-09-16,12000.00,Active,8.40
6797,20568,43868,2024-04-12,2024-07-12,10000.00,Fully Paid,8.40
6798,20574,31289,2026-04-05,2026-08-05,4725.00,Active,6.00
6799,20576,35092,2025-11-13,2025-12-13,5825.00,Fully Paid,8.40
6800,20579,45841,2025-10-01,2026-02-01,12000.00,Active,10.80
6801,20580,40005,2026-02-03,2026-05-03,15000.00,Fully Paid,14.40
6803,20586,45234,2024-08-30,2025-03-30,1000.00,Fully Paid,8.40
6804,20589,38889,2025-12-25,2026-08-25,9600.00,Active,14.40
6805,20590,1649,2025-06-24,2025-11-24,7000.00,Fully Paid,10.80
6807,20598,19908,2024-02-25,2024-07-25,20100.00,Fully Paid,6.00
6808,20599,25741,2025-01-01,2025-10-01,33000.00,Fully Paid,6.00
6809,20600,51496,2026-04-12,2026-06-12,30000.00,Active,14.40
6810,20601,61246,2026-01-12,2026-06-12,12000.00,Active,6.00
6814,20615,65565,2024-03-27,2024-04-27,15000.00,Fully Paid,14.40
6815,20616,23762,2024-04-13,2024-11-13,8000.00,Fully Paid,6.00
6816,20619,29420,2024-02-03,2024-10-03,12000.00,Fully Paid,6.00
6817,20627,36392,2026-04-29,2026-05-29,2500.00,Active,6.00
6819,20631,14389,2024-11-16,2025-03-16,10000.00,Fully Paid,6.00
6820,20632,11506,2025-09-18,2025-11-18,6000.00,Fully Paid,6.00
6822,20640,22744,2025-09-05,2026-03-05,18300.00,Fully Paid,10.80
6823,20647,7522,2025-04-18,2025-05-18,13000.00,Fully Paid,6.00
6824,20649,53285,2025-11-27,2026-05-27,1750.00,Active,8.40
6825,20654,21067,2024-02-17,2024-07-17,24000.00,Fully Paid,10.80
6826,20656,45306,2024-12-15,2025-06-15,7000.00,Fully Paid,6.00
6827,20657,61624,2025-12-19,2026-09-19,10000.00,Active,6.00
6828,20658,61751,2025-07-04,2025-08-04,28000.00,Fully Paid,14.40
6829,20660,16212,2025-01-31,2025-03-31,7200.00,Fully Paid,10.80
6831,20665,13436,2024-12-27,2025-05-27,21000.00,Fully Paid,6.00
6833,20672,13783,2024-11-28,2024-12-28,20000.00,Fully Paid,10.80
6835,20675,19816,2025-01-13,2025-03-13,15000.00,Fully Paid,6.00
6836,20679,50186,2024-05-03,2024-08-03,2500.00,Fully Paid,10.80
6838,20681,62228,2025-03-15,2025-06-15,3000.00,Fully Paid,10.80
6839,20683,38352,2024-05-15,2024-12-15,16500.00,Fully Paid,6.00
6840,20686,22113,2024-03-04,2024-07-04,23000.00,Fully Paid,6.00
6842,20690,31047,2024-01-04,2024-05-04,4000.00,Fully Paid,8.40
6843,20691,27919,2025-10-26,2026-04-26,35000.00,Fully Paid,10.80
6844,20696,36908,2024-12-22,2025-03-22,6550.00,Active,6.00
6845,20697,24630,2025-07-29,2026-02-28,10700.00,Defaulted,6.00
6846,20698,38566,2024-03-01,2024-11-01,7050.00,Fully Paid,10.80
6847,20701,26833,2025-11-09,2026-03-09,1500.00,Active,10.80
6849,20704,48921,2025-08-14,2025-11-14,28000.00,Active,8.40
6852,20712,61648,2025-06-07,2025-07-07,4225.00,Fully Paid,6.00
6854,20716,11623,2025-06-20,2026-02-20,7500.00,Fully Paid,8.40
6855,20717,8606,2024-06-04,2025-02-04,6000.00,Fully Paid,10.80
6856,20719,6104,2024-01-05,2024-09-05,14400.00,Fully Paid,8.40
6857,20720,62601,2024-09-24,2025-03-24,6000.00,Active,8.40
6858,20727,3969,2024-05-14,2024-07-14,12000.00,Fully Paid,10.80
6859,20728,57068,2026-01-20,2026-02-20,7200.00,Fully Paid,6.00
6861,20733,49488,2025-12-22,2026-09-22,4000.00,Active,8.40
6863,20736,25459,2025-09-13,2025-11-13,11600.00,Fully Paid,8.40
6864,20737,36615,2025-07-18,2026-03-18,15000.00,Active,6.00
6866,20745,2628,2025-08-09,2026-05-09,2000.00,Fully Paid,8.40
6867,20751,47957,2025-06-03,2025-12-03,20050.00,Fully Paid,8.40
6868,20756,48882,2024-09-09,2025-03-09,21000.00,Fully Paid,10.80
6870,20766,40387,2025-06-11,2025-10-11,9700.00,Fully Paid,8.40
6872,20769,60257,2025-01-07,2025-06-07,6000.00,Fully Paid,6.00
6873,20773,54898,2024-01-16,2024-08-16,12000.00,Defaulted,10.80
6874,20777,55525,2026-01-15,2026-07-15,25425.00,Active,6.00
6875,20778,65784,2025-03-13,2025-10-13,6000.00,Fully Paid,8.40
6877,20788,114,2024-12-02,2025-04-02,1600.00,Active,6.00
6880,20793,35879,2024-07-16,2024-09-16,12000.00,Active,8.40
6881,20794,41997,2025-04-25,2025-09-25,20825.00,Fully Paid,10.80
6883,20797,24661,2024-03-30,2024-12-30,20000.00,Fully Paid,10.80
6884,20801,42569,2024-09-30,2025-03-30,35000.00,Fully Paid,6.00
6885,20810,23780,2025-12-31,2026-03-31,9325.00,Fully Paid,8.40
6886,20811,53430,2025-12-11,2026-02-11,12000.00,Fully Paid,6.00
6887,20814,51031,2025-04-01,2025-05-01,3200.00,Active,14.40
6888,20819,25508,2025-05-21,2025-07-21,11200.00,Fully Paid,8.40
6889,20821,22027,2024-09-09,2024-10-09,3000.00,Fully Paid,8.40
6892,20828,51649,2024-06-30,2025-02-28,16000.00,Active,6.00
6894,20835,45940,2025-06-14,2025-07-14,18700.00,Active,14.40
6895,20844,1423,2024-10-01,2025-01-01,7000.00,Active,6.00
6896,20846,58869,2025-02-03,2025-04-03,4800.00,Fully Paid,10.80
6897,20847,59330,2026-03-26,2026-10-26,3600.00,Active,6.00
6898,20848,61439,2024-01-11,2024-03-11,5000.00,Fully Paid,8.40
6900,20858,66447,2024-07-16,2024-10-16,17675.00,Fully Paid,10.80
6901,20864,30209,2025-08-07,2026-01-07,25000.00,Fully Paid,8.40
6902,20865,18645,2024-02-15,2024-09-15,14000.00,Fully Paid,6.00
6904,20877,2372,2025-04-14,2025-07-14,7275.00,Fully Paid,6.00
6906,20883,14668,2024-05-15,2024-12-15,11150.00,Active,8.40
6908,20888,67085,2024-12-03,2025-02-03,12000.00,Defaulted,6.00
6910,20894,6047,2025-07-19,2025-08-19,24000.00,Fully Paid,8.40
6911,20905,62173,2026-01-09,2026-04-09,14000.00,Active,8.40
6913,20910,11028,2024-05-31,2024-12-31,7500.00,Fully Paid,6.00
6915,20913,1470,2024-03-28,2024-10-28,18000.00,Fully Paid,6.00
6916,20915,41135,2025-08-12,2026-04-12,5600.00,Fully Paid,8.40
6919,20924,21203,2025-04-02,2025-09-02,19800.00,Fully Paid,8.40
6921,20931,56022,2025-08-19,2026-05-19,24000.00,Active,10.80
6922,20933,46415,2025-01-06,2025-05-06,27700.00,Active,6.00
6924,20938,20277,2024-12-08,2025-08-08,3600.00,Fully Paid,6.00
6926,20943,34332,2025-09-21,2025-10-21,8800.00,Fully Paid,8.40
6929,20949,65156,2026-01-21,2026-10-21,12000.00,Active,6.00
6930,20951,62173,2024-05-01,2024-12-01,25000.00,Fully Paid,14.40
6931,20955,7636,2025-10-21,2025-12-21,4000.00,Active,8.40
6932,20957,13003,2025-09-25,2025-11-25,12000.00,Fully Paid,8.40
6933,20962,39321,2025-08-21,2026-05-21,12500.00,Fully Paid,8.40
6934,20965,40635,2025-11-01,2026-02-01,15000.00,Active,10.80
6935,20966,65745,2025-05-19,2025-06-19,20000.00,Fully Paid,10.80
6936,20970,10962,2024-03-24,2024-07-24,2000.00,Fully Paid,6.00
6937,20972,34014,2025-04-26,2025-05-26,16000.00,Active,10.80
6939,20975,60688,2024-06-27,2024-12-27,5800.00,Fully Paid,6.00
6940,20977,38609,2024-08-09,2024-11-09,11900.00,Fully Paid,8.40
6941,20978,35474,2026-03-20,2026-12-20,17975.00,Active,8.40
6942,20983,20193,2025-07-01,2025-08-01,17300.00,Active,6.00
6943,20985,29682,2025-03-20,2025-08-20,6025.00,Active,6.00
6944,20988,67182,2025-01-01,2025-10-01,5000.00,Active,8.40
6945,20994,28763,2026-02-15,2026-09-15,13800.00,Active,8.40
6947,20999,62017,2024-01-24,2024-02-24,4200.00,Fully Paid,6.00
6948,21001,26860,2025-04-25,2025-10-25,8000.00,Fully Paid,10.80
6949,21007,40897,2025-12-19,2026-08-19,35000.00,Active,6.00
6950,21008,37087,2025-06-01,2026-02-01,15000.00,Fully Paid,6.00
6951,21010,46859,2026-04-01,2026-05-01,20000.00,Active,10.80
6952,21011,10387,2024-05-08,2024-12-08,2000.00,Fully Paid,14.40
6953,21013,63177,2025-10-17,2026-01-17,22000.00,Fully Paid,6.00
6956,21022,67130,2026-04-12,2026-05-12,10000.00,Fully Paid,6.00
6957,21025,12027,2025-05-01,2025-06-01,18000.00,Fully Paid,8.40
6959,21029,29366,2026-01-10,2026-03-10,17000.00,Fully Paid,8.40
6961,21037,49118,2026-04-07,2026-11-07,6000.00,Active,8.40
6963,21043,13614,2024-06-19,2024-12-19,24000.00,Active,10.80
6964,21048,53031,2026-03-14,2026-11-14,2500.00,Active,10.80
6965,21051,40992,2026-02-06,2026-03-06,10000.00,Active,6.00
6966,21053,3527,2024-08-23,2025-03-23,10000.00,Fully Paid,10.80
6969,21061,52627,2025-02-03,2025-04-03,10000.00,Fully Paid,6.00
6971,21064,14108,2025-12-07,2026-09-07,5000.00,Active,14.40
6972,21066,7888,2024-03-04,2024-09-04,6000.00,Fully Paid,8.40
6973,21071,38884,2025-02-27,2025-09-27,8000.00,Active,6.00
6974,21072,65403,2024-06-06,2025-02-06,10000.00,Fully Paid,6.00
6975,21074,42268,2025-04-10,2025-09-10,14000.00,Fully Paid,6.00
6978,21078,48428,2025-05-19,2025-07-19,10000.00,Fully Paid,6.00
6979,21079,38382,2025-04-16,2025-09-16,12000.00,Fully Paid,8.40
6982,21097,54178,2025-11-22,2026-06-22,21000.00,Active,6.00
6983,21102,41427,2025-09-09,2025-10-09,1500.00,Defaulted,8.40
6986,21107,23908,2025-04-10,2025-11-10,20000.00,Fully Paid,6.00
6987,21110,41864,2025-07-31,2025-08-31,15000.00,Fully Paid,14.40
6988,21115,24571,2024-02-11,2024-06-11,7800.00,Fully Paid,6.00
6989,21116,7646,2025-11-04,2026-06-04,8000.00,Active,6.00
6991,21119,44001,2025-12-21,2026-01-21,11500.00,Fully Paid,14.40
6992,21121,39800,2025-10-31,2026-03-31,35000.00,Fully Paid,8.40
6997,21138,30030,2026-02-01,2026-04-01,4500.00,Active,6.00
6998,21141,38007,2024-08-02,2025-03-02,18000.00,Fully Paid,6.00
6999,21146,8838,2025-08-29,2025-11-29,20000.00,Active,6.00
7000,21147,33964,2024-09-29,2024-10-29,12000.00,Fully Paid,14.40
7001,21151,14373,2024-12-12,2025-06-12,2650.00,Fully Paid,8.40
7002,21155,32510,2024-11-05,2025-03-05,13100.00,Fully Paid,6.00
7003,21158,33757,2024-03-17,2024-11-17,11500.00,Fully Paid,6.00
7004,21159,10168,2024-08-08,2024-10-08,15000.00,Fully Paid,6.00
7005,21160,11845,2026-01-21,2026-08-21,3600.00,Active,6.00
7006,21162,5303,2025-12-06,2026-03-06,3000.00,Active,6.00
7008,21175,10015,2024-09-15,2024-12-15,20000.00,Active,8.40
7009,21177,14118,2024-09-06,2025-06-06,1800.00,Fully Paid,8.40
7010,21181,28072,2025-03-28,2025-12-28,5000.00,Fully Paid,8.40
7011,21183,40125,2026-04-11,2026-06-11,14000.00,Active,6.00
7012,21185,46958,2024-04-12,2024-06-12,5000.00,Defaulted,6.00
7014,21194,34481,2024-02-05,2024-07-05,4000.00,Fully Paid,14.40
7015,21195,16595,2024-08-05,2024-11-05,18000.00,Active,6.00
7016,21198,31280,2025-11-13,2026-08-13,3750.00,Active,6.00
7018,21200,54789,2024-03-20,2024-12-20,9600.00,Active,6.00
7020,21210,8691,2025-11-06,2026-04-06,30000.00,Fully Paid,8.40
7021,21213,10113,2026-01-01,2026-08-01,15000.00,Active,14.40
7022,21214,45112,2024-03-23,2024-10-23,7000.00,Fully Paid,8.40
7023,21216,1511,2025-01-19,2025-09-19,15000.00,Fully Paid,14.40
7024,21217,39561,2024-05-27,2024-09-27,2500.00,Fully Paid,6.00
7028,21225,3896,2024-11-17,2025-03-17,11425.00,Fully Paid,6.00
7030,21229,58085,2025-12-16,2026-03-16,15000.00,Fully Paid,6.00
7031,21232,8019,2025-04-20,2025-06-20,9275.00,Fully Paid,8.40
7032,21234,24833,2024-10-05,2024-11-05,15000.00,Fully Paid,6.00
7033,21235,12880,2024-09-05,2025-02-05,12000.00,Fully Paid,14.40
7034,21236,54985,2025-01-24,2025-06-24,2000.00,Fully Paid,14.40
7035,21237,53956,2025-12-12,2026-06-12,2700.00,Active,8.40
7036,21239,52949,2024-04-02,2024-08-02,20000.00,Fully Paid,8.40
7038,21244,26810,2025-12-07,2026-01-07,12000.00,Fully Paid,10.80
7039,21247,63739,2026-04-09,2026-10-09,12000.00,Active,8.40
7040,21253,59982,2024-07-20,2024-10-20,6500.00,Fully Paid,6.00
7041,21254,10047,2024-06-05,2025-03-05,6400.00,Active,6.00
7043,21257,63608,2026-04-14,2026-07-14,30000.00,Active,6.00
7044,21258,67317,2026-02-11,2026-11-11,8500.00,Active,6.00
7046,21266,9048,2025-01-17,2025-07-17,28000.00,Fully Paid,8.40
7047,21267,60250,2024-01-11,2024-08-11,8600.00,Fully Paid,6.00
7048,21271,7154,2024-01-25,2024-06-25,7500.00,Active,8.40
7050,21276,61402,2025-05-27,2025-12-27,13575.00,Fully Paid,8.40
7051,21277,5109,2025-10-27,2026-06-27,10000.00,Active,8.40
7052,21279,5553,2024-08-16,2024-11-16,17475.00,Defaulted,10.80
7053,21283,46656,2025-06-07,2026-03-07,14950.00,Fully Paid,8.40
7054,21285,21464,2024-11-26,2024-12-26,10000.00,Fully Paid,6.00
7056,21291,6790,2025-06-01,2025-10-01,15000.00,Fully Paid,14.40
7057,21294,51653,2025-09-04,2026-01-04,5450.00,Fully Paid,14.40
7058,21295,66563,2025-08-22,2026-02-22,7200.00,Defaulted,14.40
7059,21296,65958,2024-10-20,2024-11-20,15000.00,Fully Paid,8.40
7061,21304,37658,2025-02-28,2025-05-28,9000.00,Fully Paid,6.00
7062,21305,6145,2025-07-01,2026-01-01,6250.00,Fully Paid,6.00
7063,21306,43868,2024-03-29,2024-04-29,2750.00,Fully Paid,8.40
7064,21308,45022,2024-12-06,2025-03-06,28000.00,Fully Paid,6.00
7066,21311,47456,2024-12-21,2025-07-21,35000.00,Defaulted,8.40
7068,21313,31280,2026-01-30,2026-05-30,15000.00,Active,6.00
7069,21317,64246,2025-05-21,2026-01-21,12000.00,Fully Paid,6.00
7070,21322,56170,2024-01-16,2024-09-16,16000.00,Fully Paid,8.40
7071,21323,53087,2025-02-06,2025-10-06,3500.00,Active,14.40
7072,21333,3202,2024-03-25,2024-08-25,16000.00,Fully Paid,8.40
7074,21341,26463,2025-01-03,2025-09-03,24000.00,Active,6.00
7075,21342,19357,2024-04-03,2024-09-03,10000.00,Fully Paid,6.00
7077,21348,11976,2025-07-02,2025-09-02,24000.00,Defaulted,6.00
7078,21349,65889,2025-10-10,2026-04-10,20000.00,Fully Paid,10.80
7079,21352,67939,2024-05-12,2024-12-12,35000.00,Fully Paid,10.80
7080,21356,6887,2024-08-28,2025-04-28,13550.00,Fully Paid,8.40
7083,21363,48014,2026-02-10,2026-03-10,15600.00,Fully Paid,14.40
7084,21364,38426,2025-05-18,2025-08-18,13500.00,Fully Paid,8.40
7086,21370,46263,2025-01-22,2025-10-22,16000.00,Fully Paid,6.00
7089,21376,17172,2025-10-02,2026-01-02,5000.00,Fully Paid,6.00
7092,21395,27495,2025-05-08,2025-12-08,20000.00,Fully Paid,8.40
7093,21397,27479,2025-04-02,2025-08-02,9000.00,Fully Paid,10.80
7094,21402,15050,2025-03-21,2025-11-21,5000.00,Fully Paid,14.40
7095,21406,48681,2025-11-01,2025-12-01,16800.00,Fully Paid,6.00
7097,21410,14507,2025-09-30,2025-12-30,7000.00,Fully Paid,10.80
7098,21411,29427,2025-09-25,2026-03-25,30000.00,Fully Paid,8.40
7099,21413,53494,2025-04-13,2025-11-13,15000.00,Fully Paid,6.00
7101,21429,28149,2025-05-02,2025-10-02,6025.00,Fully Paid,6.00
7103,21434,37273,2026-01-17,2026-05-17,18350.00,Fully Paid,6.00
7104,21436,4882,2024-09-04,2025-02-04,10000.00,Fully Paid,8.40
7105,21444,3654,2025-03-18,2025-05-18,25000.00,Fully Paid,6.00
7106,21445,47453,2024-10-15,2025-01-15,20000.00,Fully Paid,10.80
7108,21449,54736,2025-11-25,2025-12-25,25600.00,Fully Paid,10.80
7109,21456,36559,2025-04-14,2025-05-14,35000.00,Fully Paid,10.80
7111,21460,24256,2026-04-11,2026-06-11,30000.00,Active,6.00
7114,21466,42962,2024-12-25,2025-09-25,12100.00,Fully Paid,8.40
7115,21468,55703,2025-06-19,2026-02-19,10000.00,Fully Paid,6.00
7116,21469,65185,2025-01-14,2025-10-14,19025.00,Fully Paid,8.40
7119,21477,35251,2025-01-23,2025-09-23,12000.00,Active,6.00
7120,21483,28832,2024-03-14,2024-08-14,22000.00,Fully Paid,8.40
7121,21486,10096,2025-05-05,2025-07-05,12000.00,Fully Paid,6.00
7123,21494,66920,2024-05-17,2024-11-17,2000.00,Fully Paid,14.40
7124,21496,12228,2025-08-20,2025-09-20,35000.00,Fully Paid,6.00
7126,21499,61976,2026-02-12,2026-03-12,13050.00,Active,6.00
7128,21501,61866,2025-07-27,2025-12-27,8000.00,Fully Paid,6.00
7129,21503,7636,2024-06-01,2025-01-01,9950.00,Fully Paid,14.40
7130,21504,21072,2025-12-20,2026-09-20,32000.00,Active,8.40
7131,21507,25973,2025-01-04,2025-05-04,20000.00,Fully Paid,6.00
7132,21508,694,2025-12-05,2026-07-05,33000.00,Active,10.80
7133,21514,11976,2024-06-14,2024-11-14,7000.00,Fully Paid,8.40
7136,21527,29738,2025-05-09,2025-08-09,24000.00,Fully Paid,8.40
7137,21530,47378,2025-09-20,2025-11-20,2500.00,Fully Paid,14.40
7138,21540,55435,2024-09-18,2025-03-18,2300.00,Fully Paid,8.40
7139,21543,62831,2024-02-27,2024-05-27,14000.00,Defaulted,6.00
7143,21559,37389,2026-02-24,2026-10-24,7200.00,Active,14.40
7144,21563,13976,2025-03-19,2025-12-19,8000.00,Fully Paid,8.40
7145,21571,33757,2026-04-19,2027-01-19,8000.00,Active,8.40
7146,21580,43296,2026-04-08,2027-01-08,3000.00,Active,8.40
7148,21597,47922,2025-02-20,2025-07-20,21000.00,Fully Paid,6.00
7149,21600,18589,2024-12-11,2025-01-11,18900.00,Fully Paid,6.00
7152,21605,24159,2024-06-15,2024-10-15,8000.00,Fully Paid,14.40
7153,21609,37875,2024-05-22,2024-07-22,20000.00,Active,6.00
7154,21610,41641,2024-06-03,2025-01-03,23000.00,Active,8.40
7155,21611,15841,2025-01-10,2025-08-10,21000.00,Fully Paid,6.00
7156,21615,56251,2025-01-30,2025-03-30,25600.00,Fully Paid,10.80
7157,21619,20376,2024-10-17,2025-05-17,6000.00,Fully Paid,14.40
7160,21625,16165,2024-09-26,2025-04-26,13325.00,Fully Paid,8.40
7161,21626,16842,2024-09-07,2024-11-07,5500.00,Fully Paid,14.40
7162,21632,18061,2025-11-20,2026-03-20,22000.00,Defaulted,8.40
7164,21640,48428,2024-11-20,2025-08-20,15000.00,Fully Paid,6.00
7166,21648,15825,2025-09-13,2026-06-13,31500.00,Active,6.00
7167,21651,8480,2025-02-15,2025-05-15,3000.00,Defaulted,10.80
7168,21652,36644,2025-07-16,2025-08-16,3000.00,Fully Paid,8.40
7169,21654,67121,2026-04-16,2027-01-16,14000.00,Active,14.40
7170,21656,62163,2024-11-25,2025-06-25,15000.00,Fully Paid,8.40
7171,21664,66057,2025-05-07,2025-10-07,33600.00,Fully Paid,14.40
7174,21671,33062,2025-09-04,2025-10-04,18000.00,Active,6.00
7176,21677,61101,2025-11-04,2026-02-04,15000.00,Fully Paid,14.40
7177,21679,45671,2026-02-24,2026-04-24,20000.00,Fully Paid,8.40
7178,21683,18022,2024-05-28,2025-01-28,5500.00,Fully Paid,8.40
7179,21684,7402,2024-12-03,2025-09-03,4800.00,Active,8.40
7180,21686,15711,2025-01-18,2025-05-18,10000.00,Fully Paid,6.00
7181,21689,6887,2025-05-13,2026-01-13,2000.00,Fully Paid,8.40
7182,21690,20841,2026-05-14,2026-12-14,30000.00,Active,8.40
7183,21691,19211,2024-01-26,2024-02-26,24700.00,Fully Paid,8.40
7185,21695,39669,2025-07-02,2026-02-02,10000.00,Fully Paid,6.00
7186,21705,38670,2026-02-04,2026-08-04,9000.00,Active,10.80
7187,21709,66355,2026-04-24,2026-11-24,18000.00,Active,14.40
7188,21713,223,2024-02-28,2024-05-28,12500.00,Fully Paid,6.00
7189,21714,14089,2024-05-12,2025-01-12,18000.00,Defaulted,8.40
7190,21716,18259,2024-07-29,2024-09-29,10000.00,Fully Paid,8.40
7191,21717,47233,2024-03-13,2024-04-13,4200.00,Fully Paid,8.40
7192,21718,9910,2024-10-20,2025-03-20,20000.00,Active,6.00
7195,21734,10542,2025-02-22,2025-09-22,12000.00,Fully Paid,6.00
7196,21737,13559,2025-10-26,2026-01-26,19800.00,Active,8.40
7197,21738,49592,2025-04-05,2026-01-05,17200.00,Fully Paid,14.40
7198,21741,14456,2025-05-21,2025-06-21,6000.00,Fully Paid,10.80
7200,21763,13726,2025-03-25,2025-10-25,23000.00,Fully Paid,8.40
7201,21767,56788,2025-07-28,2025-11-28,15000.00,Fully Paid,6.00
7202,21768,16175,2025-09-27,2026-02-27,16000.00,Active,6.00
7203,21771,21457,2025-05-14,2025-07-14,15000.00,Defaulted,6.00
7204,21775,24555,2025-10-13,2026-02-13,10000.00,Defaulted,10.80
7206,21784,58193,2024-11-17,2025-04-17,9000.00,Defaulted,10.80
7207,21785,37142,2024-01-02,2024-10-02,5000.00,Fully Paid,6.00
7208,21787,30881,2025-07-22,2025-09-22,17000.00,Fully Paid,10.80
7209,21792,35684,2026-05-19,2026-09-19,24000.00,Active,10.80
7210,21793,5519,2026-03-14,2026-12-14,26400.00,Active,6.00
7211,21806,4522,2026-05-19,2026-09-19,20000.00,Active,10.80
7212,21811,12170,2025-10-21,2025-11-21,9000.00,Fully Paid,10.80
7213,21812,66660,2024-12-13,2025-09-13,2325.00,Active,10.80
7214,21814,46705,2025-08-03,2026-02-03,15000.00,Fully Paid,6.00
7215,21818,10244,2025-07-02,2026-03-02,8000.00,Fully Paid,6.00
7216,21821,384,2024-02-22,2024-09-22,25000.00,Fully Paid,6.00
7218,21823,5634,2025-01-11,2025-07-11,30000.00,Fully Paid,8.40
7219,21824,12663,2025-08-15,2026-05-15,5600.00,Fully Paid,6.00
7220,21825,17883,2025-05-02,2026-01-02,10000.00,Fully Paid,10.80
7221,21831,38356,2024-06-18,2025-03-18,25200.00,Fully Paid,10.80
7222,21832,26461,2024-02-12,2024-11-12,13000.00,Fully Paid,8.40
7224,21840,30000,2025-01-07,2025-08-07,10550.00,Fully Paid,6.00
7225,21841,34890,2026-05-12,2027-02-12,6000.00,Active,6.00
7226,21842,48901,2024-08-03,2024-11-03,29000.00,Fully Paid,6.00
7227,21843,49831,2025-07-23,2025-08-23,10000.00,Fully Paid,8.40
7230,21860,52925,2025-01-22,2025-02-22,4000.00,Fully Paid,8.40
7231,21868,32364,2025-05-31,2025-06-30,6400.00,Fully Paid,6.00
7232,21871,2545,2024-06-10,2024-07-10,12000.00,Fully Paid,8.40
7233,21876,59178,2024-03-11,2024-11-11,16000.00,Fully Paid,6.00
7234,21877,58515,2025-03-22,2025-09-22,3200.00,Defaulted,6.00
7236,21881,54978,2024-07-22,2025-03-22,10000.00,Fully Paid,14.40
7237,21884,34372,2025-03-11,2025-10-11,25000.00,Fully Paid,6.00
7238,21886,54531,2026-04-12,2027-01-12,16325.00,Active,10.80
7241,21894,39255,2025-03-06,2025-04-06,6000.00,Fully Paid,10.80
7242,21900,28229,2025-08-15,2026-01-15,2000.00,Fully Paid,6.00
7243,21903,25230,2024-08-30,2024-11-30,6000.00,Fully Paid,10.80
7244,21905,6173,2025-07-29,2025-11-29,1200.00,Fully Paid,10.80
7245,21907,59304,2025-07-07,2025-09-07,18000.00,Fully Paid,8.40
7246,21909,26153,2025-02-14,2025-03-14,3000.00,Defaulted,14.40
7247,21911,40945,2026-04-24,2026-09-24,8400.00,Active,6.00
7248,21913,31047,2026-04-22,2026-10-22,20000.00,Active,8.40
7249,21918,39690,2024-07-01,2024-11-01,6000.00,Fully Paid,6.00
7250,21919,14166,2024-12-16,2025-08-16,5000.00,Active,8.40
7251,21920,56445,2025-05-13,2025-10-13,10000.00,Fully Paid,8.40
7253,21926,41662,2025-06-15,2025-12-15,10000.00,Active,10.80
7254,21927,12096,2025-07-07,2025-10-07,10000.00,Active,8.40
7255,21930,9173,2025-10-29,2026-05-29,6500.00,Active,6.00
7256,21935,5290,2025-11-06,2026-08-06,1000.00,Active,10.80
7258,21938,36984,2024-12-16,2025-07-16,14400.00,Active,6.00
7260,21942,34476,2024-01-24,2024-05-24,7500.00,Fully Paid,10.80
7261,21947,17690,2024-09-15,2024-12-15,5400.00,Fully Paid,8.40
7262,21948,42913,2025-05-31,2026-01-31,8000.00,Fully Paid,8.40
7263,21952,15186,2024-07-12,2025-04-12,20000.00,Fully Paid,10.80
7265,21955,10961,2026-02-13,2026-08-13,6000.00,Active,10.80
7266,21956,16743,2025-08-29,2026-03-29,4800.00,Fully Paid,8.40
7268,21963,1204,2024-04-10,2024-06-10,25000.00,Fully Paid,14.40
7269,21964,5463,2024-07-21,2024-09-21,35000.00,Fully Paid,14.40
7270,21965,28178,2024-02-18,2024-03-18,7200.00,Fully Paid,10.80
7272,21974,12121,2024-02-01,2024-10-01,25000.00,Fully Paid,8.40
7273,21984,3611,2025-03-13,2025-09-13,15000.00,Fully Paid,6.00
7274,21989,36354,2024-04-22,2024-08-22,14375.00,Fully Paid,8.40
7275,21990,47172,2024-07-03,2024-10-03,5050.00,Fully Paid,10.80
7276,21996,38479,2025-01-20,2025-03-20,9200.00,Fully Paid,10.80
7277,21997,26185,2024-04-16,2024-09-16,18000.00,Fully Paid,8.40
7278,21999,55781,2025-02-27,2025-04-27,7500.00,Fully Paid,6.00
7279,22000,57905,2025-11-14,2026-03-14,23325.00,Fully Paid,10.80
7281,22010,6010,2026-01-11,2026-05-11,10000.00,Defaulted,8.40
7283,22020,28167,2024-01-15,2024-06-15,20000.00,Fully Paid,8.40
7285,22023,64716,2025-09-03,2025-11-03,20000.00,Fully Paid,6.00
7287,22028,10801,2024-08-28,2024-11-28,15000.00,Active,6.00
7288,22029,62214,2025-07-15,2026-03-15,18500.00,Fully Paid,6.00
7290,22035,6129,2026-03-03,2026-05-03,35000.00,Fully Paid,6.00
7292,22041,21105,2025-09-30,2026-04-30,27000.00,Fully Paid,6.00
7293,22045,48549,2025-11-30,2026-02-28,5000.00,Fully Paid,10.80
7294,22047,9583,2025-11-23,2026-01-23,20400.00,Fully Paid,8.40
7296,22049,52995,2024-11-14,2025-01-14,6000.00,Fully Paid,10.80
7297,22052,4867,2024-10-18,2025-04-18,18975.00,Fully Paid,6.00
7298,22054,22403,2024-11-27,2025-06-27,10000.00,Active,6.00
7301,22063,3140,2026-04-04,2026-09-04,4900.00,Active,10.80
7302,22066,52772,2026-03-03,2026-07-03,14000.00,Active,6.00
7303,22067,19135,2025-08-01,2026-05-01,14000.00,Fully Paid,14.40
7304,22069,5682,2026-01-09,2026-09-09,3000.00,Active,8.40
7305,22070,13286,2024-03-25,2024-06-25,5200.00,Fully Paid,6.00
7307,22075,5953,2024-09-04,2025-04-04,22000.00,Fully Paid,14.40
7308,22078,7046,2024-07-15,2024-11-15,11200.00,Active,8.40
7310,22081,38740,2024-12-29,2025-06-29,10000.00,Fully Paid,8.40
7311,22088,60727,2026-01-11,2026-06-11,4000.00,Active,10.80
7312,22090,33483,2026-01-28,2026-09-28,8000.00,Active,8.40
7314,22096,26736,2024-04-09,2025-01-09,3000.00,Active,6.00
7315,22097,29042,2025-05-04,2025-07-04,24000.00,Fully Paid,10.80
7316,22098,5416,2025-04-10,2025-10-10,15000.00,Fully Paid,14.40
7317,22099,39652,2025-05-12,2026-01-12,4800.00,Fully Paid,6.00
7318,22100,13169,2025-09-06,2025-11-06,7000.00,Active,8.40
7319,22101,24873,2026-03-29,2026-09-29,10500.00,Active,6.00
7320,22104,58871,2025-10-01,2026-03-01,6500.00,Fully Paid,8.40
7321,22105,66234,2025-09-03,2025-10-03,10000.00,Fully Paid,8.40
7322,22112,48762,2024-03-17,2024-12-17,10000.00,Fully Paid,6.00
7323,22117,66942,2024-04-22,2024-09-22,10000.00,Fully Paid,14.40
7324,22121,49209,2024-05-23,2024-12-23,35000.00,Fully Paid,14.40
7328,22141,42119,2025-01-30,2025-02-28,11350.00,Fully Paid,14.40
7329,22142,39501,2024-11-08,2025-08-08,12000.00,Fully Paid,8.40
7330,22148,43550,2025-07-16,2026-03-16,14400.00,Fully Paid,8.40
7331,22149,8897,2025-03-28,2025-07-28,12000.00,Defaulted,8.40
7332,22159,37922,2024-08-19,2025-03-19,20000.00,Fully Paid,6.00
7333,22162,56551,2024-11-22,2025-05-22,25000.00,Fully Paid,8.40
7334,22165,53440,2024-07-28,2025-03-28,4750.00,Fully Paid,10.80
7336,22167,38012,2025-06-28,2026-03-28,15000.00,Fully Paid,6.00
7338,22173,65473,2025-08-18,2026-01-18,7350.00,Active,8.40
7339,22175,56642,2024-07-25,2024-10-25,3600.00,Fully Paid,6.00
7342,22182,52591,2024-12-28,2025-06-28,5000.00,Fully Paid,6.00
7343,22185,60355,2024-10-26,2025-07-26,35000.00,Fully Paid,14.40
7345,22189,19507,2024-03-20,2024-05-20,12000.00,Fully Paid,6.00
7346,22191,22761,2024-01-20,2024-08-20,12000.00,Fully Paid,10.80
7348,22195,42223,2024-06-15,2024-07-15,20700.00,Fully Paid,6.00
7349,22198,44384,2026-01-11,2026-10-11,6000.00,Active,10.80
7350,22201,420,2024-01-22,2024-10-22,16500.00,Fully Paid,6.00
7351,22204,1389,2024-07-14,2025-03-14,5000.00,Active,6.00
7353,22212,2981,2024-07-15,2024-09-15,20000.00,Active,6.00
7354,22215,8238,2026-03-28,2026-11-28,7500.00,Active,8.40
7356,22225,66023,2025-12-31,2026-05-31,30000.00,Active,6.00
7357,22226,57644,2024-04-21,2024-11-21,4600.00,Fully Paid,10.80
7358,22227,35457,2025-12-07,2026-09-07,10200.00,Active,10.80
7361,22232,64131,2024-12-25,2025-09-25,7650.00,Fully Paid,6.00
7362,22238,43545,2025-04-08,2025-05-08,6100.00,Fully Paid,10.80
7365,22246,37238,2025-11-01,2026-01-01,9000.00,Active,8.40
7368,22250,61702,2024-05-29,2025-01-29,13200.00,Fully Paid,6.00
7370,22254,64064,2026-04-27,2026-06-27,20000.00,Active,10.80
7372,22261,61387,2025-03-30,2025-06-30,20000.00,Fully Paid,6.00
7373,22265,34784,2026-02-08,2026-04-08,16500.00,Fully Paid,6.00
7376,22281,33269,2025-10-21,2026-02-21,23800.00,Fully Paid,8.40
7377,22282,57743,2025-06-13,2025-12-13,32000.00,Fully Paid,8.40
7378,22285,19615,2026-03-16,2026-04-16,7200.00,Fully Paid,14.40
7379,22286,30524,2025-10-05,2026-02-05,25000.00,Active,8.40
7381,22297,56614,2025-05-18,2025-11-18,6000.00,Fully Paid,6.00
7382,22299,43280,2024-11-15,2025-08-15,4475.00,Fully Paid,10.80
7383,22304,36668,2024-03-03,2024-10-03,35000.00,Fully Paid,8.40
7385,22313,28058,2024-03-15,2024-12-15,12000.00,Fully Paid,8.40
7386,22315,62400,2024-11-06,2025-06-06,19000.00,Fully Paid,6.00
7388,22324,5741,2025-09-17,2026-03-17,7000.00,Fully Paid,8.40
7389,22328,7408,2026-03-03,2026-09-03,8000.00,Active,8.40
7393,22344,26795,2025-04-22,2025-10-22,10000.00,Fully Paid,6.00
7394,22346,51417,2024-02-22,2024-06-22,10000.00,Fully Paid,8.40
7398,22357,34480,2025-06-06,2025-10-06,9000.00,Fully Paid,6.00
7400,22360,35761,2025-09-26,2026-05-26,15000.00,Active,8.40
7401,22366,25185,2024-12-26,2025-02-26,11500.00,Fully Paid,6.00
7403,22370,20168,2024-11-06,2025-08-06,15000.00,Fully Paid,6.00
7404,22372,65997,2025-02-19,2025-05-19,10000.00,Fully Paid,10.80
7405,22378,62114,2024-01-02,2024-02-02,17000.00,Fully Paid,10.80
7406,22380,31324,2026-01-02,2026-09-02,15000.00,Active,8.40
7407,22385,51413,2025-09-18,2026-06-18,16000.00,Active,8.40
7408,22387,56730,2025-04-01,2025-08-01,12000.00,Fully Paid,6.00
7411,22390,40933,2024-08-11,2024-11-11,10000.00,Defaulted,8.40
7412,22391,43762,2024-03-07,2024-07-07,15000.00,Defaulted,10.80
7413,22396,2004,2025-06-15,2026-01-15,9000.00,Fully Paid,6.00
7414,22398,26858,2025-06-23,2026-03-23,17000.00,Fully Paid,10.80
7416,22403,12791,2026-04-22,2026-07-22,6725.00,Active,6.00
7418,22407,43950,2024-02-19,2024-11-19,10000.00,Fully Paid,6.00
7419,22408,36651,2026-03-17,2026-09-17,10000.00,Active,14.40
7422,22421,39561,2025-08-02,2025-10-02,12000.00,Active,14.40
7423,22422,52835,2026-03-09,2026-08-09,12500.00,Active,8.40
7424,22427,3558,2025-03-11,2025-11-11,2400.00,Fully Paid,6.00
7425,22429,21535,2024-08-11,2024-10-11,27300.00,Fully Paid,8.40
7426,22434,66486,2026-02-15,2026-04-15,20400.00,Active,14.40
7427,22435,57851,2024-03-22,2024-05-22,5600.00,Fully Paid,14.40
7428,22437,62744,2025-04-01,2026-01-01,35000.00,Fully Paid,8.40
7429,22438,57628,2025-10-24,2026-01-24,6000.00,Fully Paid,8.40
7430,22439,44095,2024-03-05,2024-07-05,5000.00,Active,8.40
7433,22445,56421,2024-05-04,2024-07-04,8400.00,Fully Paid,10.80
7435,22448,47679,2025-09-18,2026-01-18,5000.00,Fully Paid,6.00
7436,22452,54411,2024-04-19,2024-12-19,11200.00,Fully Paid,8.40
7437,22456,51125,2024-09-09,2024-10-09,11325.00,Fully Paid,6.00
7438,22458,16037,2024-08-02,2025-03-02,10550.00,Fully Paid,6.00
7439,22462,50028,2026-04-26,2026-10-26,3000.00,Active,10.80
7441,22471,43342,2025-03-02,2025-05-02,20000.00,Fully Paid,8.40
7442,22477,66998,2025-07-05,2026-04-05,2500.00,Defaulted,6.00
7444,22484,27893,2024-08-02,2025-03-02,3000.00,Fully Paid,10.80
7445,22488,30454,2026-02-02,2026-05-02,10000.00,Fully Paid,6.00
7447,22492,35204,2024-11-07,2025-02-07,5000.00,Fully Paid,10.80
7449,22497,35219,2025-01-03,2025-10-03,16000.00,Active,10.80
7450,22501,41551,2024-07-29,2024-11-29,2000.00,Fully Paid,14.40
7451,22504,61601,2026-03-31,2026-11-30,20000.00,Active,10.80
7452,22505,38903,2025-06-29,2025-12-29,19200.00,Fully Paid,10.80
7453,22508,35327,2024-09-13,2025-03-13,5000.00,Fully Paid,8.40
7454,22510,66031,2024-04-26,2024-10-26,12600.00,Fully Paid,6.00
7457,22514,3697,2025-09-06,2025-10-06,15000.00,Fully Paid,8.40
7458,22526,100,2025-05-13,2025-08-13,12000.00,Fully Paid,14.40
7459,22529,54861,2025-08-09,2026-01-09,12000.00,Active,8.40
7460,22535,49209,2025-01-18,2025-08-18,10000.00,Fully Paid,6.00
7461,22536,34480,2024-10-06,2025-06-06,21000.00,Fully Paid,6.00
7462,22539,65571,2025-02-19,2025-09-19,30000.00,Fully Paid,6.00
7463,22541,7074,2026-04-08,2026-11-08,16000.00,Active,14.40
7464,22542,23629,2024-07-07,2024-11-07,16000.00,Defaulted,14.40
7468,22551,44998,2024-02-02,2024-07-02,9500.00,Fully Paid,14.40
7469,22558,46368,2024-06-15,2025-03-15,16000.00,Fully Paid,8.40
7470,22560,9729,2025-03-26,2025-07-26,9350.00,Fully Paid,6.00
7471,22561,28189,2025-02-24,2025-07-24,15000.00,Fully Paid,8.40
7472,22569,12090,2024-01-21,2024-05-21,19075.00,Active,6.00
7473,22575,64541,2025-01-10,2025-06-10,18000.00,Fully Paid,14.40
7474,22585,16352,2024-05-17,2025-02-17,25000.00,Fully Paid,14.40
7475,22586,2407,2025-08-10,2026-04-10,18000.00,Fully Paid,8.40
7477,22590,7878,2025-09-03,2025-10-03,7200.00,Defaulted,10.80
7478,22595,62897,2024-05-05,2024-08-05,7500.00,Fully Paid,6.00
7479,22596,30036,2024-05-20,2024-06-20,10000.00,Fully Paid,6.00
7480,22599,60259,2024-10-22,2025-06-22,10000.00,Active,6.00
7481,22603,36048,2024-09-11,2025-03-11,5000.00,Fully Paid,8.40
7484,22611,12702,2025-08-20,2025-11-20,18000.00,Fully Paid,6.00
7485,22612,943,2024-06-11,2024-11-11,18000.00,Fully Paid,10.80
7486,22613,30490,2024-02-11,2024-03-11,16000.00,Fully Paid,10.80
7488,22618,56861,2025-02-25,2025-05-25,6000.00,Fully Paid,6.00
7489,22621,33048,2025-02-04,2025-09-04,35000.00,Fully Paid,6.00
7490,22623,40004,2024-11-10,2025-04-10,4150.00,Fully Paid,8.40
7492,22633,7275,2025-02-12,2025-05-12,11000.00,Fully Paid,6.00
7493,22635,14389,2024-05-05,2024-12-05,8000.00,Fully Paid,8.40
7494,22643,36737,2025-07-06,2026-04-06,20000.00,Fully Paid,6.00
7495,22654,11897,2024-07-07,2024-08-07,15000.00,Fully Paid,6.00
7497,22661,12124,2025-03-02,2025-09-02,1500.00,Fully Paid,8.40
7498,22665,45903,2025-10-12,2026-04-12,7225.00,Fully Paid,8.40
7499,22666,65410,2025-02-05,2025-03-05,8225.00,Active,6.00
7500,22667,54132,2025-05-10,2026-01-10,19200.00,Fully Paid,6.00
7501,22673,42158,2025-01-23,2025-06-23,16000.00,Fully Paid,8.40
7502,22674,45593,2025-05-06,2025-11-06,35000.00,Fully Paid,6.00
7503,22675,31016,2024-08-22,2024-09-22,10000.00,Fully Paid,6.00
7505,22681,26645,2026-04-14,2026-12-14,10000.00,Active,6.00
7507,22685,49043,2025-05-20,2025-10-20,23925.00,Fully Paid,8.40
7509,22690,6833,2024-03-13,2024-06-13,6500.00,Fully Paid,6.00
7514,22705,45281,2024-05-19,2024-09-19,1400.00,Active,8.40
7518,22712,46238,2024-10-09,2025-07-09,12000.00,Fully Paid,14.40
7519,22716,22794,2024-09-12,2024-11-12,15550.00,Fully Paid,6.00
7520,22717,53216,2026-01-29,2026-06-29,1025.00,Active,6.00
7521,22724,41475,2025-08-30,2026-04-30,7000.00,Fully Paid,8.40
7522,22728,54214,2026-03-13,2026-07-13,12000.00,Active,8.40
7523,22733,10915,2025-09-11,2025-10-11,9000.00,Fully Paid,8.40
7524,22736,45090,2024-07-30,2024-12-30,22500.00,Fully Paid,10.80
7525,22741,44603,2024-10-09,2025-03-09,21000.00,Fully Paid,8.40
7527,22744,8206,2025-08-24,2026-04-24,13725.00,Fully Paid,6.00
7528,22745,19264,2025-01-12,2025-07-12,35000.00,Fully Paid,8.40
7529,22749,13421,2026-01-28,2026-02-28,10000.00,Fully Paid,8.40
7531,22756,21905,2026-01-01,2026-04-01,14400.00,Fully Paid,6.00
7532,22757,64909,2025-04-10,2025-06-10,20000.00,Fully Paid,10.80
7533,22763,6160,2025-06-21,2025-10-21,12000.00,Active,10.80
7534,22766,42174,2024-08-11,2025-02-11,10000.00,Active,14.40
7536,22771,1933,2024-09-07,2025-04-07,12300.00,Fully Paid,10.80
7539,22788,58716,2025-11-09,2026-08-09,1000.00,Active,6.00
7540,22789,25834,2025-12-21,2026-04-21,25000.00,Fully Paid,6.00
7542,22792,67184,2025-07-09,2025-09-09,18000.00,Fully Paid,8.40
7544,22799,10839,2026-03-20,2026-10-20,10000.00,Active,10.80
7545,22802,37809,2025-02-28,2025-11-28,6000.00,Fully Paid,6.00
7547,22805,37569,2025-09-20,2026-06-20,8000.00,Active,6.00
7548,22808,18483,2024-11-03,2025-06-03,10000.00,Defaulted,8.40
7549,22810,4734,2024-12-05,2025-06-05,12700.00,Defaulted,6.00
7550,22811,14600,2025-02-05,2025-04-05,1000.00,Fully Paid,6.00
7551,22812,41452,2025-04-22,2025-07-22,20000.00,Fully Paid,10.80
7554,22830,29819,2024-12-25,2025-09-25,7000.00,Fully Paid,6.00
7555,22833,35479,2025-06-07,2025-10-07,11000.00,Fully Paid,10.80
7556,22835,35087,2024-09-11,2025-02-11,17550.00,Fully Paid,6.00
7557,22836,22076,2024-04-02,2024-10-02,2500.00,Fully Paid,6.00
7559,22844,65903,2024-07-23,2025-02-23,12000.00,Active,8.40
7560,22850,30143,2025-04-04,2025-08-04,5000.00,Fully Paid,8.40
7561,22851,34135,2024-01-30,2024-08-30,30000.00,Active,8.40
7563,22855,18678,2025-12-16,2026-04-16,23000.00,Fully Paid,8.40
7564,22858,16126,2026-05-03,2026-07-03,35000.00,Active,10.80
7565,22859,35457,2025-09-13,2026-05-13,9600.00,Fully Paid,8.40
7566,22860,35479,2026-03-28,2026-08-28,16800.00,Active,10.80
7567,22862,23138,2024-03-10,2024-10-10,8000.00,Fully Paid,10.80
7568,22863,28952,2025-11-21,2026-03-21,26000.00,Fully Paid,6.00
7569,22864,41788,2025-08-01,2025-10-01,20000.00,Fully Paid,6.00
7571,22869,60147,2025-11-04,2026-08-04,7200.00,Active,10.80
7573,22872,23873,2024-12-08,2025-03-08,12000.00,Fully Paid,10.80
7578,22883,25684,2024-07-25,2024-10-25,5000.00,Fully Paid,8.40
7579,22884,59828,2024-01-09,2024-05-09,13000.00,Active,6.00
7581,22895,7129,2024-01-21,2024-04-21,2200.00,Fully Paid,14.40
7582,22896,4734,2024-03-07,2024-04-07,24850.00,Fully Paid,6.00
7583,22901,42211,2024-01-24,2024-07-24,9775.00,Fully Paid,8.40
7585,22904,18553,2025-05-07,2025-07-07,10000.00,Active,6.00
7586,22905,12672,2025-03-20,2025-04-20,3000.00,Fully Paid,8.40
7587,22906,41649,2024-02-01,2024-06-01,7000.00,Fully Paid,10.80
7588,22911,27125,2025-04-17,2025-12-17,25000.00,Fully Paid,6.00
7589,22917,41795,2026-03-07,2026-10-07,20000.00,Active,6.00
7590,22919,13739,2025-04-05,2025-05-05,20000.00,Fully Paid,6.00
7591,22922,55772,2025-09-08,2025-12-08,24650.00,Fully Paid,6.00
7592,22925,47121,2026-01-07,2026-02-07,9500.00,Fully Paid,6.00
7593,22934,17206,2025-12-12,2026-06-12,15000.00,Active,8.40
7596,22942,23436,2026-03-05,2026-06-05,15000.00,Active,10.80
7597,22944,45208,2025-12-22,2026-07-22,13650.00,Active,8.40
7600,22951,28794,2026-05-16,2026-12-16,7500.00,Active,8.40
7603,22959,17659,2025-12-31,2026-01-31,23925.00,Fully Paid,6.00
7604,22962,33903,2024-06-29,2025-03-29,21000.00,Fully Paid,6.00
7605,22964,52176,2024-11-28,2025-07-28,23000.00,Fully Paid,6.00
7606,22967,56375,2025-06-06,2025-11-06,12000.00,Fully Paid,8.40
7607,22974,13492,2024-04-08,2024-07-08,15075.00,Fully Paid,6.00
7609,22980,5816,2026-03-05,2026-12-05,10000.00,Active,6.00
7610,22982,59548,2025-07-16,2025-10-16,18000.00,Fully Paid,8.40
7611,22985,50103,2024-02-28,2024-06-28,35000.00,Fully Paid,6.00
7613,22989,44690,2025-09-09,2026-02-09,35000.00,Fully Paid,6.00
7614,22993,31092,2025-03-11,2025-11-11,13500.00,Fully Paid,8.40
7615,22995,53949,2024-12-10,2025-09-10,14000.00,Fully Paid,8.40
7618,23002,27143,2025-04-10,2025-10-10,2000.00,Fully Paid,6.00
7620,23016,5700,2024-04-15,2024-08-15,6000.00,Fully Paid,6.00
7621,23017,53129,2025-06-18,2025-12-18,31325.00,Fully Paid,6.00
7623,23019,966,2024-07-06,2025-02-06,14000.00,Fully Paid,10.80
7625,23022,11532,2024-11-23,2025-03-23,25000.00,Fully Paid,8.40
7627,23026,57970,2024-09-11,2025-01-11,28000.00,Fully Paid,6.00
7628,23027,12615,2024-06-11,2024-07-11,12000.00,Fully Paid,8.40
7630,23031,57377,2025-09-28,2025-12-28,22000.00,Fully Paid,14.40
7633,23050,29206,2025-01-30,2025-08-30,3000.00,Fully Paid,8.40
7635,23057,28348,2024-06-13,2025-01-13,8000.00,Fully Paid,8.40
7636,23058,36316,2025-11-12,2026-05-12,3600.00,Defaulted,10.80
7637,23059,4231,2024-11-26,2025-08-26,9000.00,Fully Paid,8.40
7638,23060,40424,2024-03-30,2024-05-30,20000.00,Fully Paid,14.40
7639,23061,46916,2024-02-20,2024-04-20,23925.00,Active,14.40
7640,23063,64032,2024-07-17,2025-02-17,3525.00,Fully Paid,6.00
7641,23064,43347,2026-03-08,2026-09-08,5000.00,Active,6.00
7642,23066,59536,2026-03-21,2026-11-21,10000.00,Active,6.00
7643,23069,30146,2025-09-06,2025-12-06,20000.00,Fully Paid,6.00
7645,23072,12490,2025-05-03,2025-07-03,10000.00,Fully Paid,14.40
7646,23077,29904,2024-04-21,2024-06-21,8075.00,Fully Paid,8.40
7647,23080,49440,2025-09-15,2026-06-15,15000.00,Active,10.80
7649,23086,7780,2024-01-06,2024-07-06,12000.00,Fully Paid,8.40
7650,23087,18309,2024-01-19,2024-07-19,7475.00,Fully Paid,6.00
7652,23091,30871,2025-01-05,2025-03-05,12000.00,Fully Paid,8.40
7653,23095,64409,2024-02-19,2024-04-19,27000.00,Fully Paid,10.80
7654,23098,61037,2026-03-29,2026-10-29,20000.00,Active,6.00
7655,23099,65155,2025-10-05,2025-11-05,2000.00,Fully Paid,8.40
7656,23101,60677,2026-04-13,2026-11-13,4300.00,Active,8.40
7658,23106,28881,2024-04-11,2024-12-11,1600.00,Defaulted,10.80
7660,23110,67493,2024-04-12,2025-01-12,12825.00,Fully Paid,6.00
7661,23113,53621,2025-12-23,2026-01-23,10200.00,Fully Paid,14.40
7662,23114,60921,2024-09-02,2025-04-02,6000.00,Fully Paid,10.80
7663,23116,28617,2025-03-29,2025-05-29,7050.00,Fully Paid,10.80
7665,23124,24555,2024-10-08,2025-02-08,6000.00,Active,6.00
7666,23126,58969,2024-07-10,2024-11-10,15875.00,Fully Paid,6.00
7667,23128,32217,2025-11-10,2026-05-10,25000.00,Fully Paid,8.40
7668,23135,36381,2025-02-03,2025-10-03,9800.00,Fully Paid,10.80
7671,23151,10065,2025-06-08,2026-01-08,15900.00,Fully Paid,14.40
7672,23157,1246,2024-01-18,2024-07-18,18000.00,Fully Paid,10.80
7673,23160,10624,2024-03-04,2024-10-04,5500.00,Fully Paid,8.40
7674,23164,9746,2025-08-06,2025-11-06,23475.00,Fully Paid,10.80
7675,23168,25422,2025-10-26,2025-11-26,5000.00,Active,6.00
7676,23170,42145,2026-03-28,2026-05-28,14925.00,Active,10.80
7677,23172,31435,2025-09-01,2026-01-01,4000.00,Fully Paid,8.40
7683,23192,22863,2024-04-30,2024-08-30,14000.00,Fully Paid,10.80
7684,23204,39251,2024-07-17,2024-08-17,13000.00,Fully Paid,6.00
7686,23207,18026,2025-02-19,2025-10-19,15525.00,Defaulted,8.40
7687,23213,21901,2024-10-21,2025-04-21,35000.00,Defaulted,14.40
7688,23216,31931,2026-03-02,2026-06-02,15000.00,Active,6.00
7692,23230,25517,2024-08-07,2025-04-07,10000.00,Fully Paid,6.00
7693,23231,38662,2024-01-05,2024-09-05,11200.00,Fully Paid,10.80
7694,23242,28043,2024-12-06,2025-03-06,11000.00,Fully Paid,6.00
7695,23244,228,2025-01-08,2025-03-08,15000.00,Defaulted,10.80
7696,23245,22269,2024-03-02,2024-08-02,20000.00,Fully Paid,6.00
7697,23246,33026,2024-11-07,2025-04-07,10950.00,Active,6.00
7699,23254,51558,2024-09-04,2024-12-04,21000.00,Fully Paid,6.00
7701,23257,21067,2024-06-18,2025-01-18,8000.00,Fully Paid,6.00
7702,23264,59961,2025-06-23,2026-01-23,10000.00,Fully Paid,6.00
7703,23265,43307,2025-09-26,2025-10-26,21000.00,Fully Paid,14.40
7705,23267,42572,2024-01-18,2024-08-18,33000.00,Fully Paid,10.80
7706,23269,19343,2024-12-31,2025-09-30,35000.00,Active,6.00
7708,23273,16262,2024-05-22,2024-06-22,6000.00,Fully Paid,10.80
7710,23276,66016,2025-04-28,2026-01-28,19775.00,Active,8.40
7712,23281,64492,2025-09-19,2026-03-19,18000.00,Active,6.00
7713,23283,44250,2026-04-08,2027-01-08,17250.00,Active,6.00
7714,23285,31766,2024-03-23,2024-04-23,16800.00,Fully Paid,8.40
7715,23293,8282,2025-07-03,2026-01-03,9600.00,Fully Paid,8.40
7716,23295,3058,2024-04-13,2024-08-13,13650.00,Fully Paid,6.00
7717,23297,13795,2024-03-19,2024-06-19,20000.00,Fully Paid,14.40
7719,23299,35952,2024-11-17,2025-05-17,7200.00,Fully Paid,6.00
7720,23304,59175,2024-07-16,2025-04-16,1800.00,Fully Paid,8.40
7721,23310,19448,2025-04-27,2025-10-27,10000.00,Fully Paid,8.40
7723,23317,32814,2025-04-29,2025-09-29,3000.00,Fully Paid,6.00
7724,23320,42167,2024-11-20,2025-04-20,2000.00,Fully Paid,8.40
7725,23327,13956,2025-01-27,2025-06-27,21000.00,Fully Paid,10.80
7726,23333,61244,2024-07-18,2024-11-18,10000.00,Fully Paid,6.00
7727,23334,18372,2024-11-26,2025-02-26,1000.00,Fully Paid,6.00
7728,23335,49025,2025-03-03,2025-04-03,28000.00,Fully Paid,8.40
7729,23336,26616,2026-04-14,2026-05-14,32550.00,Fully Paid,6.00
7730,23338,19986,2024-12-24,2025-07-24,11650.00,Active,10.80
7732,23341,59663,2025-06-02,2025-12-02,12000.00,Active,14.40
7733,23342,58026,2025-04-27,2025-10-27,20000.00,Active,14.40
7736,23348,19965,2024-05-02,2024-09-02,6000.00,Fully Paid,8.40
7737,23349,36303,2025-10-02,2025-11-02,35000.00,Active,6.00
7738,23354,50272,2024-01-13,2024-06-13,16700.00,Fully Paid,6.00
7739,23362,18360,2025-02-11,2025-11-11,7000.00,Fully Paid,6.00
7741,23372,40845,2024-11-05,2025-04-05,15000.00,Fully Paid,10.80
7742,23376,30642,2024-02-11,2024-08-11,8625.00,Fully Paid,6.00
7744,23381,65811,2024-03-31,2024-09-30,11200.00,Fully Paid,14.40
7747,23392,2470,2026-02-11,2026-05-11,3500.00,Active,6.00
7748,23396,32881,2025-08-30,2026-01-30,4000.00,Fully Paid,14.40
7749,23398,59689,2024-01-02,2024-09-02,5000.00,Active,10.80
7750,23405,10638,2024-08-17,2025-04-17,18000.00,Fully Paid,8.40
7751,23412,9798,2025-07-13,2025-12-13,10000.00,Fully Paid,8.40
7752,23416,15985,2025-09-18,2026-05-18,14000.00,Fully Paid,8.40
7753,23427,7549,2024-02-04,2024-07-04,6725.00,Fully Paid,8.40
7755,23432,58169,2025-12-09,2026-09-09,7500.00,Active,8.40
7756,23433,58557,2026-04-07,2026-09-07,7400.00,Active,6.00
7757,23434,66259,2024-06-05,2025-01-05,6000.00,Fully Paid,14.40
7758,23438,38609,2025-01-12,2025-06-12,20000.00,Fully Paid,8.40
7759,23440,4714,2025-10-26,2026-02-26,7225.00,Fully Paid,8.40
7760,23441,41450,2025-12-24,2026-05-24,8000.00,Fully Paid,10.80
7761,23444,67573,2025-01-24,2025-09-24,13200.00,Active,8.40
7763,23450,2148,2026-03-13,2026-09-13,6000.00,Active,8.40
7764,23451,41965,2026-05-02,2026-08-02,15000.00,Active,10.80
7765,23453,55827,2025-06-20,2026-03-20,18000.00,Fully Paid,6.00
7766,23459,28543,2025-11-16,2026-04-16,10000.00,Fully Paid,10.80
7767,23466,36072,2025-08-15,2026-04-15,5475.00,Fully Paid,8.40
7768,23467,59128,2024-08-19,2025-03-19,11775.00,Fully Paid,8.40
7769,23472,66031,2024-12-07,2025-09-07,24925.00,Fully Paid,14.40
7773,23487,6313,2025-06-12,2025-11-12,4500.00,Fully Paid,8.40
7775,23494,45074,2024-05-25,2024-10-25,10000.00,Fully Paid,8.40
7776,23499,6726,2024-06-20,2024-11-20,28000.00,Fully Paid,6.00
7777,23503,6425,2025-01-04,2025-05-04,2800.00,Fully Paid,10.80
7778,23506,57752,2024-08-24,2024-12-24,13200.00,Fully Paid,6.00
7780,23508,61791,2025-05-29,2026-02-28,20000.00,Fully Paid,8.40
7781,23512,43161,2024-03-24,2024-10-24,2000.00,Fully Paid,10.80
7782,23514,61674,2025-05-03,2025-07-03,25000.00,Fully Paid,6.00
7783,23516,39108,2024-02-10,2024-10-10,12000.00,Fully Paid,6.00
7785,23527,18064,2024-10-09,2025-07-09,5000.00,Fully Paid,10.80
7786,23528,65733,2024-05-19,2024-06-19,15000.00,Fully Paid,14.40
7788,23532,12368,2025-01-16,2025-02-16,5000.00,Fully Paid,8.40
7789,23534,31706,2024-06-28,2024-10-28,5000.00,Fully Paid,6.00
7790,23535,20192,2024-01-05,2024-03-05,6000.00,Fully Paid,10.80
7791,23537,24212,2024-03-05,2024-11-05,15600.00,Active,6.00
7793,23547,47233,2025-03-14,2025-04-14,3200.00,Fully Paid,6.00
7795,23559,19932,2026-02-19,2026-09-19,5375.00,Active,6.00
7796,23560,25964,2026-04-25,2026-10-25,1450.00,Active,8.40
7797,23561,19591,2025-08-09,2026-02-09,20000.00,Fully Paid,10.80
7800,23584,33516,2025-09-26,2025-10-26,21250.00,Fully Paid,6.00
7801,23586,61866,2025-02-04,2025-07-04,25000.00,Fully Paid,8.40
7802,23589,49333,2026-03-22,2026-07-22,35000.00,Active,8.40
7803,23590,37044,2026-03-24,2026-10-24,6500.00,Active,8.40
7804,23593,12937,2024-08-25,2025-03-25,14000.00,Fully Paid,8.40
7806,23608,57263,2024-08-21,2025-01-21,30000.00,Fully Paid,6.00
7807,23617,57234,2024-03-13,2024-06-13,2400.00,Fully Paid,6.00
7809,23635,48604,2024-01-31,2024-02-29,12000.00,Fully Paid,8.40
7810,23640,20296,2025-07-07,2026-04-07,35000.00,Fully Paid,6.00
7811,23641,62965,2026-03-28,2026-07-28,25825.00,Active,6.00
7812,23643,64649,2024-03-23,2024-09-23,11500.00,Defaulted,8.40
7815,23649,59783,2024-10-27,2025-06-27,15000.00,Fully Paid,8.40
7816,23650,59917,2025-05-21,2025-09-21,3000.00,Defaulted,14.40
7817,23651,33356,2025-06-10,2025-09-10,12000.00,Active,6.00
7819,23658,14438,2024-05-02,2024-09-02,18000.00,Fully Paid,6.00
7822,23664,38876,2024-08-28,2024-12-28,28000.00,Fully Paid,6.00
7823,23669,20372,2026-01-16,2026-04-16,1775.00,Fully Paid,8.40
7825,23674,44630,2024-03-13,2024-08-13,1600.00,Fully Paid,6.00
7827,23676,35960,2024-05-19,2024-09-19,10000.00,Fully Paid,10.80
7829,23679,21010,2025-02-22,2025-09-22,10000.00,Fully Paid,10.80
7831,23689,12187,2024-06-09,2024-08-09,6000.00,Fully Paid,6.00
7833,23693,18127,2024-11-19,2025-08-19,18000.00,Active,8.40
7834,23694,12791,2026-04-14,2026-08-14,34300.00,Active,10.80
7836,23696,61623,2024-01-30,2024-04-30,25000.00,Fully Paid,14.40
7837,23697,17345,2025-08-04,2026-04-04,17000.00,Fully Paid,8.40
7839,23700,60688,2025-12-12,2026-06-12,5625.00,Active,6.00
7840,23701,38097,2026-05-13,2027-02-13,11500.00,Active,6.00
7841,23703,31297,2024-11-09,2025-02-09,2000.00,Fully Paid,8.40
7842,23707,12804,2025-10-09,2026-03-09,16000.00,Fully Paid,6.00
7844,23712,4877,2026-03-20,2026-07-20,14000.00,Active,6.00
7845,23715,38418,2026-02-27,2026-03-27,6000.00,Fully Paid,6.00
7846,23717,6831,2025-09-29,2025-12-29,20000.00,Fully Paid,6.00
7847,23728,49993,2025-07-19,2026-03-19,18500.00,Defaulted,10.80
7848,23729,5478,2025-11-29,2026-08-29,17000.00,Active,6.00
7850,23734,53691,2024-03-05,2024-06-05,10000.00,Fully Paid,8.40
7851,23738,33447,2025-01-02,2025-04-02,11200.00,Active,6.00
7852,23741,4663,2025-05-24,2025-08-24,12000.00,Fully Paid,14.40
7853,23743,31547,2025-12-29,2026-05-29,7375.00,Active,6.00
7854,23745,35120,2024-07-11,2024-10-11,21600.00,Fully Paid,6.00
7855,23746,14302,2026-04-28,2026-08-28,12000.00,Active,8.40
7856,23750,23436,2024-12-14,2025-06-14,3000.00,Fully Paid,6.00
7857,23751,42923,2025-09-03,2026-04-03,32000.00,Fully Paid,10.80
7858,23753,11860,2026-02-17,2026-06-17,14000.00,Active,8.40
7863,23770,33056,2026-03-07,2026-04-07,13800.00,Active,10.80
7864,23774,53373,2026-05-01,2026-10-01,12000.00,Active,14.40
7865,23775,66023,2024-10-25,2025-05-25,18000.00,Active,10.80
7866,23777,60193,2026-03-14,2026-05-14,25000.00,Fully Paid,6.00
7867,23779,2810,2025-10-17,2026-07-17,17500.00,Active,6.00
7869,23783,46214,2024-05-21,2025-01-21,35000.00,Fully Paid,10.80
7871,23792,60173,2025-01-12,2025-05-12,19350.00,Fully Paid,6.00
7872,23793,5290,2025-03-11,2025-12-11,5000.00,Active,6.00
7873,23794,16181,2025-06-12,2025-08-12,10000.00,Fully Paid,6.00
7875,23801,51565,2025-12-10,2026-01-10,24000.00,Fully Paid,6.00
7880,23818,32392,2025-11-19,2026-01-19,10000.00,Fully Paid,8.40
7882,23824,46262,2024-11-05,2025-03-05,15000.00,Fully Paid,8.40
7884,23827,56722,2026-04-01,2026-05-01,10400.00,Fully Paid,8.40
7886,23829,15405,2025-10-29,2025-11-29,11950.00,Fully Paid,6.00
7889,23836,44266,2025-12-29,2026-02-28,28000.00,Active,8.40
7891,23843,27428,2025-01-17,2025-10-17,15000.00,Fully Paid,8.40
7893,23850,52568,2024-01-30,2024-04-30,20000.00,Fully Paid,10.80
7894,23851,45803,2025-03-09,2025-08-09,15000.00,Fully Paid,6.00
7896,23856,13233,2024-04-08,2024-12-08,24000.00,Fully Paid,8.40
7898,23862,25718,2025-01-22,2025-08-22,7000.00,Fully Paid,10.80
7900,23869,4522,2025-10-11,2026-05-11,3500.00,Fully Paid,6.00
7901,23870,66841,2024-01-17,2024-06-17,35000.00,Fully Paid,8.40
7902,23871,41372,2024-11-16,2025-01-16,4175.00,Fully Paid,6.00
7903,23875,64213,2025-08-29,2025-12-29,5000.00,Active,14.40
7904,23877,44409,2025-06-19,2025-10-19,17225.00,Fully Paid,8.40
7905,23878,44994,2025-07-30,2025-12-30,16000.00,Fully Paid,6.00
7906,23879,10640,2026-01-12,2026-05-12,1500.00,Fully Paid,6.00
7907,23884,53746,2025-02-12,2025-07-12,10000.00,Defaulted,6.00
7908,23887,18451,2024-12-27,2025-02-27,15000.00,Fully Paid,6.00
7912,23897,52205,2025-12-28,2026-08-28,9600.00,Active,14.40
7913,23900,27922,2025-07-11,2025-11-11,18000.00,Fully Paid,10.80
7914,23903,26594,2024-08-19,2024-10-19,12000.00,Active,6.00
7916,23910,67823,2024-01-23,2024-04-23,25000.00,Fully Paid,10.80
7918,23916,51933,2025-06-16,2025-12-16,15450.00,Fully Paid,10.80
7919,23917,33562,2026-02-24,2026-09-24,15000.00,Active,8.40
7920,23918,26995,2024-06-03,2025-01-03,21625.00,Fully Paid,8.40
7921,23925,58822,2025-12-03,2026-03-03,5000.00,Fully Paid,8.40
7922,23930,53983,2025-03-20,2025-06-20,20000.00,Defaulted,10.80
7923,23933,21037,2024-02-11,2024-03-11,16925.00,Fully Paid,8.40
7924,23937,1064,2025-03-05,2025-11-05,27600.00,Fully Paid,14.40
7925,23942,22011,2024-09-02,2025-01-02,6000.00,Fully Paid,8.40
7926,23945,16842,2024-08-18,2024-12-18,11200.00,Fully Paid,10.80
7928,23949,25291,2024-10-24,2025-06-24,16000.00,Fully Paid,6.00
7929,23953,64572,2024-06-10,2024-11-10,1200.00,Fully Paid,8.40
7930,23954,22613,2026-03-31,2026-08-31,4400.00,Active,10.80
7931,23958,57157,2024-08-30,2025-03-30,30000.00,Active,6.00
7932,23960,11156,2024-02-08,2024-06-08,7350.00,Fully Paid,6.00
7935,23969,31759,2026-01-09,2026-07-09,7200.00,Active,8.40
7936,23972,68031,2024-11-29,2025-05-29,12000.00,Fully Paid,8.40
7940,23984,19264,2025-03-24,2025-05-24,22450.00,Fully Paid,6.00
7941,23985,14677,2025-12-24,2026-02-24,14000.00,Fully Paid,8.40
7942,23991,43369,2025-04-25,2025-08-25,10700.00,Fully Paid,14.40
7943,23993,33211,2026-02-20,2026-03-20,12000.00,Fully Paid,6.00
7944,23996,67356,2025-08-09,2025-10-09,13750.00,Fully Paid,14.40
7946,24004,4140,2025-12-01,2026-07-01,7500.00,Active,8.40
7947,24007,17247,2025-04-20,2025-12-20,16000.00,Fully Paid,14.40
7949,24009,46598,2025-09-09,2026-01-09,28000.00,Fully Paid,8.40
7950,24012,47290,2024-04-27,2024-09-27,14000.00,Fully Paid,10.80
7951,24013,2709,2025-09-08,2026-01-08,7925.00,Fully Paid,10.80
7952,24019,57429,2024-06-23,2024-10-23,10000.00,Fully Paid,8.40
7954,24023,56363,2024-12-19,2025-07-19,32200.00,Active,8.40
7955,24029,55568,2024-06-30,2025-01-30,30000.00,Active,6.00
7957,24032,21031,2024-09-11,2025-02-11,11000.00,Active,14.40
7959,24039,19658,2026-02-05,2026-04-05,8675.00,Fully Paid,6.00
7960,24044,19115,2025-08-10,2026-05-10,25000.00,Fully Paid,10.80
7963,24051,36010,2024-04-06,2024-11-06,8000.00,Fully Paid,6.00
7964,24058,7552,2024-10-18,2025-02-18,4475.00,Fully Paid,10.80
7965,24061,58785,2025-06-22,2025-09-22,2000.00,Fully Paid,8.40
7968,24068,24626,2024-06-30,2024-07-30,16000.00,Fully Paid,6.00
7970,24075,28072,2025-01-15,2025-04-15,9500.00,Fully Paid,8.40
7976,24084,34264,2024-10-12,2025-06-12,35000.00,Fully Paid,6.00
7978,24088,33356,2024-04-26,2025-01-26,7500.00,Active,14.40
7981,24097,58922,2025-12-09,2026-01-09,15300.00,Fully Paid,10.80
7982,24099,59861,2026-01-08,2026-06-08,11400.00,Active,8.40
7983,24100,14677,2025-01-24,2025-10-24,5000.00,Active,10.80
7984,24101,53111,2025-06-06,2026-02-06,13000.00,Fully Paid,6.00
7985,24113,64146,2025-05-28,2025-08-28,15000.00,Fully Paid,14.40
7986,24115,6136,2024-02-15,2024-03-15,9600.00,Fully Paid,8.40
7988,24120,67435,2024-05-20,2025-01-20,10000.00,Fully Paid,6.00
7989,24125,9798,2026-02-08,2026-06-08,10000.00,Active,10.80
7992,24138,6218,2024-01-30,2024-08-30,12450.00,Active,8.40
7995,24147,25534,2024-08-25,2025-03-25,6800.00,Active,10.80
7997,24152,38981,2025-06-15,2025-08-15,6425.00,Fully Paid,10.80
7998,24154,37244,2026-03-26,2026-04-26,15000.00,Fully Paid,6.00
7999,24157,41728,2024-10-09,2025-02-09,16000.00,Fully Paid,10.80
8000,24159,11142,2024-12-11,2025-02-11,9600.00,Fully Paid,8.40
8002,24162,26116,2026-04-16,2026-08-16,4000.00,Active,10.80
8003,24168,38609,2026-04-05,2026-09-05,16925.00,Active,10.80
8004,24169,2983,2024-03-17,2024-10-17,15000.00,Fully Paid,6.00
8005,24171,2194,2024-04-29,2024-11-29,5075.00,Fully Paid,8.40
8006,24172,24375,2024-09-25,2024-12-25,8000.00,Fully Paid,6.00
8008,24178,2072,2026-03-01,2026-04-01,8400.00,Fully Paid,6.00
8009,24181,56452,2024-12-15,2025-02-15,18000.00,Fully Paid,8.40
8010,24183,30902,2024-12-16,2025-04-16,4000.00,Fully Paid,8.40
8011,24184,43507,2025-04-21,2025-05-21,18500.00,Fully Paid,10.80
8012,24186,2850,2026-01-02,2026-06-02,11525.00,Active,8.40
8013,24189,34737,2026-01-07,2026-03-07,10350.00,Fully Paid,14.40
8015,24192,47069,2025-11-22,2026-06-22,20000.00,Active,6.00
8016,24199,36869,2024-10-26,2025-02-26,12000.00,Defaulted,8.40
8018,24202,46876,2025-02-23,2025-03-23,2800.00,Active,6.00
8019,24212,7280,2025-06-13,2025-12-13,8400.00,Fully Paid,6.00
8020,24213,55013,2025-03-05,2025-08-05,5000.00,Fully Paid,8.40
8021,24215,40094,2024-08-02,2024-12-02,4800.00,Active,10.80
8022,24218,54462,2026-01-04,2026-03-04,20000.00,Fully Paid,14.40
8023,24220,46280,2025-07-20,2026-01-20,16000.00,Fully Paid,8.40
8025,24223,4426,2025-06-21,2025-10-21,10000.00,Fully Paid,6.00
8026,24228,43837,2024-03-05,2024-11-05,20000.00,Fully Paid,6.00
8027,24234,40321,2025-03-17,2025-12-17,8000.00,Fully Paid,8.40
8029,24238,66447,2024-04-08,2024-10-08,4000.00,Fully Paid,6.00
8030,24242,44350,2025-02-25,2025-11-25,8000.00,Fully Paid,10.80
8031,24243,53353,2025-12-14,2026-05-14,7200.00,Fully Paid,6.00
8032,24247,27637,2024-10-01,2025-07-01,9800.00,Fully Paid,8.40
8034,24252,39727,2025-07-17,2025-10-17,6000.00,Fully Paid,10.80
8035,24253,24907,2024-07-03,2024-12-03,15000.00,Fully Paid,10.80
8036,24256,48003,2025-08-22,2025-11-22,3850.00,Active,8.40
8038,24261,55010,2025-01-01,2025-07-01,4200.00,Fully Paid,6.00
8039,24262,3851,2025-11-07,2026-05-07,18000.00,Fully Paid,8.40
8040,24263,49857,2024-04-22,2025-01-22,4875.00,Fully Paid,6.00
8041,24269,19211,2025-01-26,2025-08-26,9600.00,Active,8.40
8042,24272,38633,2025-06-09,2025-07-09,11000.00,Fully Paid,14.40
8043,24275,37771,2026-01-03,2026-10-03,2475.00,Active,14.40
8044,24278,20715,2024-12-12,2025-05-12,24000.00,Fully Paid,10.80
8045,24279,8666,2025-08-26,2026-03-26,19100.00,Active,10.80
8046,24280,11630,2025-09-08,2026-01-08,9000.00,Fully Paid,14.40
8047,24281,37789,2026-05-15,2026-09-15,12000.00,Active,6.00
8048,24282,12074,2026-02-16,2026-04-16,1800.00,Fully Paid,8.40
8050,24285,47892,2025-01-16,2025-04-16,10000.00,Active,6.00
8051,24289,34699,2025-08-07,2025-10-07,8500.00,Fully Paid,6.00
8052,24290,25196,2025-09-16,2026-02-16,3500.00,Fully Paid,8.40
8055,24297,47847,2024-01-10,2024-04-10,10000.00,Active,10.80
8056,24301,48573,2024-04-01,2024-06-01,15125.00,Fully Paid,6.00
8057,24305,61764,2025-06-15,2025-08-15,9000.00,Fully Paid,6.00
8058,24306,65588,2024-08-12,2024-11-12,5000.00,Fully Paid,8.40
8059,24307,49182,2025-12-19,2026-03-19,30000.00,Fully Paid,6.00
8061,24313,48188,2025-04-17,2025-06-17,35000.00,Fully Paid,10.80
8062,24317,37789,2026-03-16,2026-05-16,15775.00,Active,6.00
8064,24321,38693,2024-12-17,2025-05-17,15000.00,Fully Paid,8.40
8065,24322,39460,2024-06-05,2024-09-05,4175.00,Fully Paid,6.00
8066,24325,38087,2024-08-25,2024-12-25,21000.00,Fully Paid,10.80
8069,24332,57973,2024-04-04,2024-05-04,8000.00,Active,14.40
8070,24333,7526,2024-09-06,2024-11-06,10000.00,Fully Paid,8.40
8072,24340,45266,2024-07-10,2024-11-10,10000.00,Fully Paid,6.00
8073,24341,67659,2025-08-13,2025-11-13,5000.00,Fully Paid,6.00
8074,24344,28182,2025-02-24,2025-08-24,21150.00,Fully Paid,8.40
8078,24359,47922,2025-10-30,2026-07-30,10500.00,Active,6.00
8079,24378,15290,2025-05-26,2025-12-26,12000.00,Fully Paid,8.40
8080,24383,1408,2024-06-24,2025-02-24,24000.00,Fully Paid,14.40
8081,24385,29981,2024-03-26,2024-05-26,15000.00,Fully Paid,6.00
8082,24389,27149,2026-04-16,2026-08-16,9000.00,Active,6.00
8083,24392,55996,2026-01-01,2026-09-01,12000.00,Active,6.00
8084,24397,40005,2025-01-24,2025-03-24,22400.00,Fully Paid,8.40
8085,24398,8778,2025-08-27,2026-03-27,3000.00,Fully Paid,6.00
8086,24402,45365,2025-05-08,2025-09-08,8400.00,Active,8.40
8087,24404,65967,2025-11-02,2026-01-02,15475.00,Defaulted,6.00
8088,24408,45203,2025-04-23,2025-12-23,32000.00,Active,6.00
8089,24409,42933,2025-05-26,2025-06-26,6075.00,Fully Paid,6.00
8090,24410,61861,2025-10-14,2025-11-14,35000.00,Fully Paid,10.80
8092,24414,47205,2025-11-22,2026-08-22,6000.00,Active,8.40
8093,24415,44830,2024-02-26,2024-04-26,19200.00,Active,14.40
8095,24419,18392,2024-03-03,2024-10-03,25200.00,Fully Paid,8.40
8096,24424,25542,2024-05-16,2025-01-16,3000.00,Fully Paid,8.40
8097,24427,4825,2024-10-18,2025-01-18,24000.00,Fully Paid,6.00
8098,24432,40387,2025-10-28,2026-01-28,17125.00,Fully Paid,6.00
8099,24444,9261,2025-10-14,2026-03-14,7000.00,Fully Paid,10.80
8101,24448,21846,2024-01-20,2024-05-20,24500.00,Fully Paid,8.40
8103,24459,27552,2024-04-19,2025-01-19,27500.00,Fully Paid,10.80
8104,24461,35151,2026-04-18,2026-10-18,20000.00,Active,6.00
8105,24469,39363,2024-08-01,2024-09-01,5000.00,Fully Paid,8.40
8106,24470,52492,2024-10-19,2025-06-19,20000.00,Fully Paid,8.40
8107,24472,33133,2024-12-21,2025-08-21,12000.00,Fully Paid,14.40
8111,24483,2007,2025-10-14,2026-01-14,20000.00,Fully Paid,6.00
8112,24485,60376,2026-04-07,2026-06-07,14000.00,Active,6.00
8113,24487,58472,2024-10-29,2025-03-29,9600.00,Fully Paid,6.00
8114,24488,62727,2025-07-30,2026-03-30,12500.00,Fully Paid,8.40
8115,24491,6540,2025-06-20,2025-12-20,8000.00,Defaulted,8.40
8116,24495,46933,2026-02-18,2026-03-18,3000.00,Fully Paid,14.40
8117,24499,44308,2024-12-25,2025-02-25,9100.00,Fully Paid,10.80
8118,24501,15874,2025-09-23,2026-06-23,18000.00,Active,8.40
8119,24502,64699,2024-08-25,2024-11-25,27600.00,Fully Paid,8.40
8120,24504,30724,2025-06-27,2026-01-27,9200.00,Fully Paid,6.00
8123,24512,5011,2025-07-16,2025-11-16,26400.00,Fully Paid,8.40
8127,24523,1773,2024-07-07,2025-02-07,20000.00,Fully Paid,14.40
8128,24525,32797,2026-05-18,2026-08-18,5500.00,Active,8.40
8129,24528,57107,2025-11-07,2026-01-07,9000.00,Fully Paid,14.40
8130,24531,62443,2025-09-28,2026-05-28,10050.00,Active,10.80
8132,24534,11619,2024-09-11,2025-04-11,12000.00,Fully Paid,6.00
8133,24544,8231,2024-04-24,2024-09-24,28000.00,Fully Paid,6.00
8134,24545,41464,2025-11-17,2026-03-17,5000.00,Defaulted,14.40
8135,24547,33920,2026-03-24,2026-07-24,12000.00,Active,14.40
8136,24548,67085,2024-10-25,2025-07-25,5000.00,Fully Paid,8.40
8138,24554,22824,2025-10-12,2026-01-12,12000.00,Active,6.00
8139,24556,26930,2025-12-01,2026-09-01,16000.00,Active,8.40
8140,24557,29466,2025-11-09,2026-06-09,6000.00,Active,8.40
8141,24560,52269,2024-07-01,2024-10-01,10000.00,Fully Paid,8.40
8142,24566,33942,2025-08-20,2026-01-20,7000.00,Active,8.40
8143,24568,4759,2025-10-04,2026-03-04,2400.00,Active,6.00
8144,24569,61966,2026-03-14,2026-04-14,19175.00,Active,10.80
8148,24582,62359,2024-07-11,2024-10-11,10000.00,Fully Paid,8.40
8149,24584,49187,2025-08-01,2026-01-01,6000.00,Active,6.00
8150,24585,21269,2024-08-28,2024-09-28,10000.00,Fully Paid,8.40
8151,24586,42868,2024-12-27,2025-02-27,16800.00,Fully Paid,8.40
8152,24587,16929,2026-01-04,2026-08-04,6400.00,Active,8.40
8153,24590,43158,2024-06-21,2024-08-21,25000.00,Fully Paid,10.80
8154,24596,59357,2025-10-19,2026-06-19,2200.00,Active,8.40
8155,24599,54898,2024-03-09,2024-10-09,12000.00,Fully Paid,8.40
8158,24605,49628,2024-09-29,2024-11-29,21000.00,Fully Paid,8.40
8160,24613,50485,2025-03-25,2025-12-25,4800.00,Fully Paid,6.00
8161,24614,21094,2024-08-01,2025-01-01,12000.00,Fully Paid,8.40
8162,24615,27403,2025-03-07,2025-07-07,6000.00,Fully Paid,14.40
8163,24622,65403,2025-12-05,2026-03-05,15000.00,Fully Paid,10.80
8166,24628,23101,2024-12-09,2025-01-09,10000.00,Defaulted,6.00
8167,24635,34662,2025-01-02,2025-10-02,10000.00,Fully Paid,6.00
8168,24642,34903,2025-08-16,2026-03-16,7000.00,Fully Paid,8.40
8170,24644,48869,2025-11-09,2025-12-09,12650.00,Active,10.80
8172,24650,28392,2024-04-11,2024-07-11,18000.00,Active,6.00
8173,24656,36760,2025-03-15,2025-08-15,8500.00,Fully Paid,6.00
8178,24669,52554,2025-03-12,2025-12-12,2775.00,Fully Paid,8.40
8181,24677,20371,2024-03-07,2024-07-07,9600.00,Fully Paid,6.00
8183,24681,54839,2025-11-21,2025-12-21,18000.00,Fully Paid,10.80
8184,24683,41961,2024-02-09,2024-04-09,13000.00,Fully Paid,10.80
8185,24687,42378,2026-04-29,2027-01-29,11000.00,Active,8.40
8186,24688,5801,2026-05-04,2027-02-04,10000.00,Active,6.00
8187,24689,20371,2026-04-25,2026-12-25,8000.00,Active,6.00
8188,24693,62939,2024-03-21,2024-07-21,21000.00,Fully Paid,8.40
8189,24695,57073,2025-08-28,2026-05-28,1200.00,Active,6.00
8191,24701,12675,2026-02-08,2026-03-08,20000.00,Active,6.00
8192,24703,58431,2026-03-08,2026-11-08,12000.00,Active,10.80
8193,24705,6736,2026-01-14,2026-02-14,13450.00,Fully Paid,10.80
8197,24720,39230,2024-10-04,2025-01-04,4000.00,Fully Paid,10.80
8198,24723,61888,2024-06-19,2024-12-19,32750.00,Fully Paid,8.40
8199,24724,64776,2024-07-06,2024-11-06,25000.00,Fully Paid,8.40
8200,24729,18828,2025-08-21,2026-03-21,10000.00,Fully Paid,14.40
8202,24732,28666,2026-02-22,2026-08-22,12000.00,Active,6.00
8203,24743,19546,2024-10-17,2025-03-17,14000.00,Fully Paid,8.40
8205,24752,42728,2025-04-26,2025-06-26,7200.00,Fully Paid,8.40
8207,24755,284,2025-07-26,2026-01-26,15000.00,Fully Paid,8.40
8211,24781,64345,2026-02-06,2026-07-06,5000.00,Active,14.40
8213,24789,6744,2025-11-10,2026-02-10,20000.00,Fully Paid,8.40
8215,24791,15195,2025-03-30,2025-09-30,13000.00,Fully Paid,6.00
8216,24792,46996,2025-07-14,2025-12-14,25000.00,Active,6.00
8217,24793,21148,2024-12-10,2025-01-10,6000.00,Fully Paid,10.80
8218,24794,41708,2025-06-14,2025-07-14,10000.00,Fully Paid,8.40
8219,24795,30589,2024-04-12,2024-05-12,6000.00,Fully Paid,6.00
8220,24797,34181,2025-03-21,2025-05-21,10000.00,Fully Paid,14.40
8221,24798,60010,2024-09-04,2025-06-04,25000.00,Defaulted,8.40
8223,24805,64541,2025-12-09,2026-01-09,16000.00,Fully Paid,10.80
8224,24808,8173,2025-02-12,2025-11-12,24750.00,Fully Paid,8.40
8225,24811,24172,2024-09-03,2024-11-03,15000.00,Fully Paid,10.80
8227,24814,21434,2025-05-05,2025-12-05,10000.00,Fully Paid,10.80
8228,24816,47515,2024-10-14,2025-04-14,1000.00,Fully Paid,8.40
8230,24821,14304,2024-03-31,2024-10-31,28000.00,Fully Paid,14.40
8231,24825,27140,2025-03-03,2025-07-03,32000.00,Fully Paid,10.80
8233,24828,772,2025-10-13,2026-06-13,20200.00,Active,10.80
8234,24829,2190,2024-11-08,2025-04-08,4000.00,Active,8.40
8235,24831,65070,2024-08-02,2025-02-02,16000.00,Fully Paid,6.00
8236,24833,31069,2026-02-23,2026-09-23,4800.00,Active,6.00
8237,24839,58792,2026-04-14,2027-01-14,12000.00,Active,10.80
8238,24845,62426,2025-05-03,2025-09-03,16000.00,Fully Paid,6.00
8239,24846,24287,2026-05-19,2026-07-19,2000.00,Active,6.00
8240,24849,21787,2025-04-17,2025-10-17,3500.00,Active,14.40
8241,24850,28136,2024-01-10,2024-04-10,15000.00,Fully Paid,14.40
8242,24856,61317,2024-06-26,2024-09-26,7200.00,Fully Paid,6.00
8244,24869,384,2025-10-10,2026-07-10,16500.00,Active,6.00
8245,24871,11092,2026-02-23,2026-05-23,6000.00,Fully Paid,14.40
8246,24877,43639,2024-06-19,2024-08-19,27200.00,Fully Paid,6.00
8248,24882,5326,2025-05-26,2026-02-26,20000.00,Fully Paid,6.00
8250,24889,8328,2024-09-16,2025-02-16,1500.00,Fully Paid,14.40
8251,24893,47962,2025-10-06,2025-11-06,3600.00,Fully Paid,6.00
8252,24905,18902,2024-10-12,2025-05-12,5600.00,Fully Paid,6.00
8253,24909,27641,2024-12-01,2025-02-01,25000.00,Fully Paid,6.00
8254,24910,10735,2024-05-28,2024-09-28,5000.00,Active,6.00
8255,24912,16174,2026-04-19,2026-09-19,20000.00,Active,6.00
8257,24917,62172,2024-10-03,2025-07-03,5000.00,Fully Paid,14.40
8260,24922,50608,2024-02-22,2024-05-22,12000.00,Fully Paid,6.00
8261,24923,22362,2025-12-07,2026-05-07,10500.00,Fully Paid,6.00
8267,24937,39391,2024-04-30,2024-08-30,14200.00,Fully Paid,6.00
8269,24939,10781,2024-09-23,2025-02-23,16000.00,Fully Paid,14.40
8271,24944,25460,2025-03-24,2025-11-24,18000.00,Fully Paid,14.40
8272,24945,27359,2025-08-04,2025-11-04,5600.00,Fully Paid,14.40
8273,24947,4191,2024-03-20,2024-07-20,6300.00,Fully Paid,6.00
8274,24950,34622,2025-10-29,2026-06-29,8000.00,Active,10.80
8275,24951,6726,2024-09-07,2025-01-07,1200.00,Fully Paid,8.40
8276,24953,56903,2026-05-04,2026-11-04,24000.00,Active,8.40
8277,24955,15553,2026-02-09,2026-11-09,10000.00,Active,6.00
8278,24956,67474,2026-04-05,2027-01-05,7000.00,Active,6.00
8279,24958,21946,2025-08-28,2026-05-28,7500.00,Active,6.00
8280,24967,22220,2024-10-17,2025-07-17,25000.00,Fully Paid,14.40
8281,24972,10408,2025-11-05,2026-06-05,24000.00,Active,6.00
8283,24975,19943,2025-10-17,2026-02-17,20000.00,Fully Paid,8.40
8285,24979,15235,2024-12-04,2025-08-04,14000.00,Fully Paid,6.00
8286,24984,37092,2025-09-21,2025-10-21,11875.00,Fully Paid,10.80
8288,24988,46885,2024-10-15,2025-01-15,20000.00,Fully Paid,14.40
8291,24998,31324,2026-04-27,2026-11-27,7550.00,Active,6.00
8294,25011,33945,2025-03-09,2025-07-09,7000.00,Fully Paid,6.00
8296,25017,7737,2025-05-02,2025-06-02,10000.00,Fully Paid,6.00
8297,25019,39561,2026-05-19,2026-07-19,5000.00,Active,10.80
8298,25021,32680,2024-01-19,2024-05-19,2400.00,Fully Paid,6.00
8301,25034,45087,2024-01-23,2024-08-23,14400.00,Fully Paid,8.40
8302,25036,32299,2025-07-31,2025-09-30,7325.00,Fully Paid,6.00
8303,25043,4468,2024-06-26,2025-03-26,12000.00,Fully Paid,10.80
8304,25044,20214,2026-01-10,2026-04-10,18000.00,Fully Paid,8.40
8306,25046,33908,2024-02-23,2024-07-23,21600.00,Fully Paid,8.40
8307,25047,747,2025-03-26,2025-09-26,10225.00,Active,6.00
8308,25050,41704,2025-09-02,2026-05-02,30000.00,Fully Paid,6.00
8309,25051,55345,2025-09-09,2025-11-09,8000.00,Fully Paid,6.00
8310,25053,5620,2024-06-13,2024-09-13,11200.00,Fully Paid,10.80
8311,25054,57722,2026-04-25,2026-10-25,20000.00,Active,10.80
8312,25055,6932,2025-01-09,2025-04-09,9975.00,Fully Paid,6.00
8313,25056,11135,2024-03-16,2024-09-16,5500.00,Fully Paid,6.00
8314,25058,39510,2026-04-25,2026-08-25,7200.00,Active,8.40
8315,25070,18715,2024-10-13,2024-12-13,21000.00,Fully Paid,14.40
8316,25082,64427,2025-11-08,2025-12-08,5000.00,Fully Paid,8.40
8317,25084,10098,2024-08-26,2025-05-26,35000.00,Fully Paid,14.40
8318,25089,27138,2025-07-26,2025-09-26,12000.00,Fully Paid,14.40
8319,25090,56173,2024-11-15,2024-12-15,4000.00,Fully Paid,14.40
8320,25092,26701,2025-07-02,2025-10-02,24000.00,Fully Paid,10.80
8322,25095,36326,2025-10-15,2025-12-15,14000.00,Fully Paid,10.80
8323,25097,4347,2024-05-19,2024-09-19,8000.00,Fully Paid,6.00
8325,25102,55628,2025-04-19,2025-10-19,15000.00,Fully Paid,6.00
8326,25103,19369,2024-02-06,2024-07-06,7000.00,Active,6.00
8327,25105,58386,2026-05-01,2027-01-01,14700.00,Active,8.40
8328,25109,43704,2025-03-05,2025-12-05,15000.00,Active,8.40
8329,25111,39086,2024-04-13,2024-12-13,24200.00,Fully Paid,6.00
8331,25116,18314,2025-12-19,2026-09-19,25000.00,Active,8.40
8332,25118,23464,2025-09-06,2026-04-06,14675.00,Fully Paid,6.00
8333,25120,37626,2025-02-12,2025-10-12,14400.00,Fully Paid,14.40
8335,25127,26422,2024-12-19,2025-05-19,12800.00,Fully Paid,8.40
8336,25128,39380,2026-01-17,2026-07-17,5000.00,Active,6.00
8337,25131,5607,2025-08-01,2025-09-01,15150.00,Defaulted,8.40
8338,25134,52908,2026-01-30,2026-08-30,6000.00,Active,6.00
8339,25138,55099,2025-06-12,2025-07-12,11000.00,Fully Paid,6.00
8340,25146,29299,2026-01-14,2026-09-14,30000.00,Active,10.80
8342,25150,9138,2024-08-12,2025-02-12,5000.00,Fully Paid,10.80
8343,25153,63511,2024-08-04,2024-09-04,5000.00,Fully Paid,10.80
8345,25164,39182,2024-09-04,2025-01-04,12000.00,Fully Paid,10.80
8350,25181,66841,2025-08-22,2025-10-22,4000.00,Fully Paid,8.40
8352,25190,10596,2025-03-06,2025-12-06,12000.00,Defaulted,6.00
8354,25195,65384,2026-01-01,2026-03-01,17000.00,Fully Paid,8.40
8355,25197,49091,2024-07-31,2024-11-30,16125.00,Active,8.40
8359,25205,45279,2025-04-20,2025-06-20,24750.00,Fully Paid,6.00
8360,25206,26995,2026-04-23,2027-01-23,10000.00,Active,6.00
8361,25207,34086,2025-06-15,2025-11-15,10000.00,Fully Paid,6.00
8363,25216,43088,2024-06-01,2025-03-01,18475.00,Fully Paid,8.40
8364,25217,62650,2024-02-08,2024-11-08,35000.00,Active,8.40
8365,25220,436,2025-01-09,2025-03-09,15000.00,Fully Paid,14.40
8366,25224,4111,2024-10-17,2024-11-17,30000.00,Fully Paid,14.40
8368,25231,62479,2024-09-12,2024-11-12,5500.00,Fully Paid,8.40
8370,25234,65727,2024-07-07,2024-10-07,10000.00,Fully Paid,14.40
8372,25240,32600,2025-11-25,2026-06-25,5200.00,Active,6.00
8373,25241,62767,2026-03-05,2026-04-05,18250.00,Fully Paid,6.00
8374,25242,54013,2025-09-30,2026-03-30,18000.00,Fully Paid,10.80
8376,25244,39682,2025-03-05,2025-08-05,2500.00,Fully Paid,6.00
8382,25253,8227,2026-01-14,2026-04-14,7500.00,Active,8.40
8383,25254,30881,2025-02-06,2025-04-06,2000.00,Fully Paid,6.00
8384,25255,26858,2024-07-02,2024-11-02,24000.00,Fully Paid,6.00
8385,25256,61402,2024-03-24,2024-06-24,18325.00,Fully Paid,6.00
8386,25259,3365,2024-08-09,2025-02-09,30000.00,Fully Paid,6.00
8391,25272,20719,2024-01-13,2024-08-13,7200.00,Fully Paid,6.00
8392,25279,63184,2025-01-20,2025-08-20,15000.00,Fully Paid,6.00
8394,25289,15156,2025-02-07,2025-11-07,6975.00,Fully Paid,8.40
8395,25304,21031,2024-07-12,2025-02-12,24850.00,Fully Paid,8.40
8396,25306,46534,2024-01-07,2024-02-07,3000.00,Fully Paid,6.00
8399,25313,38936,2026-01-17,2026-07-17,2500.00,Active,8.40
8400,25315,37490,2024-11-03,2025-02-03,11500.00,Active,10.80
8401,25319,50810,2024-10-08,2025-03-08,15000.00,Fully Paid,8.40
8403,25322,61185,2025-01-31,2025-04-30,12000.00,Defaulted,8.40
8404,25329,45285,2025-10-20,2026-06-20,9175.00,Active,10.80
8406,25335,2808,2024-10-22,2025-07-22,20000.00,Fully Paid,8.40
8407,25337,46923,2024-06-08,2024-10-08,10000.00,Fully Paid,14.40
8408,25339,50904,2025-07-05,2025-12-05,13000.00,Fully Paid,6.00
8409,25341,60526,2024-09-24,2025-05-24,11200.00,Fully Paid,8.40
8411,25347,17023,2026-02-25,2026-08-25,12025.00,Active,6.00
8412,25351,63707,2025-05-07,2026-01-07,18000.00,Fully Paid,8.40
8414,25356,31966,2024-04-21,2024-10-21,13075.00,Fully Paid,6.00
8416,25359,61469,2025-03-29,2025-12-29,30000.00,Fully Paid,14.40
8418,25369,24339,2025-09-11,2025-10-11,4000.00,Fully Paid,8.40
8420,25381,39790,2025-09-29,2025-12-29,5500.00,Fully Paid,6.00
8421,25383,63428,2026-04-07,2026-06-07,6400.00,Active,8.40
8422,25386,38277,2024-02-10,2024-03-10,2800.00,Fully Paid,10.80
8424,25391,54532,2026-02-15,2026-09-15,8000.00,Active,6.00
8427,25396,36425,2026-02-18,2026-11-18,14750.00,Active,8.40
8429,25404,63637,2025-10-27,2026-02-27,22000.00,Fully Paid,10.80
8432,25413,43451,2026-05-08,2026-08-08,23075.00,Active,6.00
8433,25417,64113,2024-05-07,2024-06-07,11200.00,Fully Paid,14.40
8434,25421,52252,2024-08-16,2025-04-16,4500.00,Fully Paid,10.80
8435,25423,25731,2025-06-22,2026-03-22,9175.00,Fully Paid,6.00
8436,25426,39532,2024-08-31,2025-01-31,18000.00,Fully Paid,8.40
8437,25428,44717,2024-04-06,2024-12-06,5000.00,Fully Paid,6.00
8439,25433,1850,2025-10-21,2025-11-21,7000.00,Fully Paid,10.80
8440,25434,114,2025-08-07,2026-01-07,10000.00,Fully Paid,6.00
8441,25436,54789,2025-03-06,2025-09-06,24000.00,Fully Paid,6.00
8442,25438,48417,2024-12-19,2025-03-19,12000.00,Fully Paid,8.40
8443,25441,16999,2024-03-05,2024-06-05,5000.00,Fully Paid,6.00
8444,25442,18592,2024-07-01,2024-10-01,11200.00,Fully Paid,8.40
8445,25447,38885,2025-10-23,2026-06-23,1500.00,Active,6.00
8446,25451,49907,2026-02-02,2026-04-02,7200.00,Fully Paid,8.40
8447,25455,19647,2025-11-22,2026-02-22,13500.00,Fully Paid,10.80
8448,25456,46904,2025-05-16,2025-11-16,8500.00,Fully Paid,6.00
8450,25459,67932,2026-03-18,2026-08-18,20725.00,Active,6.00
8451,25464,18723,2025-05-08,2026-02-08,15000.00,Fully Paid,6.00
8452,25465,58871,2024-10-05,2025-07-05,1200.00,Fully Paid,6.00
8453,25467,55299,2025-09-12,2026-03-12,13000.00,Fully Paid,10.80
8454,25469,13694,2025-07-19,2025-09-19,20000.00,Fully Paid,8.40
8455,25470,14600,2025-09-14,2026-04-14,28000.00,Fully Paid,6.00
8456,25474,4695,2024-06-11,2025-02-11,8800.00,Fully Paid,6.00
8457,25479,16270,2025-12-07,2026-07-07,10000.00,Active,8.40
8458,25480,44387,2024-12-26,2025-03-26,12000.00,Fully Paid,10.80
8459,25481,19615,2024-05-01,2024-09-01,6400.00,Fully Paid,10.80
8460,25484,9652,2025-10-04,2026-05-04,15600.00,Fully Paid,6.00
8462,25487,34454,2025-12-17,2026-06-17,15000.00,Active,10.80
8463,25491,27840,2025-10-25,2026-07-25,9800.00,Active,6.00
8464,25492,8306,2026-02-27,2026-07-27,10000.00,Active,6.00
8465,25493,32643,2026-05-03,2026-09-03,20000.00,Active,8.40
8466,25494,44645,2024-09-17,2025-06-17,14650.00,Fully Paid,6.00
8467,25496,63727,2026-04-03,2026-09-03,4200.00,Active,6.00
8468,25500,56532,2025-02-07,2025-05-07,3000.00,Fully Paid,6.00
8469,25501,27732,2024-02-18,2024-11-18,5000.00,Fully Paid,6.00
8473,25509,56232,2024-12-29,2025-08-29,14000.00,Active,10.80
8479,25525,60830,2024-11-15,2024-12-15,15000.00,Fully Paid,10.80
8480,25526,29940,2024-08-30,2024-10-30,13800.00,Fully Paid,10.80
8481,25536,52117,2025-12-03,2026-09-03,7200.00,Active,8.40
8483,25549,46319,2025-10-04,2026-06-04,10000.00,Active,8.40
8484,25550,6248,2024-01-14,2024-07-14,18000.00,Fully Paid,8.40
8485,25555,20453,2025-04-02,2025-07-02,12000.00,Active,8.40
8486,25563,35435,2024-03-22,2024-12-22,9600.00,Active,8.40
8487,25564,65058,2025-07-29,2025-12-29,8000.00,Fully Paid,6.00
8488,25566,41147,2025-01-27,2025-05-27,1000.00,Fully Paid,6.00
8490,25570,7720,2026-01-25,2026-08-25,8000.00,Active,6.00
8493,25574,15699,2024-02-13,2024-08-13,2000.00,Defaulted,8.40
8497,25580,13520,2024-01-08,2024-10-08,7150.00,Fully Paid,6.00
8498,25582,27428,2025-11-11,2026-07-11,4800.00,Active,10.80
8499,25585,9931,2025-04-07,2025-07-07,18000.00,Fully Paid,6.00
8500,25586,41212,2024-12-23,2025-07-23,9000.00,Fully Paid,6.00
8501,25587,26412,2026-03-28,2026-12-28,25000.00,Active,8.40
8503,25592,46082,2025-10-06,2025-11-06,2700.00,Fully Paid,6.00
8505,25597,7493,2024-04-06,2024-07-06,13200.00,Active,6.00
8507,25603,24694,2025-09-22,2026-02-22,18075.00,Defaulted,6.00
8508,25605,32940,2025-08-02,2025-09-02,19900.00,Fully Paid,8.40
8511,25622,19572,2024-03-01,2024-05-01,21600.00,Fully Paid,14.40
8512,25625,19225,2024-11-07,2025-06-07,1600.00,Fully Paid,10.80
8513,25626,25213,2025-07-02,2025-11-02,10000.00,Fully Paid,6.00
8515,25629,46867,2025-03-25,2025-11-25,7775.00,Fully Paid,6.00
8517,25634,50272,2026-04-11,2026-07-11,12000.00,Active,14.40
8518,25638,57586,2024-11-25,2025-07-25,12000.00,Fully Paid,6.00
8519,25639,13270,2026-04-06,2026-10-06,20000.00,Active,14.40
8520,25640,24521,2024-09-15,2025-04-15,30000.00,Fully Paid,10.80
8523,25650,20770,2025-01-11,2025-07-11,2000.00,Active,6.00
8524,25653,29035,2025-03-29,2025-10-29,12000.00,Fully Paid,6.00
8526,25655,64314,2026-02-19,2026-08-19,6000.00,Active,8.40
8528,25658,5776,2025-06-20,2026-03-20,3000.00,Active,8.40
8530,25660,11563,2025-04-16,2025-12-16,12000.00,Active,8.40
8533,25668,56527,2025-11-15,2026-03-15,24000.00,Fully Paid,14.40
8534,25669,20146,2024-04-23,2024-05-23,4000.00,Fully Paid,8.40
8535,25676,64126,2025-04-25,2025-05-25,9000.00,Fully Paid,10.80
8536,25677,61620,2025-12-15,2026-04-15,19000.00,Fully Paid,10.80
8538,25685,5682,2024-04-24,2024-12-24,5000.00,Fully Paid,8.40
8540,25694,32299,2025-03-30,2025-12-30,14000.00,Fully Paid,10.80
8541,25697,20371,2024-11-21,2025-08-21,10000.00,Fully Paid,6.00
8542,25699,67752,2025-04-17,2025-11-17,1450.00,Fully Paid,8.40
8543,25700,32351,2025-11-22,2026-02-22,35000.00,Fully Paid,6.00
8544,25702,31917,2025-01-08,2025-02-08,30000.00,Fully Paid,10.80
8545,25703,1963,2026-04-06,2026-06-06,5500.00,Active,6.00
8547,25705,49531,2025-07-19,2026-02-19,6000.00,Fully Paid,6.00
8548,25707,27311,2024-02-19,2024-08-19,3500.00,Fully Paid,8.40
8549,25711,38178,2026-02-16,2026-03-16,2200.00,Fully Paid,6.00
8550,25714,64379,2025-12-02,2026-01-02,6600.00,Fully Paid,8.40
8552,25718,57137,2024-09-05,2025-05-05,28000.00,Fully Paid,10.80
8553,25725,29246,2024-06-30,2024-11-30,20000.00,Fully Paid,8.40
8555,25737,48090,2025-03-17,2025-06-17,8000.00,Fully Paid,14.40
8556,25740,58443,2026-02-24,2026-08-24,10000.00,Active,8.40
8557,25743,60560,2025-07-14,2025-12-14,7500.00,Fully Paid,6.00
8559,25748,53949,2025-02-27,2025-04-27,13000.00,Fully Paid,8.40
8560,25751,40920,2025-02-21,2025-09-21,7000.00,Fully Paid,6.00
8561,25752,19557,2025-03-06,2025-09-06,12000.00,Fully Paid,14.40
8563,25755,26209,2025-10-04,2026-07-04,4225.00,Active,6.00
8565,25759,659,2024-06-06,2024-12-06,35000.00,Fully Paid,6.00
8566,25764,59279,2024-11-11,2025-03-11,15000.00,Fully Paid,6.00
8568,25769,66045,2024-02-06,2024-09-06,20000.00,Fully Paid,8.40
8569,25776,61240,2024-02-16,2024-04-16,21600.00,Defaulted,8.40
8570,25782,15095,2024-05-20,2024-08-20,4200.00,Defaulted,10.80
8572,25787,21970,2026-03-05,2026-05-05,18350.00,Fully Paid,14.40
8575,25795,23254,2024-03-10,2024-05-10,3200.00,Active,10.80
8576,25799,59840,2025-08-03,2025-09-03,11200.00,Fully Paid,14.40
8577,25805,34983,2024-01-08,2024-03-08,15000.00,Fully Paid,6.00
8578,25806,64150,2025-04-22,2025-10-22,11400.00,Fully Paid,6.00
8580,25815,12777,2024-02-20,2024-07-20,14400.00,Fully Paid,6.00
8583,25823,30477,2026-05-18,2026-10-18,14000.00,Active,6.00
8584,25826,62400,2024-02-20,2024-05-20,9500.00,Fully Paid,6.00
8585,25827,18094,2024-05-14,2024-06-14,20000.00,Fully Paid,6.00
8586,25828,7938,2026-03-10,2026-09-10,2000.00,Active,8.40
8587,25829,36797,2024-11-30,2025-06-30,5275.00,Fully Paid,8.40
8589,25833,60474,2025-07-02,2025-09-02,10000.00,Defaulted,6.00
8593,25846,21242,2025-02-25,2025-06-25,35000.00,Fully Paid,8.40
8595,25854,39239,2025-12-02,2026-06-02,3050.00,Active,14.40
8598,25866,60827,2025-12-11,2026-04-11,12000.00,Active,10.80
8599,25871,11241,2024-12-08,2025-01-08,15000.00,Fully Paid,8.40
8600,25878,8354,2024-12-18,2025-06-18,11000.00,Fully Paid,6.00
8602,25881,61,2025-09-22,2025-10-22,15000.00,Fully Paid,6.00
8603,25883,18102,2025-10-05,2026-05-05,20000.00,Active,6.00
8606,25886,17573,2024-03-08,2024-12-08,10000.00,Fully Paid,6.00
8608,25890,38119,2026-03-25,2026-07-25,8000.00,Active,14.40
8610,25896,38260,2025-07-20,2026-04-20,10000.00,Fully Paid,8.40
8611,25898,41032,2025-08-05,2025-11-05,22250.00,Active,8.40
8613,25902,47462,2024-08-26,2024-12-26,11900.00,Fully Paid,6.00
8615,25906,33887,2024-06-29,2024-09-29,12000.00,Fully Paid,6.00
8617,25922,66734,2024-08-14,2024-10-14,11000.00,Fully Paid,6.00
8618,25923,4238,2025-02-06,2025-06-06,24000.00,Fully Paid,6.00
8619,25924,9173,2025-01-10,2025-07-10,22400.00,Active,10.80
8620,25927,19445,2025-10-05,2026-03-05,15000.00,Fully Paid,8.40
8621,25928,17918,2025-02-20,2025-03-20,25000.00,Fully Paid,6.00
8625,25950,10826,2026-04-26,2026-11-26,15000.00,Active,8.40
8627,25957,3037,2025-01-23,2025-07-23,7800.00,Fully Paid,14.40
8631,25965,47540,2024-10-06,2025-04-06,14875.00,Fully Paid,10.80
8632,25966,37585,2026-01-10,2026-03-10,7200.00,Fully Paid,8.40
8633,25972,46500,2024-08-23,2025-01-23,14000.00,Fully Paid,8.40
8635,25978,1996,2025-07-26,2026-03-26,7500.00,Fully Paid,10.80
8636,25981,15699,2026-01-30,2026-04-30,3000.00,Defaulted,10.80
8638,25997,41785,2025-03-09,2025-04-09,18000.00,Fully Paid,10.80
8639,26000,6271,2025-04-24,2026-01-24,6825.00,Fully Paid,8.40
8641,26005,34488,2024-11-17,2025-03-17,14000.00,Fully Paid,8.40
8642,26008,41942,2024-01-24,2024-03-24,9600.00,Fully Paid,6.00
8643,26011,31872,2025-11-15,2026-02-15,6000.00,Fully Paid,10.80
8644,26012,41492,2025-12-25,2026-08-25,18000.00,Active,10.80
8645,26015,29826,2024-08-04,2024-09-04,16000.00,Fully Paid,6.00
8647,26017,33023,2024-07-27,2025-02-27,22500.00,Fully Paid,10.80
8648,26018,21538,2024-10-02,2025-03-02,5000.00,Fully Paid,10.80
8649,26021,38848,2026-01-20,2026-02-20,28000.00,Fully Paid,6.00
8650,26023,50888,2024-02-16,2024-07-16,10000.00,Fully Paid,8.40
8651,26024,11520,2024-10-26,2024-12-26,22000.00,Fully Paid,8.40
8654,26030,46969,2025-06-28,2025-11-28,20000.00,Fully Paid,8.40
8655,26037,45260,2024-10-24,2025-04-24,20000.00,Fully Paid,8.40
8658,26043,54688,2025-06-15,2025-08-15,1000.00,Fully Paid,14.40
8660,26049,60558,2024-06-14,2024-12-14,9125.00,Fully Paid,8.40
8662,26052,57722,2024-12-13,2025-02-13,26675.00,Fully Paid,6.00
8663,26053,35011,2025-01-29,2025-06-29,6000.00,Fully Paid,6.00
8665,26058,20680,2025-01-19,2025-04-19,19000.00,Fully Paid,8.40
8666,26060,46822,2024-01-21,2024-08-21,30000.00,Fully Paid,6.00
8667,26062,40555,2024-04-16,2024-10-16,11200.00,Fully Paid,10.80
8668,26063,6102,2024-04-18,2024-06-18,24350.00,Active,8.40
8669,26064,14550,2025-11-08,2026-07-08,35000.00,Active,10.80
8670,26067,49438,2026-05-06,2026-12-06,7000.00,Active,8.40
8671,26069,44490,2025-05-21,2025-09-21,9600.00,Fully Paid,8.40
8673,26074,5588,2025-11-13,2026-03-13,20000.00,Fully Paid,10.80
8674,26080,22912,2025-09-04,2025-12-04,25125.00,Fully Paid,8.40
8675,26082,8348,2024-05-05,2025-01-05,20000.00,Fully Paid,6.00
8678,26088,39331,2024-03-02,2024-07-02,12000.00,Active,6.00
8680,26094,18828,2024-02-25,2024-11-25,10000.00,Fully Paid,6.00
8685,26106,58170,2025-03-25,2025-07-25,3600.00,Fully Paid,10.80
8687,26110,4136,2025-08-03,2025-09-03,11400.00,Fully Paid,10.80
8688,26111,50984,2026-05-14,2027-01-14,30000.00,Active,8.40
8689,26112,1118,2025-08-06,2025-10-06,10000.00,Fully Paid,10.80
8690,26116,1850,2024-10-25,2025-07-25,14000.00,Fully Paid,8.40
8691,26118,61564,2026-01-27,2026-08-27,8000.00,Active,6.00
8693,26125,17190,2024-09-16,2025-05-16,5000.00,Fully Paid,8.40
8694,26132,9652,2024-11-06,2025-08-06,10000.00,Fully Paid,6.00
8695,26133,49209,2025-11-17,2026-07-17,32250.00,Active,10.80
8696,26134,975,2025-06-26,2026-01-26,5000.00,Active,6.00
8697,26136,38018,2025-04-20,2025-05-20,5600.00,Fully Paid,8.40
8698,26138,56684,2024-09-03,2025-06-03,1200.00,Fully Paid,6.00
8699,26140,67905,2025-01-23,2025-07-23,16225.00,Fully Paid,8.40
8700,26145,22864,2026-05-01,2026-11-01,3600.00,Active,14.40
8701,26146,21921,2026-01-28,2026-02-28,1000.00,Fully Paid,10.80
8702,26154,40883,2026-01-30,2026-06-30,5000.00,Active,10.80
8703,26156,14958,2025-06-16,2025-11-16,25000.00,Fully Paid,6.00
8705,26160,18193,2025-02-24,2025-03-24,5000.00,Fully Paid,14.40
8706,26161,29878,2024-12-13,2025-07-13,6000.00,Fully Paid,6.00
8710,26169,38858,2026-03-02,2026-07-02,14825.00,Active,6.00
8711,26170,64809,2024-07-19,2024-12-19,6400.00,Fully Paid,8.40
8713,26175,28690,2024-08-14,2025-02-14,7000.00,Fully Paid,8.40
8714,26178,67553,2025-04-02,2025-12-02,6000.00,Fully Paid,10.80
8715,26182,5561,2024-11-16,2025-07-16,20000.00,Fully Paid,8.40
8716,26184,4825,2024-12-07,2025-04-07,6000.00,Fully Paid,8.40
8718,26198,9067,2024-11-06,2025-05-06,15000.00,Defaulted,10.80
8721,26208,15372,2024-11-23,2025-08-23,9000.00,Fully Paid,8.40
8723,26216,31911,2025-06-28,2025-07-28,10000.00,Fully Paid,6.00
8724,26218,13906,2024-10-17,2025-05-17,4000.00,Fully Paid,8.40
8725,26220,56767,2026-05-14,2026-06-14,25000.00,Active,14.40
8726,26221,1499,2024-06-15,2024-12-15,20050.00,Defaulted,10.80
8727,26223,29146,2025-12-30,2026-02-28,6000.00,Fully Paid,6.00
8728,26224,49067,2024-04-01,2024-09-01,15000.00,Fully Paid,8.40
8730,26230,27074,2024-01-28,2024-03-28,13500.00,Fully Paid,6.00
8731,26231,61222,2026-04-24,2027-01-24,6600.00,Active,6.00
8732,26233,53339,2024-03-03,2024-07-03,16000.00,Active,8.40
8733,26238,51684,2025-08-10,2025-09-10,5000.00,Fully Paid,6.00
8734,26243,61251,2026-01-11,2026-10-11,10000.00,Active,8.40
8737,26254,56168,2025-01-06,2025-07-06,12000.00,Active,6.00
8739,26259,51067,2026-05-09,2027-01-09,10000.00,Active,6.00
8740,26269,4042,2024-03-15,2024-11-15,22000.00,Fully Paid,6.00
8741,26270,18256,2024-04-05,2024-10-05,8000.00,Defaulted,8.40
8744,26280,16322,2025-07-24,2025-10-24,16000.00,Fully Paid,6.00
8745,26282,2460,2025-01-14,2025-08-14,28000.00,Active,14.40
8747,26291,63683,2025-08-07,2026-01-07,10000.00,Fully Paid,10.80
8748,26294,14710,2024-11-22,2025-06-22,25000.00,Active,8.40
8749,26310,9369,2025-10-08,2026-06-08,35000.00,Active,8.40
8751,26315,8953,2025-11-27,2026-08-27,11700.00,Active,10.80
8754,26331,67543,2025-12-24,2026-08-24,1000.00,Active,6.00
8755,26338,64637,2024-10-27,2025-04-27,35000.00,Fully Paid,6.00
8758,26348,28627,2024-10-07,2025-02-07,7000.00,Fully Paid,6.00
8760,26352,59247,2025-03-25,2025-04-25,6500.00,Fully Paid,6.00
8761,26353,14390,2025-07-04,2026-02-04,19300.00,Fully Paid,8.40
8764,26373,39960,2024-03-16,2024-08-16,30000.00,Fully Paid,6.00
8765,26382,30274,2025-08-28,2025-12-28,15000.00,Fully Paid,6.00
8766,26383,56781,2024-02-04,2024-11-04,15200.00,Fully Paid,6.00
8770,26395,16557,2025-05-12,2025-08-12,2000.00,Fully Paid,8.40
8771,26397,51997,2024-03-05,2024-08-05,2000.00,Defaulted,14.40
8772,26398,54991,2025-05-14,2025-11-14,20000.00,Fully Paid,8.40
8773,26404,64596,2024-11-14,2025-07-14,12000.00,Fully Paid,10.80
8774,26406,48549,2026-03-01,2026-06-01,1925.00,Active,6.00
8775,26407,55677,2025-12-07,2026-05-07,8000.00,Fully Paid,6.00
8778,26421,52043,2025-10-26,2026-01-26,6000.00,Fully Paid,10.80
8779,26428,43633,2025-10-07,2026-05-07,8000.00,Fully Paid,6.00
8780,26432,38409,2026-03-11,2026-11-11,7000.00,Active,10.80
8781,26437,50424,2025-03-14,2025-10-14,10600.00,Fully Paid,6.00
8783,26439,27269,2025-01-22,2025-04-22,14600.00,Fully Paid,10.80
8785,26445,23442,2026-04-14,2026-11-14,2000.00,Active,6.00
8786,26446,55528,2024-04-07,2024-09-07,21000.00,Fully Paid,6.00
8789,26460,12090,2025-01-24,2025-09-24,13400.00,Fully Paid,8.40
8791,26462,16985,2025-02-16,2025-06-16,10000.00,Fully Paid,10.80
8792,26466,28545,2026-01-22,2026-02-22,20000.00,Fully Paid,10.80
8793,26467,57248,2025-02-03,2025-06-03,24000.00,Fully Paid,10.80
8794,26471,26804,2025-03-03,2025-07-03,5350.00,Active,10.80
8795,26472,15610,2024-07-10,2024-11-10,31000.00,Fully Paid,6.00
8796,26474,6932,2025-08-08,2026-03-08,6000.00,Active,10.80
8797,26482,53950,2025-12-31,2026-04-30,6000.00,Fully Paid,10.80
8798,26483,62172,2025-06-16,2025-09-16,10000.00,Fully Paid,14.40
8800,26486,38876,2025-01-19,2025-08-19,9600.00,Fully Paid,14.40
8801,26493,6838,2024-08-06,2024-11-06,28000.00,Fully Paid,6.00
8802,26495,61693,2025-01-04,2025-02-04,15000.00,Defaulted,6.00
8804,26503,41128,2025-05-18,2025-10-18,10500.00,Fully Paid,6.00
8806,26514,47467,2026-01-16,2026-09-16,1700.00,Active,14.40
8807,26515,66841,2025-07-01,2025-10-01,9000.00,Fully Paid,6.00
8808,26516,39124,2025-11-27,2026-02-27,19200.00,Fully Paid,8.40
8809,26518,3369,2024-10-20,2025-07-20,5000.00,Fully Paid,10.80
8810,26522,30536,2025-08-13,2025-12-13,3600.00,Fully Paid,8.40
8811,26523,59703,2024-02-21,2024-04-21,25000.00,Fully Paid,6.00
8812,26524,41112,2024-06-09,2024-08-09,4500.00,Fully Paid,10.80
8813,26526,39916,2024-07-04,2024-08-04,4000.00,Fully Paid,8.40
8815,26530,32687,2024-10-18,2024-11-18,30000.00,Fully Paid,8.40
8816,26532,13003,2025-10-11,2026-04-11,4000.00,Fully Paid,8.40
8817,26535,56178,2026-04-28,2026-06-28,12000.00,Active,10.80
8821,26542,21244,2026-01-10,2026-06-10,13500.00,Active,14.40
8824,26545,49361,2024-06-04,2024-09-04,10000.00,Active,10.80
8826,26551,22633,2024-04-22,2024-11-22,15100.00,Fully Paid,6.00
8827,26552,34695,2024-10-04,2025-03-04,15000.00,Fully Paid,8.40
8829,26565,30352,2024-12-20,2025-07-20,11650.00,Fully Paid,8.40
8830,26566,15890,2024-09-27,2025-06-27,30000.00,Fully Paid,6.00
8831,26567,1354,2024-08-09,2025-03-09,10200.00,Fully Paid,6.00
8833,26572,14668,2025-06-02,2025-09-02,16000.00,Fully Paid,10.80
8835,26582,33991,2025-07-16,2026-02-16,10000.00,Active,8.40
8836,26586,21210,2024-05-21,2025-02-21,25000.00,Fully Paid,8.40
8838,26591,55134,2024-12-07,2025-07-07,8700.00,Fully Paid,6.00
8840,26602,17577,2024-03-07,2024-08-07,6000.00,Fully Paid,8.40
8842,26604,7805,2024-03-03,2024-08-03,16000.00,Fully Paid,10.80
8846,26612,34893,2025-05-06,2025-08-06,18500.00,Defaulted,6.00
8849,26620,65160,2025-08-23,2026-03-23,4000.00,Fully Paid,10.80
8850,26622,22390,2025-01-07,2025-06-07,3000.00,Fully Paid,6.00
8851,26624,33896,2026-01-13,2026-04-13,5000.00,Active,8.40
8852,26625,34454,2025-11-26,2026-03-26,12000.00,Fully Paid,14.40
8853,26630,59985,2025-09-13,2026-03-13,12000.00,Fully Paid,6.00
8854,26640,30460,2025-07-03,2026-03-03,19200.00,Fully Paid,8.40
8855,26643,53373,2025-10-08,2026-02-08,12000.00,Defaulted,10.80
8856,26646,67325,2025-01-13,2025-05-13,24000.00,Fully Paid,6.00
8858,26648,51429,2025-12-12,2026-01-12,5250.00,Fully Paid,6.00
8859,26653,52747,2025-12-27,2026-02-27,17500.00,Fully Paid,8.40
8860,26665,38570,2024-01-28,2024-10-28,5000.00,Fully Paid,10.80
8861,26667,16387,2025-01-18,2025-10-18,20000.00,Active,8.40
8863,26673,23328,2024-06-03,2025-03-03,3000.00,Fully Paid,10.80
8865,26677,34832,2025-05-22,2026-01-22,9000.00,Fully Paid,10.80
8866,26679,64897,2025-08-24,2025-12-24,24000.00,Fully Paid,6.00
8867,26681,59322,2024-11-03,2025-08-03,35000.00,Fully Paid,8.40
8868,26685,25174,2024-03-05,2024-06-05,20000.00,Fully Paid,6.00
8869,26686,2319,2024-01-30,2024-04-30,5000.00,Fully Paid,6.00
8870,26687,29809,2025-05-02,2026-02-02,10000.00,Fully Paid,6.00
8872,26691,22638,2025-07-17,2026-04-17,9000.00,Fully Paid,6.00
8875,26704,59453,2025-12-27,2026-07-27,6000.00,Active,10.80
8876,26707,23428,2025-02-06,2025-05-06,3000.00,Active,8.40
8877,26713,23605,2024-08-31,2024-11-30,20000.00,Fully Paid,8.40
8878,26716,58322,2024-03-17,2024-10-17,20000.00,Fully Paid,8.40
8879,26720,11186,2025-09-28,2026-01-28,5000.00,Fully Paid,10.80
8880,26724,40094,2026-01-11,2026-05-11,15725.00,Active,10.80
8882,26735,32479,2026-03-17,2026-09-17,6000.00,Active,8.40
8884,26738,42481,2025-05-18,2025-08-18,8000.00,Fully Paid,8.40
8885,26744,25884,2024-08-27,2024-11-27,8000.00,Fully Paid,8.40
8887,26748,28916,2025-02-25,2025-05-25,10000.00,Active,10.80
8891,26759,38691,2024-08-01,2025-05-01,35000.00,Fully Paid,6.00
8893,26769,27717,2025-08-17,2025-11-17,24000.00,Fully Paid,6.00
8894,26774,25996,2026-02-07,2026-05-07,15000.00,Fully Paid,8.40
8897,26785,35007,2025-02-04,2025-11-04,20000.00,Fully Paid,6.00
8898,26786,65048,2024-12-13,2025-05-13,20000.00,Fully Paid,10.80
8899,26788,4849,2024-12-07,2025-07-07,20000.00,Fully Paid,6.00
8901,26793,60480,2024-02-26,2024-08-26,6500.00,Active,8.40
8902,26795,18754,2024-10-12,2025-03-12,10000.00,Fully Paid,8.40
8903,26796,14145,2025-05-28,2025-07-28,8000.00,Fully Paid,6.00
8904,26798,13767,2026-01-26,2026-09-26,8000.00,Active,14.40
8905,26801,38055,2025-08-11,2026-02-11,8400.00,Fully Paid,8.40
8907,26809,43909,2026-04-06,2026-07-06,5000.00,Active,6.00
8908,26810,19946,2024-08-04,2025-04-04,9600.00,Fully Paid,10.80
8910,26813,59132,2024-06-01,2025-02-01,25000.00,Fully Paid,10.80
8911,26814,15020,2025-09-22,2025-12-22,24000.00,Active,10.80
8912,26821,61963,2026-03-12,2026-12-12,15000.00,Active,10.80
8913,26825,31698,2025-05-02,2026-01-02,7500.00,Fully Paid,14.40
8914,26834,40838,2024-04-21,2024-09-21,10800.00,Fully Paid,8.40
8915,26839,58101,2024-01-10,2024-06-10,2525.00,Fully Paid,10.80
8916,26845,52992,2026-05-08,2027-01-08,4225.00,Active,14.40
8918,26850,4140,2025-09-15,2026-06-15,6000.00,Active,10.80
8919,26852,38356,2025-11-14,2026-03-14,5000.00,Fully Paid,6.00
8921,26859,52979,2024-02-10,2024-09-10,5475.00,Fully Paid,8.40
8922,26860,37285,2024-03-21,2024-09-21,20000.00,Fully Paid,10.80
8923,26861,8269,2024-08-02,2025-05-02,20000.00,Active,6.00
8924,26863,13017,2025-07-04,2025-10-04,25000.00,Fully Paid,6.00
8925,26864,46656,2025-12-04,2026-02-04,6000.00,Fully Paid,8.40
8926,26867,26496,2026-02-23,2026-06-23,10200.00,Active,14.40
8927,26868,25899,2024-05-16,2024-08-16,35000.00,Fully Paid,6.00
8928,26869,18945,2024-08-29,2025-02-28,20000.00,Fully Paid,8.40
8929,26874,50375,2025-08-22,2025-10-22,15000.00,Fully Paid,6.00
8932,26881,18026,2025-08-08,2025-10-08,14000.00,Active,10.80
8934,26885,67774,2024-01-18,2024-09-18,1800.00,Fully Paid,8.40
8935,26887,22282,2024-02-16,2024-10-16,11200.00,Fully Paid,8.40
8936,26891,31766,2024-03-09,2024-08-09,25000.00,Fully Paid,10.80
8937,26893,48007,2024-05-09,2024-09-09,20000.00,Defaulted,8.40
8938,26894,62385,2024-06-14,2024-11-14,1675.00,Fully Paid,6.00
8939,26899,26809,2025-08-09,2026-03-09,20000.00,Active,6.00
8940,26900,18417,2026-02-18,2026-11-18,16000.00,Active,6.00
8941,26901,49113,2024-03-24,2024-06-24,2000.00,Fully Paid,10.80
8946,26917,48991,2024-09-02,2024-10-02,16800.00,Fully Paid,6.00
8947,26918,47981,2025-12-21,2026-05-21,6000.00,Fully Paid,8.40
8948,26920,53667,2025-08-06,2026-04-06,5500.00,Fully Paid,8.40
8949,26922,62655,2025-01-15,2025-03-15,20000.00,Active,6.00
8950,26923,29417,2026-04-20,2026-09-20,28000.00,Active,8.40
8951,26926,20296,2024-07-06,2024-10-06,10000.00,Fully Paid,14.40
8952,26928,32991,2026-05-10,2027-02-10,14400.00,Active,6.00
8954,26930,35210,2026-01-23,2026-06-23,35000.00,Active,8.40
8957,26933,38772,2024-07-10,2024-09-10,9500.00,Fully Paid,10.80
8959,26941,78,2024-12-11,2025-03-11,24000.00,Fully Paid,10.80
8960,26945,67507,2024-11-18,2025-04-18,11875.00,Fully Paid,8.40
8961,26948,29417,2026-01-03,2026-04-03,8000.00,Fully Paid,10.80
8967,26966,37652,2024-02-14,2024-05-14,6000.00,Active,14.40
8968,26969,32224,2026-01-10,2026-02-10,29000.00,Fully Paid,10.80
8969,26970,54560,2024-03-21,2024-09-21,12000.00,Fully Paid,6.00
8970,26972,64792,2024-10-12,2025-04-12,9000.00,Fully Paid,6.00
8971,26977,22831,2024-04-09,2024-08-09,16000.00,Fully Paid,8.40
8972,26985,42158,2025-04-09,2025-11-09,25000.00,Fully Paid,8.40
8974,26988,37032,2025-04-18,2025-10-18,31500.00,Fully Paid,8.40
8975,26993,16175,2025-06-15,2026-01-15,12000.00,Fully Paid,14.40
8976,26995,16057,2024-08-04,2025-05-04,18000.00,Fully Paid,6.00
8978,26998,27143,2024-05-05,2025-01-05,35000.00,Active,8.40
8979,27000,10156,2024-07-22,2024-11-22,7700.00,Fully Paid,8.40
8980,27001,43296,2025-06-20,2025-10-20,1000.00,Fully Paid,10.80
8981,27004,66490,2026-05-07,2026-08-07,30000.00,Active,14.40
8982,27006,65254,2024-01-17,2024-10-17,10000.00,Fully Paid,10.80
8983,27007,11832,2025-01-12,2025-02-12,7000.00,Fully Paid,8.40
8984,27008,63604,2024-01-10,2024-10-10,3000.00,Fully Paid,6.00
8985,27012,21623,2026-04-02,2026-09-02,19600.00,Active,6.00
8986,27013,30787,2024-03-31,2024-09-30,16000.00,Fully Paid,6.00
8987,27022,15731,2025-07-08,2026-04-08,16000.00,Active,10.80
8988,27024,33942,2025-10-30,2026-05-30,11000.00,Active,6.00
8989,27041,28057,2024-02-13,2024-08-13,2400.00,Fully Paid,6.00
8990,27047,38533,2025-10-29,2026-05-29,26000.00,Active,6.00
8991,27049,9613,2024-07-16,2024-09-16,8400.00,Fully Paid,6.00
8992,27054,9015,2025-10-13,2026-07-13,8000.00,Active,6.00
8998,27063,9574,2026-05-16,2026-07-16,7500.00,Active,6.00
8999,27065,4845,2024-12-08,2025-01-08,10000.00,Fully Paid,14.40
9000,27080,211,2025-11-01,2026-02-01,16000.00,Fully Paid,8.40
9001,27081,223,2025-10-16,2026-05-16,20000.00,Fully Paid,8.40
9002,27082,66692,2025-05-23,2025-11-23,20000.00,Fully Paid,8.40
9003,27088,57033,2024-04-16,2024-09-16,17000.00,Fully Paid,10.80
9004,27089,33642,2025-07-14,2026-02-14,14550.00,Active,6.00
9005,27090,7239,2024-10-01,2025-01-01,14975.00,Fully Paid,6.00
9006,27105,44638,2025-07-24,2025-11-24,10550.00,Fully Paid,10.80
9007,27109,64379,2025-04-27,2025-09-27,21775.00,Fully Paid,10.80
9008,27111,3443,2025-09-27,2025-10-27,20000.00,Active,8.40
9009,27113,25186,2025-08-25,2026-01-25,23950.00,Fully Paid,6.00
9013,27121,35011,2024-12-11,2025-05-11,20000.00,Fully Paid,14.40
9014,27123,18580,2025-02-18,2025-05-18,12000.00,Active,6.00
9015,27126,6542,2024-12-30,2025-01-30,15000.00,Fully Paid,14.40
9016,27127,44208,2026-02-23,2026-09-23,24850.00,Active,8.40
9017,27128,40899,2024-01-18,2024-05-18,23000.00,Fully Paid,10.80
9018,27130,58323,2025-03-10,2025-10-10,20000.00,Fully Paid,6.00
9019,27136,56119,2024-02-29,2024-11-29,23125.00,Fully Paid,6.00
9020,27139,1195,2026-04-14,2027-01-14,15000.00,Active,6.00
9021,27140,18321,2024-10-23,2025-05-23,15550.00,Active,6.00
9022,27146,57692,2025-01-11,2025-04-11,25000.00,Fully Paid,14.40
9023,27147,42285,2025-06-09,2025-12-09,14375.00,Active,10.80
9024,27148,25480,2026-03-03,2026-12-03,35000.00,Active,10.80
9025,27149,12299,2024-07-26,2024-08-26,22400.00,Active,10.80
9026,27151,59469,2026-02-20,2026-05-20,26550.00,Fully Paid,8.40
9027,27153,16072,2025-02-05,2025-07-05,20000.00,Fully Paid,14.40
9029,27158,52186,2024-06-11,2025-02-11,20000.00,Fully Paid,8.40
9030,27160,16673,2025-10-14,2026-04-14,35000.00,Fully Paid,10.80
9031,27163,26452,2026-05-05,2026-06-05,9900.00,Active,6.00
9032,27165,48299,2025-10-20,2026-05-20,10000.00,Active,6.00
9033,27166,43716,2024-11-21,2025-07-21,6300.00,Fully Paid,8.40
9035,27172,60648,2026-01-02,2026-04-02,35000.00,Fully Paid,6.00
9036,27173,40351,2026-04-11,2026-08-11,30000.00,Active,6.00
9038,27177,31948,2025-01-09,2025-06-09,5500.00,Fully Paid,6.00
9040,27182,22079,2024-04-04,2024-10-04,4225.00,Fully Paid,8.40
9041,27184,29765,2026-05-14,2026-10-14,20000.00,Active,10.80
9043,27189,23374,2026-01-29,2026-05-29,14000.00,Active,8.40
9044,27190,46520,2025-02-24,2025-07-24,8000.00,Fully Paid,8.40
9045,27194,23727,2024-10-04,2024-12-04,7500.00,Fully Paid,6.00
9046,27199,64585,2024-08-19,2025-05-19,12000.00,Fully Paid,10.80
9047,27200,49131,2025-12-20,2026-05-20,9600.00,Active,10.80
9048,27202,33452,2024-09-29,2025-04-29,28000.00,Active,8.40
9049,27203,56578,2025-01-07,2025-08-07,7000.00,Fully Paid,8.40
9050,27210,6675,2024-05-29,2024-06-29,15000.00,Fully Paid,10.80
9051,27212,46763,2025-05-17,2025-11-17,21000.00,Fully Paid,10.80
9052,27213,14677,2024-08-15,2024-12-15,10000.00,Active,6.00
9053,27214,7118,2024-12-12,2025-04-12,7000.00,Fully Paid,14.40
9054,27217,25320,2025-11-15,2026-06-15,10000.00,Active,8.40
9055,27218,1963,2024-04-28,2024-11-28,10000.00,Fully Paid,6.00
9059,27230,65733,2026-02-23,2026-11-23,10000.00,Active,8.40
9060,27234,536,2024-08-16,2024-12-16,12000.00,Fully Paid,6.00
9061,27238,11009,2024-11-12,2025-05-12,6000.00,Fully Paid,10.80
9062,27242,40181,2024-08-31,2024-10-31,16800.00,Fully Paid,10.80
9064,27245,54411,2024-04-21,2024-11-21,20000.00,Active,8.40
9066,27248,27681,2025-12-12,2026-09-12,15000.00,Active,10.80
9069,27253,2327,2025-12-03,2026-06-03,4100.00,Active,10.80
9070,27254,42868,2026-02-09,2026-05-09,10000.00,Fully Paid,6.00
9072,27263,55039,2025-12-07,2026-06-07,30000.00,Active,6.00
9074,27266,63910,2025-02-03,2025-08-03,10000.00,Fully Paid,6.00
9075,27268,59061,2025-03-10,2025-11-10,7100.00,Fully Paid,10.80
9076,27269,32594,2024-07-05,2025-02-05,8000.00,Fully Paid,6.00
9077,27271,47127,2026-02-03,2026-03-03,10000.00,Fully Paid,8.40
9080,27280,40249,2024-03-07,2024-10-07,20000.00,Fully Paid,6.00
9082,27286,10087,2025-12-04,2026-01-04,12600.00,Fully Paid,8.40
9084,27293,66234,2024-08-08,2025-04-08,12000.00,Fully Paid,6.00
9085,27298,6932,2025-08-15,2025-11-15,15000.00,Fully Paid,10.80
9086,27299,64828,2026-01-10,2026-02-10,11450.00,Fully Paid,8.40
9087,27302,60147,2026-03-28,2026-04-28,10500.00,Fully Paid,8.40
9088,27307,11355,2026-04-08,2026-12-08,5000.00,Active,8.40
9091,27317,29159,2024-08-16,2024-12-16,11200.00,Fully Paid,6.00
9092,27318,41617,2026-04-02,2026-07-02,9175.00,Active,8.40
9094,27333,41053,2025-07-30,2025-10-30,17150.00,Fully Paid,10.80
9095,27334,16523,2024-12-18,2025-04-18,15000.00,Fully Paid,6.00
9097,27343,27890,2024-10-21,2025-06-21,3125.00,Fully Paid,8.40
9100,27360,23181,2024-06-30,2025-03-30,7200.00,Fully Paid,8.40
9101,27361,10836,2024-01-20,2024-03-20,9600.00,Active,10.80
9102,27366,15634,2026-02-23,2026-10-23,9600.00,Active,8.40
9103,27368,42356,2025-11-03,2025-12-03,17000.00,Defaulted,6.00
9104,27369,59844,2026-02-27,2026-07-27,10000.00,Active,10.80
9105,27378,51755,2024-08-13,2024-10-13,27225.00,Fully Paid,6.00
9106,27380,66958,2025-11-01,2026-02-01,18000.00,Fully Paid,14.40
9107,27381,22002,2026-05-13,2026-07-13,14600.00,Active,6.00
9109,27386,22005,2024-06-28,2024-11-28,8000.00,Active,6.00
9110,27388,22440,2026-05-14,2026-10-14,16000.00,Active,6.00
9112,27391,36760,2025-12-28,2026-09-28,5000.00,Active,8.40
9113,27392,12804,2025-12-14,2026-07-14,3100.00,Active,10.80
9114,27393,16963,2025-11-12,2026-07-12,12000.00,Active,8.40
9115,27397,29215,2026-02-25,2026-11-25,16000.00,Active,10.80
9117,27405,25663,2024-04-29,2024-10-29,7000.00,Fully Paid,6.00
9118,27407,51611,2025-11-29,2026-01-29,29525.00,Fully Paid,6.00
9119,27410,48784,2025-02-20,2025-11-20,6225.00,Fully Paid,14.40
9121,27424,20819,2024-10-04,2025-04-04,29400.00,Fully Paid,6.00
9124,27438,38208,2024-08-05,2025-02-05,35000.00,Fully Paid,14.40
9126,27444,20737,2025-12-12,2026-04-12,18000.00,Active,6.00
9127,27454,38966,2024-10-13,2025-05-13,6000.00,Fully Paid,10.80
9128,27457,63997,2026-04-06,2026-11-06,12000.00,Active,6.00
9131,27471,75,2025-04-17,2025-10-17,24000.00,Fully Paid,8.40
9132,27473,52925,2024-12-01,2025-02-01,5600.00,Fully Paid,6.00
9134,27480,26002,2025-12-26,2026-05-26,16000.00,Active,8.40
9136,27484,16520,2025-02-26,2025-05-26,6000.00,Fully Paid,6.00
9137,27485,45021,2026-04-08,2026-11-08,14400.00,Active,6.00
9138,27486,20882,2026-05-05,2027-02-05,3000.00,Active,8.40
9139,27488,35333,2024-02-21,2024-05-21,17000.00,Fully Paid,8.40
9140,27489,66912,2024-01-30,2024-09-30,14875.00,Fully Paid,8.40
9143,27504,53505,2026-05-06,2026-09-06,6000.00,Active,6.00
9145,27515,49900,2025-04-20,2025-09-20,6025.00,Fully Paid,8.40
9146,27516,27114,2024-02-19,2024-04-19,10000.00,Fully Paid,14.40
9149,27523,1173,2024-05-27,2024-07-27,12000.00,Fully Paid,8.40
9150,27524,22999,2024-12-30,2025-01-30,7000.00,Fully Paid,8.40
9151,27530,51368,2025-06-26,2025-07-26,19500.00,Fully Paid,6.00
9153,27533,46074,2024-09-02,2025-05-02,15000.00,Fully Paid,8.40
9154,27539,51493,2024-05-28,2024-12-28,2700.00,Fully Paid,6.00
9155,27540,4743,2024-11-13,2025-03-13,12600.00,Fully Paid,6.00
9157,27544,16338,2025-03-09,2025-11-09,10200.00,Fully Paid,10.80
9159,27550,65899,2026-05-13,2026-09-13,9000.00,Active,6.00
9160,27556,48692,2025-12-01,2026-05-01,15000.00,Fully Paid,8.40
9162,27561,19400,2025-07-11,2026-03-11,12000.00,Defaulted,6.00
9163,27562,10866,2024-08-07,2024-12-07,20000.00,Fully Paid,6.00
9164,27564,55556,2024-02-13,2024-09-13,5000.00,Fully Paid,10.80
9165,27567,2253,2024-01-26,2024-04-26,7200.00,Active,6.00
9166,27569,64776,2024-07-23,2024-10-23,10000.00,Fully Paid,6.00
9167,27570,50608,2025-05-06,2025-09-06,16350.00,Fully Paid,6.00
9168,27574,25245,2026-01-28,2026-08-28,15000.00,Active,6.00
9169,27575,55413,2024-06-25,2024-08-25,4000.00,Fully Paid,8.40
9170,27578,33516,2025-07-07,2026-04-07,9000.00,Fully Paid,8.40
9171,27580,51053,2024-09-27,2025-04-27,15000.00,Fully Paid,6.00
9173,27584,45471,2026-01-15,2026-04-15,20000.00,Fully Paid,8.40
9174,27585,42512,2024-12-07,2025-05-07,30000.00,Active,6.00
9176,27588,26697,2026-03-28,2026-08-28,12000.00,Active,14.40
9177,27593,58137,2024-01-22,2024-04-22,24000.00,Fully Paid,8.40
9180,27598,8354,2024-01-24,2024-05-24,28000.00,Fully Paid,6.00
9181,27600,28531,2025-05-27,2025-06-27,3475.00,Fully Paid,10.80
9182,27605,36883,2025-07-12,2025-09-12,30350.00,Active,6.00
9184,27614,19714,2024-08-25,2024-09-25,10000.00,Fully Paid,8.40
9185,27615,42053,2024-07-24,2024-08-24,13950.00,Fully Paid,8.40
9186,27616,55125,2026-04-08,2027-01-08,5000.00,Active,6.00
9188,27628,35591,2025-05-26,2026-01-26,7000.00,Active,6.00
9189,27629,14652,2026-03-25,2026-09-25,14000.00,Active,14.40
9190,27635,826,2026-04-16,2026-11-16,1200.00,Active,8.40
9192,27637,32953,2024-08-19,2025-01-19,13450.00,Fully Paid,8.40
9193,27639,62243,2025-01-09,2025-09-09,28000.00,Active,8.40
9197,27659,55099,2024-10-11,2025-02-11,4000.00,Fully Paid,14.40
9198,27660,58301,2024-10-02,2025-04-02,10000.00,Fully Paid,8.40
9200,27669,38805,2025-04-17,2025-06-17,10000.00,Fully Paid,8.40
9201,27674,53232,2026-01-29,2026-10-29,24000.00,Active,8.40
9202,27678,1522,2025-03-01,2025-08-01,5300.00,Fully Paid,8.40
9206,27686,36172,2024-08-25,2025-05-25,6325.00,Fully Paid,6.00
9207,27693,54532,2025-02-01,2025-05-01,28000.00,Active,8.40
9208,27696,23917,2025-12-31,2026-05-31,7500.00,Active,6.00
9209,27701,35831,2024-12-07,2025-06-07,11200.00,Fully Paid,14.40
9210,27702,31899,2025-07-25,2026-01-25,7000.00,Fully Paid,8.40
9211,27707,65185,2024-10-09,2025-01-09,21600.00,Fully Paid,6.00
9212,27709,51332,2025-09-04,2026-02-04,30000.00,Active,10.80
9213,27714,19387,2024-08-16,2025-02-16,10000.00,Fully Paid,6.00
9215,27720,49475,2024-03-08,2024-12-08,7875.00,Fully Paid,14.40
9216,27722,31019,2025-01-18,2025-04-18,24175.00,Fully Paid,14.40
9217,27725,54477,2025-04-09,2025-05-09,13000.00,Fully Paid,6.00
9218,27732,59707,2025-07-31,2026-01-31,5000.00,Fully Paid,6.00
9219,27739,46397,2024-08-01,2024-10-01,8500.00,Fully Paid,14.40
9220,27743,66136,2026-02-03,2026-07-03,5600.00,Active,8.40
9222,27749,65844,2026-01-10,2026-10-10,15175.00,Active,14.40
9224,27753,3841,2024-04-16,2024-09-16,16800.00,Fully Paid,8.40
9225,27754,30724,2026-03-08,2026-10-08,25200.00,Active,6.00
9226,27755,18812,2025-05-17,2025-11-17,3200.00,Fully Paid,8.40
9227,27759,36253,2024-05-13,2025-02-13,15000.00,Fully Paid,6.00
9228,27760,53998,2026-04-11,2027-01-11,3500.00,Active,8.40
9230,27769,66172,2025-09-07,2026-06-07,24000.00,Active,6.00
9232,27771,36866,2024-05-13,2025-02-13,35000.00,Active,6.00
9233,27774,37704,2025-04-22,2025-09-22,18000.00,Fully Paid,8.40
9234,27778,55410,2025-02-22,2025-03-22,30000.00,Fully Paid,6.00
9235,27780,32573,2024-01-09,2024-07-09,15000.00,Fully Paid,8.40
9237,27782,27970,2024-05-08,2024-07-08,10425.00,Active,14.40
9239,27784,16863,2026-01-10,2026-07-10,16050.00,Active,6.00
9240,27785,5756,2024-06-25,2024-12-25,5500.00,Fully Paid,14.40
9242,27800,38336,2025-09-18,2025-11-18,12000.00,Fully Paid,10.80
9243,27801,8410,2025-02-09,2025-03-09,10800.00,Fully Paid,8.40
9244,27806,56687,2025-06-25,2026-03-25,16000.00,Fully Paid,8.40
9246,27809,51496,2024-10-19,2025-05-19,25000.00,Fully Paid,6.00
9248,27816,23124,2025-06-05,2025-07-05,12800.00,Active,8.40
9251,27830,20456,2024-07-28,2024-11-28,10000.00,Fully Paid,8.40
9253,27837,15375,2024-08-08,2025-05-08,9025.00,Fully Paid,6.00
9254,27841,21859,2026-01-18,2026-08-18,14000.00,Active,8.40
9255,27842,55435,2024-05-20,2025-02-20,12000.00,Defaulted,8.40
9256,27843,25480,2025-08-11,2025-12-11,10400.00,Active,6.00
9257,27847,42489,2024-01-19,2024-05-19,5200.00,Fully Paid,6.00
9258,27851,42887,2026-01-11,2026-08-11,25000.00,Active,6.00
9261,27857,13768,2024-06-02,2024-12-02,7000.00,Fully Paid,6.00
9262,27858,29687,2024-08-01,2025-05-01,5000.00,Fully Paid,6.00
9265,27871,68080,2025-02-13,2025-10-13,10500.00,Fully Paid,6.00
9266,27872,61912,2025-02-10,2025-07-10,18000.00,Fully Paid,6.00
9268,27877,9847,2024-07-04,2024-12-04,1000.00,Defaulted,6.00
9269,27878,30946,2024-07-18,2025-01-18,14000.00,Fully Paid,8.40
9271,27892,21163,2024-10-21,2025-04-21,20000.00,Fully Paid,8.40
9272,27893,42521,2025-03-22,2025-06-22,5000.00,Fully Paid,8.40
9273,27894,5766,2026-01-15,2026-06-15,25300.00,Active,6.00
9275,27904,10343,2025-09-29,2025-12-29,11800.00,Active,8.40
9277,27906,52591,2025-06-30,2026-01-30,12475.00,Fully Paid,8.40
9278,27907,56453,2026-04-12,2026-10-12,21000.00,Active,8.40
9279,27917,31536,2024-05-22,2024-06-22,21000.00,Active,6.00
9280,27919,57972,2026-01-04,2026-04-04,14000.00,Fully Paid,10.80
9281,27921,48932,2025-11-03,2026-06-03,16000.00,Active,6.00
9282,27924,24866,2025-12-15,2026-06-15,30000.00,Active,6.00
9286,27937,17848,2026-05-13,2027-02-13,20000.00,Active,10.80
9289,27946,21761,2024-07-20,2025-03-20,4200.00,Active,6.00
9290,27950,21861,2025-10-09,2026-01-09,10275.00,Fully Paid,6.00
9291,27953,53735,2026-01-07,2026-07-07,9000.00,Active,8.40
9292,27954,56073,2025-06-09,2026-02-09,11475.00,Fully Paid,6.00
9294,27957,1483,2024-12-03,2025-06-03,35000.00,Fully Paid,10.80
9295,27962,45175,2025-07-24,2026-03-24,22000.00,Fully Paid,8.40
9296,27964,39178,2025-03-22,2025-10-22,14400.00,Fully Paid,14.40
9297,27965,28537,2026-03-17,2026-10-17,10000.00,Active,8.40
9298,27968,27662,2024-01-03,2024-05-03,23925.00,Fully Paid,10.80
9299,27969,67860,2025-10-22,2026-04-22,25000.00,Fully Paid,8.40
9300,27973,11481,2025-04-25,2025-05-25,6000.00,Defaulted,6.00
9301,27974,4347,2025-04-25,2025-12-25,18000.00,Active,14.40
9304,27983,36665,2024-01-20,2024-04-20,18000.00,Active,10.80
9305,27984,38970,2024-09-26,2024-10-26,16000.00,Fully Paid,6.00
9306,27985,46441,2026-05-07,2026-08-07,7500.00,Active,8.40
9307,27986,1756,2024-09-02,2025-01-02,21000.00,Defaulted,8.40
9309,27993,59087,2026-05-10,2026-07-10,28000.00,Active,14.40
9310,27994,45139,2025-08-29,2026-03-29,1300.00,Fully Paid,14.40
9311,27997,49113,2026-03-22,2026-07-22,16000.00,Active,10.80
9312,27999,11133,2026-05-01,2027-01-01,3000.00,Active,8.40
9313,28000,7234,2025-01-18,2025-07-18,14400.00,Fully Paid,8.40
9314,28008,8575,2025-01-25,2025-08-25,16000.00,Fully Paid,10.80
9315,28012,18372,2025-02-01,2025-11-01,30000.00,Fully Paid,8.40
9317,28021,13346,2024-03-18,2024-08-18,9000.00,Fully Paid,8.40
9319,28023,15901,2025-12-06,2026-02-06,12600.00,Fully Paid,6.00
9320,28024,2166,2024-01-11,2024-02-11,5950.00,Fully Paid,6.00
9323,28039,1339,2024-02-06,2024-05-06,6925.00,Fully Paid,8.40
9324,28041,13958,2024-09-13,2024-12-13,10000.00,Fully Paid,10.80
9325,28042,49015,2024-11-03,2025-02-03,10000.00,Fully Paid,6.00
9326,28047,694,2025-08-04,2025-10-04,7800.00,Fully Paid,6.00
9327,28048,10210,2024-01-13,2024-10-13,24000.00,Fully Paid,10.80
9328,28051,9910,2024-09-25,2024-10-25,5600.00,Fully Paid,8.40
9329,28052,45002,2024-05-03,2024-11-03,24000.00,Active,8.40
9330,28060,19221,2024-10-10,2024-11-10,7800.00,Fully Paid,6.00
9334,28071,58598,2024-04-02,2024-08-02,8400.00,Fully Paid,6.00
9335,28072,4310,2024-01-16,2024-10-16,30000.00,Fully Paid,6.00
9337,28077,56194,2024-04-20,2024-10-20,16800.00,Fully Paid,6.00
9338,28080,53443,2025-02-19,2025-05-19,10000.00,Fully Paid,14.40
9340,28091,5691,2025-01-30,2025-07-30,11000.00,Active,8.40
9342,28103,29611,2024-02-08,2024-07-08,5000.00,Fully Paid,6.00
9344,28113,23016,2024-12-31,2025-08-31,6000.00,Defaulted,6.00
9345,28116,15190,2025-12-30,2026-02-28,25000.00,Fully Paid,8.40
9346,28119,61858,2025-05-04,2025-09-04,18500.00,Fully Paid,10.80
9347,28120,59691,2025-11-06,2026-04-06,10000.00,Fully Paid,6.00
9348,28123,16632,2025-10-15,2025-11-15,18475.00,Fully Paid,14.40
9349,28124,54293,2024-07-12,2024-08-12,20000.00,Fully Paid,8.40
9352,28144,54477,2024-07-14,2025-03-14,28000.00,Active,8.40
9353,28145,52420,2025-06-11,2025-12-11,6000.00,Fully Paid,10.80
9354,28146,11517,2024-05-30,2024-08-30,10700.00,Active,6.00
9356,28148,16926,2024-12-31,2025-03-31,3000.00,Fully Paid,6.00
9357,28154,29957,2024-10-02,2025-03-02,20075.00,Fully Paid,6.00
9358,28155,38007,2025-11-26,2026-01-26,9600.00,Fully Paid,8.40
9359,28156,11917,2025-02-06,2025-04-06,16500.00,Fully Paid,10.80
9360,28157,46415,2024-12-09,2025-07-09,14000.00,Fully Paid,8.40
9362,28161,15430,2025-04-07,2025-05-07,2500.00,Active,10.80
9363,28163,47892,2025-11-22,2026-01-22,12000.00,Defaulted,8.40
9364,28166,40351,2025-05-10,2025-11-10,14000.00,Active,6.00
9365,28173,18094,2025-04-25,2025-08-25,7000.00,Fully Paid,10.80
9366,28176,68029,2024-12-17,2025-01-17,6000.00,Fully Paid,8.40
9367,28177,36547,2025-07-05,2025-10-05,35000.00,Fully Paid,10.80
9369,28183,27810,2025-06-20,2025-11-20,18425.00,Fully Paid,8.40
9371,28185,36751,2026-03-20,2026-06-20,19200.00,Active,14.40
9373,28188,37960,2025-04-23,2025-12-23,9000.00,Fully Paid,8.40
9374,28191,27900,2026-02-09,2026-08-09,5000.00,Active,6.00
9377,28196,16590,2024-07-05,2024-09-05,10000.00,Fully Paid,8.40
9378,28200,40321,2025-05-27,2025-06-27,13000.00,Fully Paid,8.40
9379,28201,30565,2024-07-31,2024-12-31,13425.00,Fully Paid,8.40
9381,28209,11300,2025-01-13,2025-08-13,7000.00,Fully Paid,10.80
9382,28211,11340,2024-05-16,2024-09-16,9000.00,Active,8.40
9383,28213,44095,2024-03-30,2024-04-30,25825.00,Fully Paid,8.40
9385,28217,22224,2024-05-04,2025-02-04,8800.00,Active,8.40
9386,28218,52495,2025-02-15,2025-08-15,8500.00,Active,6.00
9387,28220,25000,2026-02-05,2026-09-05,11000.00,Active,10.80
9388,28228,49947,2025-09-05,2026-06-05,25000.00,Active,10.80
9390,28234,3376,2025-01-28,2025-07-28,20000.00,Fully Paid,6.00
9391,28237,57672,2025-05-06,2025-12-06,10000.00,Fully Paid,6.00
9392,28241,21318,2025-03-01,2025-12-01,24500.00,Active,6.00
9393,28251,9277,2025-06-04,2025-10-04,1125.00,Active,14.40
9394,28253,41237,2025-04-02,2025-05-02,22175.00,Active,10.80
9398,28263,56469,2026-02-22,2026-04-22,25000.00,Fully Paid,6.00
9399,28264,14352,2024-08-08,2025-02-08,3400.00,Fully Paid,8.40
9400,28265,49854,2024-07-12,2025-04-12,16000.00,Active,10.80
9401,28266,26281,2024-12-03,2025-07-03,35000.00,Active,14.40
9403,28281,67619,2024-08-31,2024-10-31,10000.00,Fully Paid,14.40
9404,28283,93,2025-09-28,2026-04-28,14000.00,Defaulted,6.00
9405,28285,43868,2025-03-19,2025-08-19,29900.00,Fully Paid,6.00
9406,28286,38331,2024-10-12,2025-05-12,8000.00,Fully Paid,8.40
9407,28287,42354,2025-06-03,2026-03-03,6000.00,Fully Paid,10.80
9408,28296,38662,2024-08-30,2025-05-30,10000.00,Fully Paid,8.40
9412,28302,12027,2026-03-10,2026-12-10,13000.00,Active,8.40
9413,28313,28547,2024-11-27,2025-01-27,6400.00,Fully Paid,10.80
9415,28320,3109,2025-07-09,2026-02-09,15000.00,Fully Paid,8.40
9416,28321,7305,2025-03-28,2025-10-28,13200.00,Active,6.00
9417,28323,36281,2024-03-15,2024-05-15,6000.00,Fully Paid,10.80
9418,28325,975,2025-02-06,2025-09-06,6000.00,Defaulted,6.00
9419,28329,34927,2026-02-06,2026-08-06,22950.00,Active,10.80
9420,28337,1118,2026-02-21,2026-03-21,24950.00,Fully Paid,14.40
9421,28342,58380,2024-01-06,2024-06-06,19200.00,Fully Paid,6.00
9422,28346,317,2025-10-11,2025-11-11,2000.00,Active,8.40
9423,28350,48982,2024-01-29,2024-09-29,2400.00,Active,14.40
9424,28351,54648,2026-05-01,2026-12-01,5625.00,Active,8.40
9426,28362,14605,2025-01-04,2025-09-04,1200.00,Fully Paid,8.40
9427,28370,40613,2024-08-25,2024-11-25,8500.00,Fully Paid,6.00
9429,28380,47823,2025-12-07,2026-02-07,16000.00,Active,6.00
9432,28395,45220,2026-03-02,2026-08-02,5600.00,Active,14.40
9435,28402,43762,2025-07-30,2026-04-30,5000.00,Fully Paid,8.40
9438,28409,56508,2025-10-13,2025-11-13,24275.00,Active,6.00
9440,28420,55267,2025-08-03,2026-05-03,30000.00,Fully Paid,6.00
9441,28423,16478,2025-02-27,2025-08-27,13050.00,Fully Paid,6.00
9442,28425,59674,2026-02-12,2026-06-12,13000.00,Active,6.00
9444,28428,15526,2025-02-11,2025-09-11,27275.00,Fully Paid,6.00
9445,28430,39152,2025-12-10,2026-09-10,1400.00,Active,6.00
9446,28431,10238,2025-10-07,2025-12-07,9000.00,Fully Paid,10.80
9447,28441,10100,2024-01-10,2024-10-10,21000.00,Fully Paid,6.00
9448,28442,4557,2025-03-01,2025-04-01,7800.00,Fully Paid,6.00
9451,28450,44100,2024-04-10,2024-11-10,25000.00,Fully Paid,10.80
9453,28456,38264,2025-02-14,2025-08-14,6600.00,Fully Paid,6.00
9454,28460,15619,2024-03-28,2024-07-28,12000.00,Fully Paid,8.40
9455,28469,24841,2024-03-20,2024-09-20,12675.00,Fully Paid,10.80
9457,28478,8350,2025-09-04,2025-11-04,4000.00,Fully Paid,14.40
9458,28485,42993,2024-11-16,2024-12-16,15000.00,Fully Paid,6.00
9459,28487,28411,2025-02-06,2025-08-06,15000.00,Fully Paid,8.40
9461,28490,57773,2024-08-26,2025-04-26,23500.00,Fully Paid,8.40
9464,28493,21495,2024-12-20,2025-08-20,10000.00,Fully Paid,6.00
9466,28495,34707,2024-08-05,2025-02-05,12000.00,Fully Paid,10.80
9467,28507,64075,2025-11-19,2026-08-19,18200.00,Active,14.40
9468,28513,61733,2024-07-22,2024-11-22,2500.00,Fully Paid,6.00
9469,28516,39223,2024-02-10,2024-09-10,8000.00,Fully Paid,8.40
9470,28517,13178,2024-08-25,2024-11-25,35000.00,Fully Paid,8.40
9473,28524,6371,2025-05-06,2025-09-06,15000.00,Active,14.40
9477,28537,42711,2025-04-14,2025-10-14,10000.00,Fully Paid,6.00
9478,28538,7643,2024-11-28,2025-01-28,10250.00,Fully Paid,14.40
9480,28543,51787,2025-11-12,2025-12-12,16500.00,Fully Paid,8.40
9485,28554,64173,2025-10-02,2026-04-02,12000.00,Fully Paid,6.00
9486,28561,25952,2025-02-11,2025-03-11,15000.00,Fully Paid,14.40
9487,28562,12265,2024-02-25,2024-03-25,7800.00,Fully Paid,10.80
9488,28570,9253,2024-09-18,2025-03-18,7500.00,Fully Paid,8.40
9490,28572,8785,2024-04-23,2024-07-23,9850.00,Active,8.40
9493,28576,65473,2025-08-05,2025-12-05,10000.00,Active,8.40
9494,28577,59461,2025-07-21,2025-08-21,11500.00,Fully Paid,6.00
9495,28578,52627,2026-02-02,2026-08-02,8025.00,Active,6.00
9497,28581,2814,2025-05-29,2026-01-29,11200.00,Active,10.80
9498,28583,36153,2024-10-07,2025-07-07,9000.00,Active,8.40
9500,28589,63121,2025-11-09,2026-08-09,15000.00,Active,8.40
9502,28601,36126,2024-11-10,2025-04-10,13000.00,Defaulted,6.00
9503,28603,16114,2025-12-12,2026-06-12,24500.00,Active,6.00
9505,28614,58301,2025-04-29,2025-10-29,12000.00,Fully Paid,14.40
9506,28617,64876,2024-07-29,2025-04-29,11000.00,Active,8.40
9507,28622,66015,2025-10-04,2026-07-04,13000.00,Active,10.80
9513,28642,64761,2024-08-31,2024-10-31,12250.00,Active,8.40
9514,28643,58568,2024-02-03,2024-11-03,9000.00,Fully Paid,8.40
9515,28646,29983,2025-07-06,2026-03-06,6125.00,Fully Paid,8.40
9516,28648,40903,2024-09-01,2025-05-01,10000.00,Active,8.40
9517,28652,39216,2024-09-29,2025-04-29,16000.00,Active,6.00
9518,28653,35769,2025-03-30,2025-07-30,18900.00,Fully Paid,6.00
9521,28669,33339,2025-03-04,2025-08-04,5600.00,Fully Paid,8.40
9522,28673,61250,2024-05-15,2024-09-15,2800.00,Fully Paid,8.40
9525,28677,15158,2025-02-15,2025-04-15,9000.00,Fully Paid,10.80
9526,28681,17140,2024-10-27,2025-03-27,16000.00,Fully Paid,6.00
9527,28682,65395,2025-05-25,2025-08-25,4000.00,Fully Paid,8.40
9529,28689,18800,2024-09-05,2025-04-05,16000.00,Fully Paid,8.40
9532,28700,23972,2025-03-10,2025-07-10,6000.00,Active,8.40
9533,28715,54260,2024-09-15,2025-02-15,30000.00,Fully Paid,8.40
9537,28726,67493,2024-06-09,2025-01-09,13000.00,Fully Paid,10.80
9538,28727,21360,2025-03-26,2025-08-26,13675.00,Active,6.00
9539,28728,60792,2026-04-07,2026-12-07,10400.00,Active,6.00
9542,28733,32356,2025-11-24,2026-02-24,2000.00,Fully Paid,10.80
9544,28741,23742,2024-11-14,2025-08-14,18400.00,Fully Paid,6.00
9546,28746,22002,2026-05-02,2026-06-02,15000.00,Active,10.80
9548,28748,34943,2025-04-12,2025-06-12,5000.00,Fully Paid,6.00
9549,28755,52957,2025-07-18,2025-08-18,20000.00,Fully Paid,8.40
9551,28759,36955,2025-01-27,2025-05-27,12000.00,Fully Paid,6.00
9552,28760,57838,2026-05-11,2027-01-11,5000.00,Active,14.40
9553,28761,50449,2025-12-20,2026-09-20,4525.00,Active,10.80
9554,28763,38631,2025-06-18,2025-08-18,16000.00,Fully Paid,6.00
9556,28767,34943,2025-10-18,2026-05-18,21875.00,Fully Paid,10.80
9557,28771,5167,2024-10-13,2024-12-13,5000.00,Fully Paid,6.00
9558,28775,60884,2026-04-07,2026-09-07,14000.00,Active,6.00
9560,28778,51280,2025-06-23,2026-01-23,2500.00,Fully Paid,8.40
9563,28794,43471,2025-03-27,2025-07-27,10000.00,Fully Paid,14.40
9565,28804,12575,2024-04-11,2024-10-11,9500.00,Fully Paid,14.40
9566,28805,30146,2024-07-10,2024-08-10,4825.00,Fully Paid,6.00
9569,28811,64876,2024-10-31,2025-05-31,18000.00,Fully Paid,6.00
9571,28814,52794,2024-05-14,2024-12-14,35000.00,Fully Paid,6.00
9573,28816,34135,2024-04-13,2025-01-13,13000.00,Active,8.40
9577,28826,7043,2026-01-24,2026-07-24,10000.00,Active,6.00
9578,28827,13045,2025-06-29,2026-02-28,17450.00,Fully Paid,6.00
9579,28830,30182,2024-01-25,2024-04-25,8000.00,Fully Paid,10.80
9580,28834,58672,2026-04-15,2026-07-15,19800.00,Active,6.00
9581,28838,37273,2025-01-27,2025-02-27,10000.00,Fully Paid,10.80
9584,28842,55297,2025-02-28,2025-11-28,10000.00,Fully Paid,6.00
9585,28846,16187,2025-07-19,2026-03-19,18000.00,Fully Paid,8.40
9587,28853,31043,2026-03-01,2026-06-01,12000.00,Active,8.40
9589,28858,63907,2026-03-02,2026-07-02,12000.00,Active,6.00
9590,28867,29098,2024-08-01,2024-12-01,7200.00,Fully Paid,8.40
9591,28870,35151,2024-09-22,2024-11-22,16000.00,Fully Paid,6.00
9593,28877,45018,2024-01-14,2024-03-14,16000.00,Fully Paid,8.40
9595,28879,30163,2024-03-26,2024-05-26,12000.00,Fully Paid,10.80
9596,28884,21905,2024-01-12,2024-04-12,3000.00,Active,14.40
9598,28890,31766,2024-05-22,2024-06-22,25000.00,Fully Paid,8.40
9599,28891,4737,2024-04-19,2024-06-19,28000.00,Active,6.00
9600,28892,44401,2025-07-05,2025-12-05,14000.00,Fully Paid,8.40
9601,28893,9488,2025-02-28,2025-06-28,12000.00,Fully Paid,10.80
9603,28898,12820,2025-11-14,2026-07-14,18000.00,Active,6.00
9604,28900,8233,2024-04-28,2024-05-28,11000.00,Fully Paid,6.00
9605,28903,59574,2024-08-15,2024-10-15,12000.00,Fully Paid,10.80
9606,28904,25127,2025-10-15,2026-02-15,5500.00,Fully Paid,8.40
9608,28915,67593,2026-03-22,2026-04-22,10000.00,Fully Paid,8.40
9609,28918,29622,2024-09-18,2025-05-18,10000.00,Fully Paid,8.40
9610,28920,3889,2026-04-09,2026-10-09,9000.00,Active,8.40
9612,28922,28763,2024-12-30,2025-04-30,18000.00,Fully Paid,8.40
9613,28923,37665,2025-04-27,2025-12-27,10000.00,Active,8.40
9615,28925,42206,2025-10-19,2025-12-19,1400.00,Fully Paid,8.40
9616,28930,52711,2026-02-22,2026-06-22,21100.00,Active,14.40
9617,28933,20321,2026-02-20,2026-07-20,10000.00,Active,8.40
9619,28942,54560,2024-12-13,2025-08-13,3000.00,Fully Paid,8.40
9622,28952,34815,2024-07-16,2024-08-16,18500.00,Fully Paid,14.40
9623,28955,34412,2026-04-24,2026-10-24,14000.00,Active,6.00
9625,28962,16331,2024-03-16,2024-11-16,5000.00,Active,6.00
9626,28964,67875,2024-12-09,2025-09-09,6000.00,Fully Paid,6.00
9627,28968,48807,2025-12-06,2026-03-06,12000.00,Fully Paid,6.00
9628,28970,25126,2024-09-15,2025-04-15,20000.00,Fully Paid,6.00
9629,28971,52449,2026-02-16,2026-05-16,20000.00,Fully Paid,8.40
9630,28972,34011,2025-03-31,2025-04-30,21000.00,Active,8.40
9631,28973,23187,2025-12-11,2026-01-11,4000.00,Fully Paid,10.80
9633,28981,60560,2025-01-06,2025-07-06,3600.00,Fully Paid,8.40
9634,28985,46743,2025-07-04,2026-02-04,20000.00,Fully Paid,8.40
9636,28988,19749,2024-05-20,2024-12-20,9600.00,Fully Paid,8.40
9639,29000,15407,2025-01-20,2025-07-20,15000.00,Fully Paid,14.40
9640,29002,37835,2025-09-02,2026-03-02,24000.00,Active,6.00
9644,29008,20592,2024-03-04,2024-10-04,12000.00,Fully Paid,6.00
9645,29010,60332,2025-08-03,2025-10-03,16000.00,Fully Paid,8.40
9646,29011,52522,2025-06-05,2025-11-05,7500.00,Fully Paid,14.40
9647,29014,67689,2024-09-09,2024-12-09,30000.00,Fully Paid,14.40
9650,29027,17703,2024-02-16,2024-10-16,8825.00,Fully Paid,6.00
9651,29028,36158,2025-04-14,2025-05-14,10400.00,Active,14.40
9652,29041,35348,2024-10-29,2024-11-29,18000.00,Fully Paid,8.40
9653,29045,18462,2024-07-19,2024-09-19,25000.00,Fully Paid,6.00
9654,29051,11988,2026-04-10,2026-06-10,18000.00,Active,14.40
9655,29056,51506,2024-03-08,2024-06-08,9000.00,Active,8.40
9656,29058,32833,2024-07-31,2024-08-31,5000.00,Defaulted,14.40
9657,29060,55568,2025-02-21,2025-10-21,8000.00,Fully Paid,8.40
9658,29062,5814,2025-09-23,2026-06-23,11500.00,Active,8.40
9659,29067,43891,2024-06-12,2025-03-12,6000.00,Fully Paid,6.00
9660,29069,12051,2025-05-23,2025-08-23,15000.00,Active,14.40
9664,29079,9213,2024-09-28,2024-10-28,7200.00,Fully Paid,10.80
9665,29081,22449,2025-11-21,2026-08-21,12000.00,Active,6.00
9666,29084,47392,2024-05-09,2024-12-09,15000.00,Fully Paid,8.40
9667,29087,66280,2025-05-26,2025-08-26,15400.00,Fully Paid,10.80
9669,29091,67738,2024-08-13,2024-10-13,17900.00,Fully Paid,6.00
9670,29093,36751,2024-12-13,2025-01-13,6650.00,Active,6.00
9671,29095,32748,2025-10-21,2026-03-21,35000.00,Active,6.00
9672,29096,48944,2024-11-04,2024-12-04,8300.00,Fully Paid,8.40
9675,29100,49303,2025-09-19,2026-06-19,3000.00,Active,10.80
9677,29102,18261,2025-11-16,2026-03-16,18000.00,Fully Paid,6.00
9679,29106,58902,2025-11-01,2026-07-01,9600.00,Active,10.80
9680,29113,14348,2024-05-25,2024-10-25,20000.00,Fully Paid,14.40
9681,29114,9491,2024-09-10,2025-04-10,5400.00,Fully Paid,6.00
9683,29125,23436,2024-02-20,2024-03-20,30000.00,Fully Paid,6.00
9684,29128,44856,2025-02-19,2025-11-19,5000.00,Active,6.00
9686,29133,12640,2024-10-28,2025-06-28,10200.00,Fully Paid,10.80
9687,29139,23535,2026-04-15,2027-01-15,12000.00,Active,10.80
9688,29140,41190,2024-07-08,2024-11-08,6000.00,Fully Paid,6.00
9689,29146,22521,2025-05-09,2026-01-09,6000.00,Fully Paid,6.00
9690,29149,29215,2024-01-12,2024-04-12,15000.00,Active,6.00
9691,29151,2526,2024-05-26,2024-06-26,22325.00,Fully Paid,6.00
9692,29154,40359,2024-08-01,2025-02-01,14000.00,Fully Paid,8.40
9693,29157,14686,2026-02-19,2026-03-19,5400.00,Fully Paid,6.00
9694,29160,47903,2025-03-02,2025-06-02,1200.00,Fully Paid,8.40
9697,29164,11449,2026-03-14,2026-07-14,10750.00,Active,10.80
9698,29166,63565,2024-05-22,2024-11-22,16500.00,Fully Paid,8.40
9699,29167,60392,2025-06-07,2025-09-07,22800.00,Fully Paid,10.80
9700,29168,34920,2024-08-03,2024-10-03,7000.00,Fully Paid,6.00
9702,29174,16478,2025-05-12,2026-02-12,10000.00,Fully Paid,6.00
9703,29177,8315,2025-07-19,2025-09-19,18000.00,Fully Paid,10.80
9704,29178,32643,2025-03-22,2025-06-22,7775.00,Fully Paid,10.80
9706,29180,36508,2025-03-25,2025-04-25,5000.00,Fully Paid,14.40
9708,29194,50768,2025-03-27,2025-10-27,30000.00,Active,6.00
9709,29195,1015,2025-02-10,2025-07-10,8000.00,Fully Paid,14.40
9711,29203,36540,2025-10-29,2026-07-29,4000.00,Active,6.00
9712,29204,7837,2025-10-05,2026-03-05,9025.00,Fully Paid,8.40
9713,29205,19537,2024-05-11,2024-06-11,8000.00,Fully Paid,10.80
9715,29219,2436,2025-07-23,2025-10-23,20000.00,Fully Paid,8.40
9718,29227,4377,2024-12-23,2025-02-23,14000.00,Fully Paid,6.00
9719,29228,40137,2025-08-02,2026-03-02,14000.00,Fully Paid,14.40
9721,29231,52841,2024-11-15,2025-06-15,22900.00,Fully Paid,10.80
9722,29236,27219,2024-10-22,2025-04-22,16000.00,Fully Paid,10.80
9723,29238,2144,2025-08-09,2025-09-09,4775.00,Fully Paid,8.40
9724,29239,16245,2024-09-17,2024-10-17,6000.00,Active,6.00
9725,29242,34983,2024-09-25,2025-01-25,15000.00,Active,10.80
9726,29243,29639,2025-09-27,2025-10-27,14400.00,Fully Paid,14.40
9727,29247,32316,2026-01-29,2026-02-28,20000.00,Fully Paid,8.40
9728,29249,41131,2024-08-24,2024-11-24,15600.00,Active,6.00
9730,29253,20120,2025-10-18,2026-02-18,13000.00,Fully Paid,8.40
9731,29255,26760,2024-08-17,2025-04-17,17000.00,Active,6.00
9733,29261,5263,2024-04-29,2024-09-29,26775.00,Fully Paid,8.40
9736,29266,15912,2024-08-08,2025-04-08,5000.00,Fully Paid,8.40
9737,29268,29510,2024-02-27,2024-07-27,9600.00,Fully Paid,8.40
9738,29270,53030,2024-04-06,2025-01-06,15500.00,Fully Paid,8.40
9739,29281,39945,2025-05-10,2025-10-10,12000.00,Fully Paid,14.40
9740,29284,5532,2025-10-27,2026-04-27,14400.00,Defaulted,8.40
9742,29287,37274,2024-04-08,2024-07-08,24000.00,Fully Paid,8.40
9746,29299,1709,2024-10-04,2025-02-04,18200.00,Fully Paid,6.00
9748,29303,63016,2025-09-22,2025-12-22,11600.00,Active,10.80
9749,29312,2040,2024-11-09,2024-12-09,13000.00,Fully Paid,6.00
9750,29321,58523,2025-07-09,2025-12-09,23000.00,Fully Paid,10.80
9752,29328,38354,2025-12-10,2026-07-10,6000.00,Active,6.00
9754,29331,26774,2024-11-27,2025-07-27,5000.00,Fully Paid,6.00
9755,29332,20745,2025-06-16,2026-01-16,17000.00,Fully Paid,8.40
9756,29334,18972,2026-03-26,2026-06-26,3850.00,Active,10.80
9757,29335,46220,2024-07-01,2025-02-01,14400.00,Fully Paid,6.00
9758,29340,25919,2025-05-03,2026-02-03,20000.00,Defaulted,6.00
9760,29343,13810,2025-05-07,2026-02-07,5150.00,Fully Paid,8.40
9762,29348,53182,2025-08-30,2025-10-30,7500.00,Defaulted,6.00
9763,29352,40545,2025-01-05,2025-05-05,12000.00,Defaulted,6.00
9765,29357,26852,2025-05-21,2025-12-21,13375.00,Fully Paid,6.00
9766,29359,17263,2025-01-03,2025-08-03,10000.00,Fully Paid,8.40
9767,29366,6556,2025-03-24,2025-05-24,4000.00,Fully Paid,6.00
9768,29367,30407,2026-01-09,2026-09-09,12000.00,Active,6.00
9769,29371,18406,2025-09-01,2026-05-01,13000.00,Fully Paid,8.40
9770,29374,6709,2024-12-26,2025-04-26,10000.00,Active,10.80
9771,29375,27069,2025-02-28,2025-05-28,8975.00,Defaulted,8.40
9773,29380,2028,2025-11-26,2026-06-26,35000.00,Active,6.00
9774,29381,64977,2024-10-27,2025-02-27,35000.00,Fully Paid,10.80
9775,29383,48747,2026-03-13,2026-08-13,5000.00,Active,8.40
9778,29386,36086,2025-11-16,2026-07-16,3675.00,Active,6.00
9780,29392,5777,2025-03-12,2025-09-12,12000.00,Fully Paid,8.40
9781,29396,26829,2024-02-04,2024-06-04,6500.00,Active,6.00
9782,29398,33538,2025-04-06,2026-01-06,2375.00,Fully Paid,6.00
9783,29407,31092,2024-12-08,2025-01-08,25500.00,Active,14.40
9784,29412,37704,2025-10-21,2026-02-21,9000.00,Fully Paid,8.40
9785,29415,23927,2024-12-21,2025-03-21,6000.00,Fully Paid,10.80
9786,29416,59226,2026-03-18,2026-11-18,6000.00,Active,14.40
9787,29422,19845,2024-01-13,2024-06-13,3000.00,Fully Paid,6.00
9789,29433,19486,2025-10-10,2025-11-10,35000.00,Fully Paid,6.00
9790,29434,16511,2025-02-08,2025-11-08,3600.00,Active,8.40
9791,29435,13382,2024-01-19,2024-10-19,8000.00,Fully Paid,6.00
9792,29436,21925,2026-01-22,2026-07-22,7425.00,Active,8.40
9793,29440,31208,2024-12-28,2025-05-28,10000.00,Fully Paid,6.00
9794,29442,23972,2024-01-02,2024-08-02,11200.00,Fully Paid,8.40
9795,29445,25221,2024-04-15,2024-12-15,4000.00,Fully Paid,8.40
9796,29447,44156,2025-12-02,2026-07-02,2000.00,Active,8.40
9797,29449,11303,2025-10-06,2026-02-06,23000.00,Active,6.00
9798,29450,33428,2024-08-18,2025-04-18,9200.00,Fully Paid,8.40
9799,29454,43359,2024-04-15,2024-10-15,12000.00,Fully Paid,6.00
9800,29455,64502,2026-04-20,2026-10-20,18000.00,Active,8.40
9801,29457,67832,2024-08-03,2025-04-03,2800.00,Fully Paid,6.00
9802,29468,45642,2025-08-31,2025-09-30,12600.00,Fully Paid,6.00
9803,29469,67336,2026-02-02,2026-03-02,25000.00,Fully Paid,8.40
9804,29471,28567,2026-03-12,2026-09-12,13850.00,Active,10.80
9805,29477,51787,2024-01-25,2024-10-25,24000.00,Fully Paid,6.00
9809,29487,55573,2025-03-11,2025-04-11,4000.00,Active,6.00
9810,29489,59653,2024-11-11,2025-07-11,22000.00,Fully Paid,10.80
9811,29493,45475,2026-05-02,2026-11-02,16000.00,Active,8.40
9812,29495,58688,2024-08-06,2025-05-06,1000.00,Active,8.40
9813,29496,10255,2026-04-28,2026-11-28,15000.00,Active,14.40
9814,29504,40936,2025-06-12,2025-10-12,20000.00,Fully Paid,14.40
9816,29510,7763,2026-03-27,2026-06-27,5000.00,Active,8.40
9817,29512,5260,2024-07-30,2025-03-30,9350.00,Fully Paid,8.40
9819,29521,20348,2024-10-10,2025-03-10,35000.00,Fully Paid,6.00
9820,29524,30847,2024-08-23,2025-01-23,11000.00,Defaulted,8.40
9821,29535,40639,2025-12-29,2026-06-29,8000.00,Active,8.40
9822,29537,28815,2024-11-23,2025-04-23,10000.00,Fully Paid,6.00
9823,29539,62553,2024-05-06,2024-11-06,5000.00,Fully Paid,6.00
9824,29540,37088,2025-05-07,2025-08-07,9000.00,Fully Paid,8.40
9825,29543,44862,2025-02-07,2025-09-07,5000.00,Fully Paid,6.00
9826,29547,61333,2025-07-29,2026-02-28,10000.00,Fully Paid,6.00
9827,29548,28537,2024-02-16,2024-03-16,7875.00,Fully Paid,8.40
9828,29553,34142,2024-07-17,2025-04-17,25000.00,Fully Paid,8.40
9830,29558,34600,2024-12-19,2025-07-19,18275.00,Fully Paid,8.40
9831,29562,18181,2025-12-04,2026-01-04,11225.00,Fully Paid,14.40
9832,29565,45980,2025-03-25,2025-09-25,28000.00,Fully Paid,10.80
9833,29568,34652,2025-05-28,2025-12-28,1500.00,Active,8.40
9834,29574,32293,2025-06-23,2026-03-23,2775.00,Fully Paid,8.40
9836,29577,50002,2024-10-24,2025-04-24,35000.00,Fully Paid,8.40
9838,29587,7253,2024-08-14,2025-02-14,20000.00,Fully Paid,14.40
9839,29589,64518,2024-02-10,2024-03-10,5000.00,Fully Paid,6.00
9840,29590,966,2024-12-24,2025-02-24,15350.00,Active,6.00
9844,29605,23748,2026-01-01,2026-08-01,35000.00,Active,8.40
9845,29620,58210,2024-07-15,2024-10-15,15000.00,Fully Paid,6.00
9846,29623,56426,2025-04-29,2025-12-29,10000.00,Fully Paid,10.80
9849,29629,39080,2026-04-05,2026-06-05,6000.00,Active,14.40
9850,29631,51233,2024-08-25,2024-10-25,15000.00,Active,8.40
9851,29634,42382,2026-01-26,2026-09-26,12000.00,Active,8.40
9852,29635,58137,2026-01-05,2026-06-05,35000.00,Active,6.00
9854,29656,62952,2024-05-25,2024-09-25,12000.00,Fully Paid,10.80
9855,29657,46715,2024-01-18,2024-02-18,20000.00,Fully Paid,6.00
9857,29664,53973,2025-07-26,2025-11-26,5000.00,Fully Paid,6.00
9858,29665,16854,2024-06-21,2024-07-21,4500.00,Fully Paid,6.00
9859,29669,44693,2026-02-17,2026-07-17,7200.00,Active,10.80
9860,29671,52661,2026-04-01,2026-12-01,5100.00,Active,6.00
9862,29677,10596,2025-01-13,2025-06-13,10500.00,Fully Paid,10.80
9863,29678,40982,2025-05-03,2025-12-03,32000.00,Active,8.40
9864,29679,60353,2024-10-29,2025-04-29,5500.00,Fully Paid,8.40
9865,29681,21391,2026-03-26,2026-08-26,29525.00,Active,8.40
9866,29683,26234,2024-02-14,2024-04-14,20000.00,Fully Paid,10.80
9867,29685,24260,2024-11-10,2025-04-10,20000.00,Active,6.00
9868,29688,51933,2026-01-06,2026-08-06,5600.00,Active,6.00
9871,29698,29937,2024-10-25,2025-04-25,15000.00,Fully Paid,6.00
9872,29699,19189,2026-02-18,2026-09-18,6000.00,Active,8.40
9873,29701,49722,2024-09-23,2025-03-23,6000.00,Fully Paid,10.80
9874,29704,35348,2024-10-02,2024-11-02,4200.00,Fully Paid,6.00
9877,29716,53736,2025-07-28,2025-12-28,11000.00,Active,10.80
9878,29717,55520,2024-05-11,2024-06-11,6000.00,Fully Paid,14.40
9881,29725,33573,2025-09-13,2026-01-13,7550.00,Fully Paid,6.00
9883,29734,54075,2024-03-13,2024-10-13,8000.00,Fully Paid,6.00
9884,29736,18027,2024-11-01,2025-05-01,30000.00,Fully Paid,14.40
9885,29737,60763,2025-11-13,2026-04-13,12000.00,Fully Paid,6.00
9886,29741,15943,2026-04-02,2026-09-02,18000.00,Active,8.40
9887,29744,2745,2025-02-02,2025-07-02,15000.00,Fully Paid,10.80
9888,29746,20403,2025-07-08,2026-03-08,11575.00,Fully Paid,14.40
9889,29747,15688,2024-11-27,2025-06-27,16800.00,Fully Paid,8.40
9890,29748,12353,2025-08-27,2025-11-27,20000.00,Fully Paid,8.40
9891,29752,36248,2025-10-14,2026-01-14,12000.00,Active,8.40
9892,29758,49567,2024-05-22,2024-08-22,25000.00,Fully Paid,10.80
9893,29759,18612,2025-04-04,2025-11-04,5000.00,Fully Paid,10.80
9894,29761,21970,2025-06-28,2025-10-28,6000.00,Defaulted,8.40
9895,29762,60763,2024-12-14,2025-08-14,12000.00,Fully Paid,6.00
9898,29777,3367,2024-08-17,2025-05-17,15000.00,Fully Paid,10.80
9900,29782,8282,2026-05-04,2026-11-04,2000.00,Active,8.40
9901,29784,31824,2025-09-13,2026-02-13,10000.00,Fully Paid,10.80
9902,29785,32484,2026-02-26,2026-09-26,3250.00,Active,6.00
9903,29787,31793,2026-03-25,2026-05-25,6000.00,Fully Paid,6.00
9904,29789,930,2025-05-05,2025-10-05,2000.00,Fully Paid,10.80
9906,29792,5729,2024-02-13,2024-08-13,5750.00,Fully Paid,8.40
9907,29795,42887,2024-09-09,2025-03-09,12000.00,Fully Paid,14.40
9908,29797,51137,2025-10-26,2025-11-26,15000.00,Fully Paid,6.00
9911,29803,60808,2024-07-26,2025-02-26,20000.00,Fully Paid,8.40
9913,29806,28279,2025-10-10,2026-05-10,8000.00,Fully Paid,6.00
9915,29813,27079,2025-05-30,2025-06-30,5000.00,Fully Paid,6.00
9916,29815,20628,2024-08-20,2024-09-20,4600.00,Fully Paid,10.80
9917,29816,63969,2025-06-06,2026-02-06,10000.00,Fully Paid,6.00
9918,29818,5889,2026-05-01,2027-01-01,12000.00,Active,14.40
9919,29819,31355,2025-04-25,2025-12-25,14600.00,Fully Paid,8.40
9920,29821,67914,2024-12-19,2025-04-19,12000.00,Active,8.40
9921,29823,28063,2024-03-14,2024-10-14,8000.00,Fully Paid,6.00
9924,29826,42028,2025-07-04,2025-10-04,5000.00,Fully Paid,8.40
9925,29829,55297,2025-11-06,2026-06-06,20000.00,Active,8.40
9926,29830,19729,2025-04-07,2025-11-07,10000.00,Fully Paid,6.00
9927,29831,34237,2025-02-04,2025-06-04,5000.00,Fully Paid,6.00
9928,29832,23891,2025-11-15,2026-07-15,8000.00,Active,8.40
9929,29835,29343,2024-09-21,2024-11-21,7000.00,Fully Paid,6.00
9931,29842,11532,2025-10-31,2026-06-30,18000.00,Active,10.80
9932,29843,32606,2024-02-03,2024-06-03,24000.00,Active,8.40
9933,29847,28486,2024-09-22,2025-02-22,10200.00,Fully Paid,6.00
9934,29857,14645,2024-08-15,2024-09-15,12000.00,Fully Paid,10.80
9935,29858,9776,2024-06-14,2024-09-14,10000.00,Fully Paid,10.80
9936,29862,54330,2024-11-23,2025-05-23,24000.00,Fully Paid,6.00
9937,29864,16166,2024-08-18,2025-03-18,10000.00,Fully Paid,6.00
9938,29866,9682,2025-08-29,2026-02-28,15000.00,Fully Paid,6.00
9939,29867,56178,2025-11-22,2026-08-22,20000.00,Active,6.00
9940,29868,27269,2024-09-18,2025-03-18,15000.00,Fully Paid,10.80
9941,29874,26574,2026-02-27,2026-04-27,20000.00,Fully Paid,14.40
9943,29877,63748,2024-06-27,2024-10-27,8000.00,Fully Paid,10.80
9944,29888,14183,2024-08-04,2024-10-04,10000.00,Fully Paid,8.40
9945,29889,19770,2024-02-26,2024-09-26,17500.00,Fully Paid,8.40
9946,29893,56483,2024-06-15,2024-11-15,10000.00,Fully Paid,6.00
9947,29895,27641,2025-07-16,2025-12-16,19800.00,Fully Paid,8.40
9948,29896,18790,2024-10-02,2025-07-02,7800.00,Defaulted,6.00
9949,29901,30874,2024-06-16,2025-01-16,20000.00,Fully Paid,6.00
9950,29902,62957,2024-02-18,2024-06-18,12000.00,Fully Paid,6.00
9951,29903,18585,2025-05-28,2025-06-28,3000.00,Fully Paid,8.40
9952,29905,30036,2025-09-13,2026-06-13,5600.00,Active,8.40
9953,29908,62549,2025-04-26,2025-05-26,6700.00,Active,14.40
9954,29910,21131,2025-07-28,2025-09-28,7500.00,Fully Paid,6.00
9955,29916,58479,2024-03-16,2024-08-16,10000.00,Fully Paid,8.40
9956,29918,19670,2024-08-20,2025-01-20,11375.00,Fully Paid,10.80
9957,29919,65093,2024-07-15,2024-08-15,10000.00,Active,8.40
9960,29925,61750,2026-03-25,2026-08-25,12275.00,Active,6.00
9961,29929,7826,2025-05-12,2025-06-12,4625.00,Fully Paid,8.40
9963,29931,29203,2025-08-10,2025-12-10,10000.00,Fully Paid,8.40
9964,29932,59276,2025-07-02,2026-03-02,10000.00,Fully Paid,14.40
9965,29934,38309,2024-05-06,2024-09-06,10000.00,Fully Paid,14.40
9966,29938,4796,2026-02-25,2026-11-25,16000.00,Active,10.80
9967,29940,42747,2025-09-03,2025-12-03,11200.00,Active,14.40
9969,29945,23037,2025-03-18,2025-10-18,2700.00,Fully Paid,14.40
9971,29953,49626,2025-07-12,2025-12-12,12000.00,Fully Paid,6.00
9972,29956,37168,2024-03-14,2024-11-14,16500.00,Active,6.00
9974,29960,54956,2025-07-20,2025-12-20,16000.00,Fully Paid,8.40
9976,29967,17420,2025-11-23,2026-07-23,33000.00,Active,6.00
9978,29973,46933,2025-11-22,2026-03-22,17725.00,Active,14.40
9980,29981,58886,2024-06-26,2024-11-26,15600.00,Fully Paid,14.40
9981,29982,42911,2025-03-17,2025-09-17,24000.00,Fully Paid,8.40
9983,29986,40333,2024-01-12,2024-09-12,6000.00,Fully Paid,8.40
9984,29989,598,2024-10-02,2024-12-02,10000.00,Active,10.80
9986,30008,10499,2025-08-15,2025-10-15,10200.00,Fully Paid,8.40
9989,30019,66810,2025-05-05,2025-07-05,12000.00,Fully Paid,8.40
9990,30025,63104,2025-12-17,2026-06-17,25000.00,Active,8.40
9991,30028,64145,2025-09-22,2026-04-22,12800.00,Fully Paid,8.40
9994,30044,47398,2025-02-27,2025-09-27,24000.00,Fully Paid,8.40
9996,30047,64724,2025-10-29,2026-04-29,11675.00,Fully Paid,10.80
9997,30048,64043,2024-08-11,2024-10-11,20000.00,Fully Paid,6.00
9998,30049,44239,2024-06-19,2024-10-19,2200.00,Fully Paid,8.40
9999,30058,21575,2024-09-21,2024-12-21,3000.00,Fully Paid,10.80
10000,30059,27285,2024-03-28,2024-11-28,10425.00,Fully Paid,6.00
10001,30068,12995,2026-03-14,2026-08-14,5000.00,Active,8.40
10004,30074,53512,2025-07-11,2025-10-11,16000.00,Fully Paid,6.00
10005,30090,60489,2024-03-11,2024-04-11,16000.00,Fully Paid,10.80
10006,30093,14295,2024-03-26,2024-05-26,16000.00,Active,8.40
10009,30106,1551,2024-02-23,2024-06-23,12000.00,Fully Paid,14.40
10010,30113,31608,2025-12-23,2026-07-23,12000.00,Active,10.80
10011,30115,56132,2024-11-13,2025-02-13,14000.00,Fully Paid,14.40
10012,30118,49442,2026-05-19,2026-12-19,15600.00,Active,8.40
10013,30122,28008,2025-11-16,2026-04-16,11000.00,Fully Paid,8.40
10014,30126,44130,2024-05-24,2025-01-24,8000.00,Fully Paid,10.80
10015,30129,56904,2025-01-06,2025-08-06,8000.00,Fully Paid,14.40
10016,30134,46338,2024-11-23,2025-07-23,5000.00,Fully Paid,6.00
10017,30135,763,2026-05-05,2027-02-05,24800.00,Active,10.80
10019,30142,38012,2024-04-30,2024-07-30,25850.00,Active,8.40
10021,30145,376,2025-12-29,2026-03-29,16675.00,Fully Paid,8.40
10022,30149,63748,2024-08-31,2024-09-30,16000.00,Active,14.40
10025,30155,52423,2025-09-18,2026-06-18,12000.00,Active,6.00
10027,30164,56602,2024-10-04,2025-04-04,25000.00,Fully Paid,10.80
10028,30168,8573,2024-09-28,2025-02-28,3500.00,Fully Paid,10.80
10030,30174,59732,2024-01-14,2024-06-14,3825.00,Fully Paid,6.00
10031,30179,29865,2025-04-02,2025-11-02,19800.00,Fully Paid,6.00
10032,30180,27189,2026-04-03,2027-01-03,7900.00,Active,8.40
10033,30181,31814,2025-05-08,2025-10-08,20000.00,Active,6.00
10035,30188,44877,2026-04-19,2026-05-19,16050.00,Fully Paid,6.00
10036,30189,61283,2025-09-06,2026-01-06,6000.00,Active,8.40
10037,30194,67435,2025-01-04,2025-02-04,32000.00,Fully Paid,10.80
10038,30197,55036,2026-03-23,2026-04-23,9000.00,Fully Paid,6.00
10040,30204,7384,2024-12-11,2025-03-11,10000.00,Active,14.40
10041,30207,21806,2024-02-27,2024-11-27,18000.00,Fully Paid,6.00
10044,30215,40990,2025-10-09,2026-03-09,17000.00,Fully Paid,8.40
10045,30218,7163,2025-11-03,2025-12-03,10000.00,Fully Paid,14.40
10046,30219,45174,2024-10-25,2025-01-25,3200.00,Fully Paid,6.00
10050,30237,17916,2025-09-29,2026-05-29,14400.00,Active,6.00
10051,30247,43747,2024-01-13,2024-08-13,10000.00,Active,6.00
10053,30250,10311,2025-09-16,2026-02-16,20000.00,Active,8.40
10054,30251,44274,2024-02-01,2024-05-01,6550.00,Fully Paid,6.00
10055,30255,24790,2024-11-15,2025-06-15,3000.00,Fully Paid,6.00
10056,30256,47140,2024-01-15,2024-05-15,12000.00,Fully Paid,10.80
10057,30257,36153,2024-11-14,2025-08-14,6000.00,Fully Paid,8.40
10058,30260,27546,2025-03-15,2025-10-15,35000.00,Fully Paid,6.00
10059,30264,25361,2026-05-12,2027-02-12,8500.00,Active,6.00
10061,30271,37423,2026-05-12,2026-11-12,34000.00,Active,6.00
10063,30294,38437,2026-02-05,2026-07-05,12000.00,Active,6.00
10064,30297,806,2024-12-27,2025-01-27,8000.00,Fully Paid,8.40
10065,30298,18195,2024-11-20,2025-03-20,3600.00,Fully Paid,6.00
10066,30305,50189,2025-01-17,2025-09-17,1925.00,Fully Paid,6.00
10067,30314,16297,2025-05-28,2026-01-28,5000.00,Fully Paid,10.80
10068,30316,51997,2025-05-25,2025-11-25,12000.00,Active,6.00
10069,30325,48807,2024-04-24,2024-06-24,10000.00,Fully Paid,6.00
10070,30328,64045,2026-01-23,2026-09-23,4000.00,Active,8.40
10074,30339,61088,2024-12-14,2025-02-14,13675.00,Fully Paid,10.80
10075,30343,57378,2024-05-13,2025-01-13,30800.00,Fully Paid,8.40
10076,30344,6070,2024-09-25,2024-10-25,12000.00,Fully Paid,6.00
10077,30350,50057,2024-10-10,2025-04-10,5000.00,Fully Paid,6.00
10080,30365,12284,2024-12-19,2025-07-19,5000.00,Fully Paid,6.00
10081,30369,18022,2024-11-04,2025-07-04,21000.00,Fully Paid,6.00
10082,30370,27851,2025-10-08,2026-01-08,20000.00,Active,6.00
10083,30373,21514,2024-08-19,2025-01-19,10000.00,Fully Paid,6.00
10084,30374,6661,2026-04-21,2026-11-21,8000.00,Active,6.00
10085,30377,50735,2025-11-20,2025-12-20,28000.00,Fully Paid,6.00
10086,30379,8268,2025-08-20,2025-11-20,3000.00,Fully Paid,14.40
10087,30380,67735,2024-06-07,2024-08-07,12600.00,Fully Paid,14.40
10088,30385,28063,2024-08-09,2025-02-09,22000.00,Fully Paid,14.40
10089,30386,49714,2026-01-13,2026-06-13,20000.00,Active,6.00
10090,30388,21214,2025-04-01,2026-01-01,4800.00,Active,8.40
10091,30389,62714,2025-02-22,2025-09-22,5000.00,Fully Paid,8.40
10093,30393,44687,2024-10-20,2025-04-20,24000.00,Fully Paid,8.40
10095,30397,64518,2025-08-23,2026-04-23,12000.00,Fully Paid,8.40
10097,30404,10711,2025-09-12,2026-03-12,1500.00,Active,6.00
10098,30407,59166,2025-12-31,2026-02-28,12000.00,Fully Paid,14.40
10104,30425,45124,2025-01-13,2025-08-13,25000.00,Active,6.00
10105,30428,8449,2024-09-13,2025-02-13,9000.00,Active,6.00
10106,30431,37087,2024-12-27,2025-04-27,12600.00,Fully Paid,6.00
10107,30433,29462,2026-05-19,2027-02-19,12400.00,Active,8.40
10108,30434,51665,2026-04-21,2026-11-21,24000.00,Active,8.40
10109,30438,51065,2024-08-13,2024-09-13,5000.00,Fully Paid,8.40
10111,30451,65190,2024-11-03,2025-01-03,14500.00,Active,10.80
10112,30452,50116,2024-11-17,2025-04-17,4925.00,Fully Paid,14.40
10114,30461,31948,2024-12-28,2025-01-28,10000.00,Fully Paid,6.00
10115,30462,23341,2025-09-04,2025-11-04,10000.00,Fully Paid,6.00
10118,30465,67807,2024-01-03,2024-08-03,13200.00,Fully Paid,8.40
10120,30472,48206,2024-01-21,2024-05-21,8000.00,Fully Paid,6.00
10121,30473,31536,2025-10-30,2026-03-30,2400.00,Fully Paid,6.00
10122,30479,65235,2025-02-06,2025-09-06,10000.00,Fully Paid,8.40
10123,30482,3836,2025-02-19,2025-08-19,15000.00,Fully Paid,6.00
10124,30487,18465,2025-12-05,2026-04-05,18000.00,Fully Paid,6.00
10125,30489,24789,2024-11-11,2025-07-11,15350.00,Fully Paid,6.00
10126,30491,20414,2025-05-05,2025-09-05,16000.00,Fully Paid,14.40
10128,30494,3202,2025-10-11,2025-12-11,5000.00,Fully Paid,6.00
10129,30499,22964,2026-02-21,2026-08-21,10000.00,Active,8.40
10130,30501,2007,2025-10-25,2025-11-25,12000.00,Active,14.40
10134,30514,583,2026-04-25,2026-11-25,20000.00,Active,6.00
10135,30515,18840,2026-05-15,2027-02-15,6000.00,Active,14.40
10137,30518,49735,2026-03-24,2026-08-24,12000.00,Active,8.40
10138,30522,50531,2026-03-17,2026-09-17,4300.00,Active,6.00
10140,30526,3777,2025-03-03,2025-10-03,21500.00,Fully Paid,10.80
10142,30547,40447,2026-03-25,2026-11-25,4925.00,Active,6.00
10143,30549,29284,2025-03-15,2025-11-15,10000.00,Fully Paid,6.00
10144,30552,49452,2024-08-05,2025-04-05,9000.00,Fully Paid,6.00
10145,30555,49275,2025-04-15,2025-06-15,5375.00,Fully Paid,6.00
10147,30558,31280,2025-01-27,2025-02-27,3500.00,Fully Paid,10.80
10148,30562,11473,2025-08-31,2026-01-31,11775.00,Fully Paid,10.80
10149,30563,11138,2026-02-18,2026-08-18,30000.00,Active,14.40
10150,30569,47718,2025-08-29,2026-03-29,30000.00,Fully Paid,8.40
10151,30575,23037,2025-03-19,2025-06-19,22000.00,Fully Paid,8.40
10152,30579,46121,2024-11-27,2024-12-27,17000.00,Fully Paid,14.40
10154,30584,2162,2024-01-30,2024-02-29,20000.00,Active,8.40
10155,30585,10130,2025-07-16,2026-03-16,15000.00,Active,6.00
10156,30587,18398,2025-05-30,2025-11-30,15300.00,Active,10.80
10157,30588,10343,2025-01-30,2025-05-30,8000.00,Fully Paid,14.40
10158,30589,53462,2024-11-27,2025-05-27,12000.00,Fully Paid,8.40
10160,30593,2885,2025-02-25,2025-04-25,20000.00,Fully Paid,8.40
10161,30596,1891,2025-11-05,2026-01-05,14000.00,Fully Paid,8.40
10162,30598,18705,2025-04-20,2025-10-20,4125.00,Fully Paid,6.00
10163,30601,35104,2024-12-10,2025-02-10,2425.00,Fully Paid,6.00
10164,30602,4136,2026-03-11,2026-05-11,10000.00,Defaulted,8.40
10165,30604,3733,2024-04-19,2024-12-19,16800.00,Fully Paid,8.40
10166,30606,62029,2025-03-23,2025-05-23,3000.00,Fully Paid,6.00
10168,30612,43512,2026-02-01,2026-10-01,18000.00,Active,8.40
10170,30616,4353,2025-06-01,2025-09-01,10700.00,Fully Paid,6.00
10172,30621,44075,2024-11-27,2025-08-27,13475.00,Fully Paid,6.00
10173,30623,52805,2025-09-28,2026-05-28,21000.00,Active,10.80
10174,30624,12274,2024-05-11,2025-02-11,10000.00,Fully Paid,8.40
10175,30629,47731,2025-07-04,2025-10-04,20000.00,Defaulted,6.00
10176,30630,44662,2024-07-15,2024-12-15,20000.00,Fully Paid,8.40
10177,30631,37176,2024-11-10,2025-02-10,13000.00,Fully Paid,6.00
10179,30636,32909,2024-12-13,2025-04-13,20000.00,Fully Paid,10.80
10180,30638,17853,2024-06-28,2024-12-28,20000.00,Active,6.00
10181,30644,50390,2024-07-14,2024-08-14,24000.00,Defaulted,8.40
10182,30652,40838,2024-05-15,2024-06-15,30000.00,Active,14.40
10183,30657,23506,2026-01-16,2026-06-16,10000.00,Active,8.40
10184,30660,40084,2025-09-20,2026-05-20,20000.00,Fully Paid,8.40
10185,30665,4919,2024-09-26,2024-12-26,6000.00,Active,10.80
10186,30670,39167,2024-09-15,2025-05-15,10550.00,Fully Paid,6.00
10187,30680,50297,2025-10-04,2026-02-04,3000.00,Fully Paid,14.40
10189,30686,60521,2024-02-23,2024-04-23,8000.00,Fully Paid,6.00
10191,30688,49045,2024-05-20,2024-12-20,12200.00,Defaulted,8.40
10192,30690,27504,2024-11-08,2025-07-08,33425.00,Fully Paid,6.00
10193,30691,54590,2026-01-07,2026-10-07,6000.00,Active,8.40
10195,30702,22870,2026-04-23,2026-09-23,10000.00,Active,8.40
10199,30715,61641,2024-07-01,2025-02-01,10000.00,Active,8.40
10200,30719,17206,2024-12-02,2025-03-02,10000.00,Fully Paid,6.00
10202,30726,56073,2024-08-30,2025-01-30,23750.00,Active,10.80
10204,30731,13197,2025-07-04,2025-08-04,6400.00,Active,6.00
10208,30735,40125,2025-02-09,2025-10-09,30000.00,Fully Paid,6.00
10209,30737,67833,2024-05-16,2025-01-16,6575.00,Fully Paid,8.40
10210,30738,436,2024-07-25,2024-11-25,18225.00,Fully Paid,8.40
10211,30739,55706,2026-04-30,2026-12-30,9800.00,Active,6.00
10212,30750,40964,2024-09-20,2025-06-20,11900.00,Fully Paid,6.00
10213,30751,66830,2024-10-26,2025-01-26,7000.00,Fully Paid,10.80
10214,30752,11005,2024-05-02,2024-10-02,20000.00,Fully Paid,10.80
10215,30753,8861,2024-10-31,2024-12-31,14000.00,Fully Paid,6.00
10216,30755,55669,2025-08-02,2025-12-02,19200.00,Fully Paid,6.00
10217,30763,65912,2025-02-22,2025-08-22,5600.00,Fully Paid,8.40
10218,30767,51432,2024-06-25,2025-03-25,11575.00,Fully Paid,6.00
10219,30774,38543,2025-08-10,2026-05-10,20000.00,Fully Paid,8.40
10220,30779,66013,2024-10-02,2025-05-02,6850.00,Fully Paid,8.40
10221,30781,32798,2024-12-24,2025-03-24,3500.00,Fully Paid,8.40
10222,30782,63057,2026-02-23,2026-10-23,15000.00,Active,6.00
10223,30785,55827,2025-11-06,2026-03-06,20000.00,Defaulted,6.00
10224,30786,46040,2025-03-12,2025-12-12,8000.00,Fully Paid,10.80
10225,30788,19218,2026-04-21,2026-07-21,18000.00,Active,8.40
10226,30790,67898,2025-10-16,2025-11-16,26400.00,Active,10.80
10227,30798,19157,2025-08-07,2026-02-07,12000.00,Fully Paid,6.00
10228,30801,22766,2024-10-09,2025-06-09,12000.00,Fully Paid,8.40
10229,30804,19627,2025-10-13,2026-01-13,7500.00,Fully Paid,10.80
10230,30805,41426,2024-06-29,2025-01-29,11200.00,Fully Paid,6.00
10231,30806,26442,2025-03-07,2025-09-07,15000.00,Fully Paid,14.40
10232,30810,32275,2025-08-23,2026-02-23,3150.00,Active,6.00
10234,30817,67932,2024-07-10,2024-08-10,9600.00,Fully Paid,8.40
10235,30818,59061,2025-10-10,2025-11-10,5600.00,Fully Paid,6.00
10236,30820,64770,2026-01-03,2026-07-03,6000.00,Active,14.40
10237,30825,3613,2024-01-07,2024-05-07,15000.00,Fully Paid,6.00
10240,30831,48965,2026-02-16,2026-04-16,15000.00,Fully Paid,6.00
10242,30836,647,2026-01-15,2026-09-15,16000.00,Active,10.80
10243,30839,34508,2024-11-10,2025-01-10,5000.00,Fully Paid,6.00
10244,30844,14708,2024-01-28,2024-06-28,8500.00,Fully Paid,6.00
10245,30845,68040,2026-04-01,2026-11-01,12000.00,Active,6.00
10247,30853,63170,2025-07-15,2025-10-15,8000.00,Fully Paid,6.00
10248,30857,22132,2025-08-10,2025-12-10,7425.00,Fully Paid,14.40
10249,30858,28744,2025-09-19,2026-02-19,10400.00,Active,10.80
10250,30861,56203,2024-10-22,2025-02-22,6000.00,Fully Paid,8.40
10251,30864,28178,2026-05-03,2026-10-03,35000.00,Active,10.80
10252,30867,36175,2025-10-01,2026-05-01,15000.00,Active,10.80
10253,30882,23015,2025-07-14,2026-03-14,18000.00,Fully Paid,8.40
10255,30891,52107,2025-12-21,2026-01-21,9650.00,Fully Paid,8.40
10256,30897,66280,2024-02-17,2024-08-17,2700.00,Fully Paid,6.00
10257,30900,51060,2025-06-18,2025-07-18,8000.00,Fully Paid,10.80
10258,30901,15393,2025-10-06,2026-06-06,12000.00,Active,10.80
10259,30909,46768,2025-10-19,2026-06-19,2250.00,Active,6.00
10261,30916,63895,2026-05-06,2026-09-06,10000.00,Active,10.80
10264,30925,37665,2025-06-25,2025-08-25,30000.00,Active,10.80
10265,30928,10314,2025-03-19,2025-07-19,10000.00,Fully Paid,6.00
10268,30935,21358,2024-12-25,2025-01-25,12000.00,Fully Paid,8.40
10270,30937,47976,2025-02-27,2025-06-27,28000.00,Fully Paid,10.80
10271,30943,45084,2024-03-26,2024-11-26,35000.00,Fully Paid,10.80
10272,30944,36771,2025-04-01,2025-08-01,10000.00,Fully Paid,10.80
10273,30946,1402,2025-08-31,2025-10-31,10000.00,Fully Paid,6.00
10275,30949,58302,2025-06-30,2025-07-30,3000.00,Fully Paid,14.40
10276,30950,66873,2025-01-29,2025-07-29,28000.00,Fully Paid,8.40
10277,30952,44100,2024-07-28,2025-04-28,10000.00,Fully Paid,8.40
10281,30960,37042,2026-01-08,2026-06-08,8000.00,Active,8.40
10282,30961,45411,2026-03-16,2026-07-16,18000.00,Active,8.40
10283,30962,39390,2024-01-16,2024-05-16,9850.00,Fully Paid,10.80
10284,30965,54915,2026-03-13,2026-07-13,12600.00,Active,6.00
10285,30968,26583,2025-03-31,2025-05-31,10000.00,Fully Paid,10.80
10286,30971,44102,2026-01-11,2026-10-11,21600.00,Active,14.40
10290,30986,40982,2024-03-13,2024-11-13,15000.00,Fully Paid,8.40
10291,30988,6180,2025-12-23,2026-01-23,20000.00,Fully Paid,8.40
10295,72,57818,2024-12-01,2025-07-01,8000.00,Fully Paid,10.80
10296,101,9788,2025-04-13,2025-11-13,8650.00,Active,8.40
10297,114,7392,2024-06-30,2024-10-30,10000.00,Fully Paid,8.40
10298,117,42401,2024-11-15,2025-04-15,14025.00,Fully Paid,6.00
10299,124,50574,2025-09-29,2025-10-29,4200.00,Fully Paid,6.00
10301,136,31031,2025-09-19,2026-06-19,27300.00,Active,10.80
10302,146,30659,2025-12-02,2026-05-02,8000.00,Fully Paid,10.80
10303,156,25109,2024-07-09,2024-10-09,17475.00,Fully Paid,6.00
10304,162,61416,2024-04-22,2024-12-22,15000.00,Fully Paid,6.00
10305,168,51703,2024-02-12,2024-08-12,6000.00,Fully Paid,6.00
10306,178,45511,2024-01-11,2024-08-11,25825.00,Fully Paid,6.00
10309,219,55972,2024-06-03,2024-07-03,5000.00,Fully Paid,10.80
10312,246,20532,2026-05-10,2027-02-10,15000.00,Active,10.80
10313,254,39527,2025-10-22,2026-04-22,16000.00,Fully Paid,10.80
10315,293,47353,2025-03-09,2025-10-09,30000.00,Fully Paid,8.40
10316,304,37853,2024-07-09,2025-01-09,2400.00,Defaulted,14.40
10322,367,137,2025-01-16,2025-02-16,11200.00,Fully Paid,6.00
10323,370,26509,2024-04-20,2024-05-20,6000.00,Fully Paid,6.00
10325,413,42588,2025-10-06,2026-05-06,12000.00,Fully Paid,6.00
10326,415,4995,2025-07-06,2026-04-06,16775.00,Fully Paid,8.40
10327,422,67500,2024-05-04,2024-12-04,10000.00,Fully Paid,10.80
10328,427,5652,2024-02-24,2024-07-24,15000.00,Active,10.80
10329,430,56244,2024-05-16,2024-11-16,6000.00,Fully Paid,14.40
10330,446,42653,2025-02-15,2025-10-15,10000.00,Active,6.00
10331,449,13046,2025-11-18,2025-12-18,10800.00,Fully Paid,8.40
10332,458,32512,2024-06-03,2025-03-03,20000.00,Active,10.80
10333,461,64550,2025-05-02,2025-12-02,15200.00,Active,10.80
10334,485,6605,2024-04-03,2024-07-03,8000.00,Fully Paid,8.40
10338,515,14231,2024-05-22,2024-07-22,20000.00,Fully Paid,10.80
10339,516,3182,2025-02-28,2025-09-28,5000.00,Fully Paid,14.40
10340,519,17177,2025-11-01,2026-02-01,24000.00,Fully Paid,6.00
10341,521,9345,2024-09-13,2025-03-13,12000.00,Fully Paid,6.00
10342,529,64066,2024-07-26,2025-01-26,24000.00,Fully Paid,6.00
10343,531,54928,2025-08-19,2025-10-19,26000.00,Active,6.00
10345,547,21912,2025-04-23,2025-07-23,27300.00,Fully Paid,6.00
10346,548,31631,2025-10-05,2025-12-05,10000.00,Fully Paid,10.80
10347,558,21940,2024-10-15,2025-03-15,33100.00,Fully Paid,8.40
10348,575,23319,2025-03-28,2025-09-28,30000.00,Fully Paid,8.40
10349,578,47544,2025-01-22,2025-10-22,19850.00,Fully Paid,6.00
10350,580,52273,2024-09-23,2025-03-23,20000.00,Fully Paid,8.40
10352,621,21042,2024-10-01,2025-04-01,35000.00,Fully Paid,14.40
10353,642,18940,2025-06-05,2025-07-05,7200.00,Fully Paid,8.40
10355,655,5794,2025-09-23,2026-04-23,24000.00,Fully Paid,10.80
10356,659,8621,2025-04-10,2025-10-10,35000.00,Active,10.80
10357,662,17389,2024-11-22,2024-12-22,21000.00,Fully Paid,6.00
10358,672,65944,2026-01-12,2026-09-12,18000.00,Active,6.00
10360,697,42670,2024-09-30,2024-11-30,13200.00,Fully Paid,8.40
10361,711,45192,2025-10-23,2026-01-23,21000.00,Fully Paid,6.00
10363,721,11632,2024-01-04,2024-04-04,16100.00,Fully Paid,8.40
10364,725,26475,2025-11-27,2025-12-27,5000.00,Fully Paid,8.40
10365,737,49928,2024-11-19,2025-03-19,12250.00,Fully Paid,8.40
10366,738,11778,2025-12-21,2026-05-21,15000.00,Fully Paid,6.00
10367,754,17847,2025-08-11,2025-10-11,18000.00,Fully Paid,6.00
10368,755,572,2024-10-28,2025-03-28,10800.00,Fully Paid,8.40
10371,789,63341,2024-03-23,2024-05-23,9600.00,Fully Paid,10.80
10377,862,22781,2024-05-15,2024-10-15,30000.00,Fully Paid,8.40
10378,865,20332,2024-04-02,2024-09-02,10000.00,Fully Paid,10.80
10379,868,25607,2026-02-15,2026-04-15,12000.00,Fully Paid,6.00
10381,893,14487,2024-05-25,2025-02-25,25000.00,Fully Paid,8.40
10382,922,54935,2025-01-15,2025-06-15,3525.00,Fully Paid,6.00
10383,928,45702,2025-06-14,2025-12-14,12000.00,Fully Paid,14.40
10384,934,27904,2024-07-02,2024-10-02,10175.00,Fully Paid,6.00
10385,941,31166,2024-04-16,2024-05-16,5000.00,Fully Paid,8.40
10387,944,67717,2025-07-24,2025-10-24,5500.00,Fully Paid,6.00
10388,946,53939,2024-06-16,2024-12-16,24000.00,Fully Paid,8.40
10389,948,48327,2026-02-14,2026-09-14,9800.00,Active,8.40
10390,967,13578,2025-10-21,2026-01-21,10000.00,Fully Paid,14.40
10392,982,43041,2026-03-01,2026-06-01,14000.00,Active,8.40
10393,988,49645,2025-06-10,2025-12-10,15000.00,Fully Paid,6.00
10394,998,32589,2024-11-25,2025-01-25,15350.00,Fully Paid,14.40
10395,1017,14319,2025-02-23,2025-04-23,2800.00,Fully Paid,6.00
10396,1018,6130,2025-11-03,2026-08-03,24000.00,Active,6.00
10397,1019,8076,2025-04-21,2025-08-21,24675.00,Fully Paid,8.40
10399,1042,27231,2026-01-07,2026-06-07,35000.00,Active,14.40
10400,1044,62142,2024-08-27,2024-11-27,6400.00,Fully Paid,6.00
10403,1081,51255,2025-11-03,2026-04-03,5575.00,Fully Paid,8.40
10404,1084,35713,2024-05-12,2024-07-12,7000.00,Fully Paid,10.80
10405,1109,23216,2026-03-03,2026-05-03,15000.00,Fully Paid,6.00
10407,1142,13706,2026-04-01,2026-07-01,14000.00,Active,6.00
10408,1145,17542,2024-01-20,2024-08-20,11000.00,Active,6.00
10409,1146,49064,2025-07-29,2025-11-29,7850.00,Fully Paid,8.40
10410,1147,40657,2024-07-28,2024-09-28,7075.00,Fully Paid,6.00
10411,1165,20159,2026-02-25,2026-08-25,5000.00,Active,8.40
10412,1166,26468,2024-05-10,2025-01-10,18000.00,Defaulted,8.40
10413,1172,24492,2025-04-13,2025-09-13,12000.00,Fully Paid,8.40
10416,1196,38513,2025-08-16,2025-11-16,16000.00,Active,8.40
10417,1209,32247,2025-09-05,2025-10-05,11500.00,Active,6.00
10419,1215,31968,2024-05-30,2024-12-30,14000.00,Fully Paid,6.00
10420,1233,14188,2025-03-12,2025-08-12,8000.00,Fully Paid,6.00
10423,1250,49647,2024-10-06,2025-01-06,6400.00,Defaulted,6.00
10425,1278,29178,2026-05-12,2027-02-12,2400.00,Active,6.00
10426,1280,21779,2026-04-21,2026-10-21,15000.00,Active,6.00
10427,1310,56509,2024-06-20,2024-08-20,4500.00,Fully Paid,8.40
10428,1330,46951,2025-12-17,2026-04-17,6125.00,Fully Paid,6.00
10429,1352,27612,2024-11-13,2025-02-13,5875.00,Fully Paid,6.00
10430,1358,41159,2024-06-01,2024-12-01,7450.00,Fully Paid,6.00
10432,1368,41039,2026-04-28,2026-08-28,35000.00,Active,8.40
10433,1378,25299,2026-02-20,2026-10-20,7500.00,Active,10.80
10434,1380,36993,2024-06-23,2024-08-23,16000.00,Fully Paid,14.40
10435,1390,39523,2025-01-23,2025-07-23,15000.00,Fully Paid,8.40
10436,1395,24669,2025-08-10,2025-09-10,14400.00,Fully Paid,10.80
10437,1402,57494,2024-05-28,2025-01-28,4850.00,Fully Paid,10.80
10438,1442,9027,2025-06-28,2025-07-28,18800.00,Fully Paid,14.40
10439,1446,30229,2025-04-15,2025-11-15,20000.00,Fully Paid,14.40
10440,1448,12115,2024-01-07,2024-10-07,18000.00,Fully Paid,6.00
10441,1451,28524,2024-11-01,2024-12-01,15000.00,Active,10.80
10442,1458,58975,2025-11-02,2026-03-02,30000.00,Fully Paid,8.40
10446,1512,41004,2024-03-08,2024-04-08,10000.00,Active,10.80
10448,1538,42693,2025-05-10,2025-12-10,10000.00,Fully Paid,6.00
10449,1552,63840,2026-01-24,2026-09-24,12050.00,Active,8.40
10451,1568,39504,2025-10-07,2025-12-07,15000.00,Fully Paid,10.80
10452,1583,48677,2024-06-06,2024-07-06,15000.00,Fully Paid,6.00
10453,1585,52909,2025-02-27,2025-08-27,6000.00,Fully Paid,10.80
10454,1593,55882,2024-02-02,2024-09-02,6000.00,Fully Paid,14.40
10455,1605,14175,2025-05-20,2025-06-20,11200.00,Active,8.40
10456,1617,14175,2024-03-25,2024-06-25,32400.00,Fully Paid,6.00
10457,1624,9478,2024-01-25,2024-10-25,8400.00,Fully Paid,10.80
10458,1625,37849,2025-05-22,2025-10-22,6400.00,Active,10.80
10459,1632,14119,2025-01-30,2025-09-30,10000.00,Fully Paid,14.40
10460,1642,63341,2025-05-07,2025-12-07,21000.00,Fully Paid,14.40
10461,1650,49028,2024-05-30,2024-10-30,20000.00,Fully Paid,14.40
10462,1660,1218,2024-05-30,2024-08-30,15000.00,Fully Paid,8.40
10464,1675,16464,2025-03-31,2025-11-30,9600.00,Fully Paid,6.00
10465,1677,54988,2024-10-23,2025-04-23,4500.00,Fully Paid,6.00
10466,1708,13557,2026-02-07,2026-09-07,3200.00,Active,8.40
10467,1711,7062,2025-07-27,2026-01-27,2650.00,Fully Paid,14.40
10468,1756,592,2024-03-06,2024-12-06,3500.00,Fully Paid,6.00
10469,1760,50787,2024-11-17,2025-04-17,17000.00,Fully Paid,10.80
10471,1773,32109,2026-01-17,2026-07-17,21000.00,Active,14.40
10472,1791,12208,2026-04-23,2026-12-23,25000.00,Active,8.40
10473,1804,41921,2025-08-19,2025-09-19,12000.00,Fully Paid,8.40
10474,1822,13706,2024-10-04,2025-07-04,11700.00,Fully Paid,10.80
10475,1824,30347,2025-09-23,2026-05-23,29000.00,Active,10.80
10478,1848,4944,2025-11-22,2026-02-22,11000.00,Defaulted,8.40
10480,1862,58829,2025-07-13,2026-03-13,11400.00,Fully Paid,10.80
10482,1878,36107,2025-01-31,2025-07-31,11000.00,Fully Paid,10.80
10483,1885,27173,2024-02-13,2024-04-13,14400.00,Fully Paid,6.00
10485,1906,2505,2026-04-09,2026-09-09,8000.00,Active,14.40
10487,1947,42653,2024-04-23,2024-07-23,35000.00,Fully Paid,6.00
10488,1954,67569,2025-12-08,2026-04-08,10000.00,Fully Paid,6.00
10489,1956,32979,2025-09-12,2025-11-12,6000.00,Fully Paid,6.00
10490,1959,56133,2024-11-30,2025-04-30,10500.00,Active,6.00
10491,1969,64794,2025-10-08,2026-07-08,18000.00,Active,8.40
10492,1972,64049,2025-10-10,2026-07-10,10500.00,Active,14.40
10494,1995,29354,2026-04-24,2026-08-24,19300.00,Active,10.80
10495,2002,53088,2024-01-01,2024-03-01,5600.00,Active,10.80
10496,2003,30735,2025-02-02,2025-04-02,35000.00,Fully Paid,8.40
10497,2006,1948,2024-08-07,2025-02-07,8000.00,Fully Paid,6.00
10498,2027,6080,2024-04-22,2024-05-22,4000.00,Fully Paid,8.40
10499,2062,53400,2025-04-27,2025-11-27,24000.00,Fully Paid,10.80
10501,2068,51149,2026-03-29,2026-08-29,12000.00,Active,14.40
10503,2082,25578,2026-03-21,2026-07-21,5475.00,Active,6.00
10504,2103,64550,2025-11-16,2026-07-16,25000.00,Active,10.80
10505,2141,49743,2025-05-23,2025-08-23,7000.00,Fully Paid,6.00
10506,2146,31975,2025-12-12,2026-05-12,8750.00,Fully Paid,8.40
10508,2172,67003,2025-01-16,2025-06-16,15000.00,Fully Paid,10.80
10509,2184,54767,2024-11-07,2025-05-07,8000.00,Fully Paid,8.40
10511,2188,21173,2025-10-27,2026-02-27,13000.00,Fully Paid,14.40
10512,2197,50347,2024-11-20,2025-08-20,10000.00,Active,6.00
10514,2218,50753,2025-09-20,2025-10-20,18700.00,Active,6.00
10515,2229,12271,2025-12-07,2026-04-07,15200.00,Fully Paid,8.40
10517,2252,58601,2024-02-05,2024-09-05,6000.00,Fully Paid,8.40
10518,2253,54812,2024-10-19,2025-07-19,12000.00,Fully Paid,6.00
10521,2297,22015,2026-01-25,2026-10-25,35000.00,Active,6.00
10522,2308,6149,2025-04-08,2026-01-08,20000.00,Fully Paid,6.00
10523,2314,7203,2024-05-24,2024-07-24,10500.00,Fully Paid,8.40
10524,2329,65328,2025-11-28,2026-04-28,10000.00,Fully Paid,6.00
10525,2342,31031,2024-01-01,2024-06-01,3900.00,Fully Paid,10.80
10527,2346,23053,2026-05-16,2027-02-16,20000.00,Active,8.40
10529,2357,13161,2026-05-19,2026-08-19,23700.00,Active,8.40
10532,2393,26950,2025-08-11,2026-03-11,7000.00,Fully Paid,6.00
10533,2398,16257,2025-01-23,2025-03-23,20550.00,Fully Paid,10.80
10535,2414,45979,2024-04-08,2024-10-08,12000.00,Fully Paid,6.00
10537,2429,7699,2025-07-24,2025-09-24,15000.00,Fully Paid,10.80
10538,2433,60699,2025-11-20,2026-04-20,25600.00,Fully Paid,10.80
10539,2453,14528,2025-11-26,2026-02-26,20000.00,Active,8.40
10540,2473,41974,2024-05-25,2024-08-25,28000.00,Fully Paid,8.40
10542,2485,19469,2025-08-05,2026-04-05,11200.00,Defaulted,10.80
10543,2499,25079,2025-12-14,2026-02-14,18000.00,Fully Paid,10.80
10544,2500,57781,2024-07-09,2024-11-09,10000.00,Fully Paid,8.40
10545,2511,35331,2024-11-29,2025-04-29,30225.00,Fully Paid,6.00
10546,2517,7699,2025-11-03,2026-03-03,8000.00,Fully Paid,14.40
10549,2566,42192,2024-10-27,2025-07-27,16000.00,Fully Paid,6.00
10550,2570,5678,2025-06-17,2026-03-17,15000.00,Fully Paid,6.00
10551,2585,48080,2026-02-07,2026-11-07,7000.00,Active,6.00
10552,2590,50010,2025-08-07,2025-09-07,10000.00,Active,8.40
10553,2594,19625,2026-05-18,2026-07-18,20000.00,Active,10.80
10555,2606,63793,2024-08-19,2024-11-19,28000.00,Fully Paid,8.40
10557,2617,37853,2025-10-22,2025-12-22,35000.00,Fully Paid,6.00
10558,2630,50134,2025-03-12,2025-04-12,20000.00,Fully Paid,6.00
10560,2642,43614,2024-02-27,2024-03-27,3425.00,Fully Paid,8.40
10562,2665,58290,2025-01-16,2025-06-16,6000.00,Fully Paid,8.40
10563,2670,20272,2024-11-09,2025-08-09,9425.00,Fully Paid,6.00
10565,2710,37502,2026-01-28,2026-02-28,17500.00,Fully Paid,10.80
10566,2717,28524,2025-06-20,2025-09-20,3500.00,Fully Paid,6.00
10567,2726,41646,2026-04-11,2026-08-11,5000.00,Active,8.40
10568,2738,39034,2024-10-07,2025-02-07,15525.00,Fully Paid,14.40
10569,2747,48623,2026-02-01,2026-07-01,6000.00,Active,6.00
10570,2749,54165,2026-05-15,2027-01-15,4000.00,Active,10.80
10572,2754,21417,2025-11-29,2026-05-29,8000.00,Active,10.80
10575,2784,32366,2025-03-22,2025-04-22,20000.00,Fully Paid,10.80
10576,2798,9216,2026-02-05,2026-09-05,5000.00,Active,6.00
10579,2859,39810,2024-09-20,2025-04-20,6000.00,Fully Paid,14.40
10580,2862,42265,2024-10-20,2024-11-20,20000.00,Fully Paid,8.40
10581,2864,52105,2024-12-10,2025-06-10,11800.00,Defaulted,10.80
10582,2866,67894,2026-03-15,2026-08-15,24000.00,Active,10.80
10583,2870,24332,2024-03-25,2024-09-25,25775.00,Active,10.80
10584,2878,4160,2024-11-29,2025-08-29,8000.00,Defaulted,10.80
10586,2897,25708,2025-04-01,2025-05-01,12000.00,Active,10.80
10587,2900,20795,2025-11-10,2026-07-10,19300.00,Active,8.40
10590,2923,2479,2024-09-20,2025-05-20,4800.00,Fully Paid,6.00
10592,2958,62699,2026-02-21,2026-07-21,21000.00,Active,6.00
10593,2959,63630,2024-05-29,2024-10-29,4000.00,Active,8.40
10594,2961,53090,2024-05-12,2024-07-12,4800.00,Fully Paid,10.80
10596,2969,54053,2025-05-15,2026-01-15,16000.00,Fully Paid,6.00
10597,2971,28477,2025-11-04,2026-03-04,15000.00,Active,8.40
10598,2984,9820,2025-02-11,2025-09-11,20000.00,Fully Paid,8.40
10599,3004,27381,2024-08-29,2025-02-28,9000.00,Active,10.80
10600,3016,32670,2026-01-27,2026-08-27,16500.00,Active,8.40
10602,3033,17847,2024-10-23,2025-03-23,10000.00,Fully Paid,6.00
10604,3082,64969,2026-02-16,2026-11-16,5000.00,Active,6.00
10605,3101,31051,2024-02-04,2024-07-04,9800.00,Fully Paid,6.00
10606,3102,43797,2025-04-05,2025-07-05,15400.00,Fully Paid,8.40
10608,3104,56875,2025-07-25,2026-01-25,12000.00,Fully Paid,10.80
10612,3145,29306,2025-05-12,2025-10-12,21000.00,Fully Paid,6.00
10613,3147,44700,2025-07-27,2025-11-27,26000.00,Fully Paid,8.40
10615,3156,42615,2026-02-10,2026-07-10,1000.00,Active,6.00
10617,3182,51966,2024-08-03,2025-02-03,9000.00,Fully Paid,6.00
10618,3183,16925,2025-03-04,2025-11-04,12225.00,Fully Paid,8.40
10619,3184,58615,2025-12-03,2026-09-03,21000.00,Active,14.40
10620,3188,57284,2025-08-25,2025-12-25,6000.00,Fully Paid,6.00
10621,3195,41982,2025-01-05,2025-04-05,16100.00,Fully Paid,6.00
10622,3196,33060,2024-11-08,2025-01-08,24000.00,Fully Paid,6.00
10623,3222,29143,2026-03-29,2026-07-29,10000.00,Active,8.40
10624,3229,44910,2025-10-08,2026-05-08,26400.00,Fully Paid,10.80
10626,3260,40607,2024-04-07,2024-06-07,2000.00,Fully Paid,6.00
10627,3269,26526,2025-08-05,2026-02-05,9000.00,Fully Paid,6.00
10628,3275,61208,2025-03-18,2025-07-18,5000.00,Fully Paid,8.40
10629,3281,18287,2025-08-11,2026-04-11,20000.00,Fully Paid,14.40
10631,3286,42950,2024-12-17,2025-01-17,6000.00,Active,6.00
10633,3293,36197,2025-06-19,2025-08-19,8000.00,Active,8.40
10634,3296,30866,2026-03-10,2026-07-10,15600.00,Active,8.40
10635,3297,22361,2024-02-17,2024-06-17,2000.00,Fully Paid,6.00
10636,3310,44872,2024-12-21,2025-05-21,5000.00,Active,6.00
10638,3320,1271,2024-12-29,2025-04-29,6000.00,Defaulted,6.00
10639,3335,36841,2026-02-24,2026-11-24,12000.00,Active,6.00
10640,3353,19709,2024-07-15,2024-11-15,8000.00,Active,6.00
10642,3359,53437,2024-01-29,2024-05-29,35000.00,Active,6.00
10643,3362,26106,2025-06-02,2026-01-02,30000.00,Fully Paid,14.40
10644,3370,66554,2024-08-12,2025-04-12,18000.00,Active,8.40
10645,3373,63505,2024-06-08,2025-03-08,28000.00,Active,6.00
10646,3377,40304,2024-08-13,2025-04-13,15000.00,Fully Paid,10.80
10647,3394,32670,2024-09-23,2025-03-23,15000.00,Fully Paid,8.40
10649,3410,57024,2024-01-15,2024-03-15,7000.00,Fully Paid,14.40
10650,3415,27173,2026-03-03,2026-08-03,7200.00,Active,14.40
10651,3419,44113,2026-05-08,2027-02-08,18000.00,Active,6.00
10653,3456,59845,2024-06-16,2025-02-16,10000.00,Fully Paid,8.40
10654,3457,61829,2024-09-12,2025-02-12,16000.00,Fully Paid,8.40
10655,3462,51397,2024-03-29,2024-07-29,20000.00,Fully Paid,6.00
10659,3511,66313,2024-01-03,2024-02-03,7200.00,Fully Paid,10.80
10661,3517,22336,2024-12-19,2025-06-19,21000.00,Fully Paid,10.80
10662,3520,16261,2024-10-21,2025-05-21,14500.00,Fully Paid,14.40
10663,3524,17768,2024-09-17,2025-06-17,20000.00,Fully Paid,10.80
10664,3528,5265,2025-06-02,2025-12-02,24975.00,Defaulted,8.40
10665,3531,3949,2025-02-18,2025-08-18,20000.00,Fully Paid,10.80
10666,3533,32113,2025-12-18,2026-09-18,25000.00,Active,6.00
10669,3557,31571,2025-12-28,2026-07-28,6000.00,Active,10.80
10670,3566,38697,2026-03-31,2026-12-31,12000.00,Active,6.00
10671,3582,36649,2025-07-02,2025-09-02,5000.00,Fully Paid,8.40
10673,3588,50079,2026-05-02,2026-09-02,28075.00,Active,6.00
10674,3593,42672,2024-12-14,2025-02-14,25000.00,Fully Paid,6.00
10675,3602,14933,2024-11-22,2025-03-22,6600.00,Active,6.00
10676,3627,39186,2024-02-21,2024-10-21,21000.00,Active,10.80
10677,3632,6167,2024-09-19,2025-06-19,10000.00,Defaulted,6.00
10678,3635,15058,2026-04-07,2026-12-07,15000.00,Active,6.00
10680,3644,48187,2025-04-26,2025-12-26,16975.00,Fully Paid,6.00
10682,3663,67277,2024-05-02,2024-09-02,10775.00,Fully Paid,10.80
10683,3665,24687,2024-02-02,2024-05-02,35000.00,Fully Paid,6.00
10684,3666,40043,2026-03-06,2026-04-06,11000.00,Active,6.00
10685,3667,47309,2025-06-20,2026-03-20,12000.00,Fully Paid,6.00
10686,3675,22003,2025-01-19,2025-02-19,19000.00,Fully Paid,8.40
10687,3676,64668,2026-01-18,2026-08-18,21000.00,Active,10.80
10688,3679,37043,2025-03-28,2025-10-28,7450.00,Fully Paid,6.00
10689,3691,65215,2024-03-11,2024-12-11,21225.00,Fully Paid,6.00
10690,3692,3116,2024-05-20,2025-01-20,2100.00,Fully Paid,6.00
10691,3744,16257,2025-12-21,2026-08-21,22800.00,Active,10.80
10694,3793,29070,2024-07-26,2024-11-26,13825.00,Fully Paid,6.00
10695,3801,27735,2024-09-27,2025-05-27,13400.00,Fully Paid,14.40
10696,3806,48080,2026-03-11,2026-08-11,25000.00,Active,10.80
10697,3829,20665,2024-11-17,2024-12-17,6000.00,Fully Paid,6.00
10698,3841,38561,2025-05-18,2025-10-18,9225.00,Fully Paid,10.80
10699,3865,18948,2024-09-07,2025-06-07,10200.00,Fully Paid,8.40
10702,3904,63399,2025-02-05,2025-08-05,9350.00,Active,6.00
10703,3907,38314,2025-06-06,2026-03-06,7200.00,Active,6.00
10704,3916,67192,2024-08-19,2025-05-19,4475.00,Fully Paid,8.40
10705,3938,15866,2025-12-03,2026-04-03,15000.00,Fully Paid,10.80
10706,3940,39034,2025-04-26,2025-06-26,13500.00,Active,10.80
10707,3955,9113,2024-02-28,2024-10-28,5600.00,Active,6.00
10708,3960,41975,2025-03-16,2025-07-16,10000.00,Active,14.40
10709,3979,36190,2026-01-21,2026-02-21,13500.00,Fully Paid,6.00
10710,3980,51668,2024-02-21,2024-04-21,16000.00,Fully Paid,6.00
10711,4004,23356,2025-04-08,2025-12-08,16000.00,Fully Paid,6.00
10713,4018,62440,2025-07-17,2025-08-17,14000.00,Fully Paid,10.80
10714,4037,37113,2025-06-19,2026-02-19,10000.00,Fully Paid,6.00
10716,4095,61312,2024-05-11,2024-12-11,10000.00,Fully Paid,6.00
10717,4110,36296,2025-07-18,2026-01-18,10925.00,Fully Paid,14.40
10718,4120,29070,2025-01-28,2025-09-28,6400.00,Active,10.80
10719,4129,2106,2024-02-01,2024-08-01,22000.00,Fully Paid,6.00
10720,4137,32254,2025-02-12,2025-11-12,12000.00,Fully Paid,10.80
10722,4160,3119,2025-09-03,2026-01-03,5000.00,Fully Paid,8.40
10723,4166,15564,2024-02-19,2024-10-19,10000.00,Fully Paid,10.80
10725,4194,18718,2026-04-29,2026-12-29,17500.00,Active,6.00
10729,4242,38719,2025-02-16,2025-04-16,20000.00,Defaulted,10.80
10730,4247,31039,2025-06-17,2025-11-17,21600.00,Fully Paid,8.40
10731,4277,35377,2025-08-18,2025-11-18,3000.00,Active,8.40
10732,4287,33189,2024-11-01,2025-02-01,5000.00,Fully Paid,6.00
10733,4299,7685,2025-09-21,2025-11-21,16000.00,Active,6.00
10735,4315,47143,2024-05-03,2025-02-03,10000.00,Fully Paid,14.40
10736,4323,7946,2024-10-11,2025-04-11,6000.00,Fully Paid,14.40
10737,4328,60484,2024-04-22,2024-07-22,4000.00,Active,6.00
10738,4336,12923,2025-09-03,2026-05-03,10000.00,Fully Paid,10.80
10740,4361,12586,2024-08-17,2025-03-17,21000.00,Fully Paid,8.40
10741,4373,8566,2025-12-15,2026-08-15,5000.00,Active,10.80
10743,4393,15751,2024-11-21,2025-01-21,8000.00,Fully Paid,6.00
10745,4396,30330,2024-10-16,2025-04-16,8000.00,Active,8.40
10746,4401,4014,2025-09-07,2026-05-07,8400.00,Fully Paid,6.00
10747,4406,49419,2025-10-26,2026-02-26,9600.00,Fully Paid,6.00
10750,4443,16450,2025-02-16,2025-03-16,7500.00,Fully Paid,10.80
10752,4470,61532,2026-01-09,2026-04-09,20000.00,Active,6.00
10753,4492,50909,2024-08-05,2025-04-05,20000.00,Defaulted,8.40
10755,4504,31310,2024-03-31,2024-10-31,4800.00,Fully Paid,8.40
10757,4511,21255,2025-10-02,2026-04-02,15000.00,Fully Paid,6.00
10758,4517,36999,2026-04-05,2026-10-05,16000.00,Active,6.00
10759,4524,2721,2025-09-19,2026-01-19,4800.00,Fully Paid,6.00
10763,4557,62872,2025-11-16,2026-07-16,11050.00,Active,14.40
10764,4572,60344,2025-12-03,2026-06-03,4200.00,Active,8.40
10765,4624,60736,2026-04-12,2026-07-12,6500.00,Active,6.00
10766,4631,26236,2024-02-14,2024-03-14,5000.00,Fully Paid,10.80
10768,4635,20382,2026-04-06,2026-05-06,8000.00,Fully Paid,10.80
10770,4642,45900,2025-11-25,2026-03-25,14700.00,Defaulted,8.40
10772,4652,66554,2025-09-16,2026-01-16,25000.00,Fully Paid,6.00
10773,4653,62488,2024-07-28,2024-12-28,7000.00,Active,8.40
10775,4677,13786,2025-11-20,2026-01-20,3000.00,Fully Paid,8.40
10776,4684,52967,2024-02-20,2024-09-20,10000.00,Fully Paid,8.40
10777,4687,39085,2026-02-02,2026-07-02,10000.00,Active,8.40
10778,4689,36946,2025-01-05,2025-03-05,7000.00,Fully Paid,6.00
10779,4690,48751,2025-11-22,2026-04-22,1600.00,Active,10.80
10780,4692,31161,2026-03-08,2026-05-08,5000.00,Fully Paid,8.40
10781,4694,3651,2024-01-30,2024-10-30,5000.00,Fully Paid,14.40
10782,4719,23216,2025-10-15,2026-06-15,6000.00,Active,6.00
10784,4732,21255,2025-10-22,2026-03-22,16000.00,Fully Paid,6.00
10786,4753,13058,2024-04-10,2024-05-10,29350.00,Fully Paid,10.80
10787,4766,41780,2025-12-18,2026-04-18,10000.00,Fully Paid,6.00
10788,4768,24126,2025-02-09,2025-05-09,15000.00,Active,8.40
10789,4771,63761,2025-09-13,2026-01-13,10000.00,Active,6.00
10790,4773,53280,2025-03-19,2025-04-19,7500.00,Fully Paid,8.40
10791,4781,40257,2024-05-02,2025-01-02,6000.00,Fully Paid,8.40
10794,4826,49260,2026-04-23,2026-10-23,3500.00,Active,10.80
10797,4841,30791,2026-01-29,2026-06-29,12000.00,Active,6.00
10799,4876,369,2024-08-16,2025-03-16,8000.00,Fully Paid,14.40
10800,4884,55011,2024-03-23,2024-07-23,5000.00,Fully Paid,10.80
10801,4886,39293,2024-08-02,2025-02-02,12500.00,Active,6.00
10802,4889,43600,2025-01-01,2025-09-01,13800.00,Fully Paid,10.80
10805,4915,32343,2026-01-24,2026-05-24,6000.00,Fully Paid,8.40
10806,4932,66509,2026-01-23,2026-06-23,14450.00,Active,6.00
10807,4937,39971,2025-12-03,2026-02-03,14400.00,Active,8.40
10809,4948,13340,2025-10-16,2026-06-16,15000.00,Active,6.00
10810,4953,33595,2025-01-11,2025-05-11,10000.00,Active,8.40
10812,4980,15124,2024-11-25,2025-01-25,9000.00,Fully Paid,8.40
10813,4982,27612,2025-04-09,2026-01-09,28000.00,Active,6.00
10814,4993,34280,2024-07-28,2024-09-28,19000.00,Fully Paid,14.40
10815,5035,66932,2025-11-03,2026-01-03,11450.00,Fully Paid,10.80
10816,5048,36105,2024-10-09,2025-01-09,13000.00,Fully Paid,10.80
10818,5090,8075,2024-07-01,2024-11-01,18000.00,Active,10.80
10819,5095,55178,2024-05-18,2025-02-18,5000.00,Active,10.80
10821,5111,20417,2024-07-22,2025-03-22,6000.00,Fully Paid,6.00
10824,5149,43522,2026-05-05,2026-08-05,7500.00,Active,6.00
10828,5176,49332,2024-02-06,2024-09-06,33600.00,Fully Paid,10.80
10829,5180,1818,2024-02-13,2024-08-13,12500.00,Fully Paid,10.80
10830,5202,34247,2025-11-29,2026-04-29,6000.00,Fully Paid,14.40
10831,5209,12647,2025-07-04,2026-01-04,4800.00,Active,10.80
10832,5215,54805,2025-10-15,2026-02-15,35000.00,Fully Paid,6.00
10833,5234,12872,2024-11-11,2025-08-11,20000.00,Fully Paid,14.40
10835,5246,12645,2025-01-09,2025-05-09,1800.00,Fully Paid,10.80
10837,5258,64037,2024-05-18,2025-01-18,14400.00,Fully Paid,14.40
10839,5276,53858,2025-12-17,2026-03-17,15000.00,Fully Paid,6.00
10840,5282,29039,2024-04-25,2024-06-25,5000.00,Fully Paid,8.40
10841,5298,58594,2024-05-12,2025-02-12,1200.00,Fully Paid,10.80
10842,5317,34017,2024-04-08,2024-05-08,1000.00,Fully Paid,10.80
10843,5326,14375,2026-05-09,2026-08-09,18500.00,Active,6.00
10844,5328,6486,2024-03-30,2024-04-30,12000.00,Fully Paid,8.40
10845,5330,10676,2024-06-07,2024-11-07,22000.00,Fully Paid,10.80
10846,5348,38697,2024-02-18,2024-08-18,22000.00,Fully Paid,6.00
10847,5355,37957,2024-05-23,2024-07-23,10000.00,Fully Paid,8.40
10848,5356,65035,2024-01-14,2024-04-14,10500.00,Active,6.00
10849,5364,27503,2024-03-19,2024-05-19,8000.00,Fully Paid,14.40
10851,5377,38618,2025-06-01,2025-12-01,4200.00,Fully Paid,6.00
10852,5417,60873,2025-05-14,2025-10-14,15375.00,Defaulted,10.80
10853,5474,57249,2024-08-09,2024-11-09,6500.00,Fully Paid,10.80
10855,5482,32803,2024-10-03,2025-02-03,30800.00,Fully Paid,6.00
10856,5488,1735,2025-11-28,2026-06-28,1000.00,Active,8.40
10857,5504,55178,2026-03-28,2026-05-28,6000.00,Active,6.00
10858,5507,11827,2024-02-14,2024-08-14,5000.00,Active,14.40
10860,5520,9350,2024-01-03,2024-07-03,12000.00,Fully Paid,6.00
10861,5524,43051,2024-01-20,2024-05-20,15000.00,Fully Paid,6.00
10862,5532,31731,2025-02-19,2025-07-19,8000.00,Active,10.80
10863,5541,32481,2024-06-22,2024-10-22,5000.00,Fully Paid,14.40
10865,5552,14363,2025-11-10,2026-01-10,21000.00,Fully Paid,6.00
10867,5563,11778,2024-07-28,2024-10-28,2000.00,Fully Paid,8.40
10869,5598,9934,2024-06-22,2025-03-22,12000.00,Fully Paid,6.00
10870,5609,20721,2026-03-25,2026-12-25,10000.00,Active,6.00
10875,5635,31476,2026-03-09,2026-05-09,11000.00,Active,6.00
10877,5684,9221,2025-12-23,2026-05-23,8400.00,Fully Paid,6.00
10880,5695,11769,2024-02-26,2024-08-26,9500.00,Fully Paid,6.00
10883,5728,15687,2024-03-19,2024-09-19,15000.00,Fully Paid,8.40
10885,5758,30529,2025-08-10,2026-01-10,7000.00,Active,14.40
10888,5782,22806,2024-02-15,2024-05-15,24000.00,Fully Paid,10.80
10889,5795,5794,2026-03-07,2026-10-07,8000.00,Active,14.40
10891,5807,55141,2024-05-01,2024-12-01,7000.00,Fully Paid,8.40
10892,5809,54581,2026-01-07,2026-03-07,8000.00,Fully Paid,10.80
10894,5825,40178,2025-02-05,2025-11-05,5000.00,Fully Paid,10.80
10895,5830,14060,2025-06-30,2025-11-30,15000.00,Fully Paid,10.80
10896,5843,45900,2025-03-13,2025-08-13,35000.00,Fully Paid,10.80
10897,5848,36190,2024-03-28,2024-08-28,10000.00,Defaulted,8.40
10898,5852,26475,2024-08-10,2025-05-10,30000.00,Active,10.80
10902,5885,11881,2025-01-18,2025-10-18,13000.00,Defaulted,10.80
10904,5892,52157,2024-03-12,2024-12-12,30000.00,Active,10.80
10906,5904,22520,2026-04-28,2026-08-28,4800.00,Active,10.80
10907,5906,18718,2024-01-03,2024-09-03,5000.00,Fully Paid,6.00
10908,5911,26384,2024-05-14,2024-10-14,25000.00,Fully Paid,6.00
10909,5928,56743,2025-11-05,2026-04-05,8000.00,Active,10.80
10910,5955,44019,2025-03-05,2025-05-05,1000.00,Defaulted,8.40
10911,5961,22641,2026-01-28,2026-10-28,6000.00,Active,6.00
10912,5971,11199,2024-01-10,2024-09-10,9000.00,Fully Paid,6.00
10914,5987,42665,2025-10-13,2026-07-13,12000.00,Active,6.00
10915,5992,66935,2025-07-13,2025-09-13,9000.00,Fully Paid,6.00
10916,6009,23572,2026-04-14,2026-12-14,30000.00,Active,8.40
10917,6013,11773,2024-01-08,2024-07-08,5275.00,Fully Paid,8.40
10918,6014,7846,2024-10-16,2025-06-16,8500.00,Fully Paid,14.40
10919,6016,4104,2024-02-15,2024-07-15,8000.00,Fully Paid,6.00
10920,6029,39340,2024-07-09,2025-02-09,10075.00,Fully Paid,14.40
10921,6035,3265,2024-07-31,2025-04-30,20000.00,Fully Paid,14.40
10923,6070,28374,2026-04-05,2026-09-05,15000.00,Active,14.40
10924,6071,15687,2024-10-19,2025-03-19,13000.00,Fully Paid,6.00
10927,6126,17328,2024-04-28,2024-08-28,30000.00,Fully Paid,6.00
10929,6134,39135,2025-02-17,2025-11-17,1400.00,Active,6.00
10930,6143,13199,2025-11-08,2026-01-08,5000.00,Fully Paid,10.80
10933,6153,61554,2025-01-31,2025-08-31,20000.00,Fully Paid,6.00
10934,6164,15860,2025-07-16,2026-02-16,19200.00,Fully Paid,8.40
10936,6180,45026,2024-03-20,2024-12-20,8000.00,Fully Paid,6.00
10938,6197,19563,2025-02-23,2025-10-23,15000.00,Fully Paid,8.40
10939,6204,55291,2024-05-30,2024-11-30,6025.00,Fully Paid,14.40
10940,6214,34578,2025-10-20,2025-11-20,8000.00,Fully Paid,14.40
10942,6249,53400,2024-06-13,2024-11-13,12250.00,Fully Paid,8.40
10945,6260,33216,2025-05-01,2025-10-01,4000.00,Fully Paid,6.00
10946,6262,3798,2025-10-06,2025-11-06,18000.00,Fully Paid,14.40
10947,6271,1472,2024-07-22,2024-11-22,5000.00,Fully Paid,6.00
10949,6281,54418,2024-01-17,2024-09-17,14000.00,Fully Paid,8.40
10950,6298,54073,2024-07-11,2024-10-11,6950.00,Fully Paid,10.80
10951,6304,52620,2025-06-03,2025-09-03,11700.00,Active,14.40
10952,6316,24111,2025-03-03,2025-11-03,12000.00,Active,8.40
10953,6317,7502,2025-05-09,2025-12-09,13975.00,Active,8.40
10954,6319,46891,2026-01-23,2026-07-23,7200.00,Active,8.40
10956,6355,37570,2024-03-24,2024-10-24,1000.00,Fully Paid,8.40
10957,6362,67622,2024-11-30,2025-01-30,12375.00,Fully Paid,10.80
10960,6408,439,2025-11-08,2026-05-08,2325.00,Fully Paid,6.00
10964,6451,15151,2025-09-08,2026-05-08,24000.00,Fully Paid,8.40
10965,6452,20487,2026-01-13,2026-10-13,6000.00,Active,10.80
10966,6464,49648,2025-07-11,2025-09-11,18500.00,Fully Paid,8.40
10968,6477,14946,2025-03-16,2025-06-16,7200.00,Fully Paid,14.40
10969,6480,47544,2024-10-17,2025-06-17,7200.00,Fully Paid,6.00
10971,6507,41686,2024-01-20,2024-08-20,17000.00,Active,6.00
10972,6513,9934,2024-04-07,2025-01-07,5950.00,Active,6.00
10973,6516,65421,2024-11-06,2025-03-06,2800.00,Active,8.40
10975,6520,60694,2025-05-31,2025-11-30,9600.00,Fully Paid,6.00
10977,6524,43309,2025-04-24,2025-06-24,9500.00,Fully Paid,10.80
10980,6567,66313,2025-04-29,2025-11-29,2000.00,Fully Paid,8.40
10981,6582,47430,2025-10-17,2026-02-17,4000.00,Active,6.00
10982,6587,59614,2024-03-09,2024-04-09,7000.00,Fully Paid,10.80
10983,6593,56743,2025-04-21,2025-09-21,5000.00,Fully Paid,6.00
10984,6595,7452,2024-02-06,2024-11-06,20000.00,Fully Paid,8.40
10985,6618,41644,2025-11-21,2026-08-21,8000.00,Active,10.80
10986,6639,60344,2024-02-23,2024-09-23,8000.00,Fully Paid,6.00
10988,6659,2292,2024-12-14,2025-01-14,16800.00,Fully Paid,6.00
10989,6663,48506,2026-02-27,2026-08-27,25600.00,Active,8.40
10990,6680,25791,2025-12-16,2026-04-16,25000.00,Defaulted,6.00
10991,6690,64941,2025-06-11,2026-02-11,12000.00,Fully Paid,14.40
10992,6696,6974,2025-06-12,2025-08-12,16000.00,Fully Paid,6.00
10993,6713,20699,2025-07-01,2025-10-01,29775.00,Fully Paid,14.40
10995,6760,44067,2024-05-06,2024-06-06,14000.00,Fully Paid,6.00
10996,6777,5075,2026-03-23,2026-08-23,8000.00,Active,10.80
10997,6779,43086,2025-01-27,2025-03-27,3600.00,Fully Paid,6.00
10998,6781,23707,2026-04-12,2026-05-12,7125.00,Fully Paid,8.40
11000,6800,30462,2025-07-22,2026-01-22,21000.00,Fully Paid,8.40
11001,6803,30866,2024-05-28,2024-12-28,35000.00,Fully Paid,14.40
11003,6817,20709,2025-03-16,2025-07-16,10000.00,Active,6.00
11004,6847,23142,2024-12-29,2025-02-28,2200.00,Fully Paid,14.40
11006,6854,14039,2025-08-31,2026-05-31,1800.00,Active,6.00
11008,6896,61312,2024-03-06,2024-11-06,16625.00,Fully Paid,6.00
11009,6914,55483,2025-06-14,2025-08-14,11000.00,Active,14.40
11011,6930,15942,2024-11-25,2025-04-25,30000.00,Active,8.40
11012,6943,21709,2025-12-25,2026-05-25,20000.00,Fully Paid,8.40
11013,6953,65212,2024-01-14,2024-08-14,21000.00,Fully Paid,10.80
11014,6965,33634,2026-01-03,2026-05-03,12000.00,Fully Paid,6.00
11015,6980,11272,2025-11-07,2026-04-07,8725.00,Fully Paid,6.00
11016,6982,7203,2024-05-10,2025-01-10,12500.00,Defaulted,6.00
11017,6993,33987,2026-01-24,2026-04-24,28800.00,Active,6.00
11018,7037,47544,2025-11-24,2026-08-24,6000.00,Active,14.40
11019,7052,39698,2026-03-23,2026-04-23,18000.00,Fully Paid,8.40
11021,7064,20665,2025-10-22,2026-01-22,15000.00,Active,10.80
11022,7070,6929,2024-07-26,2025-02-26,33750.00,Fully Paid,6.00
11023,7099,24394,2025-10-09,2025-11-09,28000.00,Active,6.00
11024,7121,6333,2025-08-13,2025-12-13,6000.00,Fully Paid,10.80
11026,7159,48193,2024-08-10,2025-05-10,4000.00,Fully Paid,8.40
11027,7166,55316,2025-06-28,2025-10-28,12450.00,Fully Paid,6.00
11029,7189,9597,2025-11-29,2026-07-29,16000.00,Active,14.40
11031,7206,1730,2025-09-27,2025-10-27,5000.00,Fully Paid,14.40
11032,7233,61312,2024-06-03,2025-01-03,24000.00,Fully Paid,6.00
11033,7239,16734,2026-02-20,2026-10-20,18000.00,Active,10.80
11034,7243,53858,2026-05-13,2026-06-13,27500.00,Active,8.40
11036,7259,24093,2024-03-02,2024-11-02,24000.00,Fully Paid,8.40
11037,7268,45901,2024-08-27,2024-12-27,22000.00,Active,10.80
11039,7287,20202,2026-01-25,2026-07-25,12000.00,Active,14.40
11040,7338,11996,2025-12-13,2026-03-13,6600.00,Fully Paid,14.40
11041,7342,48005,2025-05-15,2025-10-15,12000.00,Defaulted,6.00
11042,7353,55141,2024-08-18,2025-05-18,7000.00,Fully Paid,8.40
11043,7355,65906,2024-06-19,2024-11-19,6700.00,Fully Paid,6.00
11044,7377,33946,2025-08-12,2026-02-12,5000.00,Fully Paid,10.80
11046,7405,43101,2025-04-11,2025-07-11,5000.00,Fully Paid,6.00
11048,7426,46004,2025-01-06,2025-06-06,10900.00,Active,6.00
11049,7430,30290,2025-10-01,2025-12-01,12000.00,Fully Paid,6.00
11050,7466,19709,2026-01-09,2026-08-09,5600.00,Active,10.80
11051,7468,62281,2024-04-07,2024-06-07,28000.00,Fully Paid,10.80
11052,7482,2449,2025-05-24,2025-10-24,15000.00,Active,6.00
11053,7492,42398,2024-08-25,2024-09-25,3000.00,Fully Paid,8.40
11054,7500,51444,2024-04-17,2024-11-17,6000.00,Fully Paid,6.00
11055,7506,19600,2026-04-12,2026-06-12,10000.00,Active,10.80
11056,7514,47247,2026-01-26,2026-05-26,5000.00,Active,8.40
11057,7520,4451,2025-07-31,2025-11-30,12000.00,Fully Paid,6.00
11058,7522,29143,2025-09-12,2025-10-12,5000.00,Active,6.00
11059,7531,37570,2026-03-02,2026-11-02,21600.00,Active,14.40
11060,7534,61044,2024-02-04,2024-03-04,20700.00,Fully Paid,6.00
11061,7544,8815,2024-10-05,2025-06-05,6350.00,Fully Paid,8.40
11064,7580,45362,2025-03-04,2025-09-04,8400.00,Fully Paid,6.00
11065,7582,48745,2025-06-08,2025-09-08,9600.00,Active,6.00
11068,7625,13658,2024-02-17,2024-08-17,8000.00,Active,10.80
11069,7643,18918,2024-03-07,2024-06-07,9000.00,Fully Paid,8.40
11070,7647,3061,2024-01-22,2024-07-22,12000.00,Fully Paid,14.40
11071,7658,51587,2026-02-27,2026-11-27,25850.00,Active,8.40
11072,7669,34024,2026-01-22,2026-10-22,7500.00,Active,6.00
11074,7679,19902,2024-02-14,2024-03-14,12000.00,Fully Paid,10.80
11076,7714,59483,2025-02-28,2025-06-28,2500.00,Fully Paid,6.00
11078,7743,54309,2024-03-07,2024-11-07,5000.00,Fully Paid,8.40
11080,7762,56096,2024-11-25,2025-02-25,9000.00,Fully Paid,6.00
11081,7770,64782,2025-02-03,2025-08-03,9225.00,Fully Paid,10.80
11083,7781,6235,2026-03-05,2026-09-05,10000.00,Active,6.00
11084,7796,39971,2025-05-08,2025-12-08,5000.00,Fully Paid,6.00
11085,7803,52481,2025-08-07,2025-09-07,24000.00,Fully Paid,6.00
11087,7831,49141,2025-10-31,2026-01-31,15000.00,Active,6.00
11088,7833,59664,2024-01-11,2024-02-11,20000.00,Active,8.40
11089,7843,22292,2024-10-03,2025-03-03,24000.00,Fully Paid,8.40
11091,7871,59542,2025-06-07,2026-03-07,2400.00,Fully Paid,6.00
11092,7908,16724,2025-09-09,2026-01-09,20800.00,Fully Paid,10.80
11093,7909,28871,2025-05-25,2025-12-25,6000.00,Fully Paid,6.00
11094,7933,18915,2024-10-05,2025-01-05,7500.00,Fully Paid,6.00
11095,7935,60478,2024-07-27,2025-03-27,16000.00,Fully Paid,6.00
11096,7939,13075,2025-05-12,2025-09-12,16000.00,Fully Paid,10.80
11098,7972,61798,2024-01-09,2024-05-09,35000.00,Fully Paid,6.00
11099,7983,36752,2025-12-18,2026-07-18,4500.00,Active,6.00
11100,8008,13011,2024-11-24,2025-05-24,35000.00,Fully Paid,14.40
11101,8029,16784,2024-10-12,2025-06-12,12950.00,Fully Paid,10.80
11102,8066,36263,2025-07-21,2026-02-21,28100.00,Fully Paid,6.00
11103,8070,14058,2025-08-29,2026-02-28,3600.00,Fully Paid,6.00
11104,8080,27612,2024-09-04,2025-06-04,2200.00,Fully Paid,10.80
11106,8113,7834,2024-12-14,2025-03-14,21000.00,Fully Paid,6.00
11108,8128,59614,2025-11-23,2026-04-23,25000.00,Fully Paid,8.40
11109,8134,48392,2024-11-14,2025-02-14,6000.00,Fully Paid,6.00
11110,8136,43708,2025-10-09,2025-11-09,16000.00,Fully Paid,8.40
11111,8138,7452,2025-07-28,2025-08-28,15675.00,Fully Paid,14.40
11112,8139,33179,2024-04-06,2024-10-06,4400.00,Fully Paid,6.00
11113,8148,51443,2024-06-14,2024-08-14,3600.00,Fully Paid,6.00
11114,8150,3881,2025-04-21,2025-06-21,8000.00,Fully Paid,10.80
11116,8173,31743,2026-05-07,2027-01-07,7000.00,Active,6.00
11117,8177,56296,2026-01-22,2026-05-22,4625.00,Fully Paid,8.40
11118,8179,61962,2026-03-16,2026-08-16,7750.00,Active,6.00
11120,8202,62630,2025-01-27,2025-02-27,10000.00,Fully Paid,6.00
11122,8221,55011,2024-03-31,2024-09-30,18000.00,Fully Paid,10.80
11123,8256,35713,2024-09-18,2025-03-18,10000.00,Fully Paid,8.40
11126,8278,2449,2024-07-25,2024-09-25,17975.00,Defaulted,14.40
11128,8292,30576,2025-04-05,2025-08-05,13000.00,Fully Paid,6.00
11129,8302,1082,2025-11-12,2026-04-12,7000.00,Fully Paid,6.00
11132,8319,61181,2024-12-09,2025-06-09,14000.00,Fully Paid,10.80
11133,8344,46126,2024-03-20,2024-08-20,5000.00,Fully Paid,10.80
11134,8346,23722,2024-07-29,2025-03-29,3000.00,Fully Paid,6.00
11135,8351,44888,2026-03-25,2026-05-25,12000.00,Fully Paid,10.80
11136,8354,47143,2024-06-25,2024-11-25,6000.00,Fully Paid,8.40
11137,8359,59648,2025-02-19,2025-03-19,9000.00,Active,6.00
11138,8365,29354,2024-05-29,2024-09-29,9100.00,Fully Paid,6.00
11139,8367,5421,2025-11-12,2026-02-12,10000.00,Fully Paid,6.00
11140,8369,20057,2025-12-02,2026-07-02,3600.00,Active,14.40
11141,8391,7913,2025-07-13,2025-09-13,5000.00,Fully Paid,8.40
11142,8404,38798,2024-03-12,2024-12-12,12000.00,Fully Paid,10.80
11143,8412,31535,2025-05-12,2026-01-12,16000.00,Fully Paid,6.00
11144,8414,44918,2024-04-01,2025-01-01,8000.00,Active,10.80
11147,8437,48327,2024-07-29,2025-02-28,6450.00,Fully Paid,8.40
11149,8456,67003,2024-10-05,2025-05-05,10000.00,Fully Paid,6.00
11150,8458,35820,2025-09-24,2025-10-24,24000.00,Fully Paid,6.00
11151,8465,45362,2025-07-13,2026-01-13,22400.00,Active,8.40
11152,8484,6355,2024-06-30,2024-09-30,22575.00,Fully Paid,10.80
11154,8494,35668,2024-04-12,2024-07-12,15000.00,Fully Paid,14.40
11156,8506,4021,2026-05-09,2026-11-09,3475.00,Active,6.00
11157,8522,36841,2024-12-26,2025-01-26,6750.00,Fully Paid,6.00
11158,8536,31938,2025-02-08,2025-07-08,7000.00,Active,10.80
11159,8540,32045,2024-09-03,2024-12-03,18075.00,Fully Paid,10.80
11160,8543,43852,2024-01-14,2024-04-14,30200.00,Fully Paid,6.00
11162,8563,35357,2025-10-12,2026-04-12,3100.00,Fully Paid,6.00
11165,8586,65052,2025-09-30,2025-12-30,4000.00,Active,8.40
11166,8602,5678,2025-04-10,2025-08-10,24000.00,Fully Paid,6.00
11167,8621,56669,2024-09-17,2025-06-17,12300.00,Fully Paid,6.00
11169,8630,58947,2025-09-14,2025-11-14,18000.00,Fully Paid,6.00
11170,8632,30282,2025-01-16,2025-07-16,15000.00,Active,8.40
11171,8638,5794,2025-10-04,2025-11-04,35000.00,Active,10.80
11172,8658,44744,2025-09-23,2026-02-23,10000.00,Fully Paid,8.40
11173,8669,28842,2024-04-26,2025-01-26,15000.00,Fully Paid,6.00
11175,8684,40360,2026-04-15,2026-06-15,11000.00,Active,14.40
11177,8701,5375,2024-06-15,2024-12-15,12000.00,Fully Paid,8.40
11178,8710,52316,2025-09-29,2026-03-29,28000.00,Fully Paid,8.40
11179,8712,60873,2026-03-01,2026-05-01,15000.00,Fully Paid,14.40
11180,8723,18685,2025-03-23,2025-10-23,22400.00,Fully Paid,8.40
11183,8763,66227,2024-04-30,2024-09-30,16500.00,Fully Paid,6.00
11185,8792,30806,2025-09-10,2026-06-10,7000.00,Active,6.00
11186,8796,20532,2025-07-28,2026-02-28,16500.00,Fully Paid,6.00
11189,8823,46257,2024-08-26,2025-01-26,12000.00,Fully Paid,10.80
11191,8848,31936,2026-04-16,2026-11-16,35000.00,Active,6.00
11192,8853,44549,2025-10-22,2026-03-22,13200.00,Fully Paid,14.40
11193,8854,27291,2025-10-21,2026-05-21,5000.00,Fully Paid,6.00
11195,8882,37036,2024-08-04,2025-04-04,20000.00,Active,8.40
11196,8886,30596,2024-04-16,2024-05-16,10000.00,Fully Paid,8.40
11197,8888,1176,2024-01-24,2024-10-24,1000.00,Fully Paid,6.00
11198,8889,21281,2026-01-22,2026-09-22,12000.00,Active,6.00
11200,8909,31642,2025-08-13,2026-05-13,32975.00,Fully Paid,14.40
11203,8932,47642,2024-05-04,2024-09-04,3600.00,Fully Paid,6.00
11204,8933,2288,2024-07-07,2024-10-07,12000.00,Fully Paid,10.80
11205,8936,43976,2026-03-30,2026-11-30,21000.00,Active,10.80
11206,8940,17681,2026-03-15,2026-11-15,15000.00,Active,8.40
11208,8949,23381,2026-01-03,2026-03-03,21000.00,Fully Paid,10.80
11209,8957,14319,2026-04-01,2026-09-01,9000.00,Active,6.00
11211,8969,44101,2024-04-24,2024-10-24,25000.00,Fully Paid,8.40
11212,8980,13384,2024-03-13,2024-04-13,19200.00,Fully Paid,6.00
11214,9017,44363,2024-12-25,2025-05-25,6625.00,Fully Paid,8.40
11220,9096,4378,2024-08-16,2025-03-16,7500.00,Active,8.40
11223,9108,21518,2024-09-23,2024-11-23,24000.00,Fully Paid,6.00
11224,9112,34810,2024-03-17,2024-05-17,6000.00,Fully Paid,6.00
11226,9118,42369,2025-10-04,2026-01-04,32000.00,Fully Paid,6.00
11228,9132,42615,2025-12-17,2026-06-17,6000.00,Active,6.00
11229,9133,59063,2024-01-04,2024-02-04,15000.00,Fully Paid,8.40
11231,9138,22222,2024-01-19,2024-10-19,25000.00,Fully Paid,8.40
11232,9141,50658,2026-01-18,2026-10-18,7000.00,Active,6.00
11235,9188,66839,2025-09-13,2026-02-13,9000.00,Fully Paid,14.40
11236,9199,962,2025-01-03,2025-10-03,4500.00,Fully Paid,6.00
11237,9201,36596,2025-12-16,2026-08-16,24225.00,Active,8.40
11238,9206,5451,2025-09-03,2025-12-03,8000.00,Fully Paid,6.00
11239,9218,8171,2026-05-04,2027-02-04,25500.00,Active,6.00
11244,9271,16118,2025-06-15,2025-12-15,20000.00,Fully Paid,10.80
11245,9276,2417,2025-10-03,2026-04-03,19200.00,Fully Paid,6.00
11246,9288,11610,2024-07-03,2025-03-03,7600.00,Fully Paid,6.00
11247,9312,50931,2024-11-29,2025-04-29,6000.00,Fully Paid,6.00
11248,9314,38317,2024-12-11,2025-03-11,35000.00,Fully Paid,6.00
11249,9315,22625,2026-01-26,2026-02-26,4500.00,Fully Paid,10.80
11251,9323,3246,2025-11-13,2026-04-13,6000.00,Fully Paid,8.40
11253,9352,56472,2024-06-24,2024-09-24,6800.00,Fully Paid,8.40
11254,9354,46295,2026-03-19,2026-09-19,15000.00,Active,8.40
11256,9361,31039,2025-09-01,2026-06-01,8000.00,Active,6.00
11257,9366,22519,2024-02-18,2024-10-18,4600.00,Fully Paid,14.40
11258,9370,49882,2025-04-04,2025-06-04,12000.00,Fully Paid,6.00
11259,9372,47353,2025-10-19,2026-06-19,10400.00,Active,14.40
11260,9384,62723,2024-12-01,2025-06-01,25000.00,Active,6.00
11262,9426,360,2026-05-09,2026-11-09,20000.00,Active,10.80
11263,9427,58875,2024-11-29,2025-08-29,6725.00,Fully Paid,10.80
11264,9428,55100,2024-12-27,2025-09-27,27575.00,Fully Paid,6.00
11265,9431,44949,2025-04-13,2025-07-13,9800.00,Fully Paid,10.80
11267,9447,61341,2026-01-26,2026-04-26,16000.00,Fully Paid,10.80
11268,9458,6408,2025-07-28,2025-11-28,35000.00,Fully Paid,14.40
11269,9467,64797,2025-12-29,2026-04-29,13850.00,Fully Paid,8.40
11271,9470,2505,2025-06-09,2026-01-09,10000.00,Fully Paid,8.40
11272,9479,34039,2024-01-15,2024-05-15,6000.00,Fully Paid,10.80
11273,9480,65720,2026-01-19,2026-04-19,15000.00,Fully Paid,6.00
11274,9501,587,2024-08-20,2024-12-20,10000.00,Active,8.40
11275,9504,16858,2024-06-20,2025-01-20,22000.00,Fully Paid,10.80
11276,9513,25695,2025-07-01,2026-02-01,12000.00,Defaulted,6.00
11278,9526,16784,2025-04-21,2025-06-21,10000.00,Fully Paid,8.40
11280,9546,52135,2024-04-03,2024-10-03,15000.00,Fully Paid,10.80
11281,9566,20915,2025-06-15,2025-08-15,7000.00,Active,8.40
11282,9577,20514,2025-02-24,2025-10-24,30000.00,Fully Paid,8.40
11283,9579,10011,2026-01-04,2026-02-04,33600.00,Active,8.40
11284,9580,825,2025-09-09,2026-02-09,28000.00,Fully Paid,8.40
11286,9607,50134,2025-08-02,2026-04-02,12450.00,Fully Paid,10.80
11287,9627,66925,2025-11-22,2026-08-22,12000.00,Active,6.00
11288,9633,23146,2024-08-06,2025-01-06,16000.00,Fully Paid,8.40
11289,9641,4001,2025-06-05,2025-11-05,6500.00,Active,6.00
11290,9653,4696,2024-02-21,2024-08-21,31100.00,Defaulted,8.40
11291,9654,32465,2025-07-13,2026-04-13,11125.00,Fully Paid,6.00
11292,9677,26708,2024-06-14,2025-02-14,22000.00,Fully Paid,14.40
11293,9703,65787,2024-08-20,2025-04-20,9800.00,Fully Paid,14.40
11294,9738,67277,2025-02-05,2025-03-05,12300.00,Fully Paid,6.00
11296,9747,57460,2024-04-22,2024-10-22,15500.00,Active,6.00
11297,9750,48772,2025-10-28,2026-05-28,10000.00,Active,6.00
11298,9802,35852,2026-04-15,2026-09-15,24000.00,Active,10.80
11299,9803,52406,2025-07-08,2026-03-08,28000.00,Fully Paid,8.40
11300,9815,61441,2025-04-15,2026-01-15,7000.00,Fully Paid,10.80
11301,9816,66246,2026-04-24,2027-01-24,16000.00,Active,10.80
11302,9821,48590,2025-01-19,2025-02-19,24000.00,Active,6.00
11303,9837,14058,2024-06-24,2024-10-24,3000.00,Fully Paid,10.80
11304,9847,27463,2024-11-05,2025-07-05,15000.00,Fully Paid,8.40
11305,9850,59460,2025-11-18,2026-03-18,5000.00,Active,6.00
11306,9858,62587,2025-02-24,2025-05-24,8000.00,Defaulted,8.40
11307,9865,61341,2024-03-15,2024-09-15,18325.00,Active,10.80
11308,9870,3266,2026-01-23,2026-10-23,21850.00,Active,6.00
11309,9877,27237,2025-11-14,2026-07-14,5450.00,Active,14.40
11310,9886,52099,2026-02-26,2026-10-26,9000.00,Active,10.80
11311,9894,20900,2024-03-30,2024-12-30,12000.00,Fully Paid,6.00
11312,9902,21237,2025-06-15,2025-12-15,3325.00,Active,8.40
11313,9907,3441,2025-02-14,2025-03-14,10000.00,Fully Paid,10.80
11314,9918,23665,2024-01-12,2024-03-12,35000.00,Fully Paid,6.00
11315,9921,60694,2024-02-17,2024-09-17,10000.00,Fully Paid,6.00
11317,9930,24669,2024-11-24,2025-04-24,11400.00,Fully Paid,6.00
11318,9933,40017,2025-05-15,2025-08-15,30000.00,Fully Paid,6.00
11320,9942,34039,2024-04-25,2024-05-25,12500.00,Fully Paid,6.00
11321,9958,55316,2024-03-26,2024-10-26,8400.00,Fully Paid,6.00
11322,9965,37826,2025-09-04,2026-05-04,35000.00,Fully Paid,6.00
11323,9982,49875,2025-04-17,2025-12-17,2000.00,Fully Paid,6.00
11324,9984,4591,2024-06-01,2025-02-01,10000.00,Fully Paid,8.40
11325,9992,6929,2024-08-28,2024-10-28,20000.00,Fully Paid,8.40
11327,9995,21642,2024-07-17,2024-10-17,24000.00,Fully Paid,6.00
11328,10009,41369,2025-11-15,2026-07-15,10000.00,Active,6.00
11330,10020,20751,2025-03-27,2025-11-27,30000.00,Fully Paid,8.40
11331,10021,63517,2024-01-02,2024-02-02,35000.00,Fully Paid,10.80
11334,10072,50385,2025-04-11,2025-09-11,25000.00,Fully Paid,6.00
11337,10106,32281,2024-11-25,2025-05-25,12000.00,Fully Paid,6.00
11339,10109,3738,2025-05-04,2025-07-04,12000.00,Fully Paid,8.40
11340,10115,40865,2025-04-12,2025-12-12,5000.00,Fully Paid,6.00
11341,10121,21709,2025-05-05,2025-11-05,11200.00,Fully Paid,8.40
11342,10130,26372,2024-07-26,2024-11-26,4800.00,Fully Paid,8.40
11343,10132,14512,2025-04-13,2026-01-13,6025.00,Fully Paid,6.00
11347,10152,54733,2024-09-05,2024-12-05,15000.00,Defaulted,14.40
11349,10157,55128,2024-08-04,2025-01-04,7000.00,Fully Paid,6.00
11350,10165,46739,2025-08-05,2025-09-05,16450.00,Fully Paid,6.00
11351,10166,66804,2025-09-19,2025-11-19,12000.00,Fully Paid,8.40
11352,10182,25695,2025-01-11,2025-07-11,10000.00,Active,10.80
11353,10192,29344,2025-07-07,2025-09-07,15000.00,Fully Paid,6.00
11354,10214,55586,2024-09-19,2025-03-19,6000.00,Fully Paid,6.00
11355,10228,32220,2026-01-31,2026-07-31,25000.00,Active,10.80
11357,10237,9686,2024-04-19,2024-06-19,13000.00,Fully Paid,8.40
11358,10250,59312,2026-04-26,2026-08-26,12000.00,Active,8.40
11359,10259,33644,2025-10-16,2025-12-16,20000.00,Defaulted,8.40
11361,10295,55493,2024-07-27,2025-03-27,6700.00,Fully Paid,10.80
11362,10305,53502,2025-05-17,2025-11-17,17000.00,Fully Paid,8.40
11363,10320,36289,2024-12-11,2025-02-11,20000.00,Fully Paid,6.00
11364,10322,7061,2025-04-21,2025-05-21,24000.00,Fully Paid,8.40
11365,10339,36407,2025-08-10,2026-04-10,10000.00,Active,8.40
11366,10343,67626,2025-07-07,2025-08-07,15000.00,Fully Paid,8.40
11368,10359,58429,2024-09-19,2025-03-19,14000.00,Fully Paid,10.80
11370,10406,1872,2024-03-10,2024-07-10,3500.00,Fully Paid,8.40
11372,10424,40223,2025-09-15,2025-11-15,8000.00,Fully Paid,8.40
11374,10437,60579,2026-03-31,2026-05-31,24950.00,Active,8.40
11376,10450,51525,2025-05-19,2025-10-19,15000.00,Fully Paid,6.00
11378,10471,24637,2026-04-26,2026-07-26,4400.00,Active,6.00
11379,10491,15860,2024-02-18,2024-07-18,8000.00,Fully Paid,8.40
11380,10503,26383,2025-07-23,2025-11-23,8000.00,Active,10.80
11381,10507,41159,2024-10-07,2025-05-07,35000.00,Fully Paid,10.80
11382,10509,57284,2025-08-23,2026-02-23,28800.00,Fully Paid,8.40
11384,10567,51668,2025-05-30,2025-11-30,16450.00,Active,8.40
11386,10577,56886,2026-05-19,2027-02-19,15000.00,Active,10.80
11387,10584,54400,2026-04-25,2026-06-25,18900.00,Active,8.40
11389,10597,63839,2024-02-29,2024-07-29,7700.00,Fully Paid,6.00
11391,10617,14119,2025-01-13,2025-06-13,10000.00,Fully Paid,14.40
11392,10619,24637,2024-03-09,2024-08-09,5000.00,Fully Paid,6.00
11393,10620,4820,2024-08-30,2025-04-30,15000.00,Fully Paid,8.40
11396,10658,11949,2024-12-24,2025-08-24,15000.00,Fully Paid,10.80
11397,10659,27463,2025-04-20,2025-06-20,19000.00,Fully Paid,10.80
11399,10675,16989,2025-05-07,2026-01-07,5525.00,Defaulted,6.00
11401,10712,37874,2024-10-14,2024-12-14,13800.00,Fully Paid,6.00
11402,10736,44910,2024-02-08,2024-11-08,6025.00,Fully Paid,8.40
11404,10769,63274,2024-11-13,2025-02-13,15000.00,Fully Paid,14.40
11405,10785,42865,2025-08-02,2026-02-02,7000.00,Fully Paid,10.80
11406,10804,6127,2024-12-23,2025-03-23,8000.00,Fully Paid,10.80
11408,10845,56477,2024-06-05,2025-03-05,25200.00,Active,6.00
11409,10853,31543,2025-01-17,2025-06-17,18925.00,Fully Paid,8.40
11412,10884,30296,2025-06-24,2026-03-24,2000.00,Fully Paid,10.80
11413,10887,58703,2025-12-04,2026-05-04,21000.00,Fully Paid,14.40
11416,10899,20608,2025-03-22,2025-09-22,4800.00,Fully Paid,8.40
11417,10902,11543,2025-04-29,2025-08-29,12800.00,Fully Paid,8.40
11418,10909,55963,2024-03-11,2024-07-11,20000.00,Fully Paid,14.40
11420,10930,45423,2024-07-25,2024-12-25,12000.00,Fully Paid,8.40
11421,10936,7399,2026-01-28,2026-02-28,12000.00,Fully Paid,10.80
11422,10972,60303,2025-05-05,2025-09-05,12000.00,Fully Paid,8.40
11424,11006,11792,2025-11-21,2026-08-21,23750.00,Active,8.40
11425,11012,972,2024-12-15,2025-03-15,16000.00,Fully Paid,6.00
11426,11013,21352,2025-01-30,2025-07-30,6200.00,Defaulted,6.00
11427,11036,34017,2024-10-01,2025-05-01,2400.00,Fully Paid,6.00
11428,11075,22347,2025-07-13,2025-08-13,14000.00,Fully Paid,6.00
11429,11079,62063,2025-06-28,2026-03-28,35000.00,Fully Paid,6.00
11431,11112,17387,2024-07-19,2024-10-19,6000.00,Fully Paid,8.40
11432,11144,16990,2024-11-08,2025-05-08,21150.00,Active,6.00
11433,11154,29356,2024-08-24,2025-04-24,7000.00,Fully Paid,6.00
11434,11158,7065,2025-02-08,2025-04-08,10000.00,Fully Paid,6.00
11435,11168,64759,2025-05-08,2025-11-08,8000.00,Fully Paid,8.40
11436,11171,60125,2026-04-21,2026-12-21,6000.00,Active,6.00
11437,11237,43319,2024-03-18,2024-10-18,10000.00,Fully Paid,6.00
11438,11244,60772,2025-10-23,2026-06-23,25000.00,Active,6.00
11440,11275,67717,2025-01-30,2025-09-30,25000.00,Fully Paid,10.80
11441,11285,44306,2024-08-06,2025-01-06,9325.00,Active,8.40
11442,11300,43104,2025-04-14,2025-09-14,22500.00,Fully Paid,14.40
11443,11317,9886,2026-03-15,2026-05-15,15000.00,Fully Paid,6.00
11445,11327,25424,2024-01-05,2024-08-05,23925.00,Fully Paid,10.80
11446,11355,58492,2026-04-29,2026-10-29,5000.00,Active,10.80
11448,11374,63026,2024-01-24,2024-07-24,10800.00,Fully Paid,6.00
11449,11379,31010,2024-05-20,2024-10-20,10000.00,Fully Paid,6.00
11450,11382,42786,2024-08-06,2024-09-06,7500.00,Fully Paid,8.40
11452,11398,37565,2026-01-19,2026-10-19,3050.00,Active,6.00
11454,11427,24617,2025-02-23,2025-05-23,12800.00,Fully Paid,10.80
11456,11436,20092,2024-11-05,2025-04-05,4000.00,Fully Paid,6.00
11457,11444,55190,2024-09-05,2025-04-05,11000.00,Fully Paid,6.00
11458,11460,3246,2024-02-19,2024-11-19,31500.00,Fully Paid,6.00
11460,11466,18623,2026-01-14,2026-04-14,30000.00,Fully Paid,6.00
11461,11470,32670,2024-11-25,2025-03-25,35000.00,Active,6.00
11462,11473,474,2024-08-20,2024-10-20,20000.00,Fully Paid,6.00
11463,11475,5155,2026-04-09,2026-11-09,12000.00,Active,6.00
11464,11479,3515,2025-08-26,2026-03-26,14000.00,Defaulted,8.40
11465,11492,4758,2024-12-09,2025-09-09,4800.00,Fully Paid,10.80
11466,11544,44146,2025-11-23,2026-08-23,6000.00,Active,6.00
11467,11545,32078,2024-06-29,2024-11-29,13000.00,Fully Paid,6.00
11468,11550,24520,2025-11-14,2025-12-14,27000.00,Fully Paid,6.00
11469,11559,60044,2025-02-06,2025-08-06,9000.00,Fully Paid,8.40
11470,11588,58282,2024-10-19,2025-02-19,12000.00,Fully Paid,6.00
11471,11592,56264,2025-07-17,2026-02-17,12000.00,Fully Paid,8.40
11472,11593,49894,2024-11-25,2025-07-25,30000.00,Fully Paid,14.40
11473,11604,10345,2026-05-08,2026-10-08,2800.00,Active,10.80
11474,11611,42837,2024-09-24,2024-11-24,6000.00,Fully Paid,14.40
11475,11617,4152,2025-07-18,2026-01-18,5000.00,Active,10.80
11476,11632,49597,2025-10-25,2026-02-25,14400.00,Fully Paid,10.80
11477,11636,59063,2025-07-23,2026-04-23,10000.00,Fully Paid,8.40
11478,11646,52099,2024-05-04,2024-09-04,5000.00,Fully Paid,8.40
11479,11663,14874,2024-04-03,2024-06-03,5000.00,Fully Paid,6.00
11480,11690,50574,2024-02-17,2024-11-17,9600.00,Fully Paid,10.80
11481,11692,2640,2026-05-04,2027-01-04,12000.00,Active,14.40
11482,11693,24284,2024-02-04,2024-11-04,15000.00,Fully Paid,8.40
11483,11705,62026,2024-08-05,2025-05-05,17000.00,Active,10.80
11484,11707,48193,2025-08-13,2025-11-13,11675.00,Fully Paid,10.80
11485,11714,1863,2024-03-20,2024-09-20,15000.00,Fully Paid,10.80
11487,11732,42518,2024-11-22,2024-12-22,25000.00,Active,14.40
11488,11750,276,2025-11-14,2026-06-14,5550.00,Active,8.40
11489,11755,45357,2025-07-01,2025-10-01,28000.00,Fully Paid,6.00
11490,11765,4944,2026-03-10,2026-07-10,8625.00,Active,6.00
11491,11802,11100,2026-03-31,2026-05-31,13675.00,Active,6.00
11492,11812,32592,2025-03-31,2025-04-30,15550.00,Active,6.00
11494,11825,38361,2024-05-25,2024-09-25,12000.00,Fully Paid,10.80
11496,11846,60340,2025-05-19,2025-08-19,9000.00,Fully Paid,8.40
11501,11896,67109,2024-07-11,2024-09-11,24000.00,Active,8.40
11502,11898,33210,2025-09-26,2026-02-26,14400.00,Defaulted,6.00
11503,11909,19536,2026-03-06,2026-06-06,35000.00,Active,6.00
11504,11916,46260,2025-07-06,2026-02-06,33000.00,Fully Paid,8.40
11506,11947,15437,2024-04-14,2024-05-14,3000.00,Fully Paid,8.40
11508,11981,51710,2024-10-03,2025-04-03,10000.00,Fully Paid,8.40
11509,11992,15528,2024-02-25,2024-06-25,7000.00,Fully Paid,10.80
11510,12041,24434,2024-09-01,2025-04-01,7450.00,Fully Paid,8.40
11512,12073,37647,2026-02-02,2026-04-02,13950.00,Fully Paid,6.00
11515,12078,12383,2024-05-18,2024-10-18,7000.00,Fully Paid,10.80
11516,12088,30556,2024-03-09,2024-09-09,4500.00,Fully Paid,6.00
11517,12100,5809,2026-02-16,2026-06-16,10000.00,Active,6.00
11518,12103,54125,2025-11-14,2026-04-14,28875.00,Fully Paid,6.00
11520,12115,61563,2025-07-09,2026-02-09,18000.00,Fully Paid,6.00
11522,12137,25116,2025-05-13,2025-07-13,30000.00,Fully Paid,6.00
11523,12146,21656,2024-04-20,2024-05-20,2800.00,Active,6.00
11524,12155,28292,2025-01-20,2025-04-20,2400.00,Fully Paid,8.40
11525,12164,16737,2025-11-04,2026-05-04,30000.00,Active,14.40
11526,12180,17374,2025-06-25,2026-02-25,19900.00,Fully Paid,6.00
11528,12196,19870,2024-09-22,2025-05-22,10000.00,Fully Paid,8.40
11531,12206,52065,2024-07-27,2025-04-27,3000.00,Fully Paid,6.00
11532,12210,28741,2025-04-27,2026-01-27,12000.00,Fully Paid,10.80
11533,12225,48375,2026-02-25,2026-09-25,5000.00,Active,6.00
11534,12232,47681,2024-07-02,2024-08-02,35000.00,Active,6.00
11535,12246,51703,2025-10-04,2026-01-04,12000.00,Fully Paid,8.40
11536,12248,17602,2024-08-24,2025-01-24,8000.00,Fully Paid,10.80
11538,12279,4378,2024-06-18,2024-07-18,14025.00,Fully Paid,10.80
11539,12302,49777,2024-06-03,2024-10-03,12000.00,Fully Paid,10.80
11541,12311,20435,2026-04-28,2026-08-28,10000.00,Active,6.00
11543,12351,48694,2024-04-26,2024-09-26,33600.00,Fully Paid,6.00
11544,12353,36261,2026-01-13,2026-10-13,30000.00,Active,8.40
11546,12363,33668,2024-02-13,2024-04-13,14000.00,Fully Paid,14.40
11548,12398,52726,2026-02-22,2026-03-22,16000.00,Fully Paid,6.00
11549,12405,59664,2025-12-19,2026-06-19,20000.00,Active,10.80
11550,12409,30339,2024-05-08,2025-01-08,28000.00,Fully Paid,6.00
11551,12417,14008,2025-10-16,2025-12-16,16000.00,Fully Paid,8.40
11552,12423,17681,2025-12-09,2026-05-09,26000.00,Fully Paid,6.00
11553,12429,29941,2024-08-16,2024-11-16,7000.00,Active,6.00
11554,12434,41713,2024-04-15,2024-10-15,13000.00,Fully Paid,8.40
11555,12435,45348,2024-07-28,2024-09-28,9000.00,Fully Paid,8.40
11556,12454,36567,2025-12-14,2026-03-14,35000.00,Active,8.40
11557,12459,21912,2024-09-15,2024-11-15,17000.00,Active,6.00
11558,12469,33285,2025-06-30,2025-12-30,12000.00,Fully Paid,14.40
11560,12496,48594,2026-02-05,2026-03-05,12000.00,Fully Paid,6.00
11561,12501,67645,2024-03-08,2024-10-08,20000.00,Fully Paid,8.40
11565,12533,41292,2024-11-20,2025-04-20,15000.00,Fully Paid,8.40
11566,12534,2934,2024-04-12,2025-01-12,30000.00,Fully Paid,10.80
11569,12556,47318,2025-04-01,2025-11-01,35000.00,Fully Paid,8.40
11570,12583,1926,2024-08-01,2025-03-01,4000.00,Fully Paid,6.00
11573,12613,18948,2024-07-16,2025-04-16,15000.00,Fully Paid,10.80
11575,12622,30866,2026-01-07,2026-10-07,12000.00,Active,6.00
11577,12634,29761,2024-06-01,2024-08-01,16000.00,Fully Paid,6.00
11578,12646,5265,2025-01-01,2025-06-01,15000.00,Fully Paid,14.40
11579,12651,30791,2024-10-01,2025-07-01,14500.00,Active,8.40
11581,12665,36177,2024-06-29,2025-02-28,15000.00,Fully Paid,14.40
11582,12670,17533,2025-02-27,2025-09-27,7200.00,Fully Paid,6.00
11583,12687,35377,2024-10-08,2025-02-08,5000.00,Fully Paid,6.00
11584,12690,50909,2025-06-30,2025-09-30,31250.00,Fully Paid,6.00
11585,12705,58326,2024-04-01,2025-01-01,12000.00,Active,6.00
11586,12716,49968,2025-12-20,2026-07-20,11450.00,Active,10.80
11589,12724,55219,2024-08-30,2025-04-30,28000.00,Fully Paid,6.00
11590,12735,56924,2025-03-14,2025-04-14,7200.00,Fully Paid,10.80
11592,12746,55034,2024-06-09,2025-02-09,30000.00,Fully Paid,6.00
11593,12785,20654,2024-04-15,2024-10-15,4000.00,Fully Paid,6.00
11594,12789,22241,2026-04-09,2026-06-09,10000.00,Active,6.00
11596,12820,3510,2024-03-16,2024-11-16,6000.00,Fully Paid,8.40
11597,12833,38045,2024-02-06,2024-08-06,8300.00,Fully Paid,10.80
11599,12884,29966,2024-10-25,2025-01-25,18000.00,Active,6.00
11601,12901,5375,2025-02-20,2025-10-20,3000.00,Fully Paid,6.00
11602,12912,40257,2025-01-21,2025-03-21,4000.00,Defaulted,6.00
11603,12920,55353,2025-06-17,2025-07-17,6000.00,Fully Paid,6.00
11604,12930,44019,2026-03-19,2026-04-19,15000.00,Fully Paid,6.00
11605,12937,47663,2024-05-06,2025-01-06,2850.00,Fully Paid,10.80
11606,12940,49380,2024-05-13,2024-09-13,7000.00,Fully Paid,14.40
11607,12956,22387,2024-02-21,2024-10-21,5600.00,Fully Paid,8.40
11610,12984,42943,2024-03-01,2024-11-01,30000.00,Fully Paid,6.00
11614,13014,66778,2025-09-09,2026-06-09,25600.00,Active,8.40
11615,13029,55511,2024-09-11,2025-04-11,6000.00,Fully Paid,8.40
11616,13033,25058,2024-03-24,2024-06-24,18000.00,Fully Paid,8.40
11618,13080,112,2026-02-09,2026-10-09,33350.00,Active,8.40
11619,13081,23567,2024-03-28,2024-04-28,33000.00,Fully Paid,8.40
11620,13126,58429,2024-03-17,2024-07-17,8375.00,Fully Paid,10.80
11622,13136,32005,2024-12-18,2025-01-18,5000.00,Fully Paid,6.00
11623,13138,51573,2025-10-21,2026-04-21,5000.00,Fully Paid,8.40
11624,13152,8839,2024-06-27,2024-11-27,6000.00,Active,14.40
11627,13176,46452,2025-02-08,2025-05-08,7500.00,Defaulted,6.00
11630,13181,66403,2026-02-21,2026-11-21,18000.00,Active,8.40
11631,13200,13288,2025-11-09,2026-02-09,18000.00,Fully Paid,6.00
11635,13236,18623,2024-12-23,2025-04-23,10000.00,Active,6.00
11636,13240,32465,2025-09-16,2025-10-16,10000.00,Fully Paid,6.00
11637,13255,52240,2024-03-15,2024-09-15,15000.00,Active,14.40
11638,13269,7884,2026-05-11,2026-06-11,18000.00,Active,6.00
11639,13273,5686,2025-09-22,2025-11-22,4000.00,Fully Paid,8.40
11640,13275,44067,2026-03-17,2026-12-17,10000.00,Active,10.80
11641,13281,34569,2024-02-21,2024-05-21,5000.00,Fully Paid,8.40
11643,13298,46367,2024-05-31,2025-01-31,20000.00,Fully Paid,6.00
11644,13312,40356,2024-04-12,2024-11-12,9000.00,Fully Paid,10.80
11646,13318,49068,2026-03-29,2026-07-29,16000.00,Active,8.40
11648,13332,29761,2025-04-15,2025-05-15,12000.00,Fully Paid,6.00
11649,13343,48594,2024-06-30,2025-02-28,6500.00,Fully Paid,6.00
11651,13351,60694,2025-02-14,2025-11-14,2000.00,Fully Paid,10.80
11652,13362,11198,2025-06-17,2025-09-17,13025.00,Active,6.00
11654,13390,27986,2026-03-03,2026-12-03,20150.00,Active,14.40
11656,13409,57903,2024-11-02,2025-06-02,12000.00,Fully Paid,10.80
11657,13427,8962,2025-02-06,2025-11-06,24000.00,Fully Paid,8.40
11658,13438,29039,2025-03-10,2025-10-10,5900.00,Fully Paid,10.80
11659,13442,5322,2024-08-23,2024-11-23,10000.00,Fully Paid,10.80
11662,13453,30229,2025-04-03,2025-07-03,10000.00,Fully Paid,6.00
11663,13458,43234,2024-12-18,2025-09-18,10000.00,Fully Paid,8.40
11664,13461,43104,2024-04-09,2024-08-09,4000.00,Fully Paid,8.40
11666,13478,751,2025-10-19,2025-11-19,5000.00,Fully Paid,10.80
11667,13534,61040,2024-02-10,2024-06-10,25000.00,Active,8.40
11668,13556,51035,2025-09-14,2026-02-14,7000.00,Active,14.40
11669,13567,5279,2025-06-26,2025-08-26,3200.00,Fully Paid,14.40
11670,13568,32337,2024-05-05,2025-01-05,8700.00,Fully Paid,6.00
11671,13573,55219,2024-10-19,2025-06-19,16000.00,Fully Paid,8.40
11672,13585,49435,2025-10-04,2026-01-04,12000.00,Defaulted,6.00
11674,13602,41369,2025-01-13,2025-06-13,5150.00,Fully Paid,6.00
11675,13605,65017,2025-02-24,2025-06-24,5000.00,Fully Paid,10.80
11676,13622,15166,2026-03-06,2026-06-06,5200.00,Active,6.00
11677,13643,31631,2024-04-18,2024-08-18,20000.00,Fully Paid,10.80
11678,13655,66932,2024-04-18,2024-09-18,30000.00,Fully Paid,6.00
11679,13658,9456,2024-04-13,2024-06-13,5000.00,Fully Paid,6.00
11681,13665,22673,2026-02-19,2026-08-19,15000.00,Active,14.40
11682,13667,22720,2024-07-29,2024-09-29,1000.00,Fully Paid,10.80
11683,13680,21865,2024-01-30,2024-02-29,12000.00,Active,8.40
11685,13687,25557,2024-09-08,2025-01-08,4800.00,Fully Paid,10.80
11686,13714,47441,2024-09-18,2024-12-18,4800.00,Fully Paid,10.80
11688,13731,6118,2026-01-15,2026-03-15,6000.00,Defaulted,8.40
11689,13734,56946,2024-07-12,2024-10-12,9600.00,Active,8.40
11691,13746,14880,2024-03-12,2024-08-12,20350.00,Fully Paid,8.40
11692,13749,53871,2025-09-13,2026-04-13,31450.00,Fully Paid,8.40
11693,13754,9405,2025-11-07,2026-03-07,13625.00,Fully Paid,10.80
11695,13784,59344,2024-06-17,2024-10-17,8000.00,Fully Paid,10.80
11696,13790,5197,2025-04-07,2025-05-07,6500.00,Fully Paid,8.40
11697,13792,62281,2024-09-03,2024-11-03,20000.00,Active,10.80
11698,13808,11547,2024-04-06,2025-01-06,7200.00,Fully Paid,10.80
11699,13815,15644,2025-12-16,2026-05-16,4300.00,Active,8.40
11700,13824,9836,2026-03-09,2026-04-09,12000.00,Active,10.80
11701,13845,38630,2025-04-02,2025-05-02,9600.00,Active,6.00
11702,13853,43936,2025-09-08,2026-01-08,5000.00,Fully Paid,10.80
11703,13857,62578,2025-10-28,2026-03-28,15650.00,Fully Paid,8.40
11704,13861,1536,2026-05-19,2026-09-19,28000.00,Active,10.80
11705,13863,44159,2025-08-20,2025-10-20,28000.00,Active,8.40
11706,13868,38045,2025-01-25,2025-07-25,7000.00,Fully Paid,8.40
11707,13873,32595,2024-04-07,2024-07-07,16000.00,Fully Paid,6.00
11708,13899,48455,2024-12-28,2025-03-28,20000.00,Fully Paid,8.40
11713,14003,28942,2024-06-03,2024-09-03,24000.00,Fully Paid,8.40
11714,14014,39834,2024-09-16,2025-02-16,15000.00,Fully Paid,6.00
11717,14027,3515,2024-08-11,2024-11-11,20450.00,Fully Paid,6.00
11718,14029,51054,2024-10-31,2025-02-28,4000.00,Active,14.40
11719,14033,53870,2026-01-13,2026-03-13,7000.00,Fully Paid,14.40
11720,14041,65599,2024-10-21,2025-06-21,6000.00,Active,8.40
11721,14044,58875,2024-12-05,2025-09-05,17550.00,Active,6.00
11724,14058,45094,2024-07-24,2024-11-24,12000.00,Fully Paid,8.40
11725,14065,65035,2024-08-14,2025-03-14,8200.00,Fully Paid,8.40
11726,14067,59245,2025-06-29,2026-02-28,5000.00,Fully Paid,10.80
11731,14131,12314,2024-04-19,2024-08-19,16000.00,Fully Paid,8.40
11732,14133,907,2024-06-26,2025-01-26,35000.00,Fully Paid,6.00
11734,14151,42001,2025-01-26,2025-09-26,9000.00,Active,6.00
11737,14192,472,2025-01-19,2025-08-19,30000.00,Fully Paid,10.80
11738,14205,55617,2024-04-16,2024-09-16,7000.00,Active,6.00
11740,14224,4820,2026-05-02,2027-02-02,15000.00,Active,8.40
11742,14232,45218,2025-01-27,2025-10-27,6000.00,Fully Paid,8.40
11743,14248,57609,2025-03-12,2025-11-12,21000.00,Active,8.40
11747,14292,54826,2024-07-14,2024-11-14,11000.00,Active,8.40
11748,14293,7886,2025-06-17,2025-07-17,5000.00,Fully Paid,14.40
11749,14300,13794,2025-01-22,2025-08-22,2500.00,Fully Paid,6.00
11751,14331,34660,2024-03-24,2024-12-24,15000.00,Fully Paid,6.00
11753,14354,33934,2024-11-06,2025-06-06,8000.00,Fully Paid,6.00
11754,14363,4944,2024-02-06,2024-11-06,5050.00,Fully Paid,8.40
11755,14367,61834,2025-07-09,2026-01-09,15850.00,Fully Paid,8.40
11757,14400,18816,2024-05-19,2025-02-19,16000.00,Fully Paid,6.00
11759,14412,56040,2024-03-27,2024-06-27,6500.00,Fully Paid,8.40
11760,14413,51571,2025-11-30,2025-12-30,25000.00,Fully Paid,8.40
11761,14414,54400,2024-12-18,2025-05-18,10000.00,Active,8.40
11763,14460,27245,2025-04-09,2025-05-09,8000.00,Active,10.80
11764,14462,29835,2025-01-22,2025-06-22,3000.00,Fully Paid,14.40
11767,14515,50170,2024-08-27,2024-11-27,8000.00,Fully Paid,10.80
11768,14528,34820,2026-03-27,2026-09-27,10750.00,Active,8.40
11769,14537,17318,2024-10-05,2024-11-05,13000.00,Fully Paid,8.40
11770,14560,38536,2025-07-16,2025-09-16,10000.00,Fully Paid,6.00
11771,14578,44768,2024-06-04,2024-07-04,4200.00,Fully Paid,8.40
11774,14595,22625,2024-01-12,2024-06-12,20225.00,Fully Paid,10.80
11775,14608,5104,2025-09-21,2026-01-21,19175.00,Fully Paid,8.40
11776,14615,22205,2025-12-06,2026-03-06,13000.00,Fully Paid,8.40
11777,14627,31740,2024-04-17,2024-06-17,10000.00,Fully Paid,10.80
11778,14639,44967,2024-09-28,2025-02-28,5500.00,Fully Paid,8.40
11780,14651,3949,2024-12-23,2025-03-23,15000.00,Fully Paid,10.80
11782,14661,3230,2024-05-24,2024-09-24,15000.00,Fully Paid,8.40
11783,14671,48819,2026-03-08,2026-10-08,2000.00,Active,6.00
11784,14672,39954,2025-02-03,2025-10-03,18000.00,Fully Paid,6.00
11785,14673,56831,2026-02-26,2026-07-26,30400.00,Active,10.80
11786,14681,7786,2026-03-06,2026-04-06,7325.00,Fully Paid,14.40
11787,14685,51119,2025-08-01,2026-02-01,10000.00,Fully Paid,8.40
11788,14689,34595,2025-01-12,2025-10-12,17125.00,Defaulted,6.00
11789,14692,25799,2025-12-08,2026-01-08,20000.00,Fully Paid,8.40
11790,14704,29247,2024-05-01,2025-01-01,15000.00,Fully Paid,8.40
11791,14706,62944,2025-05-31,2026-02-28,21000.00,Fully Paid,6.00
11792,14710,8650,2025-07-10,2026-04-10,18000.00,Active,6.00
11793,14716,29966,2026-04-24,2026-11-24,9525.00,Active,8.40
11794,14725,59984,2024-08-07,2024-09-07,24000.00,Active,10.80
11796,14757,33425,2025-07-08,2025-10-08,7800.00,Fully Paid,6.00
11797,14758,36289,2025-04-03,2025-09-03,21000.00,Fully Paid,6.00
11798,14789,3574,2025-02-07,2025-09-07,11725.00,Fully Paid,6.00
11801,14826,61153,2026-03-17,2026-05-17,22400.00,Fully Paid,6.00
11803,14832,48848,2025-02-18,2025-05-18,35000.00,Fully Paid,8.40
11804,14837,30791,2024-10-18,2025-07-18,6000.00,Fully Paid,8.40
11805,14855,51389,2026-05-09,2026-06-09,10000.00,Active,6.00
11808,14867,19906,2025-02-09,2025-10-09,8000.00,Fully Paid,6.00
11810,14886,42265,2026-02-01,2026-03-01,6000.00,Fully Paid,10.80
11811,14894,29143,2024-01-09,2024-04-09,15000.00,Fully Paid,8.40
11812,14895,22665,2024-06-06,2024-11-06,7000.00,Fully Paid,8.40
11813,14912,4009,2025-12-24,2026-03-24,15000.00,Active,6.00
11816,14953,3116,2025-03-28,2025-05-28,15000.00,Fully Paid,6.00
11817,14954,33050,2026-02-02,2026-10-02,18000.00,Active,6.00
11821,15000,21542,2026-05-10,2026-10-10,15000.00,Active,10.80
11823,15006,33426,2025-03-12,2025-05-12,6000.00,Fully Paid,8.40
11824,15008,51624,2026-03-25,2026-07-25,25000.00,Active,8.40
11825,15011,31217,2024-01-15,2024-03-15,35000.00,Fully Paid,6.00
11828,15025,29753,2025-10-27,2026-07-27,35000.00,Active,8.40
11833,15069,5794,2024-08-05,2024-11-05,8275.00,Active,6.00
11834,15072,22018,2024-07-18,2024-08-18,15800.00,Fully Paid,8.40
11837,15112,23485,2024-06-11,2025-01-11,5000.00,Fully Paid,10.80
11839,15136,29219,2024-07-28,2025-01-28,11000.00,Fully Paid,8.40
11841,15146,38800,2025-08-12,2025-09-12,10000.00,Fully Paid,6.00
11842,15169,25504,2026-01-10,2026-09-10,10000.00,Active,10.80
11844,15181,41858,2024-06-13,2025-03-13,7550.00,Active,10.80
11845,15183,49579,2025-07-06,2025-10-06,30400.00,Defaulted,8.40
11846,15185,64066,2026-02-12,2026-08-12,10000.00,Active,14.40
11847,15197,51525,2025-11-15,2026-06-15,3350.00,Active,6.00
11848,15199,5451,2024-04-02,2024-06-02,6625.00,Fully Paid,6.00
11849,15200,45432,2024-06-05,2025-01-05,5000.00,Fully Paid,8.40
11851,15236,33606,2024-12-03,2025-09-03,8000.00,Fully Paid,8.40
11853,15250,43603,2024-12-27,2025-01-27,20000.00,Fully Paid,8.40
11854,15261,55400,2024-08-11,2024-10-11,15000.00,Fully Paid,6.00
11855,15298,32483,2025-03-29,2025-04-29,3600.00,Fully Paid,8.40
11856,15310,39414,2025-12-24,2026-04-24,15000.00,Active,6.00
11857,15325,38361,2024-12-06,2025-03-06,2525.00,Fully Paid,10.80
11858,15331,20974,2024-07-17,2025-02-17,12000.00,Fully Paid,6.00
11861,15379,41565,2025-06-02,2025-09-02,7000.00,Fully Paid,6.00
11862,15402,63449,2024-09-04,2025-06-04,9850.00,Fully Paid,10.80
11863,15414,56906,2025-03-22,2025-10-22,14950.00,Fully Paid,6.00
11864,15419,30622,2025-10-03,2026-07-03,17500.00,Active,6.00
11865,15429,53207,2024-03-11,2024-12-11,25000.00,Fully Paid,8.40
11867,15448,56588,2025-03-11,2025-04-11,15000.00,Fully Paid,14.40
11869,15469,20943,2026-05-07,2026-09-07,3000.00,Active,8.40
11871,15493,60125,2024-09-17,2025-04-17,28000.00,Fully Paid,8.40
11872,15503,38707,2024-06-21,2025-03-21,28000.00,Fully Paid,6.00
11873,15524,66658,2024-10-18,2025-01-18,25000.00,Fully Paid,6.00
11874,15530,31678,2024-10-09,2025-04-09,11200.00,Fully Paid,10.80
11876,15570,40589,2024-03-30,2024-10-30,11000.00,Fully Paid,6.00
11877,15575,54581,2025-10-05,2025-12-05,16000.00,Fully Paid,6.00
11878,15579,21839,2024-10-01,2025-07-01,7125.00,Fully Paid,14.40
11879,15592,33310,2024-07-13,2024-10-13,5000.00,Fully Paid,6.00
11880,15596,20721,2025-03-29,2025-06-29,20000.00,Active,8.40
11881,15602,61698,2025-08-22,2026-01-22,14000.00,Fully Paid,6.00
11882,15613,64943,2024-03-04,2024-06-04,15000.00,Active,10.80
11885,15648,16490,2025-07-01,2025-10-01,6000.00,Fully Paid,8.40
11886,15652,6907,2025-05-06,2025-11-06,6000.00,Fully Paid,10.80
11887,15659,53808,2024-02-27,2024-04-27,2825.00,Fully Paid,6.00
11888,15660,46739,2025-12-23,2026-02-23,12000.00,Active,6.00
11890,15742,38108,2025-03-16,2025-10-16,12000.00,Fully Paid,6.00
11891,15757,30494,2024-09-12,2024-12-12,30000.00,Fully Paid,6.00
11893,15776,29287,2024-03-04,2024-09-04,10300.00,Active,10.80
11894,15779,51330,2025-08-08,2026-04-08,8400.00,Fully Paid,10.80
11895,15789,56960,2024-01-12,2024-04-12,8000.00,Fully Paid,10.80
11896,15834,16055,2024-09-12,2025-05-12,15000.00,Fully Paid,10.80
11897,15848,20608,2026-04-02,2026-10-02,10425.00,Active,6.00
11899,15857,7087,2025-03-23,2025-09-23,11200.00,Fully Paid,6.00
11900,15859,30613,2025-08-23,2026-03-23,2000.00,Fully Paid,6.00
11901,15863,886,2025-06-16,2025-11-16,3300.00,Fully Paid,10.80
11902,15875,48590,2024-02-22,2024-09-22,5600.00,Fully Paid,10.80
11904,15902,45767,2025-07-13,2025-08-13,32000.00,Defaulted,6.00
11905,15908,15522,2025-06-24,2026-02-24,19500.00,Fully Paid,6.00
11906,15916,39064,2025-07-27,2025-10-27,9000.00,Fully Paid,6.00
11907,15943,587,2025-08-31,2026-02-28,35000.00,Fully Paid,6.00
11908,15952,47644,2025-10-21,2026-02-21,1275.00,Fully Paid,6.00
11912,15992,57099,2024-03-24,2024-12-24,18000.00,Fully Paid,6.00
11913,15999,57099,2026-01-20,2026-10-20,13000.00,Active,8.40
11914,16034,47093,2025-07-14,2025-11-14,5600.00,Fully Paid,8.40
11915,16039,6118,2026-03-31,2026-09-30,16325.00,Active,6.00
11916,16050,25763,2024-04-26,2024-07-26,18000.00,Fully Paid,14.40
11917,16056,37849,2025-06-24,2026-01-24,16000.00,Fully Paid,10.80
11918,16066,53868,2025-03-14,2025-07-14,6000.00,Fully Paid,8.40
11919,16074,6994,2024-07-21,2024-11-21,14400.00,Fully Paid,6.00
11921,16105,62062,2024-07-20,2024-08-20,11200.00,Fully Paid,8.40
11922,16132,54542,2026-01-28,2026-02-28,17000.00,Defaulted,6.00
11923,16139,9027,2024-12-09,2025-01-09,18000.00,Fully Paid,6.00
11925,16145,25357,2025-05-23,2025-07-23,8000.00,Fully Paid,14.40
11926,16152,5104,2025-10-07,2026-01-07,35000.00,Active,6.00
11927,16158,35016,2024-11-26,2025-02-26,3200.00,Fully Paid,8.40
11928,16159,34578,2024-09-02,2025-06-02,27675.00,Fully Paid,6.00
11930,16196,50010,2026-01-18,2026-08-18,15000.00,Active,6.00
11931,16202,13862,2024-06-14,2025-03-14,1000.00,Fully Paid,6.00
11932,16204,1171,2025-10-25,2026-06-25,26400.00,Active,6.00
11933,16236,66574,2025-02-04,2025-08-04,20600.00,Active,6.00
11934,16250,32860,2024-06-01,2024-12-01,10000.00,Active,6.00
11935,16264,61520,2026-04-06,2026-11-06,6000.00,Active,8.40
11937,16295,51444,2026-04-12,2027-01-12,20000.00,Active,6.00
11938,16307,14128,2025-05-31,2025-10-31,12000.00,Fully Paid,10.80
11940,16323,49863,2024-09-25,2025-06-25,16800.00,Fully Paid,8.40
11941,16335,21352,2025-08-27,2026-04-27,6800.00,Fully Paid,14.40
11942,16341,23053,2024-10-31,2025-01-31,26975.00,Active,14.40
11943,16361,62571,2025-11-22,2026-04-22,4000.00,Fully Paid,8.40
11944,16366,63517,2026-05-01,2026-06-01,4200.00,Active,14.40
11945,16373,209,2024-05-22,2024-09-22,15000.00,Fully Paid,8.40
11946,16377,57282,2025-07-26,2026-01-26,9600.00,Fully Paid,8.40
11948,16407,12765,2024-08-29,2025-01-29,35000.00,Fully Paid,6.00
11949,16413,13398,2024-10-20,2025-02-20,4000.00,Fully Paid,6.00
11950,16419,14279,2024-01-14,2024-10-14,25475.00,Active,8.40
11952,16430,23120,2025-10-27,2026-06-27,26000.00,Active,6.00
11953,16437,20303,2024-02-24,2024-06-24,10000.00,Fully Paid,6.00
11954,16447,9007,2024-07-08,2025-02-08,7000.00,Fully Paid,8.40
11955,16456,14689,2024-01-28,2024-07-28,22000.00,Fully Paid,10.80
11957,16472,52470,2025-10-23,2026-07-23,8400.00,Active,6.00
11958,16475,6067,2024-11-10,2025-04-10,8000.00,Active,6.00
11959,16479,48623,2024-07-14,2024-12-14,18000.00,Fully Paid,6.00
11962,16505,42615,2025-01-09,2025-05-09,8875.00,Fully Paid,6.00
11965,16526,22222,2024-11-13,2025-02-13,7675.00,Fully Paid,10.80
11967,16532,30095,2024-11-21,2025-04-21,4000.00,Fully Paid,6.00
11968,16538,61628,2025-01-16,2025-07-16,6000.00,Fully Paid,8.40
11969,16541,51842,2025-02-21,2025-11-21,19700.00,Fully Paid,10.80
11971,16550,60761,2024-11-07,2025-02-07,2000.00,Fully Paid,10.80
11972,16569,50962,2025-10-02,2026-04-02,20000.00,Fully Paid,8.40
11973,16592,34017,2024-05-04,2024-12-04,1000.00,Defaulted,6.00
11974,16594,18608,2024-06-10,2024-08-10,15000.00,Fully Paid,6.00
11975,16619,40944,2026-01-26,2026-02-26,17550.00,Fully Paid,6.00
11977,16670,31127,2024-11-05,2025-05-05,22000.00,Fully Paid,14.40
11979,16677,33842,2025-09-16,2026-05-16,16225.00,Defaulted,6.00
11980,16685,44478,2025-01-17,2025-04-17,9125.00,Fully Paid,10.80
11983,16693,58601,2024-07-30,2025-03-30,12000.00,Fully Paid,10.80
11984,16702,2334,2025-04-30,2025-12-30,12000.00,Fully Paid,8.40
11986,16716,47916,2025-09-11,2025-10-11,16550.00,Fully Paid,6.00
11987,16719,18363,2026-02-28,2026-07-28,16000.00,Active,6.00
11990,16750,37155,2024-01-17,2024-03-17,22400.00,Fully Paid,6.00
11991,16756,46622,2025-07-16,2026-01-16,12000.00,Fully Paid,8.40
11994,16767,50300,2026-01-18,2026-03-18,20000.00,Fully Paid,6.00
11995,16768,9108,2026-03-02,2026-04-02,12800.00,Active,10.80
11996,16776,17337,2025-07-14,2026-01-14,15000.00,Fully Paid,6.00
11997,16794,48223,2026-01-07,2026-05-07,20000.00,Fully Paid,10.80
11998,16798,66314,2025-12-22,2026-07-22,19200.00,Active,6.00
11999,16800,58403,2025-07-03,2025-09-03,28000.00,Fully Paid,8.40
12000,16804,22908,2026-05-02,2027-02-02,20000.00,Active,14.40
12002,16808,48175,2024-10-09,2025-02-09,13000.00,Defaulted,10.80
12003,16811,31055,2025-08-27,2025-11-27,6500.00,Active,8.40
12005,16814,59792,2025-10-25,2026-04-25,16000.00,Active,8.40
12006,16849,60303,2024-10-02,2025-03-02,6000.00,Fully Paid,6.00
12008,16859,59614,2025-07-20,2026-03-20,18000.00,Fully Paid,10.80
12009,16863,43782,2024-01-22,2024-09-22,10000.00,Fully Paid,8.40
12010,16870,50385,2025-04-12,2025-09-12,7000.00,Fully Paid,10.80
12014,16888,33074,2024-05-03,2024-12-03,9600.00,Fully Paid,6.00
12015,16893,58569,2024-03-14,2024-10-14,27375.00,Active,10.80
12016,16912,33490,2024-07-26,2025-04-26,8000.00,Fully Paid,6.00
12017,16928,28884,2025-01-16,2025-02-16,20000.00,Fully Paid,10.80
12018,16940,27612,2024-03-23,2024-11-23,16000.00,Fully Paid,8.40
12021,16978,60671,2024-02-07,2024-08-07,7500.00,Defaulted,6.00
12022,16982,52885,2025-02-16,2025-05-16,8000.00,Fully Paid,6.00
12023,16988,39646,2024-12-19,2025-04-19,10000.00,Fully Paid,8.40
12024,16990,22570,2025-02-18,2025-08-18,13000.00,Fully Paid,6.00
12026,16998,10581,2024-12-11,2025-04-11,8000.00,Fully Paid,8.40
12029,17022,37853,2026-05-05,2026-10-05,12000.00,Active,6.00
12030,17023,31678,2024-08-19,2025-04-19,20000.00,Fully Paid,8.40
12031,17036,6215,2026-04-18,2026-07-18,21000.00,Active,6.00
12032,17043,31053,2026-03-30,2026-04-30,14350.00,Fully Paid,6.00
12033,17045,60117,2024-12-19,2025-07-19,35000.00,Fully Paid,6.00
12034,17085,45561,2025-12-21,2026-09-21,6000.00,Active,8.40
12035,17088,48751,2025-12-08,2026-05-08,26400.00,Fully Paid,10.80
12036,17141,17224,2024-12-29,2025-07-29,5650.00,Fully Paid,6.00
12038,17166,65906,2025-08-18,2026-04-18,5000.00,Fully Paid,10.80
12039,17167,348,2024-12-22,2025-05-22,19000.00,Active,10.80
12040,17186,30250,2024-08-25,2025-03-25,21000.00,Fully Paid,8.40
12041,17194,19931,2026-02-18,2026-07-18,2500.00,Active,8.40
12042,17197,32204,2025-11-11,2025-12-11,12000.00,Fully Paid,6.00
12043,17204,56585,2024-05-30,2024-06-30,35000.00,Fully Paid,6.00
12044,17235,39954,2024-01-09,2024-08-09,20000.00,Fully Paid,14.40
12045,17236,35234,2025-08-01,2025-09-01,8000.00,Fully Paid,8.40
12046,17237,21779,2025-04-05,2025-08-05,6800.00,Fully Paid,6.00
12047,17250,35548,2025-05-03,2025-10-03,6000.00,Fully Paid,14.40
12048,17257,26955,2025-06-03,2025-08-03,25000.00,Fully Paid,8.40
12050,17276,18204,2025-11-08,2026-01-08,25200.00,Fully Paid,10.80
12051,17292,62440,2024-11-03,2025-04-03,20000.00,Active,8.40
12052,17298,250,2025-05-02,2026-01-02,3000.00,Active,6.00
12053,17316,21726,2024-08-23,2024-11-23,6400.00,Fully Paid,6.00
12054,17326,7061,2024-08-13,2024-10-13,11200.00,Fully Paid,8.40
12055,17327,15904,2024-12-28,2025-03-28,20000.00,Fully Paid,10.80
12056,17339,27836,2024-05-10,2025-02-10,18000.00,Fully Paid,14.40
12057,17343,55870,2025-11-28,2026-05-28,6000.00,Active,14.40
12058,17345,19914,2024-11-27,2025-02-27,14000.00,Fully Paid,6.00
12059,17349,25841,2026-05-14,2026-08-14,10000.00,Active,10.80
12061,17374,19308,2024-12-27,2025-07-27,25000.00,Fully Paid,6.00
12062,17376,30577,2025-11-03,2026-01-03,5400.00,Active,6.00
12063,17377,36206,2026-03-09,2026-08-09,28000.00,Active,8.40
12065,17412,7789,2025-01-12,2025-10-12,12000.00,Fully Paid,6.00
12066,17413,59460,2024-04-25,2024-06-25,5000.00,Fully Paid,6.00
12067,17424,5322,2025-08-16,2025-10-16,9600.00,Active,6.00
12068,17429,20092,2026-01-03,2026-04-03,9600.00,Fully Paid,8.40
12069,17431,19880,2024-02-26,2024-09-26,20000.00,Defaulted,6.00
12072,17459,1536,2024-04-27,2024-05-27,2650.00,Fully Paid,10.80
12073,17476,474,2025-06-16,2026-03-16,35000.00,Active,8.40
12074,17487,14933,2025-11-09,2026-04-09,10000.00,Defaulted,8.40
12076,17509,61762,2024-04-02,2024-07-02,35000.00,Fully Paid,14.40
12077,17517,56255,2025-07-19,2025-12-19,3600.00,Fully Paid,6.00
12081,17561,10764,2025-02-05,2025-04-05,4800.00,Fully Paid,10.80
12082,17568,34787,2025-11-03,2026-04-03,12000.00,Fully Paid,6.00
12083,17596,10993,2025-04-07,2026-01-07,10000.00,Fully Paid,8.40
12084,17609,40532,2025-09-02,2025-10-02,6000.00,Fully Paid,10.80
12085,17611,48243,2025-02-12,2025-08-12,18250.00,Defaulted,8.40
12086,17625,65864,2025-02-21,2025-09-21,10000.00,Fully Paid,10.80
12092,17666,37502,2025-07-15,2026-04-15,20000.00,Defaulted,6.00
12094,17674,60593,2025-09-23,2026-06-23,4500.00,Active,6.00
12096,17697,46075,2026-02-19,2026-09-19,15000.00,Active,6.00
12097,17707,21518,2025-09-07,2025-10-07,10000.00,Active,14.40
12098,17716,59460,2025-11-09,2026-06-09,5000.00,Active,8.40
12100,17766,29126,2024-01-27,2024-02-27,6000.00,Fully Paid,6.00
12101,17785,2848,2025-01-30,2025-03-30,24200.00,Fully Paid,14.40
12102,17786,32366,2025-07-26,2025-08-26,3000.00,Fully Paid,8.40
12103,17792,18052,2025-12-24,2026-04-24,12675.00,Fully Paid,8.40
12104,17823,26010,2024-04-15,2024-09-15,12000.00,Fully Paid,10.80
12107,17861,27612,2024-12-31,2025-05-31,7000.00,Fully Paid,8.40
12109,17880,54935,2025-12-29,2026-08-29,12600.00,Active,8.40
12110,17905,35015,2026-05-09,2026-07-09,15000.00,Active,8.40
12111,17910,62424,2025-12-06,2026-02-06,3600.00,Fully Paid,14.40
12113,17941,53647,2024-02-15,2024-09-15,11500.00,Active,14.40
12114,17958,1510,2025-06-17,2025-09-17,15000.00,Active,8.40
12116,17983,32116,2025-07-16,2026-02-16,25000.00,Fully Paid,6.00
12117,17984,19344,2025-11-30,2026-04-30,9000.00,Fully Paid,10.80
12119,17991,56190,2024-07-06,2025-01-06,7000.00,Fully Paid,6.00
12120,18016,53737,2024-05-16,2025-02-16,11000.00,Fully Paid,8.40
12121,18034,47353,2025-04-25,2025-07-25,22000.00,Fully Paid,10.80
12122,18035,53932,2024-04-25,2024-11-25,11000.00,Fully Paid,10.80
12123,18046,10726,2024-02-25,2024-07-25,30700.00,Fully Paid,6.00
12125,18075,60969,2025-05-19,2025-09-19,12000.00,Fully Paid,6.00
12126,18093,14883,2024-01-25,2024-03-25,2500.00,Fully Paid,10.80
12127,18100,63568,2024-12-09,2025-09-09,15000.00,Fully Paid,6.00
12130,18149,44865,2026-01-07,2026-03-07,4800.00,Fully Paid,8.40
12132,18154,23027,2026-04-10,2026-08-10,4800.00,Active,6.00
12133,18158,24111,2025-04-21,2025-09-21,25000.00,Fully Paid,10.80
12134,18162,58141,2024-03-30,2024-08-30,2000.00,Fully Paid,10.80
12135,18165,7886,2024-10-05,2025-07-05,6000.00,Fully Paid,8.40
12136,18168,11604,2024-01-15,2024-03-15,5600.00,Fully Paid,10.80
12137,18174,60978,2024-12-07,2025-04-07,6000.00,Fully Paid,14.40
12138,18178,44700,2026-04-15,2026-10-15,10500.00,Active,8.40
12139,18187,65043,2025-12-29,2026-04-29,12000.00,Fully Paid,6.00
12141,18216,37533,2024-10-01,2025-03-01,20000.00,Fully Paid,8.40
12142,18221,47919,2025-02-03,2025-04-03,23925.00,Fully Paid,8.40
12143,18225,50675,2024-09-10,2024-12-10,5650.00,Fully Paid,6.00
12145,18234,14452,2024-08-31,2024-09-30,11625.00,Fully Paid,8.40
12146,18237,31925,2025-08-18,2025-12-18,10000.00,Fully Paid,6.00
12147,18251,23381,2024-09-22,2025-01-22,11000.00,Fully Paid,6.00
12148,18255,35644,2024-01-02,2024-02-02,8000.00,Fully Paid,6.00
12149,18271,53485,2024-04-21,2024-06-21,9500.00,Active,6.00
12150,18277,22516,2024-11-15,2025-04-15,18000.00,Fully Paid,6.00
12151,18296,49792,2025-12-25,2026-03-25,10000.00,Fully Paid,6.00
12152,18301,44107,2025-06-15,2025-07-15,25000.00,Fully Paid,8.40
12153,18346,54232,2025-02-15,2025-06-15,5000.00,Fully Paid,6.00
12154,18348,34363,2025-11-03,2026-02-03,6000.00,Defaulted,8.40
12155,18351,32113,2025-01-05,2025-03-05,14000.00,Fully Paid,6.00
12156,18362,34773,2026-02-05,2026-07-05,7000.00,Active,10.80
12157,18399,51444,2024-02-23,2024-03-23,18000.00,Active,6.00
12158,18402,41715,2026-04-03,2026-09-03,7000.00,Active,8.40
12159,18413,14637,2026-04-14,2026-10-14,12000.00,Active,6.00
12160,18445,10165,2025-11-28,2026-07-28,25000.00,Active,6.00
12161,18448,54988,2024-08-31,2024-11-30,6000.00,Fully Paid,6.00
12163,18460,60362,2025-02-11,2025-03-11,20000.00,Fully Paid,10.80
12164,18465,61442,2025-02-08,2025-06-08,29600.00,Fully Paid,10.80
12167,18485,360,2024-09-12,2025-05-12,15000.00,Fully Paid,10.80
12168,18493,57781,2025-12-19,2026-08-19,19900.00,Active,8.40
12170,18521,24970,2024-10-22,2025-05-22,10000.00,Fully Paid,14.40
12171,18523,10668,2024-09-11,2025-06-11,18400.00,Fully Paid,6.00
12173,18571,37565,2024-06-27,2024-09-27,34425.00,Fully Paid,8.40
12174,18591,3515,2025-10-01,2026-01-01,10000.00,Fully Paid,8.40
12175,18605,15640,2024-11-23,2025-03-23,2500.00,Fully Paid,10.80
12177,18617,3881,2024-10-17,2024-12-17,3000.00,Fully Paid,8.40
12178,18639,26331,2025-01-22,2025-06-22,24000.00,Fully Paid,8.40
12179,18646,348,2024-03-20,2024-10-20,6000.00,Defaulted,6.00
12181,18673,45357,2024-07-07,2024-11-07,17000.00,Fully Paid,8.40
12182,18674,44019,2024-07-30,2025-03-30,14000.00,Fully Paid,10.80
12183,18696,26188,2025-07-07,2025-09-07,12000.00,Fully Paid,8.40
12189,18732,112,2025-05-27,2025-07-27,6000.00,Fully Paid,8.40
12191,18775,37565,2025-02-16,2025-06-16,24000.00,Fully Paid,10.80
12192,18782,49818,2024-03-20,2024-07-20,15000.00,Fully Paid,6.00
12193,18787,59900,2025-05-06,2025-10-06,12000.00,Fully Paid,6.00
12194,18788,46739,2024-08-29,2025-02-28,30000.00,Active,8.40
12195,18789,52118,2026-01-08,2026-05-08,7500.00,Fully Paid,8.40
12196,18792,16461,2024-12-02,2025-09-02,5000.00,Fully Paid,6.00
12197,18798,29998,2024-06-06,2024-09-06,10000.00,Fully Paid,8.40
12199,18825,42639,2024-07-24,2025-02-24,10000.00,Fully Paid,14.40
12203,18896,23319,2025-01-02,2025-05-02,9500.00,Fully Paid,8.40
12204,18902,23451,2025-09-20,2026-02-20,8000.00,Fully Paid,14.40
12205,18905,62420,2024-09-16,2025-03-16,10000.00,Fully Paid,8.40
12206,18911,41124,2024-01-18,2024-06-18,24600.00,Fully Paid,8.40
12208,18943,31975,2025-04-06,2025-11-06,12000.00,Fully Paid,6.00
12209,18946,36173,2024-08-12,2025-02-12,5000.00,Fully Paid,6.00
12210,18956,14470,2025-11-14,2025-12-14,28000.00,Active,10.80
12211,18969,63341,2024-02-14,2024-07-14,2250.00,Fully Paid,6.00
12214,18978,57367,2026-02-26,2026-07-26,22450.00,Active,6.00
12215,18982,22533,2024-02-13,2024-06-13,12000.00,Fully Paid,6.00
12216,18986,58290,2025-07-29,2025-12-29,16900.00,Fully Paid,8.40
12217,18991,7912,2025-07-05,2025-12-05,27575.00,Fully Paid,8.40
12221,19047,65399,2025-11-10,2026-04-10,4000.00,Fully Paid,6.00
12222,19048,14946,2025-12-13,2026-02-13,3000.00,Fully Paid,8.40
12225,19070,28662,2024-06-30,2024-09-30,3450.00,Fully Paid,8.40
12226,19078,1926,2024-08-02,2025-01-02,2500.00,Active,6.00
12227,19080,31192,2026-03-08,2026-04-08,6200.00,Fully Paid,8.40
12231,19160,31859,2024-12-19,2025-02-19,9000.00,Active,10.80
12232,19168,8708,2025-07-17,2025-11-17,9600.00,Fully Paid,10.80
12233,19237,60478,2026-04-25,2026-11-25,4675.00,Active,6.00
12237,19278,25504,2024-09-02,2025-01-02,7400.00,Active,14.40
12239,19300,62329,2025-09-17,2026-02-17,5000.00,Fully Paid,10.80
12240,19312,23146,2024-10-27,2025-06-27,9550.00,Fully Paid,6.00
12241,19321,16025,2025-07-11,2025-12-11,3000.00,Active,6.00
12243,19367,4037,2026-01-22,2026-09-22,15950.00,Active,8.40
12244,19391,26977,2025-04-08,2025-05-08,3500.00,Fully Paid,10.80
12249,19408,9216,2024-07-30,2025-03-30,3600.00,Active,8.40
12250,19424,30296,2025-11-20,2026-04-20,8000.00,Fully Paid,10.80
12251,19437,42606,2025-08-15,2025-11-15,17000.00,Active,14.40
12252,19451,50385,2025-06-05,2025-09-05,14000.00,Fully Paid,8.40
12253,19455,2784,2026-05-19,2026-11-19,25000.00,Active,10.80
12255,19500,51596,2025-05-10,2025-10-10,21000.00,Fully Paid,14.40
12258,19535,14279,2025-04-23,2025-08-23,8400.00,Fully Paid,6.00
12259,19550,40178,2025-08-02,2026-03-02,35000.00,Fully Paid,8.40
12260,19559,1926,2025-02-20,2025-06-20,16000.00,Fully Paid,8.40
12262,19572,2687,2024-04-15,2024-09-15,18000.00,Active,8.40
12265,19603,55248,2025-02-08,2025-06-08,10500.00,Fully Paid,8.40
12266,19639,32854,2025-04-06,2025-11-06,19200.00,Fully Paid,8.40
12267,19655,31543,2025-07-31,2026-04-30,5000.00,Active,6.00
12268,19668,30866,2026-05-06,2026-06-06,2400.00,Active,10.80
12270,19696,56688,2026-02-19,2026-09-19,12000.00,Active,8.40
12271,19698,45722,2024-01-11,2024-10-11,6000.00,Fully Paid,6.00
12272,19701,53992,2024-08-08,2025-01-08,20000.00,Fully Paid,8.40
12273,19707,19894,2024-08-28,2024-09-28,2400.00,Fully Paid,6.00
12274,19732,52791,2025-04-14,2025-05-14,15000.00,Active,10.80
12276,19767,56531,2024-10-02,2025-04-02,27300.00,Fully Paid,8.40
12279,19778,61442,2024-06-10,2025-01-10,8000.00,Active,6.00
12281,19802,19321,2025-08-07,2026-02-07,8000.00,Fully Paid,6.00
12283,19822,33146,2024-05-05,2024-07-05,6000.00,Fully Paid,14.40
12284,19838,19144,2025-03-17,2025-04-17,12050.00,Fully Paid,10.80
12285,19839,64673,2025-01-19,2025-07-19,6075.00,Fully Paid,8.40
12286,19845,2985,2025-10-06,2026-02-06,12575.00,Fully Paid,10.80
12291,19884,44918,2025-06-09,2025-12-09,17950.00,Fully Paid,8.40
12292,19886,65311,2024-01-06,2024-10-06,28000.00,Active,8.40
12293,19894,45737,2024-12-04,2025-07-04,24000.00,Fully Paid,6.00
12294,19907,18287,2024-04-16,2024-12-16,10000.00,Active,8.40
12296,19918,45094,2024-02-10,2024-07-10,23000.00,Fully Paid,8.40
12299,19933,59107,2024-08-24,2024-11-24,7000.00,Fully Paid,8.40
12300,19939,833,2026-04-13,2026-11-13,4200.00,Active,6.00
12302,19959,23002,2026-01-30,2026-05-30,1000.00,Active,8.40
12303,19972,12082,2024-01-27,2024-02-27,9000.00,Fully Paid,8.40
12304,19976,15858,2024-10-06,2025-02-06,18350.00,Fully Paid,10.80
12305,19989,64049,2024-10-29,2024-11-29,18000.00,Fully Paid,6.00
12306,20000,14487,2026-01-10,2026-02-10,16000.00,Defaulted,6.00
12308,20037,29038,2025-11-18,2026-02-18,28000.00,Fully Paid,8.40
12310,20039,27381,2025-10-01,2026-04-01,7500.00,Fully Paid,8.40
12311,20040,58709,2025-12-25,2026-04-25,18400.00,Fully Paid,14.40
12312,20049,58258,2024-09-24,2025-05-24,15000.00,Fully Paid,8.40
12313,20057,21714,2025-11-16,2026-03-16,15000.00,Fully Paid,10.80
12316,20077,16770,2025-01-31,2025-07-31,20000.00,Fully Paid,8.40
12317,20092,47318,2026-02-10,2026-08-10,12000.00,Active,10.80
12318,20094,15066,2024-12-08,2025-01-08,27300.00,Active,10.80
12320,20106,8394,2024-11-24,2025-04-24,11700.00,Fully Paid,6.00
12321,20110,43446,2026-01-28,2026-05-28,10000.00,Active,6.00
12322,20112,24196,2024-03-29,2024-08-29,12000.00,Fully Paid,8.40
12324,20129,23865,2024-01-31,2024-09-30,4800.00,Fully Paid,10.80
12326,20145,52136,2025-12-11,2026-07-11,16000.00,Active,6.00
12327,20161,21417,2026-01-19,2026-04-19,14050.00,Fully Paid,8.40
12330,20167,62872,2026-01-04,2026-03-04,5000.00,Fully Paid,10.80
12331,20168,36130,2026-02-15,2026-08-15,6000.00,Active,8.40
12332,20170,15418,2025-08-26,2026-04-26,13000.00,Fully Paid,6.00
12333,20176,30894,2025-08-15,2025-12-15,7000.00,Fully Paid,8.40
12337,20204,51459,2025-12-28,2026-02-28,20000.00,Fully Paid,6.00
12339,20222,61600,2025-03-15,2025-12-15,25000.00,Fully Paid,8.40
12340,20254,24294,2024-03-07,2024-06-07,6475.00,Active,6.00
12341,20255,16574,2024-03-07,2024-05-07,10000.00,Fully Paid,6.00
12342,20272,10710,2025-09-14,2026-04-14,17350.00,Active,6.00
12343,20304,2303,2024-07-05,2024-12-05,20000.00,Fully Paid,14.40
12345,20339,45386,2024-05-02,2024-06-02,12000.00,Fully Paid,6.00
12346,20344,58036,2024-10-15,2025-03-15,15000.00,Fully Paid,14.40
12347,20351,61490,2026-04-07,2026-09-07,18000.00,Active,6.00
12349,20364,45488,2026-05-01,2026-11-01,5000.00,Active,8.40
12350,20368,29509,2026-03-21,2026-04-21,2800.00,Fully Paid,8.40
12352,20388,2334,2025-04-17,2025-08-17,16000.00,Active,6.00
12353,20399,22361,2025-05-28,2025-11-28,18000.00,Fully Paid,10.80
12354,20408,26125,2025-11-11,2026-02-11,3500.00,Fully Paid,10.80
12355,20424,43420,2024-01-04,2024-02-04,16000.00,Fully Paid,6.00
12356,20434,47973,2024-09-28,2025-04-28,25000.00,Active,14.40
12357,20442,67699,2024-09-11,2024-10-11,12000.00,Fully Paid,10.80
12358,20447,55432,2025-08-03,2025-12-03,7500.00,Fully Paid,8.40
12360,20455,52071,2025-05-25,2025-11-25,7800.00,Fully Paid,8.40
12361,20477,41036,2024-04-19,2024-10-19,2500.00,Fully Paid,8.40
12362,20498,65014,2025-11-26,2026-07-26,5725.00,Active,8.40
12363,20500,21489,2024-03-15,2024-05-15,15800.00,Fully Paid,10.80
12364,20512,47185,2024-06-01,2024-08-01,8400.00,Fully Paid,8.40
12365,20518,63229,2025-12-24,2026-07-24,5600.00,Active,14.40
12366,20531,31633,2024-07-13,2024-12-13,10000.00,Defaulted,6.00
12367,20564,24434,2025-06-03,2025-11-03,20000.00,Fully Paid,14.40
12369,20570,62467,2025-03-02,2025-05-02,10000.00,Active,10.80
12372,20597,41651,2025-03-03,2025-05-03,7200.00,Fully Paid,6.00
12373,20605,34238,2025-11-18,2026-01-18,16000.00,Fully Paid,10.80
12375,20613,10354,2024-05-17,2024-06-17,16000.00,Fully Paid,8.40
12377,20625,56556,2024-05-22,2024-10-22,10000.00,Active,8.40
12379,20664,18986,2024-03-03,2024-08-03,35000.00,Fully Paid,6.00
12380,20676,56520,2026-04-25,2026-10-25,5000.00,Active,10.80
12382,20708,46508,2025-12-02,2026-05-02,10000.00,Fully Paid,6.00
12383,20714,41299,2024-09-24,2025-01-24,8000.00,Fully Paid,10.80
12384,20739,49819,2025-01-04,2025-06-04,12000.00,Fully Paid,6.00
12385,20746,8490,2024-05-29,2024-12-29,5000.00,Fully Paid,10.80
12388,20806,286,2026-02-08,2026-04-08,7800.00,Fully Paid,8.40
12389,20808,52136,2024-07-02,2025-03-02,12000.00,Fully Paid,10.80
12390,20817,42408,2026-04-24,2026-10-24,13400.00,Active,8.40
12391,20829,56040,2024-05-18,2025-01-18,35000.00,Fully Paid,8.40
12392,20840,35829,2024-03-09,2024-07-09,16000.00,Fully Paid,8.40
12394,20860,2972,2024-12-31,2025-08-31,25000.00,Fully Paid,6.00
12398,20930,15520,2025-09-06,2025-11-06,5000.00,Fully Paid,8.40
12399,20954,29736,2024-11-19,2025-03-19,32100.00,Active,6.00
12400,20959,36261,2026-02-19,2026-10-19,27675.00,Active,6.00
12402,21003,713,2026-04-15,2026-07-15,11000.00,Active,10.80
12403,21005,19600,2024-02-15,2024-09-15,35000.00,Active,8.40
12404,21009,2449,2024-07-15,2024-08-15,22000.00,Fully Paid,8.40
12405,21012,17387,2026-04-26,2026-12-26,20000.00,Active,6.00
12408,21047,14785,2025-02-26,2025-04-26,15000.00,Fully Paid,6.00
12410,21057,14613,2024-04-30,2024-08-30,30000.00,Active,10.80
12411,21059,2469,2025-05-17,2026-01-17,21000.00,Fully Paid,6.00
12413,21089,51379,2024-05-29,2024-07-29,23650.00,Fully Paid,10.80
12414,21099,18394,2025-06-03,2026-01-03,35000.00,Fully Paid,6.00
12415,21104,2948,2025-09-05,2025-10-05,16250.00,Fully Paid,6.00
12417,21112,32545,2024-01-22,2024-03-22,16500.00,Fully Paid,8.40
12418,21117,22202,2025-07-16,2026-04-16,10000.00,Fully Paid,6.00
12420,21124,49983,2025-07-11,2025-10-11,14000.00,Fully Paid,6.00
12422,21142,65532,2025-01-24,2025-09-24,20000.00,Fully Paid,8.40
12423,21167,17819,2024-12-19,2025-07-19,18000.00,Fully Paid,10.80
12424,21172,21779,2026-03-17,2026-07-17,8975.00,Active,14.40
12425,21187,35437,2025-12-13,2026-06-13,2500.00,Active,8.40
12426,21207,35820,2025-10-24,2026-02-24,14400.00,Fully Paid,6.00
12427,21224,44448,2026-03-09,2026-04-09,5500.00,Fully Paid,6.00
12428,21233,50909,2026-03-05,2026-09-05,5000.00,Active,8.40
12431,21272,36426,2024-04-22,2024-05-22,10000.00,Active,6.00
12433,21314,24109,2026-01-27,2026-06-27,10500.00,Active,8.40
12434,21326,22205,2025-01-26,2025-07-26,3000.00,Fully Paid,6.00
12435,21328,46437,2024-12-28,2025-02-28,20000.00,Fully Paid,8.40
12437,21347,9587,2026-02-04,2026-03-04,18000.00,Active,6.00
12438,21362,58975,2025-05-02,2025-12-02,16000.00,Active,14.40
12439,21365,35162,2025-08-28,2025-12-28,15000.00,Fully Paid,6.00
12440,21377,26188,2025-03-07,2025-04-07,20000.00,Active,8.40
12441,21399,42672,2024-08-07,2025-05-07,9000.00,Fully Paid,14.40
12442,21405,36105,2024-01-26,2024-10-26,9500.00,Active,6.00
12445,21430,22241,2025-11-03,2026-04-03,7200.00,Fully Paid,8.40
12446,21432,44286,2024-12-05,2025-05-05,14000.00,Fully Paid,10.80
12447,21440,28662,2025-01-13,2025-02-13,35000.00,Fully Paid,14.40
12449,21454,49777,2024-09-03,2025-04-03,1500.00,Fully Paid,14.40
12450,21458,36818,2025-09-05,2026-02-05,6500.00,Fully Paid,8.40
12452,21472,36692,2025-09-09,2026-05-09,1200.00,Fully Paid,6.00
12453,21476,48481,2024-05-23,2024-10-23,5050.00,Fully Paid,6.00
12454,21536,50470,2025-11-09,2026-06-09,6475.00,Active,6.00
12455,21544,15031,2026-03-07,2026-07-07,5025.00,Active,8.40
12456,21545,36564,2024-02-04,2024-11-04,8000.00,Defaulted,8.40
12457,21551,40257,2026-03-25,2026-08-25,5700.00,Active,6.00
12458,21552,17373,2026-03-13,2026-12-13,9000.00,Active,8.40
12460,21576,53854,2024-07-01,2024-09-01,8000.00,Fully Paid,10.80
12465,21618,2801,2024-07-26,2024-09-26,8000.00,Fully Paid,8.40
12466,21634,21285,2026-02-24,2026-08-24,2800.00,Active,6.00
12467,21638,6740,2024-10-29,2025-03-29,16000.00,Fully Paid,10.80
12468,21655,19740,2026-01-23,2026-08-23,12000.00,Active,6.00
12469,21688,67109,2024-05-28,2024-06-28,10000.00,Active,6.00
12470,21715,64259,2024-03-09,2024-06-09,18725.00,Fully Paid,6.00
12471,21720,62182,2024-01-19,2024-04-19,15000.00,Fully Paid,6.00
12472,21726,49407,2024-03-22,2024-04-22,28000.00,Fully Paid,6.00
12473,21756,19618,2026-03-17,2026-07-17,27000.00,Active,14.40
12474,21757,9222,2024-09-23,2025-03-23,26900.00,Fully Paid,6.00
12476,21781,55452,2026-03-30,2026-10-30,10000.00,Active,6.00
12477,21789,14512,2024-05-28,2024-09-28,11100.00,Active,8.40
12479,21817,46176,2024-03-28,2024-06-28,15000.00,Active,6.00
12480,21829,12243,2026-03-13,2026-08-13,9600.00,Active,6.00
12482,21873,30419,2024-07-29,2025-03-29,12000.00,Fully Paid,10.80
12483,21888,49579,2024-12-31,2025-09-30,16800.00,Fully Paid,14.40
12484,21896,61410,2026-05-01,2027-02-01,6000.00,Active,6.00
12485,21897,36900,2026-05-08,2026-12-08,19000.00,Active,6.00
12488,21929,60699,2024-11-24,2025-01-24,12000.00,Fully Paid,6.00
12489,21941,50878,2024-07-08,2024-12-08,10000.00,Fully Paid,8.40
12490,21959,17743,2026-05-02,2026-11-02,11650.00,Active,8.40
12491,21971,15066,2025-11-19,2026-03-19,19800.00,Fully Paid,8.40
12492,21998,29287,2025-12-26,2026-05-26,12000.00,Active,6.00
12493,22006,61917,2026-01-26,2026-10-26,13300.00,Active,8.40
12494,22011,60779,2025-07-06,2025-09-06,17000.00,Fully Paid,6.00
12495,22026,54507,2024-07-13,2024-11-13,7150.00,Active,10.80
12496,22036,28391,2026-02-14,2026-08-14,1000.00,Active,6.00
12498,22064,348,2024-08-16,2025-05-16,5000.00,Fully Paid,10.80
12500,22093,30339,2025-08-30,2025-10-30,10000.00,Fully Paid,10.80
12501,22108,32589,2024-08-17,2025-05-17,24000.00,Fully Paid,6.00
12502,22110,58931,2024-07-16,2025-04-16,4000.00,Fully Paid,10.80
12503,22118,20521,2026-05-10,2026-11-10,17400.00,Active,6.00
12504,22119,56109,2024-09-27,2024-12-27,9600.00,Fully Paid,6.00
12505,22120,49407,2024-11-06,2025-08-06,15000.00,Fully Paid,8.40
12506,22146,25269,2024-06-10,2025-01-10,10000.00,Fully Paid,8.40
12509,22169,16100,2024-05-20,2024-09-20,24000.00,Fully Paid,8.40
12510,22174,2267,2025-04-09,2025-11-09,3125.00,Fully Paid,14.40
12511,22176,54826,2024-11-28,2024-12-28,7000.00,Fully Paid,8.40
12514,22199,3246,2025-01-13,2025-06-13,15000.00,Active,10.80
12515,22202,60985,2025-02-19,2025-06-19,21000.00,Active,10.80
12516,22214,29394,2025-03-28,2025-05-28,12000.00,Fully Paid,10.80
12517,22220,45684,2026-05-14,2026-10-14,19200.00,Active,6.00
12519,22235,36081,2025-01-22,2025-09-22,15600.00,Fully Paid,8.40
12520,22240,23068,2024-03-01,2024-10-01,17125.00,Fully Paid,8.40
12521,22264,45483,2026-03-14,2026-06-14,27000.00,Active,6.00
12524,22298,32860,2024-06-03,2024-07-03,4000.00,Fully Paid,8.40
12525,22301,16056,2024-12-01,2025-04-01,5000.00,Defaulted,6.00
12526,22309,28524,2024-03-11,2024-05-11,11000.00,Fully Paid,10.80
12527,22310,55199,2024-02-22,2024-10-22,16000.00,Fully Paid,6.00
12528,22323,39852,2024-01-06,2024-08-06,10000.00,Fully Paid,6.00
12529,22325,22990,2025-03-03,2025-04-03,4800.00,Fully Paid,6.00
12531,22336,29016,2025-12-31,2026-02-28,2000.00,Fully Paid,8.40
12532,22337,30778,2025-12-12,2026-09-12,8000.00,Active,10.80
12533,22349,52791,2024-04-13,2024-05-13,8000.00,Active,6.00
12536,22367,8182,2025-01-10,2025-06-10,18000.00,Fully Paid,8.40
12537,22369,44306,2024-04-29,2024-10-29,22000.00,Fully Paid,6.00
12538,22371,54142,2025-06-18,2026-03-18,12075.00,Active,6.00
12539,22405,24633,2024-11-23,2025-02-23,8000.00,Fully Paid,6.00
12540,22409,46841,2024-03-24,2024-07-24,5000.00,Fully Paid,10.80
12541,22412,5125,2024-03-05,2024-09-05,3000.00,Active,14.40
12542,22423,45006,2025-09-04,2026-04-04,9000.00,Fully Paid,6.00
12543,22428,58492,2024-11-29,2025-07-29,7000.00,Active,14.40
12544,22436,64445,2024-10-05,2025-04-05,15000.00,Fully Paid,6.00
12545,22447,63341,2024-01-28,2024-10-28,15000.00,Fully Paid,6.00
12547,22467,34595,2024-11-22,2025-01-22,15000.00,Fully Paid,6.00
12548,22469,15859,2025-03-13,2025-07-13,8000.00,Fully Paid,6.00
12549,22479,17512,2024-03-05,2024-04-05,5000.00,Fully Paid,6.00
12550,22487,5809,2024-09-28,2024-12-28,15000.00,Fully Paid,6.00
12551,22499,20924,2024-03-30,2024-07-30,5000.00,Fully Paid,6.00
12552,22519,47762,2025-03-16,2025-11-16,12500.00,Fully Paid,6.00
12553,22520,57859,2026-04-20,2026-06-20,17750.00,Active,10.80
12555,22540,28871,2025-12-15,2026-01-15,5500.00,Fully Paid,6.00
12556,22546,49374,2026-05-13,2026-06-13,3500.00,Active,8.40
12557,22556,28985,2025-04-29,2025-10-29,2000.00,Fully Paid,14.40
12559,22563,25224,2024-03-18,2024-07-18,5600.00,Fully Paid,6.00
12561,22571,64943,2025-05-25,2025-06-25,8400.00,Fully Paid,8.40
12562,22594,41262,2024-04-21,2024-06-21,15600.00,Fully Paid,6.00
12563,22598,40190,2024-09-03,2025-04-03,11775.00,Fully Paid,10.80
12564,22615,46272,2025-02-08,2025-06-08,35000.00,Defaulted,8.40
12565,22622,39811,2025-03-07,2025-08-07,2500.00,Active,6.00
12566,22636,17778,2024-06-28,2024-12-28,4000.00,Active,8.40
12567,22659,53088,2024-09-06,2024-12-06,12000.00,Fully Paid,8.40
12570,22670,28942,2024-12-06,2025-08-06,16000.00,Fully Paid,6.00
12572,22672,49934,2025-08-01,2025-10-01,5000.00,Fully Paid,14.40
12575,22718,19851,2024-10-31,2025-04-30,4000.00,Fully Paid,8.40
12576,22735,67629,2025-09-19,2026-02-19,10000.00,Fully Paid,8.40
12577,22754,572,2024-10-05,2025-04-05,15000.00,Defaulted,10.80
12579,22765,44768,2025-04-09,2026-01-09,16800.00,Fully Paid,6.00
12580,22770,10831,2024-01-18,2024-02-18,13800.00,Fully Paid,6.00
12581,22772,43086,2024-04-20,2024-10-20,30000.00,Fully Paid,6.00
12582,22778,19469,2024-05-27,2024-06-27,15000.00,Fully Paid,6.00
12584,22787,58586,2025-03-14,2025-04-14,10000.00,Fully Paid,6.00
12586,22803,51596,2024-01-03,2024-10-03,5000.00,Fully Paid,14.40
12588,22819,19178,2025-05-21,2025-09-21,7500.00,Active,14.40
12589,22823,66509,2024-10-10,2025-05-10,12925.00,Fully Paid,6.00
12590,22824,18363,2025-07-13,2025-12-13,6575.00,Fully Paid,6.00
12592,22831,53871,2025-03-09,2025-09-09,17000.00,Fully Paid,6.00
12593,22832,46260,2025-08-03,2025-11-03,18550.00,Fully Paid,6.00
12594,22845,25116,2024-01-24,2024-07-24,18000.00,Fully Paid,10.80
12595,22847,9934,2024-10-03,2025-05-03,10000.00,Active,6.00
12596,22898,17209,2025-10-20,2026-07-20,9600.00,Active,14.40
12597,22918,6929,2025-07-17,2025-09-17,35000.00,Fully Paid,8.40
12598,22924,11768,2025-05-12,2025-12-12,14400.00,Fully Paid,10.80
12599,22938,52199,2025-01-14,2025-06-14,10000.00,Fully Paid,6.00
12600,22940,63793,2024-10-25,2025-01-25,14000.00,Fully Paid,8.40
12601,22954,11113,2024-12-15,2025-01-15,30000.00,Fully Paid,8.40
12602,22961,28855,2025-10-12,2025-11-12,5000.00,Fully Paid,10.80
12604,22977,40369,2025-03-03,2025-05-03,12000.00,Active,6.00
12605,22978,16770,2024-12-23,2025-03-23,8000.00,Fully Paid,6.00
12606,22981,61478,2025-06-08,2025-10-08,7800.00,Fully Paid,8.40
12607,22987,30774,2025-06-29,2026-02-28,10000.00,Fully Paid,14.40
12610,23040,1462,2026-01-24,2026-06-24,21000.00,Active,14.40
12611,23042,64814,2025-07-25,2025-08-25,25000.00,Fully Paid,6.00
12613,23074,49069,2024-08-05,2024-09-05,8500.00,Fully Paid,6.00
12614,23093,35016,2024-02-22,2024-05-22,7200.00,Fully Paid,8.40
12615,23121,58032,2026-01-03,2026-07-03,25000.00,Active,8.40
12617,23131,53932,2024-09-28,2025-02-28,20000.00,Fully Paid,8.40
12618,23132,65399,2024-04-08,2024-06-08,14000.00,Fully Paid,10.80
12619,23144,58875,2025-10-17,2026-04-17,18000.00,Fully Paid,14.40
12620,23149,17080,2026-02-23,2026-04-23,15000.00,Defaulted,10.80
12624,23194,33890,2026-01-25,2026-02-25,12000.00,Fully Paid,8.40
12626,23199,49407,2024-06-09,2024-09-09,12000.00,Fully Paid,6.00
12627,23203,52394,2024-07-30,2025-01-30,7000.00,Fully Paid,10.80
12629,23224,37230,2025-11-18,2026-08-18,5000.00,Active,10.80
12630,23232,22591,2025-06-24,2025-07-24,1000.00,Fully Paid,10.80
12632,23239,30806,2024-11-22,2024-12-22,5000.00,Active,8.40
12634,23277,60303,2025-01-03,2025-03-03,28000.00,Fully Paid,6.00
12635,23288,51119,2024-12-10,2025-04-10,5000.00,Fully Paid,6.00
12636,23294,3190,2025-04-18,2025-06-18,15400.00,Fully Paid,10.80
12637,23303,40151,2024-10-31,2025-06-30,35000.00,Fully Paid,8.40
12638,23308,2784,2025-05-02,2025-06-02,10000.00,Fully Paid,6.00
12639,23312,55219,2024-11-28,2025-05-28,10000.00,Fully Paid,10.80
12640,23315,36143,2026-04-19,2026-08-19,10000.00,Active,8.40
12641,23319,59643,2024-05-29,2025-02-28,11125.00,Fully Paid,6.00
12642,23326,46075,2026-05-09,2026-06-09,21000.00,Active,8.40
12644,23358,49977,2026-01-23,2026-08-23,28000.00,Active,8.40
12648,23403,29912,2024-04-23,2024-10-23,3500.00,Fully Paid,8.40
12649,23404,38593,2025-12-14,2026-06-14,12000.00,Active,10.80
12652,23421,39627,2024-12-21,2025-09-21,20000.00,Fully Paid,8.40
12654,23443,29178,2026-02-28,2026-10-28,4750.00,Active,6.00
12655,23449,19880,2024-03-20,2024-10-20,9600.00,Fully Paid,6.00
12656,23455,2373,2026-03-06,2026-10-06,15500.00,Active,6.00
12657,23456,67629,2025-02-26,2025-09-26,15125.00,Fully Paid,10.80
12659,23475,52538,2024-09-09,2025-03-09,20000.00,Fully Paid,6.00
12662,23481,10668,2024-06-01,2025-02-01,35000.00,Fully Paid,6.00
12664,23504,46515,2025-01-26,2025-04-26,15000.00,Fully Paid,6.00
12665,23515,34319,2024-01-06,2024-09-06,20000.00,Fully Paid,10.80
12668,23551,48772,2024-08-03,2024-09-03,15000.00,Fully Paid,8.40
12669,23557,57509,2024-06-29,2024-10-29,11675.00,Fully Paid,14.40
12671,23573,21013,2026-03-04,2026-05-04,30000.00,Fully Paid,8.40
12673,23583,33425,2025-04-09,2025-11-09,2400.00,Fully Paid,10.80
12675,23603,55586,2025-10-14,2026-06-14,6500.00,Active,6.00
12676,23605,64099,2025-02-24,2025-06-24,23875.00,Fully Paid,14.40
12677,23607,65328,2025-05-27,2025-07-27,30000.00,Fully Paid,6.00
12679,23612,2948,2025-10-30,2025-11-30,9525.00,Fully Paid,10.80
12682,23638,61441,2025-04-18,2025-07-18,4000.00,Fully Paid,8.40
12683,23642,21427,2025-09-29,2026-02-28,16200.00,Active,6.00
12684,23645,15066,2026-05-08,2026-08-08,7000.00,Active,14.40
12687,23719,1472,2025-01-10,2025-08-10,10325.00,Fully Paid,8.40
12688,23727,48478,2024-07-10,2025-03-10,16950.00,Fully Paid,6.00
12690,23766,19223,2025-11-23,2026-02-23,7000.00,Fully Paid,14.40
12692,23781,20317,2025-02-08,2025-10-08,11675.00,Fully Paid,8.40
12693,23787,41651,2025-01-16,2025-06-16,28000.00,Fully Paid,6.00
12694,23789,9345,2025-06-24,2025-09-24,24000.00,Fully Paid,14.40
12695,23808,52538,2025-06-13,2025-08-13,21000.00,Fully Paid,10.80
12696,23817,40422,2026-04-07,2026-11-07,1000.00,Active,10.80
12697,23826,14279,2024-10-17,2025-06-17,20000.00,Fully Paid,6.00
12698,23834,58735,2026-04-19,2026-07-19,12000.00,Active,10.80
12699,23838,655,2025-08-01,2025-10-01,5600.00,Fully Paid,8.40
12703,23882,2640,2024-07-04,2024-12-04,10000.00,Active,8.40
12704,23890,35179,2025-05-15,2025-12-15,10000.00,Fully Paid,14.40
12707,23905,13340,2024-10-24,2025-01-24,22000.00,Fully Paid,10.80
12708,23935,35678,2026-05-13,2026-09-13,4500.00,Active,6.00
12710,23950,12671,2024-08-25,2025-03-25,12275.00,Active,14.40
12711,23956,55199,2024-04-24,2024-09-24,5000.00,Fully Paid,8.40
12712,23957,14008,2025-12-11,2026-03-11,3150.00,Fully Paid,14.40
12713,23959,40360,2025-04-17,2025-09-17,23600.00,Active,14.40
12714,23961,2972,2024-08-12,2025-03-12,10000.00,Defaulted,14.40
12715,23968,32113,2025-02-16,2025-10-16,12000.00,Active,8.40
12717,23986,26932,2025-01-21,2025-06-21,5000.00,Fully Paid,10.80
12719,23999,4175,2025-01-18,2025-10-18,18000.00,Fully Paid,6.00
12721,24003,45960,2025-05-31,2025-10-31,9000.00,Active,6.00
12722,24010,61182,2024-03-14,2024-06-14,25000.00,Fully Paid,6.00
12723,24028,65052,2025-02-27,2025-07-27,24800.00,Fully Paid,10.80
12724,24053,56472,2024-01-05,2024-04-05,14400.00,Fully Paid,6.00
12725,24057,16574,2024-10-04,2024-11-04,15000.00,Fully Paid,8.40
12726,24065,13862,2024-02-03,2024-09-03,10000.00,Fully Paid,6.00
12728,24073,32505,2024-10-22,2025-03-22,8000.00,Fully Paid,8.40
12729,24074,57009,2025-07-30,2026-01-30,5000.00,Active,10.80
12730,24107,49605,2025-09-26,2026-03-26,11975.00,Fully Paid,6.00
12732,24122,48531,2024-11-15,2025-05-15,18000.00,Fully Paid,8.40
12733,24137,38617,2024-09-10,2025-03-10,6000.00,Active,10.80
12734,24139,57840,2026-05-11,2027-01-11,14000.00,Active,6.00
12735,24149,53871,2024-05-04,2024-12-04,5575.00,Fully Paid,6.00
12737,24163,45209,2024-12-23,2025-06-23,3600.00,Fully Paid,14.40
12738,24194,52192,2024-04-23,2024-09-23,16000.00,Fully Paid,10.80
12741,24227,47325,2024-05-23,2024-07-23,6900.00,Fully Paid,6.00
12742,24230,61799,2024-01-20,2024-05-20,12000.00,Fully Paid,6.00
12743,24236,63886,2024-05-14,2024-10-14,21000.00,Fully Paid,14.40
12745,24249,37258,2024-12-02,2025-08-02,11200.00,Fully Paid,8.40
12746,24274,40178,2026-04-16,2027-01-16,14000.00,Active,6.00
12747,24277,35548,2025-08-25,2025-11-25,19325.00,Fully Paid,14.40
12748,24304,10037,2025-11-02,2026-02-02,22000.00,Fully Paid,6.00
12752,24363,14689,2026-02-26,2026-11-26,16000.00,Active,6.00
12753,24372,10560,2024-10-24,2025-03-24,15000.00,Fully Paid,6.00
12754,24395,24492,2025-10-28,2026-02-28,4625.00,Fully Paid,10.80
12755,24421,8962,2024-11-25,2025-04-25,20000.00,Fully Paid,10.80
12756,24429,5754,2024-09-24,2024-10-24,14000.00,Active,14.40
12757,24440,34015,2025-06-27,2026-03-27,4000.00,Active,6.00
12758,24451,42182,2025-02-09,2025-11-09,3600.00,Fully Paid,6.00
12759,24453,14492,2025-04-13,2025-08-13,6000.00,Fully Paid,8.40
12760,24480,14689,2024-10-29,2025-01-29,25000.00,Fully Paid,6.00
12761,24516,5809,2025-08-20,2025-11-20,3200.00,Fully Paid,6.00
12762,24533,2652,2025-12-25,2026-07-25,18800.00,Active,6.00
12763,24536,28609,2025-01-02,2025-03-02,14775.00,Fully Paid,8.40
12765,24550,11462,2024-03-22,2024-05-22,6400.00,Fully Paid,8.40
12766,24559,286,2024-05-28,2024-12-28,12000.00,Fully Paid,10.80
12767,24562,3116,2024-08-26,2024-09-26,6000.00,Defaulted,6.00
12768,24576,38126,2024-12-23,2025-01-23,4000.00,Fully Paid,6.00
12769,24583,43157,2025-06-29,2025-10-29,28000.00,Fully Paid,8.40
12770,24593,12023,2025-03-29,2025-07-29,11175.00,Fully Paid,10.80
12771,24595,34280,2024-03-14,2024-09-14,22400.00,Active,8.40
12773,24631,33668,2026-03-01,2026-11-01,14500.00,Active,6.00
12774,24637,21427,2024-10-19,2025-02-19,9000.00,Fully Paid,8.40
12775,24639,30644,2024-10-13,2025-03-13,8400.00,Fully Paid,6.00
12776,24657,34820,2026-04-02,2026-12-02,18000.00,Active,10.80
12778,24670,48325,2024-07-09,2024-10-09,9600.00,Defaulted,10.80
12779,24674,22015,2026-03-29,2026-10-29,7000.00,Active,8.40
12781,24699,38882,2024-08-28,2025-03-28,18200.00,Fully Paid,6.00
12782,24706,34925,2024-09-05,2024-10-05,11000.00,Fully Paid,8.40
12783,24726,44341,2024-01-27,2024-09-27,6000.00,Fully Paid,6.00
12784,24731,17990,2024-01-27,2024-08-27,13000.00,Active,8.40
12785,24741,54466,2024-11-29,2025-01-29,2500.00,Fully Paid,6.00
12786,24742,50530,2025-02-20,2025-09-20,19500.00,Fully Paid,10.80
12787,24745,52958,2025-04-19,2025-07-19,7500.00,Fully Paid,8.40
12788,24749,16074,2025-08-16,2026-02-16,13600.00,Fully Paid,10.80
12790,24765,22774,2024-07-19,2024-12-19,7200.00,Fully Paid,6.00
12791,24775,52516,2026-05-05,2026-11-05,35000.00,Active,8.40
12792,24800,3999,2024-10-21,2025-07-21,5000.00,Fully Paid,6.00
12793,24854,62117,2024-11-19,2025-05-19,15000.00,Fully Paid,6.00
12794,24863,38814,2026-03-30,2026-10-30,26500.00,Active,10.80
12796,24876,30282,2024-07-30,2024-08-30,16000.00,Active,8.40
12797,24878,60689,2024-07-01,2024-11-01,1200.00,Defaulted,6.00
12800,24906,36900,2025-01-21,2025-05-21,10000.00,Fully Paid,8.40
12802,24921,66839,2025-09-09,2026-06-09,18000.00,Active,6.00
12805,25002,46726,2025-08-28,2025-12-28,1675.00,Fully Paid,10.80
12806,25008,369,2024-02-06,2024-10-06,18000.00,Fully Paid,8.40
12807,25018,12624,2025-01-26,2025-09-26,35000.00,Fully Paid,6.00
12809,25030,55011,2024-04-09,2024-12-09,35000.00,Fully Paid,8.40
12814,25065,12383,2024-02-24,2024-04-24,6400.00,Fully Paid,14.40
12815,25081,22018,2024-06-05,2024-07-05,12000.00,Active,10.80
12816,25119,22003,2025-07-11,2026-01-11,6000.00,Fully Paid,8.40
12818,25165,60816,2024-10-24,2025-07-24,3500.00,Fully Paid,8.40
12819,25166,45348,2024-04-05,2024-06-05,9600.00,Active,6.00
12820,25187,1800,2024-08-08,2025-05-08,35000.00,Fully Paid,10.80
12822,25210,41115,2025-03-09,2025-09-09,24000.00,Fully Paid,6.00
12823,25211,35015,2026-01-21,2026-02-21,23525.00,Fully Paid,10.80
12824,25238,35163,2025-07-11,2025-10-11,10000.00,Fully Paid,14.40
12826,25273,59643,2024-09-28,2025-01-28,14000.00,Fully Paid,8.40
12827,25282,53868,2025-08-31,2026-05-31,35000.00,Active,6.00
12829,25303,62609,2026-05-09,2027-01-09,3500.00,Active,6.00
12831,25317,62070,2024-09-04,2025-01-04,25900.00,Fully Paid,10.80
12833,25324,54892,2025-03-28,2025-04-28,13300.00,Fully Paid,6.00
12835,25334,44561,2025-05-12,2025-09-12,9600.00,Active,8.40
12837,25375,38019,2025-01-22,2025-07-22,2100.00,Fully Paid,10.80
12838,25378,22710,2025-09-16,2025-12-16,15000.00,Active,8.40
12844,25440,23022,2024-05-01,2024-07-01,18000.00,Fully Paid,6.00
12846,25458,15812,2026-01-31,2026-10-31,10000.00,Active,10.80
12848,25478,55498,2025-04-28,2025-11-28,13200.00,Fully Paid,8.40
12850,25530,15196,2024-01-01,2024-08-01,10000.00,Fully Paid,6.00
12851,25538,25495,2026-04-07,2026-12-07,10000.00,Active,6.00
12852,25541,51976,2025-12-26,2026-09-26,8000.00,Active,6.00
12853,25561,16906,2024-09-03,2024-10-03,7000.00,Active,14.40
12854,25575,6175,2024-03-18,2024-05-18,2575.00,Active,8.40
12856,25599,64673,2025-05-28,2025-11-28,24200.00,Active,8.40
12857,25604,36950,2025-02-12,2025-03-12,20000.00,Fully Paid,10.80
12858,25608,11543,2024-09-11,2025-02-11,4000.00,Active,6.00
12859,25635,42742,2024-01-30,2024-04-30,8425.00,Fully Paid,8.40
12860,25642,13376,2025-03-11,2025-06-11,10500.00,Fully Paid,6.00
12861,25647,35779,2025-01-19,2025-03-19,24000.00,Active,6.00
12863,25688,19851,2024-08-12,2024-11-12,5000.00,Active,8.40
12864,25709,62609,2024-07-16,2025-04-16,1000.00,Fully Paid,8.40
12865,25723,15606,2024-08-05,2025-01-05,11850.00,Fully Paid,6.00
12866,25733,53769,2025-07-14,2025-08-14,3500.00,Fully Paid,6.00
12867,25739,59483,2025-02-12,2025-09-12,8000.00,Fully Paid,6.00
12868,25747,62609,2025-06-13,2025-12-13,6000.00,Fully Paid,10.80
12869,25762,32247,2025-10-01,2025-11-01,12425.00,Fully Paid,8.40
12870,25780,22202,2024-02-07,2024-08-07,16000.00,Fully Paid,10.80
12871,25783,28196,2024-09-18,2025-05-18,5000.00,Active,6.00
12872,25798,28031,2026-05-14,2027-01-14,30175.00,Active,8.40
12874,25812,32772,2025-02-17,2025-06-17,8000.00,Fully Paid,14.40
12875,25821,38773,2026-04-19,2026-10-19,6000.00,Active,6.00
12877,25834,60693,2026-04-08,2026-06-08,11000.00,Active,6.00
12878,25838,4696,2025-01-03,2025-07-03,26075.00,Fully Paid,10.80
12879,25842,5125,2024-08-13,2025-03-13,12000.00,Fully Paid,8.40
12880,25849,30296,2025-01-24,2025-03-24,25200.00,Fully Paid,8.40
12881,25855,31666,2024-04-14,2024-05-14,22000.00,Active,10.80
12882,25857,61044,2024-01-26,2024-02-26,9000.00,Active,6.00
12885,25870,9686,2025-07-21,2026-02-21,15000.00,Fully Paid,8.40
12886,25876,21974,2025-07-11,2026-03-11,20000.00,Fully Paid,8.40
12888,25930,32078,2024-11-09,2025-01-09,24000.00,Fully Paid,8.40
12889,25933,38882,2025-05-06,2026-02-06,15000.00,Fully Paid,8.40
12890,25934,19446,2025-12-15,2026-09-15,8000.00,Active,6.00
12891,25936,49435,2024-12-17,2025-01-17,25000.00,Fully Paid,6.00
12892,25939,24532,2025-04-21,2025-10-21,3000.00,Fully Paid,10.80
12893,25942,37479,2024-06-12,2025-03-12,16650.00,Active,6.00
12894,25954,16742,2025-02-04,2025-10-04,20000.00,Fully Paid,6.00
12895,25968,9216,2025-12-14,2026-04-14,11200.00,Fully Paid,8.40
12900,26004,2710,2025-04-04,2025-10-04,11000.00,Fully Paid,6.00
12901,26006,54970,2024-06-28,2024-11-28,4800.00,Fully Paid,8.40
12902,26022,3148,2024-04-22,2024-05-22,12850.00,Fully Paid,6.00
12903,26029,20836,2026-05-18,2027-02-18,24000.00,Active,10.80
12904,26033,4944,2025-02-15,2025-09-15,12000.00,Fully Paid,6.00
12907,26065,15151,2025-03-20,2025-04-20,15000.00,Fully Paid,8.40
12908,26105,61799,2025-08-28,2025-10-28,10000.00,Fully Paid,10.80
12909,26117,47460,2026-04-10,2026-10-10,3500.00,Active,10.80
12911,26149,7912,2024-06-27,2024-07-27,19200.00,Fully Paid,6.00
12913,26157,28430,2025-05-20,2025-07-20,24000.00,Fully Paid,10.80
12914,26158,63527,2024-01-19,2024-02-19,9225.00,Fully Paid,10.80
12915,26167,50931,2025-02-07,2025-08-07,4200.00,Active,6.00
12917,26222,29379,2024-05-14,2024-08-14,5000.00,Fully Paid,10.80
12919,26241,7864,2024-07-27,2024-12-27,10000.00,Fully Paid,14.40
12921,26277,48594,2024-12-04,2025-05-04,20000.00,Fully Paid,10.80
12922,26286,49068,2024-07-22,2024-08-22,6850.00,Fully Paid,6.00
12924,26297,34001,2024-12-27,2025-02-27,10000.00,Fully Paid,10.80
12925,26298,57903,2024-03-08,2024-07-08,10000.00,Fully Paid,6.00
12926,26301,29344,2026-03-10,2026-08-10,25000.00,Active,6.00
12929,26312,17373,2025-02-01,2025-06-01,12000.00,Fully Paid,6.00
12930,26321,55034,2025-08-31,2025-09-30,15500.00,Fully Paid,10.80
12931,26361,13182,2024-01-16,2024-07-16,7200.00,Fully Paid,10.80
12932,26370,2092,2026-01-09,2026-08-09,22000.00,Active,8.40
12935,26389,67527,2026-03-30,2026-07-30,18000.00,Active,6.00
12936,26411,35109,2024-03-03,2024-04-03,10000.00,Fully Paid,6.00
12939,26427,39050,2024-05-17,2025-01-17,20000.00,Fully Paid,6.00
12940,26434,25495,2026-01-01,2026-09-01,14400.00,Active,6.00
12941,26440,7130,2024-07-28,2024-09-28,20000.00,Active,8.40
12942,26448,52483,2026-01-08,2026-02-08,15000.00,Fully Paid,6.00
12945,26476,4660,2024-09-20,2024-11-20,24000.00,Fully Paid,8.40
12946,26478,43736,2025-06-13,2025-11-13,25000.00,Fully Paid,6.00
12948,26498,63534,2025-01-31,2025-07-31,11325.00,Fully Paid,6.00
12951,26584,47270,2025-09-17,2026-06-17,24475.00,Active,8.40
12953,26588,38952,2024-01-26,2024-02-26,5000.00,Fully Paid,8.40
12956,26621,43736,2024-04-14,2024-08-14,20000.00,Fully Paid,8.40
12957,26623,41294,2024-12-13,2025-09-13,25000.00,Fully Paid,14.40
12959,26627,38800,2025-07-16,2026-01-16,10000.00,Active,6.00
12960,26628,28468,2025-11-02,2026-03-02,11850.00,Fully Paid,8.40
12962,26632,42639,2026-05-06,2026-09-06,18000.00,Active,10.80
12963,26649,44760,2024-01-31,2024-09-30,10000.00,Fully Paid,8.40
12964,26655,59542,2024-12-13,2025-07-13,32000.00,Fully Paid,6.00
12965,26689,45611,2025-12-18,2026-07-18,15600.00,Active,10.80
12967,26709,22516,2024-08-15,2025-04-15,12000.00,Fully Paid,8.40
12969,26719,46371,2025-12-04,2026-04-04,6025.00,Fully Paid,6.00
12970,26722,15418,2024-09-25,2024-11-25,9600.00,Active,6.00
12971,26736,65879,2024-11-07,2025-01-07,14000.00,Fully Paid,10.80
12975,26829,45192,2026-01-03,2026-04-03,24000.00,Active,10.80
12976,26842,61302,2025-06-27,2026-02-27,35000.00,Fully Paid,8.40
12977,26862,20031,2024-09-18,2025-04-18,18000.00,Fully Paid,14.40
12978,26883,20915,2024-12-03,2025-02-03,12475.00,Fully Paid,8.40
12981,26890,46455,2024-12-24,2025-02-24,2000.00,Active,6.00
12983,26959,41115,2024-12-17,2025-04-17,28000.00,Fully Paid,6.00
12984,26974,33728,2024-05-22,2025-01-22,9325.00,Fully Paid,14.40
12987,26984,41839,2024-08-20,2025-02-20,19200.00,Fully Paid,6.00
12988,26986,62679,2024-12-22,2025-08-22,5000.00,Fully Paid,8.40
12989,26991,36567,2024-12-04,2025-06-04,16000.00,Fully Paid,14.40
12990,27005,53882,2025-01-20,2025-10-20,9000.00,Fully Paid,8.40
12991,27019,52394,2026-01-26,2026-08-26,17000.00,Active,10.80
12992,27027,8621,2024-12-19,2025-03-19,5000.00,Fully Paid,8.40
12993,27030,12853,2025-02-10,2025-03-10,6000.00,Fully Paid,8.40
12995,27035,40865,2026-03-09,2026-06-09,28000.00,Active,6.00
12996,27037,13794,2026-02-11,2026-04-11,5000.00,Fully Paid,10.80
12998,27046,61799,2024-04-15,2024-07-15,4800.00,Fully Paid,6.00
12999,27052,6128,2025-06-23,2025-08-23,7500.00,Defaulted,6.00
13000,27069,15031,2025-10-09,2025-12-09,18000.00,Fully Paid,6.00
13001,27071,2469,2024-01-24,2024-07-24,19200.00,Fully Paid,10.80
13002,27072,57903,2025-12-26,2026-07-26,5400.00,Active,10.80
13008,27135,28747,2024-08-06,2025-04-06,5500.00,Fully Paid,14.40
13010,27198,44964,2026-01-16,2026-05-16,5000.00,Fully Paid,14.40
13012,27215,11140,2025-07-21,2025-10-21,10000.00,Fully Paid,10.80
13014,27231,63547,2025-12-20,2026-02-20,6000.00,Fully Paid,6.00
13015,27235,1472,2025-09-09,2025-10-09,14275.00,Defaulted,6.00
13016,27241,54784,2025-10-28,2026-02-28,15000.00,Fully Paid,10.80
13017,27265,27413,2025-06-03,2026-02-03,8400.00,Active,10.80
13020,27303,13046,2026-04-19,2026-08-19,6000.00,Active,8.40
13022,27322,50470,2024-03-26,2024-12-26,8000.00,Fully Paid,6.00
13023,27339,45684,2025-07-05,2025-09-05,28000.00,Fully Paid,8.40
13024,27344,23239,2024-08-08,2025-01-08,6000.00,Fully Paid,6.00
13025,27370,16724,2024-12-03,2025-09-03,2400.00,Fully Paid,8.40
13026,27383,49792,2024-07-30,2025-02-28,8400.00,Fully Paid,6.00
13027,27411,24637,2025-08-14,2026-01-14,11000.00,Fully Paid,8.40
13029,27418,36039,2025-05-24,2026-02-24,35000.00,Fully Paid,8.40
13030,27423,17337,2026-04-03,2026-06-03,10000.00,Active,8.40
13031,27426,40944,2025-06-28,2025-07-28,12500.00,Active,6.00
13034,27440,47665,2025-09-09,2026-03-09,5000.00,Fully Paid,6.00
13035,27445,59344,2025-08-31,2025-11-30,8525.00,Fully Paid,10.80
13036,27459,9389,2024-12-27,2025-08-27,7000.00,Fully Paid,6.00
13037,27467,24008,2024-05-08,2024-08-08,5000.00,Active,10.80
13038,27475,48764,2024-12-19,2025-08-19,6000.00,Active,6.00
13040,27518,58775,2025-08-20,2026-03-20,5200.00,Defaulted,6.00
13044,27546,23865,2025-06-29,2026-01-29,15000.00,Fully Paid,6.00
13045,27548,58456,2025-09-17,2026-04-17,16000.00,Fully Paid,8.40
13048,27573,2433,2024-06-29,2024-12-29,15000.00,Fully Paid,10.80
13049,27576,19880,2025-08-30,2025-12-30,23000.00,Fully Paid,10.80
13051,27611,41858,2025-07-25,2025-11-25,4000.00,Fully Paid,6.00
13052,27617,46762,2024-03-05,2024-04-05,4800.00,Active,10.80
13053,27624,56669,2025-09-05,2025-11-05,5000.00,Fully Paid,6.00
13054,27626,11198,2025-08-02,2026-04-02,16000.00,Fully Paid,6.00
13055,27640,22037,2025-03-12,2025-05-12,27000.00,Fully Paid,10.80
13056,27654,29143,2026-04-27,2026-11-27,9000.00,Active,14.40
13057,27663,44637,2025-12-14,2026-01-14,10000.00,Fully Paid,8.40
13060,27668,22321,2025-08-17,2025-11-17,12000.00,Fully Paid,8.40
13061,27677,5809,2024-08-17,2024-09-17,24000.00,Active,10.80
13062,27681,30806,2024-02-16,2024-10-16,15000.00,Fully Paid,8.40
13063,27684,49743,2024-04-19,2024-10-19,16000.00,Fully Paid,6.00
13064,27689,47806,2024-11-14,2025-01-14,5000.00,Fully Paid,6.00
13066,27704,40186,2026-04-18,2026-12-18,25000.00,Active,6.00
13067,27713,61361,2024-12-26,2025-01-26,5000.00,Fully Paid,6.00
13068,27731,29178,2024-01-30,2024-09-30,22000.00,Fully Paid,8.40
13070,27773,67622,2026-02-13,2026-05-13,9600.00,Fully Paid,14.40
13071,27817,64863,2025-05-11,2026-02-11,10000.00,Fully Paid,6.00
13072,27821,54812,2025-07-05,2025-08-05,18000.00,Fully Paid,10.80
13073,27832,57249,2026-01-07,2026-04-07,17050.00,Fully Paid,6.00
13075,27849,15562,2025-06-10,2025-08-10,21000.00,Active,10.80
13076,27863,61793,2025-02-27,2025-09-27,30000.00,Fully Paid,6.00
13078,27869,20161,2025-04-05,2025-11-05,4475.00,Fully Paid,6.00
13079,27879,39052,2025-07-22,2025-10-22,16000.00,Fully Paid,6.00
13081,27896,58313,2025-11-12,2026-06-12,20000.00,Active,8.40
13082,27901,56244,2025-10-16,2026-07-16,10000.00,Active,10.80
13083,27902,27579,2025-05-13,2025-06-13,20000.00,Fully Paid,8.40
13086,27938,65624,2025-03-04,2025-11-04,10000.00,Fully Paid,8.40
13087,27943,64429,2024-06-25,2024-11-25,23400.00,Fully Paid,8.40
13089,27958,52845,2026-03-15,2026-07-15,6000.00,Active,6.00
13090,27966,48392,2024-10-20,2025-01-20,7000.00,Fully Paid,10.80
13091,27971,5701,2025-09-05,2026-06-05,19875.00,Active,6.00
13092,27979,16464,2026-03-12,2026-09-12,1200.00,Active,10.80
13093,27982,17318,2025-09-20,2025-10-20,2500.00,Fully Paid,6.00
13094,27987,15270,2024-03-24,2024-08-24,1600.00,Fully Paid,8.40
13096,28016,28747,2026-04-03,2026-11-03,15100.00,Active,8.40
13097,28017,39756,2025-12-14,2026-04-14,15000.00,Fully Paid,14.40
13100,28062,31155,2024-07-29,2025-04-29,10200.00,Fully Paid,6.00
13102,28068,49999,2024-04-24,2024-06-24,8000.00,Fully Paid,14.40
13103,28098,20751,2024-06-06,2024-12-06,2400.00,Fully Paid,6.00
13106,28125,18493,2025-06-28,2026-02-28,16000.00,Fully Paid,10.80
13107,28126,63229,2024-02-22,2024-10-22,8400.00,Fully Paid,8.40
13109,28131,49647,2024-04-24,2024-05-24,28150.00,Fully Paid,6.00
13111,28175,21478,2025-05-11,2025-12-11,35000.00,Active,8.40
13112,28178,30121,2026-01-09,2026-04-09,11000.00,Fully Paid,6.00
13113,28180,53209,2024-10-28,2025-04-28,3500.00,Fully Paid,8.40
13114,28190,27612,2025-11-11,2026-03-11,7500.00,Fully Paid,6.00
13115,28205,25193,2024-09-13,2025-06-13,7550.00,Fully Paid,8.40
13116,28210,34089,2024-06-22,2024-10-22,15000.00,Active,8.40
13117,28240,46394,2025-12-12,2026-01-12,16000.00,Fully Paid,6.00
13118,28260,58829,2025-10-11,2025-11-11,8000.00,Active,8.40
13119,28268,4075,2026-01-14,2026-04-14,22000.00,Fully Paid,10.80
13124,28319,1370,2025-03-14,2025-05-14,12000.00,Fully Paid,10.80
13125,28322,10809,2026-04-16,2026-09-16,21000.00,Active,6.00
13126,28330,51397,2024-09-16,2025-06-16,5775.00,Fully Paid,8.40
13127,28332,34925,2025-06-30,2025-10-30,19375.00,Fully Paid,8.40
13128,28377,31968,2025-02-14,2025-05-14,5000.00,Fully Paid,10.80
13129,28381,20974,2026-01-31,2026-05-31,6000.00,Active,8.40
13132,28397,66261,2024-10-11,2025-07-11,31825.00,Fully Paid,8.40
13134,28415,42517,2024-10-28,2025-02-28,18200.00,Fully Paid,6.00
13135,28421,39857,2025-08-19,2025-12-19,8000.00,Fully Paid,6.00
13136,28429,62273,2024-05-04,2025-02-04,21050.00,Fully Paid,6.00
13137,28447,7563,2025-05-02,2025-10-02,3500.00,Fully Paid,10.80
13138,28454,28568,2024-11-15,2025-06-15,20000.00,Active,8.40
13139,28457,19178,2025-08-23,2026-02-23,18000.00,Active,14.40
13140,28463,17542,2025-06-16,2025-09-16,6000.00,Fully Paid,10.80
13142,28474,3784,2024-04-04,2024-12-04,25675.00,Active,8.40
13143,28480,43144,2026-03-16,2026-11-16,8000.00,Active,6.00
13144,28486,26955,2024-02-12,2024-08-12,7800.00,Fully Paid,6.00
13146,28501,52135,2025-08-26,2026-01-26,5000.00,Fully Paid,8.40
13147,28512,42613,2025-12-07,2026-04-07,12000.00,Fully Paid,8.40
13148,28521,41044,2024-08-12,2025-02-12,12000.00,Fully Paid,8.40
13149,28523,9419,2026-03-04,2026-12-04,14825.00,Active,8.40
13150,28526,34578,2025-09-14,2026-05-14,18450.00,Fully Paid,6.00
13151,28560,44363,2026-01-20,2026-08-20,19600.00,Active,10.80
13152,28564,20805,2024-09-09,2025-04-09,3450.00,Fully Paid,10.80
13153,28567,8650,2025-08-18,2025-09-18,9600.00,Fully Paid,10.80
13156,28579,36841,2025-07-18,2026-04-18,10000.00,Fully Paid,8.40
13157,28592,38800,2024-01-27,2024-09-27,10000.00,Active,10.80
13158,28597,31625,2024-01-31,2024-03-31,11500.00,Fully Paid,8.40
13159,28607,65273,2024-09-18,2025-06-18,15000.00,Fully Paid,6.00
13160,28610,11881,2025-02-07,2025-06-07,12850.00,Defaulted,8.40
13161,28620,8839,2025-02-08,2025-10-08,15000.00,Fully Paid,6.00
13162,28654,51099,2024-08-22,2025-02-22,12800.00,Fully Paid,6.00
13165,28666,31968,2026-02-21,2026-11-21,10000.00,Active,6.00
13166,28668,21672,2024-09-01,2025-05-01,6000.00,Active,14.40
13168,28688,42943,2024-01-24,2024-03-24,6000.00,Fully Paid,10.80
13169,28706,45960,2026-03-06,2026-04-06,28000.00,Fully Paid,8.40
13170,28716,67645,2024-02-10,2024-11-10,12000.00,Fully Paid,6.00
13171,28720,24917,2024-12-09,2025-02-09,14000.00,Fully Paid,10.80
13172,28735,45726,2024-11-01,2025-01-01,12000.00,Active,14.40
13173,28752,24434,2024-02-07,2024-09-07,15775.00,Fully Paid,6.00
13176,28764,16044,2024-04-28,2024-05-28,20000.00,Fully Paid,8.40
13177,28768,39384,2025-10-05,2026-06-05,15000.00,Active,10.80
13179,28789,39646,2024-02-12,2024-08-12,35000.00,Active,10.80
13181,28793,29157,2026-03-24,2026-11-24,12000.00,Active,6.00
13183,28832,22018,2024-09-24,2025-04-24,5775.00,Fully Paid,6.00
13185,28862,28401,2024-05-03,2024-09-03,2200.00,Fully Paid,8.40
13186,28880,10668,2025-05-08,2025-10-08,14000.00,Fully Paid,6.00
13187,28929,36236,2024-01-07,2024-03-07,5400.00,Fully Paid,6.00
13188,28932,56690,2026-01-09,2026-02-09,20000.00,Active,8.40
13189,28944,28535,2025-12-28,2026-07-28,10000.00,Active,6.00
13190,28951,11949,2025-08-07,2026-03-07,3025.00,Fully Paid,8.40
13191,28966,29344,2025-07-15,2026-02-15,3000.00,Active,10.80
13192,28978,37479,2026-01-22,2026-08-22,7200.00,Active,10.80
13193,28980,19724,2026-04-16,2026-05-16,7000.00,Fully Paid,6.00
13194,28982,10643,2026-01-19,2026-10-19,13200.00,Active,8.40
13195,29007,20717,2025-03-17,2025-12-17,14400.00,Fully Paid,8.40
13196,29021,65311,2025-05-19,2025-10-19,32000.00,Fully Paid,10.80
13197,29025,80,2025-07-08,2025-11-08,24000.00,Fully Paid,14.40
13198,29034,31121,2024-01-13,2024-06-13,20000.00,Fully Paid,14.40
13199,29039,26023,2025-07-05,2026-04-05,3000.00,Fully Paid,10.80
13200,29048,48729,2025-06-20,2025-07-20,15000.00,Fully Paid,6.00
13202,29055,52845,2025-07-09,2025-08-09,5000.00,Fully Paid,6.00
13203,29063,25227,2025-05-14,2025-09-14,5250.00,Fully Paid,6.00
13204,29083,50314,2025-04-04,2026-01-04,3675.00,Active,8.40
13206,29090,34450,2024-11-30,2024-12-30,14000.00,Defaulted,8.40
13207,29126,8649,2026-04-06,2026-06-06,5000.00,Active,6.00
13208,29127,63457,2024-04-25,2024-11-25,24000.00,Fully Paid,8.40
13211,29138,29070,2025-12-30,2026-01-30,15400.00,Fully Paid,8.40
13212,29145,22806,2025-06-17,2026-03-17,12000.00,Fully Paid,10.80
13213,29161,47631,2024-07-17,2025-02-17,28000.00,Fully Paid,10.80
13214,29191,40528,2024-01-16,2024-04-16,3200.00,Fully Paid,10.80
13217,29216,39414,2025-01-19,2025-06-19,5000.00,Fully Paid,6.00
13218,29221,42187,2024-07-24,2024-09-24,5000.00,Active,10.80
13219,29241,18718,2024-10-29,2025-07-29,21000.00,Fully Paid,8.40
13221,29257,5754,2025-10-01,2026-02-01,8000.00,Fully Paid,8.40
13222,29265,19801,2024-09-16,2025-01-16,5600.00,Fully Paid,6.00
13223,29271,49645,2026-01-18,2026-06-18,10000.00,Active,14.40
13224,29277,8184,2024-12-30,2025-04-30,12000.00,Fully Paid,8.40
13227,29297,53445,2025-07-27,2026-02-27,35000.00,Fully Paid,6.00
13229,29310,13794,2024-01-19,2024-10-19,21000.00,Fully Paid,10.80
13230,29314,43686,2024-09-24,2024-12-24,14000.00,Fully Paid,8.40
13231,29317,13835,2024-12-10,2025-01-10,10475.00,Fully Paid,6.00
13232,29322,21974,2024-03-19,2024-04-19,15000.00,Fully Paid,6.00
13233,29326,14128,2025-05-17,2025-12-17,12000.00,Fully Paid,14.40
13234,29330,1420,2025-03-09,2025-09-09,2900.00,Fully Paid,6.00
13235,29345,2136,2024-04-13,2024-09-13,22675.00,Active,6.00
13236,29362,30624,2024-09-12,2025-04-12,6900.00,Fully Paid,8.40
13237,29413,55974,2026-03-02,2026-04-02,12800.00,Fully Paid,6.00
13240,29446,18056,2025-08-17,2026-01-17,30000.00,Fully Paid,8.40
13241,29459,57785,2024-05-11,2025-02-11,14000.00,Fully Paid,8.40
13242,29460,20747,2025-07-29,2026-03-29,6300.00,Fully Paid,6.00
13244,29464,65879,2025-09-06,2026-03-06,12000.00,Fully Paid,6.00
13246,29475,45013,2026-04-03,2026-06-03,12000.00,Active,10.80
13248,29486,51032,2025-04-05,2025-11-05,2000.00,Fully Paid,8.40
13249,29500,13022,2024-12-10,2025-04-10,8000.00,Fully Paid,14.40
13251,29526,52483,2025-12-05,2026-04-05,15000.00,Fully Paid,8.40
13252,29542,54141,2024-01-11,2024-02-11,10000.00,Fully Paid,10.80
13254,29579,17398,2025-04-09,2025-06-09,25000.00,Fully Paid,6.00
13257,29591,64489,2024-03-22,2024-08-22,17000.00,Active,14.40
13258,29602,15192,2025-04-08,2025-08-08,25500.00,Fully Paid,6.00
13260,29621,14104,2024-12-07,2025-09-07,6000.00,Fully Paid,6.00
13261,29644,3459,2024-09-04,2024-11-04,2800.00,Fully Paid,10.80
13262,29653,1171,2025-11-11,2026-08-11,10000.00,Active,6.00
13263,29668,80,2024-01-05,2024-08-05,5000.00,Active,10.80
13264,29672,1510,2025-08-18,2026-05-18,8000.00,Active,10.80
13266,29703,5631,2024-12-13,2025-03-13,7850.00,Fully Paid,10.80
13269,29728,56321,2024-03-27,2024-11-27,2000.00,Defaulted,8.40
13270,29739,1286,2025-03-26,2025-04-26,15000.00,Defaulted,8.40
13276,29807,32481,2025-07-31,2025-08-31,9000.00,Fully Paid,6.00
13277,29810,2948,2025-01-21,2025-07-21,10000.00,Fully Paid,8.40
13278,29817,12586,2025-07-13,2025-12-13,35000.00,Fully Paid,10.80
13279,29834,2283,2025-12-19,2026-03-19,10850.00,Fully Paid,14.40
13280,29875,51935,2025-01-17,2025-03-17,5400.00,Fully Paid,6.00
13282,29920,54689,2025-12-14,2026-09-14,25000.00,Active,8.40
13283,29924,38168,2025-03-07,2025-10-07,10475.00,Active,6.00
13285,29928,66124,2024-04-20,2024-09-20,4000.00,Fully Paid,8.40
13287,29970,65109,2025-07-09,2026-03-09,2400.00,Fully Paid,8.40
13288,29974,5790,2024-05-04,2025-02-04,7600.00,Fully Paid,8.40
13290,29997,48436,2025-06-02,2025-07-02,4350.00,Fully Paid,10.80
13293,30023,66065,2024-08-30,2025-02-28,12000.00,Fully Paid,6.00
13294,30054,45192,2024-12-30,2025-03-30,14000.00,Fully Paid,8.40
13295,30056,28401,2025-12-17,2026-05-17,20000.00,Fully Paid,8.40
13296,30077,7301,2024-11-12,2025-04-12,5600.00,Active,6.00
13297,30105,46301,2024-05-07,2024-10-07,7000.00,Fully Paid,14.40
13300,30160,29604,2026-03-21,2026-10-21,6000.00,Active,8.40
13303,30211,55974,2024-05-24,2024-10-24,10000.00,Fully Paid,8.40
13304,30213,67383,2026-01-01,2026-03-01,35000.00,Fully Paid,8.40
13305,30228,39111,2024-01-09,2024-02-09,12000.00,Fully Paid,6.00
13306,30229,43490,2025-09-04,2026-01-04,14000.00,Active,6.00
13307,30238,63265,2025-09-06,2025-11-06,14000.00,Fully Paid,6.00
13310,30254,30229,2025-04-14,2025-11-14,25000.00,Active,8.40
13311,30262,63793,2025-09-13,2026-05-13,5000.00,Fully Paid,6.00
13312,30263,29308,2025-04-21,2025-05-21,15000.00,Fully Paid,8.40
13313,30269,31864,2025-09-23,2025-12-23,20875.00,Fully Paid,14.40
13314,30285,51091,2025-09-19,2026-02-19,35000.00,Fully Paid,8.40
13316,30308,37572,2024-03-01,2024-08-01,16000.00,Active,6.00
13317,30317,34402,2024-10-05,2024-12-05,10000.00,Fully Paid,8.40
13318,30345,63172,2024-04-15,2024-07-15,11000.00,Fully Paid,8.40
13319,30346,25951,2026-01-04,2026-03-04,18000.00,Fully Paid,14.40
13321,30368,10947,2025-07-23,2025-10-23,18000.00,Fully Paid,8.40
13322,30378,15791,2024-03-11,2024-04-11,24000.00,Fully Paid,6.00
13323,30382,67629,2024-05-04,2024-11-04,18675.00,Defaulted,6.00
13326,30421,8892,2025-05-22,2025-08-22,12000.00,Active,6.00
13328,30448,23774,2024-04-13,2025-01-13,16000.00,Fully Paid,6.00
13329,30458,51624,2025-06-17,2026-01-17,4000.00,Fully Paid,8.40
13330,30471,27031,2026-02-14,2026-09-14,4800.00,Active,8.40
13331,30492,58481,2026-04-25,2026-11-25,20000.00,Active,6.00
13332,30508,37302,2024-03-04,2024-05-04,2200.00,Fully Paid,10.80
13333,30532,20272,2024-11-10,2025-05-10,14000.00,Defaulted,6.00
13334,30534,18493,2025-06-27,2025-09-27,15000.00,Fully Paid,6.00
13337,30565,35162,2024-04-23,2024-08-23,24000.00,Fully Paid,6.00
13340,30583,55483,2024-08-29,2025-05-29,11275.00,Active,6.00
13342,30617,24102,2026-03-11,2026-12-11,1325.00,Active,8.40
13343,30625,24687,2024-10-25,2025-01-25,5600.00,Fully Paid,6.00
13345,30659,65382,2025-01-12,2025-06-12,15000.00,Fully Paid,6.00
13346,30667,44744,2024-01-30,2024-05-30,10000.00,Active,8.40
13348,30683,37521,2024-05-01,2024-07-01,7800.00,Fully Paid,8.40
13350,30710,66932,2025-08-02,2026-02-02,30000.00,Fully Paid,6.00
13351,30720,64863,2025-11-29,2026-04-29,3000.00,Fully Paid,8.40
13352,30724,29199,2024-05-01,2025-01-01,8000.00,Fully Paid,8.40
13353,30743,56886,2025-11-28,2026-05-28,1400.00,Active,10.80
13354,30744,18204,2024-05-31,2025-02-28,8000.00,Fully Paid,6.00
13355,30745,42616,2024-02-19,2024-07-19,4800.00,Active,14.40
13356,30757,7865,2025-01-13,2025-09-13,5000.00,Fully Paid,8.40
13357,30769,55805,2026-01-28,2026-08-28,19200.00,Active,10.80
13359,30780,56061,2025-05-18,2026-01-18,17275.00,Fully Paid,8.40
13360,30783,58048,2025-08-01,2025-12-01,8000.00,Fully Paid,10.80
13361,30792,25160,2025-09-27,2025-12-27,6500.00,Fully Paid,8.40
13362,30793,41436,2025-01-04,2025-02-04,6300.00,Fully Paid,8.40
13363,30796,35076,2024-11-15,2025-02-15,12000.00,Fully Paid,8.40
13365,30826,39813,2024-12-23,2025-05-23,5600.00,Active,6.00
13366,30850,64422,2024-10-28,2025-04-28,4500.00,Fully Paid,14.40
13367,30855,34034,2024-10-23,2025-05-23,9000.00,Fully Paid,14.40
13368,30860,25793,2025-11-03,2026-06-03,5000.00,Active,6.00
13369,30870,67607,2025-07-25,2025-10-25,14000.00,Fully Paid,8.40
13371,30889,55219,2024-07-24,2024-12-24,3000.00,Fully Paid,10.80
13372,30895,49882,2026-03-18,2026-09-18,14000.00,Active,6.00
13373,30902,22981,2026-04-18,2026-07-18,12000.00,Active,10.80
13374,30908,35546,2025-10-04,2026-07-04,9600.00,Active,14.40
13376,30939,17466,2026-01-04,2026-07-04,8800.00,Active,6.00
13377,30945,56743,2025-10-18,2026-02-18,30000.00,Fully Paid,8.40
13378,30963,43555,2024-07-13,2025-04-13,25000.00,Fully Paid,6.00
13381,30989,16257,2024-03-15,2024-12-15,12875.00,Fully Paid,6.00
13382,31009,2,2026-05-14,2026-08-14,3000.00,Active,6.00
13383,80,7202,2025-12-11,2026-04-11,18000.00,Active,14.40
